Name,Description,Solution,Obstacle,Organization,Address,Website,Email,Phone,Latitude,Longitude
2nd Avenue Commons 24/7 Day Center,"This Downtown facility operates around the clock with showers, lockers, laundry, and lounge areas, providing shift-friendly access to essential amenities irrespective of work schedules. Centrally located near major transit, it serves as a shared community space where workers and neighbors can safely rest, connect, and access supportive services, strengthening social ties across a region where people live far from their workplaces.",Shared Public Spaces & Shift-Friendly Amenities,Geographic Dispersion of Union Members,2nd Avenue Commons,"700 Second Avenue, Pittsburgh, PA 15219",https://2ndavenuecommons.org,,
7800 Susquehanna,"Bridgeway Capital’s 7800 Susquehanna is a multi-tenant manufacturing and maker campus that co-locates small manufacturers, creative enterprises, and workforce training—including the Trade Institute of Pittsburgh—under one roof. The building’s affordable spaces and shared amenities create steady public activity and training opportunities while producing rental income, illustrating how co-locating tool- and maker-oriented enterprises can activate large facilities in ways directly transferable t...",Co-locating Social Enterprises,Union Hall Closures and Consolidation,Bridgeway Capital,"7800 Susquehanna Street, Pittsburgh, PA 15208",https://www.bridgewaycapital.org/places/7800-susquehanna/,info@bridgewaycapital.org,
AARP Community Challenge (Livable Communities) — ADU Education & Micro‑Grants,"AARP Pennsylvania runs ADU education within its Livable Communities initiative and offers Community Challenge micro‑grants that local groups in Western Pennsylvania can use to host homeowner workshops, create ADU guide materials, and pilot permitting or design assistance. These quick-action resources help residents and community partners lower barriers to building accessory apartments or tiny homes that expand affordable, close-to-work housing.",Accessory Dwelling Unit (ADU) & Tiny Home Support,Geographic Dispersion of Union Members,AARP Pennsylvania,"20 Stanwix Street, Suite 201, Pittsburgh, PA 15222",https://states.aarp.org/pennsylvania,pa@aarp.org,
Accompaniment Program,"Casa San José’s Accompaniment Program mobilizes trained volunteers to serve as neighbor-mentors who meet newcomers, attend appointments with them, and introduce families to local schools, community centers, and civic resources. The organization provides orientation to services, hosts community gatherings and informational sessions, and offers language assistance and referrals, effectively creating a welcoming network that mirrors the proposed ‘neighborship’ and newcomer social model.",Welcome and Newcomer Integration Network,Disappearance of Ethnic Clubs and Fraternal Lodges,Casa San José,"2116 Broadway Avenue, Pittsburgh, PA 15216",https://casasanjose.org,info@casasanjose.org,
Accompaniment Volunteer Program,"Casa San Jose pairs long-time local volunteers with recently arrived immigrant neighbors to provide one-on-one accompaniment, neighborhood orientation, and navigation of services. Volunteers make introductions to community members, invite newcomers to local events, and act as trusted “buddies,” fostering early social ties and a sense of belonging.",Neighborhood Welcome & Buddy Program,Geographic Dispersion of Union Members,Casa San Jose,"2110 Broadway Avenue, Pittsburgh, PA 15216",https://www.casasanjose.org,info@casasanjose.org,
Action Teams,"Lawrenceville United organizes issue-based Action Teams (e.g., housing, public safety, mobility, and beautification) that bring neighbors together to solve specific, local problems. Through canvassing, regular team meetings, and short-term volunteer projects with measurable outcomes, the teams produce quick wins that re-engage residents and strengthen block-level associations. This project-based structure rebuilds civic life and channels community voice into decision-making.",Revitalize Civic Associations through Issue-Based Working Groups,Disappearance of Ethnic Clubs and Fraternal Lodges,Lawrenceville United,"5150 Butler Street, Pittsburgh, PA 15201",https://www.lunited.org,info@lunited.org,
Adagio Health Mobile Health Unit,"Adagio Health deploys mobile clinics that provide preventive care, cancer screenings, immunizations, and women’s health services throughout Western Pennsylvania. By partnering with employers and setting up in plant or hospital parking lots during early-morning and evening windows, the unit enables shift workers to access care around their schedules, directly implementing mobile services at shift change.",Mobile Community Van/Trailer,Loss of Multi-Purpose Community Spaces,Adagio Health,"3310 William Penn Highway, Suite 302, Pittsburgh, PA 15235",https://www.adagiohealth.org,info@adagiohealth.org,
Adagio Health Mobile Health Unit,"Adagio Health deploys mobile clinics that provide preventive care, cancer screenings, immunizations, and women’s health services throughout Western Pennsylvania. By partnering with employers and setting up in plant or hospital parking lots during early-morning and evening windows, the unit enables shift workers to access care around their schedules, directly implementing mobile services at shift change.",Pop-up Markets and Mobile Services at Shift Change,Geographic Dispersion of Union Members,Adagio Health,"3310 William Penn Highway, Suite 302, Pittsburgh, PA 15235",https://www.adagiohealth.org,info@adagiohealth.org,
Adopt-A-Trail,"Friends of the Riverfront’s Adopt-A-Trail program trains and equips neighborhood, corporate, and civic volunteer teams to maintain sections of the Three Rivers Heritage Trail. Volunteers perform routine upkeep—litter abatement, cleaning, invasive removal, and basic carpentry for signage, kiosks, and fencing—reducing maintenance costs that would otherwise fall to contractors or public agencies. Regular stewardship days build community pride and relationships among participants and trail users.",Volunteer Maintenance Corps,Union Hall Closures and Consolidation,Friends of the Riverfront,"1130 S Braddock Avenue, Pittsburgh, PA 15218",https://friendsoftheriverfront.org,info@friendsoftheriverfront.org,
AgeWell Rides,"A volunteer transportation program that matches older adults with vetted community drivers for trips to medical appointments, groceries, and social activities. Using simple request and scheduling systems, it increases everyday neighbor-to-neighbor interaction and ensures residents can get rides from local volunteers. This directly implements the solution’s ride-coordination component while rebuilding social trust and support networks.","Mutual Aid Networks, Tool Libraries, and Time Banks",Disappearance of Ethnic Clubs and Fraternal Lodges,AgeWell Pittsburgh,"5738 Forbes Avenue, Pittsburgh, PA 15217",https://agewellpgh.org,agewell@jccpgh.org,
Aging in Place Program (ADU-supportive home modifications),"Rebuilding Together Pittsburgh mobilizes volunteer crews and licensed contractors to complete critical repairs and modifications that can include converting or partitioning space into code-compliant accessory suites where zoning allows. Through volunteer build days, construction management, and donor-supported project funds, RTP helps homeowners create secondary units that can house nearby workers, interns, or caregivers at affordable costs.",Accessory Dwelling Unit (ADU) & Tiny Home Support,Geographic Dispersion of Union Members,Rebuilding Together Pittsburgh,"7800 Susquehanna Street, Suite 303, Pittsburgh, PA 15208",https://www.rtpittsburgh.org,info@rtpittsburgh.org,
Allegheny YMCA Men’s Residence and Fitness Center,"The Allegheny YMCA combines affordable single-room occupancy housing with 24/7 resident access to lounges and on-site amenities, plus a fitness facility with lockers and showers. Extended hours and flexible access serve people working nontraditional shifts, turning a historic North Side facility into a practical, shared space where workers can rest, clean up, and connect across schedules.",Shared Public Spaces & Shift-Friendly Amenities,Geographic Dispersion of Union Members,YMCA of Greater Pittsburgh – Allegheny YMCA,"600 W North Avenue, Pittsburgh, PA 15212",https://www.ymcapgh.org/locations/allegheny-ymca,info@ymcapgh.org,
Alphabet City (City of Asylum),"Alphabet City provides a free, public cultural venue with near-nightly readings, concerts, and community conversations that serve as informal drop-in gatherings. Staff and volunteers welcome participants, connect neighbors around shared interests, and share local event information, making the space a reliable third place on the North Side.",Neighborhood Third-Places Program,Disappearance of Ethnic Clubs and Fraternal Lodges,City of Asylum,"40 W North Avenue, Pittsburgh, PA 15212",https://www.cityofasylum.org,info@cityofasylum.org,
Alphabet City Free Public Programs,"City of Asylum’s Alphabet City hosts free, regular readings, book clubs, conversation series, and community listening sessions that function as welcoming third-place gatherings. Staff and volunteers act as event hosts and greeters, help neighbors connect, and maintain community information displays—creating a drop-in setting where residents meet, share news, and build relationships.",Neighborhood Third-Places Program,Disappearance of Ethnic Clubs and Fraternal Lodges,City of Asylum Pittsburgh,"40 W North Avenue, Pittsburgh, PA 15212",https://www.cityofasylum.org,info@cityofasylum.org,
American Serbian Club of Pittsburgh,"A member-owned social hall that sustains its historic facility through annual memberships and steady hall rentals for weddings, concerts, and community events. Governance is handled by an elected board and committees of member-volunteers who organize programming and contribute maintenance labor, directly reflecting a cooperative stewardship model that keeps a neighborhood gathering place active and affordable.",Community Cooperative Ownership,Union Hall Closures and Consolidation,American Serbian Club of Pittsburgh,"2524 Sarah Street, Pittsburgh, PA 15203",https://www.ascpittsburgh.org,,
Apprenticeship Pittsburgh,"Partner4Work’s Apprenticeship Pittsburgh coordinates registered apprenticeships and pre-apprenticeships with local employers, unions, schools, and community organizations across Allegheny County. By funding training partners and aligning Career and Technical Education (CTE) programs with union and industry pathways, it helps employers prioritize hiring nearby residents and creates a seamless local pipeline into family-sustaining jobs—strengthening neighborhood ties and reducing long commutes.",Local Hiring & Apprenticeship Partnership,Geographic Dispersion of Union Members,Partner4Work,"650 Smithfield Street, Suite 2400, Pittsburgh, PA 15222",https://www.partner4work.org,info@partner4work.org,
ApprenticeshipPGH,"ApprenticeshipPGH is Partner4Work’s regional initiative that organizes pre-apprenticeship and registered apprenticeship pathways with unions, manufacturers, and public schools across Allegheny County. The program brokers employer hiring commitments, aligns training with JATCs and community colleges, and prioritizes residents—especially from city neighborhoods and nearby mill towns—for apprenticeship slots and related employment. This coordinated pipeline helps people train and work closer to ...",Local Hiring & Apprenticeship Partnership,Geographic Dispersion of Union Members,Partner4Work (Pittsburgh/Allegheny County Workforce Development Board),"650 Smithfield Street, Suite 2600, Pittsburgh, PA 15222",https://www.partner4work.org,info@partner4work.org,
Archives & Special Collections (Archives of Industrial Society),"Pitt’s Archives & Special Collections houses the Archives of Industrial Society, including major labor collections such as the United Steelworkers and other union records, photographs, and oral histories. The repository works with unions and local historical groups to archive materials, digitize content, and curate exhibits that tell workers’ stories. These partnerships help secure grants and build public-facing narratives that attract visitors and resources for preserving union heritage sites.",Heritage and Archive Partnerships,Union Hall Closures and Consolidation,University of Pittsburgh Library System,"3960 Forbes Avenue, Pittsburgh, PA 15260",https://www.library.pitt.edu/archives-special-collections,archives@pitt.edu,
Archives & Special Collections (Labor & Industry Collections),"University of Pittsburgh’s Archives & Special Collections stewards significant labor and industry collections, including records and oral histories that document union activity and worker experiences across Western Pennsylvania. Through collaborations with unions and local historical societies—and digital initiatives like Historic Pittsburgh—it helps archive union history, secure grant support for processing and digitization, and produce public-facing stories and exhibits. These efforts incre...",Heritage and Archive Partnerships,Union Hall Closures and Consolidation,University of Pittsburgh Library System,"3960 Forbes Avenue, Pittsburgh, PA 15260",https://www.library.pitt.edu/archives-special-collections,archives@pitt.edu,
Archives & Special Collections – Archive of Industrial Society,"The University of Pittsburgh’s Archives & Special Collections (Archive of Industrial Society) houses extensive records documenting the region’s industrial and labor history, including union locals, worker organizations, and community groups. They collaborate with unions and historical societies to preserve and digitize materials, and support grant-funded projects that expand access to labor collections. Public programs and online exhibits share workers’ stories, increasing visibility and draw...",Heritage and Archive Partnerships,Union Hall Closures and Consolidation,"University Library System, University of Pittsburgh","7500 Thomas Boulevard, Pittsburgh, PA 15260",https://www.library.pitt.edu/archives-special-collections,ulsarchives@pitt.edu,
ArtWorks of Hazelwood,"ArtWorks of Hazelwood is a community arts and streetscape initiative that supports murals, signage, and public space improvements along Second Avenue and key gateways linking the Hazelwood neighborhood to the Hazelwood Green (Almono) former mill site. Working with local artists, businesses, and volunteers—and in partnership with ongoing streetscape and mobility upgrades—ArtWorks helps add benches, enhance lighting, and create wayfinding so the walking routes between workplaces on the riverfro...",Place-making & Welcome Corridor near Plants,Geographic Dispersion of Union Members,"Hazelwood Initiative, Inc.","4901 Second Avenue, Pittsburgh, PA 15207",https://www.hazelwoodinitiative.org,info@hazelwoodinitiative.org,
Artist Project Grants,"Erie Arts & Culture provides micro- and small project grants to individual artists and creatives to deliver community-facing events such as workshops, performances, and cultural celebrations across Erie County. Awards can support venue rental, marketing, accessibility (e.g., translation or childcare stipends), and materials—helping resident organizers stage inclusive events that strengthen community life.",Micro-grants for Event Organizers,Loss of Multi-Purpose Community Spaces,Erie Arts & Culture,"23 West 10th Street, Suite 2, Erie, PA 16501",https://www.erieartsandculture.org/grants,info@erieartsandculture.org,
Assemble,"Assemble connects neighbors through a digital community using Discord and video platforms for youth programs, mentor coordination, and resource sharing, while also maintaining an active events calendar online. The organization hosts weekly in-person maker nights at its Penn Avenue space and delivers pop-up STEAM workshops at schools and neighborhood events across Pittsburgh, marrying ongoing remote engagement with periodic, place-based gatherings.",Hybrid Digital-Physical Hubs,Union Hall Closures and Consolidation,Assemble,"4824 Penn Avenue, Pittsburgh, PA 15224",https://www.assemblepgh.org,info@assemblepgh.org,
Assemble Pop-Up Programs,"Assemble deploys rotating pop-up STEAM clubs at partner sites like libraries, schools, community centers, and storefronts using portable kits (art supplies, small tools, and lesson plans). Teaching artists and volunteers facilitate hands-on workshops—such as coding, crafting, and design—that create welcoming gathering spots and cultural activities in neighborhoods without needing a permanent venue.",Pop-up Clubs and Mobile Cultural Programming,Disappearance of Ethnic Clubs and Fraternal Lodges,Assemble,"4824 Penn Avenue, Pittsburgh, PA 15224",https://assemblepgh.org,info@assemblepgh.org,
BCTA Park & Ride and Commuter Connections,"Beaver County Transit Authority operates Park & Ride locations and commuter routes that connect outlying communities to regional centers. The Park & Ride lots act as meetup points for carpools and vanpools, and BCTA’s express buses provide a subsidized shuttle option to reach centralized gathering places. This network lets residents coordinate shared trips from multiple neighborhoods to union halls, conferences, and other events.",Transportation and Access Network,Union Hall Closures and Consolidation,Beaver County Transit Authority,"200 West Washington Street, Rochester, PA 15074",https://www.bcta.com,customerservice@bcta.com,
BCTA Vanpool Program,"Beaver County Transit Authority supports employer- and worker-organized vanpools in partnership with the regional CommuteInfo network, helping groups of employees share rides to plants and business parks across Beaver County and neighboring areas. Participants appoint volunteer coordinators/drivers, share vehicle and operating costs, and set suburban pick-up stops with schedules tailored to plant shift times. This cooperative structure restores everyday interaction among co-workers while redu...",Community Shuttle & Carpool Cooperative,Geographic Dispersion of Union Members,Beaver County Transit Authority,"200 West Washington Street, Rochester, PA 15074",https://www.bcta.com,info@bcta.com,
BCTA Vanpool Sponsorship,"Beaver County Transit Authority supports the creation of shared vanpools for workers traveling to major employers and industrial corridors in Beaver County, coordinating with CommuteInfo to align pick-ups and drop-offs with plant shift schedules. The program uses volunteer drivers and rider cost-sharing, sets suburban park-and-ride meeting points (including cross-county commuters), and provides an organized, cooperative ride that strengthens social ties among coworkers while reducing commute ...",Community Shuttle & Carpool Cooperative,Geographic Dispersion of Union Members,Beaver County Transit Authority (BCTA),"200 West Washington Street, Rochester, PA 15074",https://www.bcta.com,info@bcta.com,
BMNECC Community & Cultural Center,"Housed in a historic ethnic social hall, the Bulgarian Macedonian National Educational and Cultural Center operates as a multi-use community venue with affordable hall rentals, cultural classes, and civic events. A volunteer board and community members help coordinate programming and bookings, keeping the space accessible to neighborhood groups for meetings and low-cost events. This repurposed social hall aligns with the solution by maintaining a community-managed hub where scheduling and res...",Convert Vacant Union Halls into Multi-Use Community Hubs,Disappearance of Ethnic Clubs and Fraternal Lodges,Bulgarian Macedonian National Educational and Cultural Center (BMNECC),"449 W 8th Ave, West Homestead, PA 15120",https://www.bmnecc.org,,
BMNECC Community Cultural Center & Hall Rentals,"The Bulgarian-Macedonian National Educational and Cultural Center maintains a historic ethnic social hall as a community cultural center offering affordable event and meeting space to neighborhood groups, dance troupes, language classes, and civic organizations. Operated by a volunteer-supported nonprofit, the hall’s programming and rentals keep a once-declining fraternal facility active as a shared community resource. This model mirrors the solution by preserving and adapting a former social...",Convert Vacant Union Halls into Multi-Use Community Hubs,Disappearance of Ethnic Clubs and Fraternal Lodges,Bulgarian-Macedonian National Educational and Cultural Center (BMNECC),"449 West 8th Avenue, West Homestead, PA 15120",https://www.bmnecc.org,info@bmnecc.org,
BMNECC Cultural Programs,"Ongoing intergenerational cultural events—including dance nights, language classes, folklore ensembles, and holiday community dinners—hosted in a long-standing ethnic club hall. These recurring programs use a familiar, accessible gathering place to bring together children, parents, and elders, preserving tradition while fostering new connections. The model mirrors historic social halls by combining food, music, and shared practice to strengthen neighborhood belonging and mutual trust.",Intergenerational Programming Series,Loss of Multi-Purpose Community Spaces,Bulgarian Macedonian National Educational and Cultural Center (BMNECC),"449 West 8th Avenue, West Homestead, PA 15120",https://www.bmnecc.org,info@bmnecc.org,
BMNECC Event & Cultural Center,"The Bulgarian-Macedonian National Education and Cultural Center (BMNECC) operates a member-governed cultural hall that rents its ballroom and meeting spaces for weddings, educational workshops, cultural programs, and community meetings. As a nonprofit with a membership base and board governance, it maintains low fees and reinvests rental revenue into facility maintenance and cultural programming, functioning as a multi-use hub for the broader community.",Community Multi-Use Hub Co-op,Loss of Multi-Purpose Community Spaces,Bulgarian-Macedonian National Education and Cultural Center,"449 West 8th Avenue, West Homestead, PA 15120",https://www.bmnecc.org,info@bmnecc.org,
BMNECC Volunteer Program,"The Bulgarian-Macedonian National Educational and Cultural Center engages volunteers to steward its cultural hall and classrooms for festivals, weddings, community meetings, language classes, and partner programs. Volunteers assist with bookings coordination, open/close the facility, welcome guests, and support safety and accessibility during events. This member-driven stewardship preserves a traditional social hall model that serves multiple community functions in the Mon Valley.",Volunteer Venue Stewards Program,Loss of Multi-Purpose Community Spaces,Bulgarian-Macedonian National Educational and Cultural Center (BMNECC),"449 W 8th Avenue, West Homestead, PA 15120",https://www.bmnecc.org,info@bmnecc.org,
Banjo Night at Elks Lodge 339,"A weekly, open-to-the-public rehearsal and social night where neighbors of all ages gather for live music, food, and informal conversation. Hosted in a historic fraternal hall, the event recreates the multi-use, convivial atmosphere of former union and ethnic club halls by offering a recurring, low-cost community gathering that encourages intergenerational mingling and shared cultural traditions. The combination of music, volunteer-run kitchen service, and a welcoming space strengthens belong...",Intergenerational Programming Series,Loss of Multi-Purpose Community Spaces,Pittsburgh Banjo Club,"400 Cedar Avenue, Pittsburgh, PA 15212",https://www.pittsburghbanjoclub.com,info@pittsburghbanjoclub.com,
Be Here Ambassador Program,"Be Here Venango mobilizes local volunteer ambassadors to connect with people relocating to or returning to Venango County, offering neighborhood tours, introductions to community leaders, and invitations to social and civic gatherings. These ambassadors act as friendly “buddies” who accelerate newcomers’ integration into local networks and help them feel at home.",Neighborhood Welcome & Buddy Program,Geographic Dispersion of Union Members,Venango Area Chamber of Commerce,"24 Seneca Street, Oil City, PA 16301",https://beherevenango.org,info@beherevenango.org,
Beaver County Vanpool & Carpool (CommuteInfo Partner),"Beaver County Transit Authority partners with CommuteInfo to help workers form carpools and vanpools serving industrial parks and employers throughout the Ohio River valley. Groups set suburban pickup points and coordinate departure/arrival to align with plant shift times, often using park-and-ride lots and employer stops to streamline trips. The pooled rides reduce commute costs and stress while creating a daily social space for coworkers traveling from distant suburbs or neighboring states.",Community Shuttle & Carpool Cooperative,Geographic Dispersion of Union Members,Beaver County Transit Authority,"200 West Washington Street, Rochester, PA 15074",https://www.bcta.com,customerservice@bcta.com,
Block Ambassador Program,"Lawrenceville United recruits and trains Block Ambassadors—resident liaisons on each block—who check in with neighbors, share resources, and elevate issues to the organization and public agencies. Ambassadors coordinate small gatherings like porch meetings and block meetups, collect concerns, and connect residents to services and problem-solving channels, maintaining neighborhood connectivity even without a dedicated hall.",Local Liaison and Outreach Teams,Union Hall Closures and Consolidation,Lawrenceville United,"3429 Butler Street, Pittsburgh, PA 15201",https://www.lunited.org,info@lunited.org,
Block Ambassador Program,"Lawrenceville United recruits and trains Block Ambassadors—resident liaisons on each block—who check in with neighbors, share resources, and elevate issues to the organization and public agencies. Ambassadors coordinate small gatherings like porch meetings and block meetups, collect concerns, and connect residents to services and problem-solving channels, maintaining neighborhood connectivity even without a dedicated hall.",Neighborhood Welcome & Buddy Program,Geographic Dispersion of Union Members,Lawrenceville United,"3429 Butler Street, Pittsburgh, PA 15201",https://www.lunited.org,info@lunited.org,
Block Associations Program,"Operation Better Block organizes Homewood residents at the block level into resident-led associations that meet regularly to address housing conditions, safety, youth opportunities, and development priorities. Staff support block leaders to survey neighbors, set agendas, and coordinate actions like cleanups, vacant property tracking, landlord engagement, and advocacy with city departments—creating a year-round organizing presence rooted in everyday concerns.",Revitalize Civic Associations through Issue-Based Working Groups,Disappearance of Ethnic Clubs and Fraternal Lodges,"Operation Better Block, Inc.","801 N Homewood Avenue, Pittsburgh, PA 15208",https://www.obbinc.org,info@obbinc.org,
Block Captains Network,"Lawrenceville United coordinates a network of block captains and small working groups that host porch talks, house meetings, and public gatherings in schools, churches, and libraries throughout the neighborhood. These neighborhood cells help residents—many of them workers—identify local priorities, share resources, and influence decisions that affect daily life. The model sustains civic engagement and trust by anchoring meetings in accessible, familiar community spaces rather than a single hall.",Neighborhood Organizing Cells,Union Hall Closures and Consolidation,Lawrenceville United,"118 52nd Street, Pittsburgh, PA 15201",https://www.lunited.org,info@lunited.org,
Block Leader Program,"Cranberry Township’s Block Leader Program enlists veteran residents as volunteer liaisons for their streets. Block Leaders welcome new neighbors, share township and neighborhood information, and invite them to block parties, civic meetings, and local events. By creating a named point-of-contact for each block, the program functions as a neighborhood ambassador system that speeds integration and strengthens trust among residents.",Neighborhood Welcome & Buddy Program,Geographic Dispersion of Union Members,Cranberry Township,"2525 Rochester Road, Cranberry Township, PA 16066",https://www.cranberrytownship.org,info@cranberrytownship.org,
Bloomfield Development Activities Meetings (DAMs) and Community Forums,"Bloomfield Development Corporation, a City-recognized RCO, hosts public DAMs and community forums where residents hear from developers and public agencies, ask questions, and shape neighborhood priorities on land use, transportation, and public realm projects. BDC compiles and shares community feedback, which informs City decision-making and holds project sponsors accountable to resident concerns. Meetings are conducted in neighborhood venues and online to keep participation accessible and eq...",Neighborhood Assemblies and Civic Nights,Loss of Multi-Purpose Community Spaces,Bloomfield Development Corporation,"4905 Liberty Avenue, Pittsburgh, PA 15224",https://bloomfieldpgh.org,info@bloomfieldpgh.org,
Braddock Carnegie Library Association,"The Braddock Carnegie Library serves as a daily, low-barrier gathering place offering book clubs, arts and maker activities, and conversation-friendly spaces that encourage informal neighbor meetups. Staff and volunteers host programs, greet newcomers, and maintain community news boards, helping residents connect and stay informed.",Neighborhood Third-Places Program,Disappearance of Ethnic Clubs and Fraternal Lodges,Braddock Carnegie Library Association,"419 Library Street, Braddock, PA 15104",https://www.braddocklibrary.org,info@braddocklibrary.org,
Braddock Carnegie Library Tool Lending Library,"The Braddock Carnegie Library Association operates a Tool Lending Library with a web-based catalog and reservation system that lets residents browse, reserve, and check out equipment for projects, alongside a public calendar of programs. The library also provides community meeting spaces that can be reserved online or by phone at low or no cost, making multipurpose spaces and equipment accessible in a deindustrialized town. Staff support phone-based bookings and walk-in assistance, implementi...",Shared Booking Platform + Community Calendar,Loss of Multi-Purpose Community Spaces,Braddock Carnegie Library Association,"419 Library Street, Braddock, PA 15104",https://www.braddocklibrary.org/tool-lending-library/,info@braddocklibrary.org,
Braddock Carnegie Library – Community Rooms & Programs,"The Braddock Carnegie Library Association stewards a historic community building that provides free and low-cost rooms for meetings, clubs, educational programs, and family activities, effectively serving the multi-functional role once provided by union halls. Long-term nonprofit ownership ensures that the space remains permanently available to residents and community groups at accessible rates. This model demonstrates durable, community-controlled access to social infrastructure in a deindus...",Community Land Trust for Social Spaces,Loss of Multi-Purpose Community Spaces,Braddock Carnegie Library Association,"419 Library Street, Braddock, PA 15104",https://www.braddocklibrary.org,info@braddocklibrary.org,
Bulgarian Macedonian National Educational and Cultural Center (BMNECC),"The Bulgarian Macedonian National Educational and Cultural Center (BMNECC) maintains an ethnic cultural hall that hosts recurring intergenerational events including community dinners, folk dance nights, language classes, and traditional cooking workshops. The center’s hall is regularly used by families, seniors, and youth for cultural, social, and civic gatherings, directly echoing the multi-functional role historic ethnic clubs played in building trust and belonging.",Intergenerational Programming Series,Loss of Multi-Purpose Community Spaces,Bulgarian Macedonian National Educational and Cultural Center,"449 West 8th Avenue, West Homestead, PA 15120",https://www.bmnecc.org,info@bmnecc.org,
Bulgarian Macedonian National Educational and Cultural Center (BMNECC),"BMNECC owns and manages a community cultural hall that is funded by member dues, program fees, and space rentals for public and private events. The facility is governed by a member-elected board with extensive volunteer participation in operations and upkeep, exemplifying a cooperative, community-ownership model that keeps a former working-class social hall active for neighborhood use.",Community Cooperative Ownership,Union Hall Closures and Consolidation,BMNECC,"449 West 8th Avenue, West Homestead, PA 15120",https://www.bmnecc.org,info@bmnecc.org,
Bulgarian-Macedonian National Educational and Cultural Center (BMNECC),"BMNECC preserves and activates a historic ethnic fraternal hall as a public-facing cultural and community center, offering affordable event rentals, classes, youth programs, and community gatherings. Run by a volunteer board, the center coordinates scheduling and partnerships so local organizations can share space and management responsibilities. By reusing an ethnic social club facility for multi-use community activities, BMNECC directly addresses the erosion of neighborhood gathering places...",Convert Vacant Union Halls into Multi-Use Community Hubs,Disappearance of Ethnic Clubs and Fraternal Lodges,BMNECC,"449 W 8th Avenue, West Homestead, PA 15120",https://www.bmnecc.org,info@bmnecc.org,
Bulgarian-Macedonian National Educational and Cultural Center (BMNECC),"BMNECC operates out of a historic ethnic society hall in West Homestead as an inclusive cultural center for descendants, neighbors, and the wider public. It hosts folk dance ensembles, Bulgarian language and culture classes, cooking workshops, and heritage festivals that activate the space throughout the year. A volunteer board and member dues, event revenues, and local sponsorships sustain operations, directly reflecting the model of reviving ethnic lodges as modern community associations.",Revive Ethnic and Fraternal Clubs as Modern Community Associations,Disappearance of Ethnic Clubs and Fraternal Lodges,Bulgarian-Macedonian National Educational and Cultural Center,"449 West 8th Avenue, West Homestead, PA 15120",https://www.bmnecc.org,info@bmnecc.org,
Business Energy Efficiency Programs,"Duquesne Light Company provides on-site energy assessments through its implementation partners and offers cash incentives that significantly offset the cost of LED lighting, HVAC, and other energy-saving retrofits for small businesses and nonprofits. Community halls in DLC’s service territory can combine these rebates with grants and local fundraising to complete retrofit projects that reduce ongoing electricity bills and improve building comfort.",Energy Efficiency Retrofits,Union Hall Closures and Consolidation,Duquesne Light Company,"411 Seventh Avenue, Pittsburgh, PA 15219",https://www.duquesnelight.com/business/save-energy-and-money,,
Business Energy Efficiency Programs (Nonprofits),"Duquesne Light’s Business Energy Efficiency Programs offer no-cost or low-cost assessments and high incentive levels for nonprofit facilities to upgrade to LED lighting and other energy-saving equipment. Through utility rebates and implementation support, the program helps community halls and similar spaces complete lighting retrofits and other efficiency projects that lower utility bills and ongoing operating costs.",Energy Efficiency Retrofits,Union Hall Closures and Consolidation,Duquesne Light Company,"411 Seventh Avenue, Pittsburgh, PA 15219",https://www.duquesnelight.com/save-money/for-your-business/energy-efficiency-programs,,
CCAC Mobile Training Labs (Welding & Advanced Manufacturing),"Community College of Allegheny County operates mobile training labs—trailers outfitted as classrooms and shops—that bring hands-on welding and mechatronics instruction to neighborhoods, schools, and worksites. These trailer-based labs convert parking lots into temporary learning and meeting spaces for career exploration, short-term training, and employer engagement. The model enables pop-up job fairs, information sessions, and skills assessments in communities that lack a dedicated hall or tr...",Mobile Community Van/Trailer,Loss of Multi-Purpose Community Spaces,Community College of Allegheny County (CCAC),"808 Ridge Avenue, Pittsburgh, PA 15212",https://www.ccac.edu,,
CLP Events & Meeting Room Listings,"Carnegie Library of Pittsburgh runs a systemwide events calendar that lists classes, workshops, community meetings, and public programs across branches, along with information about reservable meeting rooms. Branches provide printed monthly program guides and posted calendars for patrons—especially helpful for seniors and those without reliable internet—and staff help groups submit events and set up reminders via email or phone. The online calendar is lightweight and accessible, ensuring resi...",Community Calendar and Communication Network,Disappearance of Ethnic Clubs and Fraternal Lodges,Carnegie Library of Pittsburgh,"4400 Forbes Avenue, Pittsburgh, PA 15213",https://www.carnegielibrary.org/events/,info@carnegielibrary.org,
CLP Pop-Up Library & Outreach,"Carnegie Library of Pittsburgh’s Pop-Up Library & Outreach sets up temporary library stations—tables, book carts, Wi-Fi, and program kits—at community events, schools, senior sites, and partner venues across the city. Librarians and volunteers host storytimes, language and conversation groups, and informal clubs, using portable materials to bring cultural and social programming into everyday neighborhood spaces.",Pop-up Clubs and Mobile Cultural Programming,Disappearance of Ethnic Clubs and Fraternal Lodges,Carnegie Library of Pittsburgh,"4400 Forbes Avenue, Pittsburgh, PA 15213",https://www.carnegielibrary.org,info@carnegielibrary.org,
CLP Pop-Up Library (Mobile Services & Outreach),"Carnegie Library of Pittsburgh deploys pop-up library vans and outreach teams that bring books, laptops, Wi-Fi, storytimes, and digital skills help directly into neighborhoods at parks, housing sites, and community events. These mobile setups function as temporary, multi-purpose meeting spaces where residents can gather, access information, get job search assistance, and engage in cultural programming without needing a permanent hall. CLP also partners with civic groups at pop-ups to share pu...",Mobile Community Van/Trailer,Loss of Multi-Purpose Community Spaces,Carnegie Library of Pittsburgh,"4400 Forbes Avenue, Pittsburgh, PA 15213",https://www.carnegielibrary.org,info@carnegielibrary.org,
CLP Virtual,"Carnegie Library of Pittsburgh’s CLP Virtual offers ongoing online workshops, book clubs, and information sessions via Zoom, while branches provide free Wi‑Fi, hotspot lending, and A/V-equipped meeting rooms that neighborhood groups can reserve for hybrid gatherings. Branch bulletin boards and online calendars promote these meetups, and library staff frequently run pop-up library tables and outreach programs at community events, enabling residents to connect remotely and meet locally when nee...",Hybrid Digital-Physical Hubs,Union Hall Closures and Consolidation,Carnegie Library of Pittsburgh,"4400 Forbes Avenue, Pittsburgh, PA 15213",https://www.carnegielibrary.org/clp-virtual/,info@carnegielibrary.org,
CLP Virtual Programs & Meeting Rooms,"Carnegie Library of Pittsburgh runs an ongoing slate of virtual programs and provides free, reservable meeting rooms equipped with Wi‑Fi and video-conferencing capabilities across its branches, enabling residents and groups to host hybrid gatherings. Library staff also stage pop-up outreach events in parks and community centers and maintain public bulletin boards in every branch so neighbors can share information and coordinate local meetups. This infrastructure lets community members stay co...",Hybrid Digital-Physical Hubs,Union Hall Closures and Consolidation,Carnegie Library of Pittsburgh,"4400 Forbes Avenue, Pittsburgh, PA 15213",https://www.carnegielibrary.org,info@carnegielibrary.org,
CLP Wi‑Fi Hotspot Lending and Tech‑Enabled Meeting Rooms,"Carnegie Library of Pittsburgh provides borrowable mobile Wi‑Fi hotspots and system‑wide public Wi‑Fi so residents and groups can get online from home or pop‑up locations. Branch meeting rooms include A/V (screens/projectors, sound) and staff support so community organizations can host hybrid meetings (e.g., Zoom) that blend in‑person and remote participation—helpful for shift workers and those unable to travel.",Hybrid Meeting Kits and Digital Access Points,Loss of Multi-Purpose Community Spaces,Carnegie Library of Pittsburgh,"4400 Forbes Avenue, Pittsburgh, PA 15213",https://www.carnegielibrary.org,info@carnegielibrary.org,
"CLP – LYNCS (Library in Your Neighborhood, Community, and School)","CLP – LYNCS takes library services offsite to schools, community centers, senior high-rises, and local events, setting up temporary library and activity stations. Librarians and volunteers host pop-up book clubs, storytimes, STEAM activities, and game gatherings using portable carts, tables, and audio kits that travel between neighborhoods, lowering barriers to participation. This rotating model mirrors pop-up clubs and shared mobile kits that rebuild social gathering spaces.",Pop-up Clubs and Mobile Cultural Programming,Disappearance of Ethnic Clubs and Fraternal Lodges,Carnegie Library of Pittsburgh,"4400 Forbes Avenue, Pittsburgh, PA 15213",https://www.carnegielibrary.org,info@carnegielibrary.org,
Carnegie Library of Pittsburgh Mobile Hotspots and Hybrid-Ready Meeting Rooms,"Carnegie Library of Pittsburgh provides free in-building and outdoor public Wi‑Fi at branches and lends mobile Wi‑Fi hotspots to cardholders, creating digital access points for residents who can’t connect at home. Many branches offer bookable meeting rooms with built‑in displays and connection ports, and staff can assist patrons in setting up laptops with cameras/microphones for hybrid meetings, enabling community groups to host sessions that include both in‑person and remote participants.",Hybrid Meeting Kits and Digital Access Points,Loss of Multi-Purpose Community Spaces,Carnegie Library of Pittsburgh,"4400 Forbes Avenue, Pittsburgh, PA 15213",https://www.carnegielibrary.org,info@carnegielibrary.org,
Carnegie Library of Pittsburgh – Meeting Rooms,"Carnegie Library of Pittsburgh maintains a systemwide public events calendar and an online booking platform that lists available meeting rooms across branches and accepts reservation requests. Community members can reserve rooms for support groups, civic meetings, clubs, and study sessions at no cost, with staff able to assist by phone for patrons without internet access. The library also offers interpreter services and translated materials to reduce language barriers, aligning with an equita...",Shared Booking Platform + Community Calendar,Loss of Multi-Purpose Community Spaces,Carnegie Library of Pittsburgh,"4400 Forbes Avenue, Pittsburgh, PA 15213",https://www.carnegielibrary.org/meeting-rooms/,info@carnegielibrary.org,
Carnegie Library of Pittsburgh – Meeting Rooms & Events Calendar,"Carnegie Library of Pittsburgh provides free public meeting rooms across multiple branches that can be reserved through an online booking platform, alongside a system-wide community events calendar. Staff assist by phone and in person, and the library offers language access services and accommodations on request to ensure inclusive participation. Free or low-cost access, along with community input via public boards and Friends groups, aligns with an equitable, shared community infrastructure ...",Shared Booking Platform + Community Calendar,Loss of Multi-Purpose Community Spaces,Carnegie Library of Pittsburgh,"4400 Forbes Avenue, Pittsburgh, PA 15213",https://www.carnegielibrary.org,info@carnegielibrary.org,
Carnegie of Homestead Athletic Club,"Located inside the historic Carnegie Library of Homestead, the Athletic Club offers early-morning and late-evening hours along with full locker rooms, showers, and lounge areas. These shift-friendly amenities let workers clean up, store belongings, and connect with neighbors before or after nonstandard shifts. By activating a legacy cultural space as an accessible recreation hub, it strengthens social ties in a former mill community.",Shared Public Spaces & Shift-Friendly Amenities,Geographic Dispersion of Union Members,Carnegie Library of Homestead,"510 E 10th Avenue, Munhall, PA 15120",https://carnegieofhomestead.org/athletic-club/,info@carnegieofhomestead.org,
Carnegie of Homestead Athletic Club,"Housed within the historic Carnegie Library of Homestead, the Athletic Club repurposes an iconic public complex in a former steel town into a community hub offering a pool, sauna, lounges, lockers, and showers. Early-morning and late-evening hours accommodate rotating and overnight shifts, giving workers a neutral place to clean up, store belongings, and connect before or after work—bringing people back into a shared civic space tied to the mills’ legacy.",Shared Public Spaces & Shift-Friendly Amenities,Geographic Dispersion of Union Members,Carnegie Library of Homestead,"510 East 10th Avenue, Munhall, PA 15120",https://www.carnegieofhomestead.com,,
Carpatho-Rusyn Day at Kennywood,"Carpatho-Rusyn Day is an annual ethnic heritage day at Kennywood Park featuring Rusyn music, dance, cultural exhibits, and traditional foods. Coordinated by the Carpatho-Rusyn Society with volunteers, the event includes performances by youth and adult ensembles and demonstrations by tradition bearers, creating an intergenerational space for sharing stories, crafts, and customs that connect communities across Western Pennsylvania.",Annual and Seasonal Heritage Festivals,Disappearance of Ethnic Clubs and Fraternal Lodges,Carpatho-Rusyn Society,"915 Dickson Street, Munhall, PA 15120",https://www.c-rs.org,info@c-rs.org,
Casa San José,"Casa San José is a community resource center for Latino immigrants that offers navigation, case management, and accompaniment by trained volunteers. Staff and volunteers orient newcomers to local services, schools, transit, and community groups, while providing language support and advocacy. The organization regularly hosts informational charlas and community events that foster social connections and integrate families into neighborhood and civic life.",Welcome and Newcomer Integration Network,Disappearance of Ethnic Clubs and Fraternal Lodges,Casa San José,"2116 Broadway Avenue, Pittsburgh, PA 15216",https://casasanjose.org,info@casasanjose.org,
Cathedral Commons,"Cathedral Commons at East Liberty Presbyterian Church offers weekly community dinners and discussion groups that function as open, welcoming drop-in gatherings for neighbors. Church volunteers act as hosts—greeting attendees, sharing local announcements, and facilitating table conversations and book studies that build relationships across the community.",Neighborhood Third-Places Program,Disappearance of Ethnic Clubs and Fraternal Lodges,East Liberty Presbyterian Church,"116 South Highland Avenue, Pittsburgh, PA 15206",https://www.elpc.church,office@elpc.church,
Circuit Center & Ballroom,"The Circuit Center & Ballroom is a public event venue co-located within IBEW Local 5’s South Side union complex alongside the union hall and electrical training facilities. By operating a revenue-generating ballroom in a union-owned building, it brings steady foot traffic into the hall and hosts apprenticeship graduations, job fairs, and workforce training events—linking community use of the space directly to worker development.",Co-locating Social Enterprises,Union Hall Closures and Consolidation,International Brotherhood of Electrical Workers (IBEW) Local Union No. 5,"5 Hot Metal Street, Pittsburgh, PA 15203",https://www.circuitcenter.com,,
City of Asylum Volunteer Program,"City of Asylum’s Alphabet City venue uses volunteer event hosts and ushers to welcome audiences, manage check-in and seating, and assist with accessible entry for literary, music, and community programs. Volunteers act as front-of-house stewards across frequent events and partner rentals, supporting smooth operations and participant safety. Their presence builds continuity and relationships among attendees and presenters, keeping the space broadly accessible for community use.",Volunteer Venue Stewards Program,Loss of Multi-Purpose Community Spaces,City of Asylum,"40 W North Avenue, Pittsburgh, PA 15212",https://www.cityofasylum.org,info@cityofasylum.org,
City of Asylum Volunteer Ushers,"City of Asylum’s volunteer ushers and house team welcome guests, assist with check-in and seating, and support the technical and safety needs of frequent free readings, concerts, and community gatherings at Alphabet City. Volunteers provide continuity across hundreds of events each year, help maintain an inclusive, accessible environment, and act as trusted stewards of the space for community partners.",Volunteer Venue Stewards Program,Loss of Multi-Purpose Community Spaces,City of Asylum Pittsburgh,"40 W North Avenue, Pittsburgh, PA 15212",https://www.cityofasylum.org,info@cityofasylum.org,
City of Pittsburgh Accessory Dwelling Unit (ADU) Resources,"The Department of City Planning provides zoning guidance, how-to materials, and staff support to help homeowners add ADUs such as backyard cottages and in-law suites. They host public info sessions and offer pre-application guidance to navigate siting, design, and permitting, making it easier and faster for residents to create small, nearby housing options for workers and interns.",Accessory Dwelling Unit (ADU) & Tiny Home Support,Geographic Dispersion of Union Members,City of Pittsburgh Department of City Planning,"200 Ross Street, Pittsburgh, PA 15219",https://pittsburghpa.gov/dcp/,planning@pittsburghpa.gov,
Clairton Main Street Program,"Mon Valley Initiative’s Clairton Main Street Program coordinates streetscape improvements—lighting, benches, trees, signage, and facade enhancements—along St. Clair Avenue and nearby blocks adjacent to the U.S. Steel Clairton Coke Works. The program partners with local businesses, city officials, and volunteers to upgrade sidewalks and public spaces on the primary walking routes that connect plant gates and neighborhoods. These place-making investments make corridors more welcoming and help r...",Place-making & Welcome Corridor near Plants,Geographic Dispersion of Union Members,Mon Valley Initiative,"305 East 8th Avenue, Homestead, PA 15120",https://monvalleyinitiative.com,info@monvalleyinitiative.com,
Coffee & Conversation (CLP – Hazelwood),"Carnegie Library of Pittsburgh’s Hazelwood branch runs recurring Coffee & Conversation drop-in time where neighbors gather informally for coffee, news, and conversation. Librarians and volunteers act as community hosts—welcoming attendees, maintaining bulletin boards of neighborhood happenings, and facilitating introductions—alongside related book clubs and discussion programs that reinforce the library as a trusted third place.",Neighborhood Third-Places Program,Disappearance of Ethnic Clubs and Fraternal Lodges,Carnegie Library of Pittsburgh,"5006 Second Avenue, Pittsburgh, PA 15207",https://www.carnegielibrary.org/locations/hazelwood/,info@carnegielibrary.org,
Coffee & Conversation (CLP – Sheraden),"Carnegie Library of Pittsburgh’s Sheraden branch holds recurring Coffee & Conversation sessions that invite residents to drop in, meet neighbors, and chat with librarians. Staff welcome participants, share neighborhood information, and connect people to one another and to local resources, making the branch a dependable third-place. These informal gatherings complement ongoing book clubs and community listening activities hosted in the library.",Neighborhood Third-Places Program,Disappearance of Ethnic Clubs and Fraternal Lodges,Carnegie Library of Pittsburgh,"720 Sherwood Avenue, Pittsburgh, PA 15204",https://www.carnegielibrary.org/locations/sheraden/,info@carnegielibrary.org,
Comité de Líderes (Leaders Committee),"Casa San Jose’s Comité de Líderes is a member-led organizing body that convenes small neighborhood groups of immigrant workers and families to identify issues and take collective action. Meetings rotate through homes, parish halls, schools, and public libraries across Western Pennsylvania, sustaining local networks and civic participation without reliance on a single central hall.",Neighborhood Organizing Cells,Union Hall Closures and Consolidation,Casa San Jose,"2116 Broadway Avenue, Pittsburgh, PA 15216",https://www.casasanjose.org,info@casasanjose.org,
Commercial Corridor Revitalization Program,"Mon Valley Initiative works with mill town municipalities and business districts to improve pedestrian corridors through façade upgrades, new signage, lighting, benches, and streetscape enhancements. By coordinating local artists, volunteers, and property owners along routes that link neighborhoods to nearby mills and industrial employers, the program creates inviting walkways that spark casual encounters and strengthen community ties.",Place-making & Welcome Corridor near Plants,Geographic Dispersion of Union Members,Mon Valley Initiative,"305 E 8th Avenue, Homestead, PA 15120",https://monvalleyinitiative.com,info@monvalleyinitiative.com,
Community & Family Support – Community Connectors,"Homewood Children’s Village deploys community connectors and family support specialists who regularly check in with households, meet residents where they are, and convene small parent cafés and resource groups. They gather feedback on needs and connect families to education, employment, health, and social services through neighborhood-based partnerships. The model embeds trained liaisons at the block level to sustain relationships and coordination without a formal neighborhood hall.",Local Liaison and Outreach Teams,Union Hall Closures and Consolidation,Homewood Children’s Village,"801 N Homewood Avenue, Pittsburgh, PA 15208",https://www.hcvpgh.org,info@hcvpgh.org,
Community Action Teams and Block Clubs,"The Bloomfield-Garfield Corporation supports block clubs and Community Action Teams that meet monthly in neighborhood venues like church halls, school cafeterias, and libraries to address safety, housing, and economic opportunity. By structuring engagement at the block and neighborhood level, these groups maintain civic ties and local leadership without depending on a single community hall.",Neighborhood Organizing Cells,Union Hall Closures and Consolidation,Bloomfield-Garfield Corporation,"5149 Penn Avenue, Pittsburgh, PA 15224",https://bloomfield-garfield.org,bgc@bloomfield-garfield.org,
Community Archives & Heritage,"Rivers of Steel’s Community Archives & Heritage program engages volunteers, retired steelworkers, and educators to document the industrial and ethnic heritage of the Mon Valley. Staff partner with area schools and libraries to train students in oral history interviewing, scanning historic photos from social clubs, and curating exhibitions at the Bost Building and community venues. These projects preserve firsthand accounts of mill life and club culture while connecting youth with older reside...",Local Heritage Curriculum and Oral History Projects,Disappearance of Ethnic Clubs and Fraternal Lodges,Rivers of Steel Heritage Corporation,"623 E 8th Avenue, Homestead, PA 15120",https://riversofsteel.com,info@riversofsteel.com,
Community Calendar & Tool Lending Library,"Millvale Community Library maintains a public events calendar and operates a Tool Lending Library with an online catalog and reservation system for borrowing equipment (e.g., tools, ladders, household repair items). The Library offers low-cost or no-cost memberships and staff assistance by phone and email, lowering financial and logistical barriers to using shared resources and meeting spaces. This combines a community calendar with equipment booking to support neighborhood projects, clubs, a...",Shared Booking Platform + Community Calendar,Loss of Multi-Purpose Community Spaces,Millvale Community Library,"213 Grant Avenue, Millvale, PA 15209",https://www.millvalelibrary.org,info@millvalelibrary.org,
Community Dinner & Skill Share Series,"Monthly, open-to-all gatherings that feature community meals, neighbor-led workshops, and mentoring sessions hosted in a repurposed former school building. The series brings together teens, parents, elders, and local tradespeople to share skills—from crafts to entrepreneurship—recreating the multi-functional role of historic community halls. These recurring events strengthen belonging, build practical networks of support, and cultivate trust across generations.",Intergenerational Programming Series,Loss of Multi-Purpose Community Spaces,Community Forge,"1256 Franklin Avenue, Pittsburgh, PA 15221",https://www.forge.community,info@forge.community,
Community Engagement,"The Bloomfield-Garfield Corporation’s community engagement staff function as neighborhood liaisons who go door-to-door, facilitate block watches and small resident meetings, and track concerns around safety, housing, and development. They connect individuals to local resources and services and maintain regular contact with residents, sustaining a neighborhood-level touchpoint in the absence of a formal hall.",Local Liaison and Outreach Teams,Union Hall Closures and Consolidation,Bloomfield-Garfield Corporation,"5149 Penn Avenue, Pittsburgh, PA 15224",https://bloomfield-garfield.org,info@bloomfield-garfield.org,
Community Engagement Center – Homewood,"The University of Pittsburgh’s Community Engagement Center in Homewood maintains open hours and a steady calendar of coffee chats, roundtables, and neighborhood meetings that residents can drop into. CEC staff act as connectors—welcoming walk-ins, posting neighborhood news, and facilitating introductions among neighbors, local organizations, and university partners—so the center serves as a community third-place. Regular programming and listening sessions ensure residents have voice in local ...",Neighborhood Third-Places Program,Disappearance of Ethnic Clubs and Fraternal Lodges,"University of Pittsburgh, Office of Engagement and Community Affairs","622 N Homewood Avenue, Pittsburgh, PA 15208",https://cec.pitt.edu/locations/homewood/,cecinfo@pitt.edu,
Community Engagement Center — Hill District,"The Hill District CEC provides robust public Wi‑Fi and Zoom‑enabled meeting rooms outfitted with integrated A/V so community partners can run hybrid meetings and trainings. Technical staff assist with setup, enabling civic groups, block clubs, and nonprofits to blend on‑site participation with remote attendance for broader inclusion.",Hybrid Meeting Kits and Digital Access Points,Loss of Multi-Purpose Community Spaces,"University of Pittsburgh, Office of Engagement and Community Affairs","1908 Wylie Avenue, Pittsburgh, PA 15219",https://cec.pitt.edu/locations/hill-district,cecinfo@pitt.edu,
Community Engagement Center — Homewood,"The University of Pittsburgh’s Homewood CEC offers free, public Wi‑Fi and reservable classrooms and conference rooms equipped with cameras, microphones, and large displays to support hybrid meetings. Neighborhood organizations and resident groups use these spaces to host events where in‑person attendees and remote participants can interact in real time, expanding access for those with transportation or schedule barriers.",Hybrid Meeting Kits and Digital Access Points,Loss of Multi-Purpose Community Spaces,"University of Pittsburgh, Office of Engagement and Community Affairs","622 North Homewood Avenue, Pittsburgh, PA 15208",https://cec.pitt.edu/locations/homewood,cecinfo@pitt.edu,
Community Forge,"Community Forge purchased and converted a vacant neighborhood school into a community hub operated with cooperative-style governance. Coworking memberships and affordable room and event rentals fund building operations, while residents and members participate in advisory councils and volunteer days to maintain the space. Though a nonprofit, it implements the cooperative hall approach by combining member participation, shared decision-making, and rental income to sustain a local gathering place.",Neighborhood Third-Places Program,Disappearance of Ethnic Clubs and Fraternal Lodges,Community Forge,"1256 Franklin Avenue, Wilkinsburg, PA 15221",https://www.communityforge.org,info@communityforge.org,
Community Forge,"Community Forge is a neighborhood campus that houses multiple nonprofits and community groups providing workforce training, entrepreneurship support, education, childcare, and civic engagement activities. The site maintains regular open hours and hosts job fairs, legal/benefits clinics, and workshops with community and labor partners, creating a co-located resource hub where residents can directly access services and engage with organizers, trainers, and advocates in one place.",Neighborhood Third-Places Program,Disappearance of Ethnic Clubs and Fraternal Lodges,Community Forge,"1256 Franklin Avenue, Wilkinsburg, PA 15221",https://www.communityforgepgh.com,info@communityforgepgh.com,
Community Forge,"Community Forge transformed a vacant former school in Wilkinsburg into an affordable coworking and community hub with hot desks, private offices, classrooms, event and meeting rooms, and dependable high-speed internet. It offers on-site support, programming, and introductions that help remote workers, freelancers, and small teams plug into local networks rather than leaving town.",Community Multi-Use Hub Co-op,Loss of Multi-Purpose Community Spaces,Community Forge,"1256 Franklin Avenue, Wilkinsburg, PA 15221",https://www.forge.community,info@forge.community,
Community Forge,"Community Forge repurposes a former school into a multi-tenant community hub that co-locates social enterprises, nonprofits, and workforce/entrepreneurship programs with shared event and classroom space. This model brings steady activity and lease revenue while enabling training and small-business development, aligning with the solution of activating large community buildings—like union halls—by housing cooperative cafes, makers, and skill-building programs together.",Co-locating Social Enterprises,Union Hall Closures and Consolidation,Community Forge,"1256 Franklin Avenue, Pittsburgh, PA 15221",https://www.communityforgepgh.org,info@communityforgepgh.org,
Community Forge,"Community Forge purchased and converted a vacant neighborhood school into a community hub operated with cooperative-style governance. Coworking memberships and affordable room and event rentals fund building operations, while residents and members participate in advisory councils and volunteer days to maintain the space. Though a nonprofit, it implements the cooperative hall approach by combining member participation, shared decision-making, and rental income to sustain a local gathering place.",Community Cooperative Ownership,Union Hall Closures and Consolidation,Community Forge,"1256 Franklin Avenue, Wilkinsburg, PA 15221",https://www.communityforge.org,info@communityforge.org,
Community Forge (Event & Community Space),"Operating in a repurposed former school with a gym, auditorium, and classrooms, Community Forge coordinates a rotating calendar of pop-up uses such as community meetings, trainings, youth program sign-ups, markets, and small celebrations. The flexible, affordable rentals recreate the multi-functional role of union halls while demonstrating sustained community demand for accessible, shared civic spaces.",Pop-up Events in Vacant Spaces,Loss of Multi-Purpose Community Spaces,Community Forge,"1256 Franklin Avenue, Pittsburgh, PA 15221",https://communityforge.org,info@communityforge.org,
Community Forge Campus,"Community Forge converted a vacant former school in Wilkinsburg into an affordable, multi-tenant community hub with classrooms, coworking, gym/event space, and youth and small business programs. They host community workdays, rely on volunteers and partners to support operations, and use a centralized reservation system to offer low-cost space for civic meetings, classes, and neighborhood events. This directly implements the solution by retrofitting an underused building into a shared, communi...",Convert Vacant Union Halls into Multi-Use Community Hubs,Disappearance of Ethnic Clubs and Fraternal Lodges,Community Forge,"1256 Franklin Ave, Wilkinsburg, PA 15221",https://communityforgepgh.org,info@communityforgepgh.org,
Community Forge Campus,"Community Forge operates a former school as a community-driven campus with a gymnasium, classrooms, and event/meeting spaces used for youth sports, arts, workshops, and neighborhood gatherings. By offering low-cost, inclusive programming and room rentals without partisan affiliation, it functions as an alternative social hub that strengthens civic connection in Wilkinsburg and surrounding communities.",Community Land Trust for Social Spaces,Loss of Multi-Purpose Community Spaces,Community Forge,"1256 Franklin Ave, Pittsburgh, PA 15221",https://www.communityforge.org,hello@communityforge.org,
Community Forge Campus,"Community Forge is a nonprofit that acquired and rehabilitated the former Johnston Elementary School to create a permanently affordable, multi-use community hub. It provides low-cost classrooms, a gym, meeting rooms, and event space for youth programs, mutual aid groups, clubs, and family events, with community-centered governance to keep access equitable. This nonprofit ownership and stewardship model secures long-term public use of social spaces similar to a community land trust.",Community Land Trust for Social Spaces,Loss of Multi-Purpose Community Spaces,"Community Forge, Inc.","1256 Franklin Avenue, Wilkinsburg, PA 15221",https://communityforge.org,info@communityforge.org,
Community Forge Campus,"Community Forge purchased and rehabilitated a former school to operate as a multi-use, affordable community hub with rentable halls, classrooms, and coworking space. It hosts weddings, trainings, civic meetings, youth programs, and support groups, while resident leaders and neighborhood partners help shape programming and policies. Rental revenue is reinvested into maintaining the building and expanding community-led programming, aligning with a member- and user-driven multi-purpose center mo...",Community Multi-Use Hub Co-op,Loss of Multi-Purpose Community Spaces,Community Forge,"1256 Franklin Avenue, Wilkinsburg, PA 15221",https://www.communityforgepgh.org,info@communityforgepgh.org,
Community Forge Campus,"Community Forge transformed the former Johnston School into a multi-tenant community hub offering coworking, affordable offices, and meeting and event spaces for neighborhood nonprofits and small businesses. The campus hosts workforce and entrepreneurship training, youth programs, and community services, using sliding-scale memberships and rentals to sustain operations and keep the space active daily.",Multi-use Community Hubs,Union Hall Closures and Consolidation,Community Forge,"1256 Franklin Ave, Wilkinsburg, PA 15221",https://www.communityforgepgh.com,info@communityforgepgh.com,
Community Forge Coworking & Community Hub,"Community Forge has transformed a former public school into a shared community hub with coworking desks, studios, event space, lounges, and a communal kitchen. Members receive extended-hours/key-fob access (including nights and weekends), providing shift workers a place to gather, rest, and prepare around nontraditional schedules. This approach reclaims an underused building as an inclusive, cross-neighborhood meeting place that supports entrepreneurs, freelancers, and commuting workers alike.",Shared Public Spaces & Shift-Friendly Amenities,Geographic Dispersion of Union Members,Community Forge,"1256 Franklin Avenue, Wilkinsburg, PA 15221",https://www.communityforgepgh.com,info@communityforgepgh.com,
Community Forge Event & Space Reservations,"Community Forge, a former school turned community center in Wilkinsburg, provides event spaces, classrooms, and a gym that can be reserved through an online booking request system and public community calendar. The organization offers flexible, subsidized pricing for community groups and residents and supports reservations by phone, expanding access for those with limited budgets or internet access. By centralizing space availability and amenities (such as AV, tables, and chairs), it function...",Shared Booking Platform + Community Calendar,Loss of Multi-Purpose Community Spaces,Community Forge,"1256 Franklin Avenue, Pittsburgh, PA 15221",https://www.communityforgepgh.org,info@communityforgepgh.org,
Community Forge Shared Calendar & Space Booking,"Community Forge operates a low-bandwidth events and room-availability calendar for classes, meetings, and community gatherings in its former school building, updated by staff and volunteers. The calendar centralizes listings from resident organizations and neighborhood groups, with reminders and updates shared through email and social media. Printed schedules are posted in the lobby and at nearby partner sites so older adults and residents without reliable internet can keep track of happenings.",Community Calendar and Communication Network,Disappearance of Ethnic Clubs and Fraternal Lodges,Community Forge,"1256 Franklin Avenue, Wilkinsburg, PA 15221",https://www.communityforgepgh.com,info@communityforgepgh.com,
Community Forge Shared Spaces,"Community Forge repurposes a former public school into a multi-tenant community hub with classrooms, a gym, and meeting rooms available to neighborhood groups, nonprofits, and educators after hours. They formalize partner agreements to host civic trainings, youth programs, resource fairs, and family events that run evenings and weekends. By opening a school facility to the public, Community Forge provides the multi-functional venue and trusted network the region lost with the decline of union...","Partnerships with Unions, Churches, and Schools",Loss of Multi-Purpose Community Spaces,Community Forge,"1256 Franklin Avenue, Wilkinsburg, PA 15221",https://www.communityforge.org,info@communityforge.org,
Community Forge Volunteer Program,"Community Forge trains volunteers to serve as front-desk hosts and space stewards for its multi-use community center, home to nonprofits, classes, sports, and neighborhood events. Volunteers welcome visitors, open and close rooms, support renters, and help maintain shared spaces to ensure safe and accessible use throughout the week. Their ongoing presence across programs builds trust and continuity for residents seeking a central, multi-functional venue.",Volunteer Venue Stewards Program,Loss of Multi-Purpose Community Spaces,Community Forge,"1256 Franklin Avenue, Wilkinsburg, PA 15221",https://www.forge.community,info@forge.community,
Community Forge – A/V-Equipped Community Rooms,"Community Forge operates a community center with rentable meeting rooms and coworking spaces that include robust Wi‑Fi and on‑site A/V carts (projectors/displays, conferencing cameras, and speakerphones) to host hybrid meetings and events. This setup lets neighborhood groups, unions, and civic organizations gather locally while including remote participants, addressing the lack of multi‑functional community venues in nearby neighborhoods.",Hybrid Meeting Kits and Digital Access Points,Loss of Multi-Purpose Community Spaces,Community Forge,"1256 Franklin Avenue, Pittsburgh, PA 15221",https://communityforge.org,info@communityforge.org,
Community Greening Grants,"Community Greening Grants offer small grants and materials to resident groups to activate vacant lots, start or sustain community gardens, and support neighborhood gatherings around these spaces. Applications are streamlined and funding is designed for rapid deployment to cover supplies and equipment, enabling grassroots teams to organize and maintain shared places where neighbors can meet. By seeding resident-led projects with modest resources, the program helps replace lost social infrastru...",Community Micro-Grant Program,Disappearance of Ethnic Clubs and Fraternal Lodges,Grounded Strategies,"6587 Hamilton Avenue, Pittsburgh, PA 15206",https://groundedpgh.org,info@groundedpgh.org,
Community Health Deputies Program,"Neighborhood Resilience Project trains resident leaders as Community Health Deputies who serve as trusted local liaisons. They conduct door-to-door check-ins, coordinate small block-level gatherings, gather community concerns, and connect neighbors to services such as food, housing, behavioral health, and benefits—providing a consistent neighborhood presence without relying on a formal community hall.",Local Liaison and Outreach Teams,Union Hall Closures and Consolidation,Neighborhood Resilience Project,"2038 Bedford Ave, Pittsburgh, PA 15219",https://neighborhoodresilience.org,info@neighborhoodresilience.org,
Community Health Deputy Program,"Neighborhood Resilience Project trains and deploys Community Health Deputies who serve as trusted liaisons embedded in Pittsburgh neighborhoods. These deputies conduct regular check-ins, organize small block-level gatherings, collect residents’ concerns, and connect people to health care, food, housing, and trauma support—bringing services and listening sessions directly to residents without relying on a formal hall.",Local Liaison and Outreach Teams,Union Hall Closures and Consolidation,Neighborhood Resilience Project,"2038 Bedford Avenue, Pittsburgh, PA 15219",https://www.neighborhoodresilience.org,info@neighborhoodresilience.org,
Community Health Worker Program,"Healthy Start’s Community Health Workers are neighborhood-based liaisons who conduct home visits, organize small support groups, and gather family concerns to connect pregnant people and families with maternal/child health, housing, and social services. By operating in homes, libraries, churches, and local spaces, the program sustains a consistent, trusted presence at the neighborhood level without a formal meeting hall.",Local Liaison and Outreach Teams,Union Hall Closures and Consolidation,"Healthy Start, Inc.","400 N Lexington Ave, Pittsburgh, PA 15208",https://www.healthystartpittsburgh.org,info@hsipgh.org,
Community Integration & Adult Education,"MCRC’s community integration team provides case management and bilingual navigation for newcomers, pairs families with volunteer mentors, and distributes orientation guides to local services and opportunities. The center runs ESL classes and conversation tables and hosts recurring newcomer social events at its community facility, connecting residents to clubs, schools, and civic associations across Erie neighborhoods.",Welcome and Newcomer Integration Network,Disappearance of Ethnic Clubs and Fraternal Lodges,Multicultural Community Resource Center (MCRC),"554 East 10th Street, Erie, PA 16503",https://www.mcrcerie.org,,
Community Micro Grant,"Lawrenceville United’s Community Micro Grant supports neighborhood-scale projects—such as community celebrations, equipment for shared spaces, and new resident clubs—through small awards with a simple application and quick turnaround. The fund is sustained by member dues, resident donations, and local business sponsorships, and a volunteer committee of residents reviews proposals to ensure community priorities drive funding decisions.",Community Micro-Grant Program,Disappearance of Ethnic Clubs and Fraternal Lodges,Lawrenceville United,"4625 Plummer Street, Pittsburgh, PA 15201",https://www.lunited.org,info@lunited.org,
Community Mini-Grant Program,"Keep Pennsylvania Beautiful provides micro-grants (often up to a few hundred dollars) for resident-led cleanups, small-scale repairs, planting days, and public space enhancements. These grants enable neighborhood groups in Western Pennsylvania to organize pop-up improvement events and pilot small projects that build social ties and confidence in local problem-solving.",Micro-grants for Local Organizing,Union Hall Closures and Consolidation,Keep Pennsylvania Beautiful,"105 West 4th Street, Greensburg, PA 15601",https://www.keeppabeautiful.org,info@keeppabeautiful.org,
Community Organizing,"Just Harvest convenes neighborhood-based committees of low-wage workers and families to advocate for food access, benefits, and fair economic policies. Meetings are hosted in homes, libraries, and faith-based community spaces throughout Allegheny County, building durable, local civic networks outside of any single hall.",Neighborhood Organizing Cells,Union Hall Closures and Consolidation,Just Harvest,"16 Terminal Way, Pittsburgh, PA 15219",https://www.justharvest.org,info@justharvest.org,
Community Organizing Program,"Center for Coalfield Justice organizes small, neighborhood-based groups of residents and workers in Washington and Greene counties to address energy, environmental, and economic issues. These teams hold regular house meetings and sessions in local libraries, schools, and faith centers, preserving local networks and empowering community members to influence policies affecting their lives.",Neighborhood Organizing Cells,Union Hall Closures and Consolidation,Center for Coalfield Justice,"14 East Beau Street, Washington, PA 15301",https://www.coalfieldjustice.org,info@coalfieldjustice.org,
Community Organizing Program,"Casa San José builds small neighborhood committees and leadership cohorts that hold regular know-your-rights, mutual aid, and advocacy meetings in parish halls, school classrooms, and public libraries across the South Hills and city neighborhoods. They frequently use home-based meetings to connect immigrant workers and families where they live, creating trusted spaces for civic participation. This network of localized cells maintains strong worker ties and community engagement without a singl...",Neighborhood Organizing Cells,Union Hall Closures and Consolidation,Casa San José,"2116 Broadway Avenue, Pittsburgh, PA 15216",https://casasanjose.org,info@casasanjose.org,
Community Organizing and Navigation,"Casa San José’s community organizers and acompañantes act as local liaisons for Latino community members across Pittsburgh and nearby municipalities. They make home and workplace visits, host small know-your-rights and resource sessions, gather concerns, and connect residents to legal aid, health care, education, and social services—effectively replacing the need for a central hall with neighborhood-based outreach.",Local Liaison and Outreach Teams,Union Hall Closures and Consolidation,Casa San José,"2116 Broadway Avenue, Pittsburgh, PA 15216",https://www.casasanjose.org,info@casasanjose.org,
Community Outreach,"Mon Valley Initiative deploys outreach staff in towns across the Mon Valley to meet residents where they are—at homes, libraries, churches, and small neighborhood gatherings. These liaisons collect community concerns and connect people to workforce development, financial coaching, and housing counseling, providing a decentralized point of contact instead of a formal hall.",Local Liaison and Outreach Teams,Union Hall Closures and Consolidation,Mon Valley Initiative,"305 East 8th Avenue, Homestead, PA 15120",https://www.monvalleyinitiative.com,info@monvalleyinitiative.com,
Community Outreach & Engagement,"Hilltop Alliance maintains staff who regularly canvas Hilltop neighborhoods, check in with residents, and convene small block meetings to surface local priorities. These liaisons coordinate resources and referrals for housing, business assistance, and neighborhood improvements, providing a consistent on-the-ground presence without a centralized gathering hall.",Local Liaison and Outreach Teams,Union Hall Closures and Consolidation,Hilltop Alliance,"831 East Warrington Avenue, Pittsburgh, PA 15210",https://www.pghhilltopalliance.org,info@pghhilltopalliance.org,
Community Outreach & Organizing,"Mon Valley Initiative facilitates resident-led community teams and neighborhood advisory groups in former mill towns, meeting monthly in churches, schools, and municipal buildings in places like Homestead, Braddock, and Clairton. These small, place-based teams coordinate on housing, workforce, and revitalization efforts while sustaining social ties among workers and neighbors. By rotating among local venues instead of a single hall, MVI preserves neighborhood-level networks and civic engagement.",Revitalize Civic Associations through Issue-Based Working Groups,Disappearance of Ethnic Clubs and Fraternal Lodges,Mon Valley Initiative,"305 East 8th Avenue, Homestead, PA 15120",https://monvalleyinitiative.com,info@monvalleyinitiative.com,
Community Outreach & Organizing,"Mon Valley Initiative facilitates resident-led community teams and neighborhood advisory groups in former mill towns, meeting monthly in churches, schools, and municipal buildings in places like Homestead, Braddock, and Clairton. These small, place-based teams coordinate on housing, workforce, and revitalization efforts while sustaining social ties among workers and neighbors. By rotating among local venues instead of a single hall, MVI preserves neighborhood-level networks and civic engagement.",Neighborhood Organizing Cells,Union Hall Closures and Consolidation,Mon Valley Initiative,"305 East 8th Avenue, Homestead, PA 15120",https://monvalleyinitiative.com,info@monvalleyinitiative.com,
Community Partner Forums & Neighborhood Pop-Ups,"Mon Valley Initiative engages residents and local leaders through recurring virtual information sessions and coalition meetings, complemented by in-person pop-up gatherings hosted at rotating sites across the Mon Valley. Their online calendars, video conferences, and communications keep communities connected between meetings, while neighborhood events provide tangible, local touchpoints—together functioning as hybrid hubs for post-industrial towns.",Hybrid Digital-Physical Hubs,Union Hall Closures and Consolidation,Mon Valley Initiative,"305 East 8th Avenue, Homestead, PA 15120",https://www.monvalleyinitiative.com,info@monvalleyinitiative.com,
Community Projects Program,"The Trade Institute of Pittsburgh provides masonry and carpentry training and partners with communities on small-scale build projects, offering a pipeline of skilled labor for ADU and tiny-home construction. By coordinating student-led builds and community service days, TIP helps homeowners and nonprofits complete cost-effective accessory unit conversions or backyard cottages that expand local housing options for workers and interns.",Accessory Dwelling Unit (ADU) & Tiny Home Support,Geographic Dispersion of Union Members,Trade Institute of Pittsburgh,"7800 Susquehanna Street, Pittsburgh, PA 15208",https://www.tradeinstitute.org,info@tradeinstitute.org,
Community Spaces Program,"Rebuilding Together Pittsburgh’s Community Spaces Program mobilizes volunteers and skilled trades to perform energy audits and retrofit projects for community facilities such as union and veterans halls across Western Pennsylvania. Funded through grants and donations, they install insulation and weatherization measures, upgrade to LED lighting, and improve heating systems to lower operating costs and keep neighborhood gathering places viable.",Energy Efficiency Retrofits,Union Hall Closures and Consolidation,Rebuilding Together Pittsburgh,"7800 Susquehanna Street, Pittsburgh, PA 15208",https://www.rtpittsburgh.org,info@rtpittsburgh.org,
Community Sponsorship Program,"JFCS Pittsburgh’s Community Sponsorship Program organizes teams of local volunteers who are matched with newly arrived refugee and immigrant families. Sponsors act as neighborhood guides—helping with first-week orientation, showing how to navigate local services and transit, and inviting newcomers to community events and social gatherings. This resident-to-resident pairing model creates social ties and supports a sense of safety, voice, and belonging in Western Pennsylvania communities.",Neighborhood Welcome & Buddy Program,Geographic Dispersion of Union Members,Jewish Family and Community Services (JFCS) Pittsburgh,"5743 Bartlett Street, Pittsburgh, PA 15217",https://www.jfcspgh.org/services/refugees-immigrants/,info@jfcspgh.org,
CommuteInfo Carpool & Vanpool Program,"CommuteInfo is the Southwestern Pennsylvania region’s ride-matching program that uses a digital platform to connect commuters into carpools and vanpools across Allegheny and surrounding counties. It supports workers with varied shift times by letting users search for matches by origin, destination, and schedule, and it maintains employer networks so coworkers who live far apart can still ride together. This directly implements the solution by coordinating shared rides for dispersed workers an...",Digital Neighbor Network & Shift Coordination App,Geographic Dispersion of Union Members,Southwestern Pennsylvania Commission (SPC),"Two Chatham Center, Suite 500, 112 Washington Place, Pittsburgh, PA 15219",https://www.commuteinfo.org,commuteinfo@spcregion.org,
CommuteInfo Employer Services,"CommuteInfo works directly with plant management and community liaisons to address commuting barriers by organizing vanpools/carpools, selecting pickup points near where workers live, and aligning service with shift times. Staff facilitate on-site employer-community meetings and sign‑up events, and help negotiate small, actionable changes such as minor shift adjustments or last‑mile shuttles that make long-distance commutes feasible for multi-county workforces.",Employer-Community Liaison Network,Geographic Dispersion of Union Members,Southwestern Pennsylvania Commission,"Two Chatham Center, Suite 500, 112 Washington Place, Pittsburgh, PA 15219",https://www.commuteinfo.org,commuteinfo@spcregion.org,
CommuteInfo Program,"CommuteInfo works directly with employers and community partners to organize carpools, vanpools, and shuttle connections for shift workers, and it convenes employer working groups to align commuting options with plant schedules. By serving as a liaison between company management, transportation providers, and residents, the program helps negotiate scheduling tweaks, shared-ride options, and location-specific pickup times, enabling practical, community-informed solutions to long-distance commu...",Employer-Community Liaison Network,Geographic Dispersion of Union Members,Southwestern Pennsylvania Commission,"112 Washington Place, Suite 500, Pittsburgh, PA 15219",https://www.commuteinfo.org,commuteinfo@spcregion.org,
CommuteInfo Rideshare and Vanpool Program,"CommuteInfo helps residents across Southwestern Pennsylvania form carpools and vanpools, provides ridematching, and identifies park-and-ride meetup points to simplify group travel. Labor and community groups can set up shared rides from dispersed neighborhoods to a central meeting hall or event, reducing cost and coordination barriers. The program offers ongoing support for vanpool formation and logistics so participants can reliably reach centralized locations while maintaining neighborhood ...",Transportation and Access Network,Union Hall Closures and Consolidation,Southwestern Pennsylvania Commission,"42 21st Street, Pittsburgh, PA 15222",https://www.commuteinfo.org,info@commuteinfo.org,
CommuteInfo Ridesharing & Vanpool Program,"CommuteInfo is the region’s official ride-matching service that helps commuters form carpools and vanpools across Western Pennsylvania, Ohio, and West Virginia. Through its website and mobile tools, it matches shift workers traveling similar routes and times, provides employer coordination, and supports park-and-ride connections. This directly implements the digital neighbor network and shift coordination component by organizing carpools and facilitating ongoing interaction among commuters wh...",Digital Neighbor Network & Shift Coordination App,Geographic Dispersion of Union Members,Southwestern Pennsylvania Commission (SPC),"112 Washington Place, Suite 500, Pittsburgh, PA 15219",https://www.commuteinfo.org,info@commuteinfo.org,
CommuteInfo Ridesharing Program,"CommuteInfo helps residents across Southwestern Pennsylvania form carpools and vanpools, matching riders and establishing convenient park-and-ride meetup points throughout the region. By coordinating shared rides and offering support like an Emergency Ride Home, the program enables people from dispersed neighborhoods to travel together to centralized workplaces, meetings, and events. Community groups and unions can use these organized ride networks to maintain attendance and presence at centr...",Transportation and Access Network,Union Hall Closures and Consolidation,Southwestern Pennsylvania Commission,"Two Chatham Center, Suite 500, 112 Washington Place, Pittsburgh, PA 15219",https://www.commuteinfo.org,commuteinfo@spcregion.org,
CommuteInfo Ridesharing Program,"CommuteInfo is a regional carpool and vanpool matching service that helps workers across Western Pennsylvania coordinate shared rides to work, including early-morning and late-night shifts. Through its website and support team, it builds small, route-based commuting groups that connect people who live in different neighborhoods, easing long commutes and fostering ongoing neighbor-to-neighbor interaction. Employer outreach, park-and-ride locations, and commuter tools make it a practical digita...",Digital Neighbor Network & Shift Coordination App,Geographic Dispersion of Union Members,Southwestern Pennsylvania Commission (SPC),"112 Washington Place, Suite 500, Pittsburgh, PA 15219",https://www.commuteinfo.org,info@commuteinfo.org,
CommuteInfo Ridesharing Program,"CommuteInfo helps residents across Southwestern Pennsylvania form carpools and vanpools, matching riders and establishing convenient park-and-ride meetup points throughout the region. By coordinating shared rides and offering support like an Emergency Ride Home, the program enables people from dispersed neighborhoods to travel together to centralized workplaces, meetings, and events. Community groups and unions can use these organized ride networks to maintain attendance and presence at centr...",Community Shuttle & Carpool Cooperative,Geographic Dispersion of Union Members,Southwestern Pennsylvania Commission,"Two Chatham Center, Suite 500, 112 Washington Place, Pittsburgh, PA 15219",https://www.commuteinfo.org,commuteinfo@spcregion.org,
CommuteInfo Vanpool & Carpool Program,"CommuteInfo matches riders into carpools and vanpools across the 10-county Southwestern Pennsylvania region and helps groups establish designated pickup points and shared routes. The program supports organizations in organizing recurring shared rides to centralized workplaces or events, offering vanpool formation assistance, cost-sharing options, and rider matching tools. Unions and community groups can leverage these pooled rides and meetup locations to bring members from dispersed neighborh...",Transportation and Access Network,Union Hall Closures and Consolidation,Southwestern Pennsylvania Commission (SPC),"112 Washington Place, Suite 500, Pittsburgh, PA 15219",https://commuteinfo.org,info@commuteinfo.org,
CommuteInfo Vanpool & Carpool Program,"CommuteInfo matches workers by home area, worksite, and shift to form carpools and vanpools across the 10-county Southwestern Pennsylvania region. Groups designate volunteer drivers and share costs for vehicles and fuel, coordinating pick-ups and drop-offs aligned with plant shift times and common commute corridors from suburbs and neighboring states. This creates a cooperative, social commute that reduces stress, lowers costs, and rebuilds daily contact among co-workers.",Community Shuttle & Carpool Cooperative,Geographic Dispersion of Union Members,Southwestern Pennsylvania Commission (SPC),"112 Washington Place, Suite 500, Pittsburgh, PA 15219",https://www.commuteinfo.org,info@commuteinfo.org,
Congress of Neighboring Communities (CONNECT),"CONNECT convenes the City of Pittsburgh and dozens of adjacent municipalities using a hybrid model: frequent Zoom-based policy working groups and trainings, plus rotating in-person pop-up meetings at municipal sites across the region. This approach builds a shared digital infrastructure for communication and decision-making while maintaining local, face-to-face convenings that strengthen neighborhood-level ties.",Hybrid Digital-Physical Hubs,Union Hall Closures and Consolidation,"University of Pittsburgh, Graduate School of Public & International Affairs (GSPIA)","230 S Bouquet Street, Pittsburgh, PA 15260",https://www.connect.pitt.edu,connect@pitt.edu,
Construction Junction,"Construction Junction is a building-reuse nonprofit that co-locates complementary social enterprises—such as Pittsburgh Center for Creative Reuse and Project RE_ (a hands-on design/build education lab in partnership with the Trade Institute of Pittsburgh)—in a single facility. The shared site attracts consistent public foot traffic for retail and education, generates rental and program revenue, and provides practical training pathways, demonstrating the benefits of placing tool/reuse/maker en...",Co-locating Social Enterprises,Union Hall Closures and Consolidation,Construction Junction,"214 N Lexington Street, Pittsburgh, PA 15208",https://www.constructionjunction.org,info@constructionjunction.org,
Conversation Practice Groups,"Literacy Pittsburgh runs rotating, volunteer-led English conversation clubs hosted in libraries, churches, schools, and community centers across Western Pennsylvania. Trained volunteer facilitators use portable lesson kits and conversation guides so groups can pop up in different neighborhoods and meet people where they are. This lowers barriers to participation and rebuilds social connection much like the former ethnic clubs once did.",Pop-up Clubs and Mobile Cultural Programming,Disappearance of Ethnic Clubs and Fraternal Lodges,Literacy Pittsburgh,"411 Seventh Avenue, Suite 525, Pittsburgh, PA 15219",https://www.literacypittsburgh.org,info@literacypittsburgh.org,
Corporate Cares Days of Service,"Pittsburgh Cares organizes teams of volunteers from companies and community groups to complete maintenance, painting, landscaping, and minor repair projects for nonprofits and community facilities. Through sponsorships and pooled resources for supplies, plus a standing volunteer roster, the program functions as a shared maintenance pool that reduces costs for facilities and ensures regular seasonal upkeep.",Shared Maintenance Pool,Union Hall Closures and Consolidation,Pittsburgh Cares,"3505 Butler Street, Pittsburgh, PA 15201",https://www.pittsburghcares.org,info@pittsburghcares.org,
Crisis Nursery (24/7 Drop-In Childcare),"Jeremiah’s Place provides short-term, emergency, and drop-in childcare 24/7 to help families cover nontraditional and changing work hours, including late-night and early-morning shift changes. Located along major transit corridors, it gives regional workers a reliable, accessible option to secure childcare at the times they enter or exit shifts, aligning with the solution’s emphasis on shift-friendly drop-in childcare access.",Pop-up Markets and Mobile Services at Shift Change,Geographic Dispersion of Union Members,Jeremiah’s Place,"6435 Frankstown Avenue, Pittsburgh, PA 15206",https://jeremiahsplace.org,info@jeremiahsplace.org,
Critical Home Repair Program,"Rebuilding Together Pittsburgh trains and coordinates volunteer crews, led by skilled staff, to complete critical home repairs and upkeep for low-income homeowners and community spaces. Volunteers learn and apply basic carpentry, minor plumbing fixes, painting, and safety upgrades, reducing contractor costs while improving the livability of neighborhoods and strengthening ties among residents and partners.",Volunteer Maintenance Corps,Union Hall Closures and Consolidation,Rebuilding Together Pittsburgh,"7800 Susquehanna Street, Pittsburgh, PA 15208",https://www.rtpittsburgh.org,info@rtpittsburgh.org,
Crossing Fences,"Crossing Fences is an intergenerational oral history initiative in which teen participants, supported by teaching artists and community volunteers, interview elder neighbors and local leaders to preserve neighborhood history. Youth are trained to record, edit, and publish audio stories and photo essays, and final pieces are shared online and in public exhibits with libraries and schools in communities across Allegheny County. The project strengthens ties across generations and captures memori...",Local Heritage Curriculum and Oral History Projects,Disappearance of Ethnic Clubs and Fraternal Lodges,"SLB Radio Productions, Inc.","10 Children's Way, Pittsburgh, PA 15212",https://www.slbradio.org/programs/crossing-fences,info@slbradio.org,
Crossing Fences,"Crossing Fences is an intergenerational oral history program from SLB Radio Productions that pairs middle- and high-school students with adult mentors and elders in their own neighborhoods to record stories about work, identity, and community. Projects are hosted in partnership with schools, libraries, and community groups; students learn interviewing, audio recording, and photo digitization to create online galleries, podcasts, and traveling exhibits. By capturing memories of shuttered ethni...",Local Heritage Curriculum and Oral History Projects,Disappearance of Ethnic Clubs and Fraternal Lodges,"SLB Radio Productions, Inc.","10 Children's Way, Suite 300, Pittsburgh, PA 15212",https://neighborhoodvoices.org/crossingfences,info@slbradio.org,
Crossing Fences,"Crossing Fences is an intergenerational oral history program in which middle- and high-school students are trained to interview neighborhood elders, including retired steelworkers and longtime members of ethnic social clubs, and produce audio stories and public exhibits. SLB provides curriculum, mentoring, and recording equipment, and partners with schools and libraries across Pittsburgh and the Mon Valley to host listening events and showcases. The project preserves community memory while st...",Local Heritage Curriculum and Oral History Projects,Disappearance of Ethnic Clubs and Fraternal Lodges,"SLB Radio Productions, Inc.","10 Children's Way, Pittsburgh, PA 15212",https://slbradio.org/crossingfences,info@slbradio.org,
Crossing Fences,"Crossing Fences pairs teen boys with adult men from their neighborhoods to create recorded oral histories, guided by media professionals who teach interviewing, audio production, and storytelling. Workshops and recording sessions happen in neutral community spaces (libraries, rec centers, and SLB’s studio), building respectful cross‑age relationships while preserving local stories of work, family, and civic life. The project strengthens civic ties by sharing these intergenerational narratives...",Intergenerational Programming Series,Loss of Multi-Purpose Community Spaces,"SLB Radio Productions, Inc.","10 Children's Way, Pittsburgh, PA 15212",https://www.slbradio.org,info@slbradio.org,
Detre Library & Archives,"The Detre Library & Archives collects, preserves, and makes accessible Western Pennsylvania’s historical records, including substantial labor and industrial collections that document unions and worker organizing. It partners with unions, community historians, and local societies to archive materials, pursue grant-funded digitization, and curate storytelling exhibits at the Heinz History Center that draw visitors and philanthropy. These partnerships channel cultural grants and public interest ...",Heritage and Archive Partnerships,Union Hall Closures and Consolidation,Senator John Heinz History Center,"1212 Smallman Street, Pittsburgh, PA 15222",https://www.heinzhistorycenter.org/detre-library-archives,library@heinzhistorycenter.org,
Detre Library & Archives,"The Detre Library & Archives at the Heinz History Center collects, preserves, and makes accessible records that document Western Pennsylvania’s industrial and labor history, including union collections and worker oral histories. It partners with unions and community organizations to develop research collections and public storytelling exhibits that interpret labor struggles and workplace culture. These collaborations leverage cultural grants and museum audiences to support preservation of his...",Heritage and Archive Partnerships,Union Hall Closures and Consolidation,Senator John Heinz History Center,"1212 Smallman Street, Pittsburgh, PA 15222",https://www.heinzhistorycenter.org/library-archives,library@heinzhistorycenter.org,
Detre Library & Archives – Labor History Collections,"The Detre Library & Archives at the Heinz History Center preserves Western Pennsylvania’s labor and industrial records, partnering with unions, locals, and community historians to archive documents, photographs, and oral histories. The History Center develops public-facing storytelling exhibits on steel and work that draw regional and national visitors, strengthening support for preserving historic buildings and collections. Staff also advise on collections care and grant opportunities, helpi...",Heritage and Archive Partnerships,Union Hall Closures and Consolidation,Senator John Heinz History Center (Historical Society of Western Pennsylvania),"1212 Smallman Street, Pittsburgh, PA 15222",https://www.heinzhistorycenter.org/collections/detre-library-archives,library@heinzhistorycenter.org,
Development Review Panel (DRP),"The Hill CDC’s Development Review Panel is a resident-led process that organizes community members to evaluate development proposals and articulate community priorities to developers and public agencies. Staff organizers conduct outreach and listening sessions to gather input, then convene structured decision-making tables that translate resident voice into binding community benefits and recommendations to city boards, demonstrating transparent and responsive governance.",Neighborhood Assemblies and Civic Nights,Loss of Multi-Purpose Community Spaces,Hill Community Development Corporation,"2015 Centre Avenue, Suite 100, Pittsburgh, PA 15219",https://www.hilldistrict.org/drp,info@hilldistrict.org,
Digital Foundry at New Kensington – Hybrid Event & Training Spaces,"The Digital Foundry offers community-accessible classrooms and event spaces outfitted with high‑speed internet and modern A/V (cameras, microphones, and large displays) to support hybrid meetings, training, and civic gatherings. By providing reliable on‑site Wi‑Fi and staff‑supported conferencing setups, the center enables local organizations and workers to participate both in person and remotely without needing to bring their own gear.",Hybrid Meeting Kits and Digital Access Points,Loss of Multi-Purpose Community Spaces,Digital Foundry at New Kensington (A Partnership of Penn State New Kensington and the Economic Growth Connection of Westmoreland),"855 5th Avenue, New Kensington, PA 15068",https://digitalfoundrynk.com,info@digitalfoundrynk.com,
Donora Historical Society & Smog Museum Oral History Project,"The Donora Historical Society & Smog Museum collects oral histories and artifacts related to the steel and zinc industries and everyday life in the Mon Valley. The Society partners with local schools, scouts, and retired volunteers to guide students in interviewing longtime residents, scanning historic photos from family albums and ethnic club archives, and mounting exhibits about Donora’s immigrant communities. These projects build bridges between generations and safeguard memories of the re...",Local Heritage Curriculum and Oral History Projects,Disappearance of Ethnic Clubs and Fraternal Lodges,Donora Historical Society and Smog Museum,"595 McKean Avenue, Donora, PA 15033",https://www.donorahistoricalsociety.org,donorahistoricalsociety@gmail.com,
"ESL, Citizenship, and Conversation Programs","Literacy Pittsburgh matches adult English learners with volunteer tutors and small conversation groups, helping newcomers gain language skills to navigate daily life and engage with neighborhood organizations. Classes and tutoring include practical orientation to local services, civic participation, and community activities, often hosted at libraries and community centers to encourage ongoing social integration.",Welcome and Newcomer Integration Network,Disappearance of Ethnic Clubs and Fraternal Lodges,Literacy Pittsburgh,"411 Seventh Avenue, Suite 550, Pittsburgh, PA 15219",https://www.literacypittsburgh.org,info@literacypittsburgh.org,
Earn-a-Bike,"Free Ride’s Earn-a-Bike program lets community members trade volunteer hours in the bike shop—helping with organizing, basic repairs, and event support—to earn a refurbished bicycle and parts. This hours-for-benefits exchange builds practical skills, strengthens reciprocity among neighbors, and keeps the community workshop and group rides running with minimal reliance on paid staff.",Timebank and Skills-Share Network,Loss of Multi-Purpose Community Spaces,Free Ride (Pittsburgh Bicycle Collective),"214 N Lexington Street, Pittsburgh, PA 15208",https://www.freeridepgh.org,info@freeridepgh.org,
Earn-a-Bike Program,"Free Ride’s Earn-a-Bike lets community members exchange volunteer hours for bicycles, parts, and shop credit, explicitly using time as the barter currency. Retirees and long-time mechanics mentor neighbors in hands-on bike repair and maintenance, while younger volunteers often support the shop’s digital tasks (inventory, communications, and social media), creating a two-way intergenerational exchange. Sessions happen in a welcoming community workshop that functions like the lodges of old—a pl...",Intergenerational Skills-Exchange Program,Disappearance of Ethnic Clubs and Fraternal Lodges,Free Ride - Recycled Bicycle Project,"214 N Lexington Street, Pittsburgh, PA 15208",https://www.freeridepgh.org,info@freeridepgh.org,
East Liberty Presbyterian Church – Building Use & Reservations,"East Liberty Presbyterian Church opens its fellowship halls, meeting rooms, and larger gathering spaces to neighborhood associations, recovery groups, voter and civic forums, and family events through a structured reservation process. As a long-standing faith institution with deep community trust, ELPC provides reliable evening and weekend access that supports civic life and multi-generational programming.","Partnerships with Unions, Churches, and Schools",Loss of Multi-Purpose Community Spaces,East Liberty Presbyterian Church,"116 S Highland Avenue, Pittsburgh, PA 15206",https://www.elpc.church,info@cathedralofhope.org,
Energy & Advanced Manufacturing Industry Partnership (E&AM IP),"The Southwest Corner Workforce Development Board coordinates a volunteer-driven industry partnership bringing together plant management, labor, community groups, and workforce agencies across Washington, Greene, and Beaver Counties. The group meets regularly to identify and act on barriers such as commuter distances, shift patterns, and on-site hiring access, leading to employer commitments like localized hiring fairs, coordinated onboarding schedules, and collaboration with transit providers...",Employer-Community Liaison Network,Geographic Dispersion of Union Members,Southwest Corner Workforce Development Board,"351 West Beau Street, Suite 300, Washington, PA 15301",https://www.southwestcornerwdb.com,,
Energy Innovation Center,"The Energy Innovation Center is a multi-tenant hub that co-locates union apprenticeship and training centers (including IBEW Local 5, IUOE Local 95, and Steamfitters Local 449) alongside social enterprises, startups, and community-serving labs. By placing training programs, small manufacturers, and mission-driven businesses under one roof, it generates steady foot traffic and shared revenue streams while creating pathways into skilled trades. This co-location model operationalizes the solutio...",Co-locating Social Enterprises,Union Hall Closures and Consolidation,Pittsburgh Gateways Corporation – Energy Innovation Center,"1435 Bedford Avenue, Pittsburgh, PA 15219",https://www.eicpittsburgh.org,info@pghgateways.org,
Energy Innovation Center,"The Energy Innovation Center redeveloped a historic trade school into a multi-tenant hub that co-locates union apprenticeship training centers with mission-driven businesses and workforce nonprofits. By leasing shared labs, classrooms, and shop space to building-trades unions alongside social enterprises and startups, it generates revenue and daily foot traffic while creating hands-on training pathways—directly aligning with the co-location model proposed for union halls.",Co-locating Social Enterprises,Union Hall Closures and Consolidation,Pittsburgh Gateways Corporation,"1435 Bedford Avenue, Pittsburgh, PA 15219",https://www.pghgateways.org,,
Energy Innovation Center,"The Energy Innovation Center co-locates multiple union apprenticeship programs (including IBEW Local 5, Operating Engineers Local 95, and Steamfitters Local 449) with social enterprises, startups, and workforce nonprofits in one facility. This mix of tenants produces rent revenue and daily activity while creating hands-on training opportunities, employer connections, and community events in a labor-integrated setting—advancing the co-location model that keeps worker development at the center.",Co-locating Social Enterprises,Union Hall Closures and Consolidation,Energy Innovation Center Institute (EICI),"1435 Bedford Avenue, Pittsburgh, PA 15219",https://www.eicpittsburgh.org,,
Energy Innovation Center,"Located in the former Connelley Trade School, the Energy Innovation Center is a multi-use facility with classrooms, labs, and large event and meeting spaces dedicated to workforce training in the building trades, energy, and technology. It leases space to nonprofits, unions, and small businesses—often with flexible terms—while hosting trainings, certifications, and community events that generate revenue and maintain an active community presence.",Multi-use Community Hubs,Union Hall Closures and Consolidation,Pittsburgh Gateways Corporation,"1435 Bedford Ave, Pittsburgh, PA 15219",https://www.eicpittsburgh.org,info@eicpittsburgh.org,
English Conversation Groups,"Volunteer facilitators with Literacy Pittsburgh lead free English Conversation Groups at libraries, schools, and community organizations throughout Allegheny County. Sessions are pop-up style and rotate by neighborhood, using portable curricula and materials that make it easy to set up welcoming language clubs in any room. The program rebuilds informal social clubs focused on culture and connection for immigrants and longtime residents alike.",Pop-up Clubs and Mobile Cultural Programming,Disappearance of Ethnic Clubs and Fraternal Lodges,Literacy Pittsburgh,"411 Seventh Avenue, Suite 525, Pittsburgh, PA 15219",https://www.literacypittsburgh.org,info@literacypittsburgh.org,
English Language Learning (ESL) & Citizenship Tutoring,"Literacy Pittsburgh pairs adult English learners with volunteer tutors and small-group classes, providing individualized language support and practical orientation to daily life, transit, libraries, and community resources. Many sites also offer conversation groups and study circles that function as newcomer socials, helping residents build local friendships and connections to civic activities while improving language skills.",Welcome and Newcomer Integration Network,Disappearance of Ethnic Clubs and Fraternal Lodges,Literacy Pittsburgh,"411 Seventh Avenue, Suite 525, Pittsburgh, PA 15219",https://www.literacypittsburgh.org,info@literacypittsburgh.org,
Erie County Public Library Bookmobile,"The Erie County Public Library Bookmobile brings library collections, Wi‑Fi, technology help, and programs to neighborhoods, senior centers, and community sites across the county. It functions as a pop-up community space where residents can access literacy activities and information services and where partner groups can hold outreach such as voter registration or community meetings, helping fill the gap left by the loss of multi-use halls.",Mobile Community Van/Trailer,Loss of Multi-Purpose Community Spaces,Erie County Public Library,"160 East Front Street, Erie, PA 16507",https://erielibrary.org/services/bookmobile/,erielibrary@eriecountypa.gov,
Erie County Public Library Bookmobile,"The Bookmobile is a library-on-wheels that brings books, technology access, and outreach programs to neighborhoods and rural stops across Erie County. By converting a bus into a mobile library and activity space, it supports community gatherings, literacy events, and access to services in places without nearby library facilities.",Mobile Community Van/Trailer,Loss of Multi-Purpose Community Spaces,Erie County Public Library,"160 East Front Street, Erie, PA 16507",https://erielibrary.org/locations/bookmobile/,library-reference@eriecountypa.gov,
Erie County Public Library Wi‑Fi Hotspots and Hybrid‑Ready Community Rooms,"Erie County Public Library lends Wi‑Fi hotspots and offers system‑wide public Wi‑Fi to reduce connectivity barriers for residents and neighborhood groups. At the Blasco Memorial Library and other locations, reservable community rooms with A/V enable hybrid meetings and events, ensuring people can participate remotely when travel or schedules prevent in‑person attendance.",Hybrid Meeting Kits and Digital Access Points,Loss of Multi-Purpose Community Spaces,Erie County Public Library,"160 East Front Street, Erie, PA 16507",https://www.erielibrary.org,,
Erie Gallery Night,"Erie Gallery Night coordinates quarterly pop-up exhibitions and performances across downtown, including in vacant or underutilized storefronts made available by property owners. These short-term activations host artist talks, book signings, and community group meetups, recreating the social, cultural, and civic mix typical of union halls. By rotating across multiple addresses, the program showcases demand for community-oriented use and helps signal viability to landlords and funders.",Pop-up Events in Vacant Spaces,Loss of Multi-Purpose Community Spaces,Erie Arts & Culture,"23 West 10th Street, Erie, PA 16501",https://erieartsandculture.org/programs/gallery-night,info@erieartsandculture.org,
Everyday Cafe,"A nonprofit neighborhood coffee shop designed as a safe, casual meeting place in Homewood, Everyday Cafe offers regular morning coffee hours, open community meetups, and periodic book and discussion groups. Staff and volunteer hosts from The Oasis Project greet patrons, share neighborhood information on in-store boards, and make introductions between residents to strengthen local ties.",Neighborhood Third-Places Program,Disappearance of Ethnic Clubs and Fraternal Lodges,The Oasis Project (Bible Center Church),"532 N Homewood Avenue, Pittsburgh, PA 15208",https://www.everydaycafe.org,,
Family Mentoring (Refugee & Immigrant Services),"JFCS recruits and trains local volunteer mentors and pairs them with newly arrived individuals and families to provide ongoing orientation to neighborhoods, transit, schools, and community resources. Mentors introduce newcomers to long-time residents, invite them to local gatherings and civic events, and help build social networks—functioning as neighborhood ambassadors that accelerate belonging.",Neighborhood Welcome & Buddy Program,Geographic Dispersion of Union Members,Jewish Family and Community Services (JFCS) Pittsburgh,"5743 Bartlett Street, Pittsburgh, PA 15217",https://www.jfcspgh.org/services/refugees-immigrants/,info@jfcspgh.org,
Family Night – Turtle Creek Family Care Connection,"UPMC Children’s Family Care Connection in Turtle Creek hosts recurring evening Family Night dinners and activities, timed so working parents and shift workers can participate right before or after their shifts. These informal, food-centered gatherings at a neighborhood community site near Mon Valley plants create space for coworkers, families, and neighbors to build relationships and share resources.",Shift-Aligned Community Events,Geographic Dispersion of Union Members,UPMC Children’s Hospital of Pittsburgh – Family Care Connection,"519 Penn Avenue, Turtle Creek, PA 15145",https://www.chp.edu/our-services/child-development/family-care-connection/locations/turtle-creek,,
Farm to Table Buy Local – Farm to Work Workplace Markets,"Farm to Table Buy Local brings pop-up farm stands and CSA pickups directly to employer campuses and industrial parks across Western Pennsylvania. Markets are scheduled to align with shift changes and early-morning/late-day hours, setting up in parking lots or lobbies so workers can shop locally on their way to or from work and socialize with coworkers and neighbors.",Pop-up Markets and Mobile Services at Shift Change,Geographic Dispersion of Union Members,American HealthCare Group,"733 Washington Road, Suite 102, Pittsburgh, PA 15228",https://farmtotablepa.com,info@american-healthcare.net,
Farmers@Work,"Farmers@Work brings pop-up farmers markets directly to employer campuses across Western Pennsylvania, setting up outdoor or lobby markets that allow staff to shop local produce and goods without leaving work. Markets are scheduled to coincide with shift changes (early morning and late afternoon/evening), and can be staged in parking lots near plant exits so commuting workers can meet up, buy groceries, and support local farms on their way in or out.",Pop-up Markets and Mobile Services at Shift Change,Geographic Dispersion of Union Members,American HealthCare Group – Farm to Table Western PA,"733 Washington Road, Suite 102, Pittsburgh, PA 15228",https://farmtotablepa.com,info@farmtotablepa.com,
Father Ryan Arts Center,"Operated by Focus On Renewal, the Father Ryan Arts Center provides a community-owned facility with theaters, studios, and rentable rooms for meetings, performances, receptions, and neighborhood programs. Nonprofit ownership and management keep these spaces affordable and available long term, maintaining a centralized venue for civic, cultural, and family events in the Sto-Rox community.",Community Land Trust for Social Spaces,Loss of Multi-Purpose Community Spaces,Focus On Renewal,"420 Chartiers Avenue, McKees Rocks, PA 15136",https://www.forstorox.org,info@forstorox.org,
Father Ryan Arts Center,"Focus On Renewal operates the Father Ryan Arts Center as a nonprofit-owned community arts and events facility with theaters, studios, galleries, and multi-purpose rooms. Spaces are rented at accessible rates for community meetings, recovery groups, youth programs, rehearsals, and family celebrations serving McKees Rocks and the Sto-Rox community. Through permanent stewardship of the property, FOR safeguards affordable, multi-functional venues that anchor civic, cultural, and family life.",Community Land Trust for Social Spaces,Loss of Multi-Purpose Community Spaces,Focus On Renewal,"420 Chartiers Avenue, McKees Rocks, PA 15136",https://www.forstorox.org/father-ryan-arts-center,info@forstorox.org,
Food Rescue Hero App,"Food Rescue Hero is a smartphone app that mobilizes thousands of Western Pennsylvania volunteers to complete short, scheduled food rescue trips between donors and community hubs. Volunteers select routes that fit before, after, or between work shifts and coordinate pickups and drop-offs through the app, strengthening neighborhood ties across municipal boundaries. This implements the solution by using a digital neighbor network to organize volunteer assistance and regular, shift-friendly oppor...",Digital Neighbor Network & Shift Coordination App,Geographic Dispersion of Union Members,412 Food Rescue,"112 Sherman Street, Millvale, PA 15209",https://www.412foodrescue.org,info@412foodrescue.org,
Food Rescue Hero Volunteer Delivery,"412 Food Rescue mobilizes thousands of volunteers via the Food Rescue Hero app to pick up surplus food and deliver it directly to community sites and households, including prepared meals from its Good Food Project kitchen. This volunteer-run, app-based matching system functions like a mutual aid network for meal delivery, increasing daily neighbor-to-neighbor support and reducing food insecurity across Western Pennsylvania.","Mutual Aid Networks, Tool Libraries, and Time Banks",Disappearance of Ethnic Clubs and Fraternal Lodges,412 Food Rescue,"112 E Sherman Street, Millvale, PA 15209",https://www.412foodrescue.org,info@412foodrescue.org,
Food Rescue Heroes (Volunteer Delivery Network),"A region-wide volunteer network that uses a simple app to match surplus food pickups with nearby volunteers who deliver directly to households and community sites. The program facilitates frequent neighbor-to-neighbor meal delivery and check-ins, building trust and practical support across communities. It operationalizes the solution’s mutual aid and meal-delivery components through easy sign-ups and real-time matching of needs and offers.","Mutual Aid Networks, Tool Libraries, and Time Banks",Disappearance of Ethnic Clubs and Fraternal Lodges,412 Food Rescue,"6140 Station Street, Pittsburgh, PA 15206",https://www.412foodrescue.org,info@412foodrescue.org,
Free Ride,"Free Ride is a volunteer-run bicycle collective where community members earn shop credit and even complete bikes by contributing hours to the shop through its Earn-a-Bike and volunteer programs. Neighbors teach and coach one another during open shop sessions, and volunteers frequently support community events with setup/teardown and mobile repair, reducing reliance on paid staff. This time-for-benefit model functions like a local timebank, building reciprocity and trust while providing practi...",Timebank and Skills-Share Network,Loss of Multi-Purpose Community Spaces,Free Ride Pittsburgh Bicycle Collective,"214 N Lexington Street, Pittsburgh, PA 15208",https://www.freeridepgh.org,info@freeridepgh.org,
Free Ride,"Free Ride is a community bike shop where neighbors trade volunteer hours for bikes, parts, shop time, and training through its Earn-a-Bike and volunteer exchange model. People contribute time by teaching repair skills, staffing open shop, organizing donations, and helping with event setup/teardown—sharing skills that directly support community functions and reduce reliance on paid staff while building trust and reciprocity.",Timebank and Skills-Share Network,Loss of Multi-Purpose Community Spaces,Pittsburgh Bicycle Collective,"214 N Lexington St, Pittsburgh, PA 15208",https://www.freeridepgh.org,info@freeridepgh.org,
Free Store 15104,"Free Store 15104 is a volunteer-run mutual aid store where community members donate new and gently used household goods, clothing, and children’s items that neighbors can take at no cost. By redistributing resources person-to-person in a welcoming, walk-in space, the program fosters frequent, supportive interactions and a culture of mutual aid in a deindustrialized Mon Valley community.","Mutual Aid Networks, Tool Libraries, and Time Banks",Disappearance of Ethnic Clubs and Fraternal Lodges,For Good PGH,"420 Braddock Avenue, Braddock, PA 15104",https://www.forgoodpgh.org,info@forgoodpgh.org,
Freedom Transit Shared Ride Program,"Freedom Transit provides door-to-door, advance-reservation shared-ride service across Washington County, grouping riders traveling in the same direction to central destinations like civic buildings, medical centers, and transit hubs. Alongside its park-and-ride lots and commuter routes, the shared-ride program gives dispersed neighborhoods practical options to meet up and travel together to centralized meetings and events. This coordinated transportation helps communities sustain participatio...",Transportation and Access Network,Union Hall Closures and Consolidation,Washington County Transportation Authority (Freedom Transit),"50 East Chestnut Street, Washington, PA 15301",https://www.freedom-transit.org,,
Freedom Transit Shared-Ride and Park & Ride Network,"Freedom Transit offers countywide shared-ride (advance-reservation) service and commuter routes with Park & Ride lots that connect small towns in Washington County to major hubs. Groups can reserve shared-ride trips or meet at Park & Ride locations to board express buses, making it practical to reach centralized meetings and events from dispersed neighborhoods. Public subsidies and discounted fares keep coordinated travel affordable while maintaining participation from multiple communities.",Transportation and Access Network,Union Hall Closures and Consolidation,Washington County Transportation Authority (Freedom Transit),"50 East Chestnut Street, Washington, PA 15301",https://www.freedom-transit.org,info@freedom-transit.org,
GROW Sto-Rox Community Small Grants,"Through the GROW Sto-Rox initiative, small grants are provided to residents and community leaders in Stowe Township and McKees Rocks to launch events and neighborhood programming. Awards can be used for venue costs, childcare, supplies, and promotion, helping people host accessible activities like cultural nights, youth sports, classes, and support meetings. The micro-grant model strengthens local gathering spaces and replaces the multi-use function once served by union and social halls.",Micro-grants for Event Organizers,Loss of Multi-Purpose Community Spaces,New Sun Rising,"112 Sherman Street, Millvale, PA 15209",https://www.newsunrising.org,info@newsunrising.org,
Gallery Crawl in the Cultural District,"The Gallery Crawl is a free, multi-venue cultural festival that fills Downtown’s Cultural District with live music, public art, dance, food vendors, and open galleries several times per year. By turning blocks of the neighborhood into a festive, walkable commons, it creates a neutral, community-centered atmosphere where residents from across the region can gather and connect. The Crawl highlights local artists and cultural heritage while fostering belonging and trust in shared public spaces.",Pop-up Events in Vacant Spaces,Loss of Multi-Purpose Community Spaces,Pittsburgh Cultural Trust,"803 Liberty Avenue, Pittsburgh, PA 15222",https://trustarts.org/crawl,info@trustarts.org,
Gallery on Centre,"Gallery on Centre uses a previously empty storefront on Centre Avenue as a flexible pop-up venue for rotating vendor markets, financial empowerment workshops, art shows, and neighborhood meetings. The space serves as a multi-functional community hub—similar to historic union halls—while proving the viability of the Hill District business corridor to prospective tenants and investors.",Pop-up Events in Vacant Spaces,Loss of Multi-Purpose Community Spaces,Hill Community Development Corporation (Hill CDC),"1840 Centre Avenue, Pittsburgh, PA 15219",https://www.hilldistrict.org/gallery-on-centre,info@hilldistrict.org,
Gallery on Penn,"A formerly vacant East Liberty storefront is programmed as a rotating pop-up marketplace and shared event space for makers, neighborhood groups, and community workshops. The short-term residencies and public events function like a modern union hall—hosting gatherings, classes, and small celebrations—while proving demand and helping vendors and partners secure longer-term space in the corridor.",Pop-up Events in Vacant Spaces,Loss of Multi-Purpose Community Spaces,Bridgeway Capital – Creative Business Accelerator,"5935 Penn Avenue, Pittsburgh, PA 15206",https://www.bridgewaycapital.org/creative-business-accelerator/gallery-on-penn/,info@bridgewaycapital.org,
Gallery on Penn,"Gallery on Penn activates a formerly vacant storefront along the Penn Avenue corridor with a rotating schedule of pop-up retail, workshops, and community meet-ups for emerging entrepreneurs. By providing short-term, low-cost space and programming, it recreates union-hall-like functions—places for gatherings, registrations, and clubs—while demonstrating customer demand to landlords and funders and helping vendors transition to permanent leases.",Pop-up Events in Vacant Spaces,Loss of Multi-Purpose Community Spaces,Catapult Greater Pittsburgh,"5935 Penn Avenue, Pittsburgh, PA 15206",https://catapultpittsburgh.org,info@catapultpittsburgh.org,
Garden Resource Center,"Grow Pittsburgh’s Garden Resource Center provides a lending library of tools and materials (wheelbarrows, shovels, event canopies, and more) plus peer learning that neighbors use for community gardens, block events, and mutual aid projects. Volunteer-powered operations and shared resources enable residents to contribute time and skills to collective projects, reinforcing reciprocity and reducing dependence on paid staff.",Timebank and Skills-Share Network,Loss of Multi-Purpose Community Spaces,Grow Pittsburgh,"147 Putnam Street, Pittsburgh, PA 15206",https://www.growpittsburgh.org/garden-resource-center/,info@growpittsburgh.org,
Garfield–Friendship Development Activities Meetings & Community Forums,"BGC organizes regular community forums and official Development Activities Meetings that bring residents together to set local priorities, review proposed projects, and question representatives from city departments and developers. By convening in neighborhood spaces and inviting broad participation, these civic nights function as neighborhood assemblies that empower residents to influence outcomes and track accountability over time.",Neighborhood Assemblies and Civic Nights,Loss of Multi-Purpose Community Spaces,Bloomfield-Garfield Corporation,"5321 Penn Avenue, Pittsburgh, PA 15224",https://bloomfield-garfield.org,info@bloomfield-garfield.org,
Greater Hazelwood Neighborhood Plan: Mobility & Connectivity Projects,"Hazelwood Initiative partners with residents, artists, and local businesses to implement plan priorities such as wayfinding, lighting, bus shelter upgrades, and streetscape improvements along Second Avenue and routes connecting the neighborhood to Hazelwood Green (the former steel mill site). These projects activate sidewalks with public art and amenities, making the path between workplaces and homes safer and more welcoming to foster spontaneous social interaction.",Place-making & Welcome Corridor near Plants,Geographic Dispersion of Union Members,"Hazelwood Initiative, Inc.","4901 Second Avenue, Pittsburgh, PA 15207",https://www.hazelwoodinitiative.org,info@hazelwoodinitiative.org,
Greenspace Ambassador Program,"Grounded Strategies’ Greenspace Ambassador Program equips residents to transform vacant or underused lots along key walking routes in post-industrial neighborhoods into welcoming public spaces. Ambassadors, supported by Grounded staff, volunteers, and business partners, add seating, paths, native plantings, murals, and community-designed signage—often along corridors that connect homes to current or former plant sites in places like Hazelwood, North Braddock, and McKees Rocks. By upgrading th...",Place-making & Welcome Corridor near Plants,Geographic Dispersion of Union Members,Grounded Strategies,"6587 Hamilton Avenue, Suite 2W, Pittsburgh, PA 15206",https://groundedpgh.org,info@groundedpgh.org,
Greenspace Stewardship Program,"Grounded Strategies trains and equips residents to form small stewardship teams that adopt problem vacant lots and turn them into community assets through clean-ups, plantings, and pocket parks. The program emphasizes short-term, achievable projects and provides tools, materials, and coaching, creating quick, visible improvements that draw in more volunteers. By organizing around specific, tangible spaces, these working groups rebuild neighborhood networks and lay the foundation for active ci...",Revitalize Civic Associations through Issue-Based Working Groups,Disappearance of Ethnic Clubs and Fraternal Lodges,Grounded Strategies,"6587 Hamilton Avenue, Pittsburgh, PA 15206",https://groundedpgh.org,info@groundedpgh.org,
Grounded Ambassadors Program,"Grounded trains and supports neighborhood Ambassadors to organize small working groups that tackle tangible issues such as vacant lot activation, park improvements, and community greening. Ambassadors use practical, short-term projects with visible results to recruit volunteers and rebuild local civic capacity, often serving as a springboard for new or revitalized block clubs and associations. The program supplies tools, mini-grants, and outreach support to sustain momentum.",Revitalize Civic Associations through Issue-Based Working Groups,Disappearance of Ethnic Clubs and Fraternal Lodges,Grounded Strategies,"6587 Hamilton Avenue, Suite 2W, Pittsburgh, PA 15206",https://groundedpgh.org,info@groundedpgh.org,
Grounded Strategies,"Grounded Strategies partners with residents to form small stewardship teams around vacant lots and green spaces in neighborhoods across Western Pennsylvania. Through door-to-door canvassing and micro-grants, they recruit neighbors for short, hands-on projects—cleanups, plantings, and pocket parks—that deliver visible wins and momentum. These issue-based working groups often evolve into or strengthen existing block clubs and neighborhood associations.",Revitalize Civic Associations through Issue-Based Working Groups,Disappearance of Ethnic Clubs and Fraternal Lodges,Grounded Strategies,"6587 Hamilton Avenue, Suite 2W, Pittsburgh, PA 15206",https://groundedpgh.org,info@groundedpgh.org,
HackPGH Makerspace,"HackPGH is a member-run makerspace where community members pay monthly dues for access and collectively govern the organization. In addition to dues, it sustains the facility through classes, events, and occasional rentals, while members volunteer for maintenance, shop management, and improvements. The model mirrors a cooperative community hall: shared ownership culture, member governance, and fee/rental income covering ongoing upkeep.",Community Cooperative Ownership,Union Hall Closures and Consolidation,"HackPGH, Inc.","1936 Fifth Avenue, Pittsburgh, PA 15219",https://www.hackpgh.org,info@hackpgh.org,
Hello Neighbor – Community Support & Volunteer Network,"Hello Neighbor uses an online volunteer management system to match community volunteers with refugee and immigrant families for ride assistance, errands, and support—often coordinated around work and school schedules. The organization runs digital sign-ups, messaging, and event listings that connect people from different neighborhoods, creating an ongoing online hub for interaction and mutual aid. This coordinated, app-supported network strengthens social ties and helps commuters and resident...",Digital Neighbor Network & Shift Coordination App,Geographic Dispersion of Union Members,Hello Neighbor,"211 N Whitfield Street, Suite 200, Pittsburgh, PA 15206",https://www.helloneighbor.us,info@helloneighbor.us,
Heritage Community Transportation,"Heritage Community Transportation operates low-cost fixed-route shuttles across Mon Valley communities like Braddock, Rankin, Duquesne, McKeesport, and North Versailles, linking neighborhoods to central hubs. Riders use neighborhood stops as meetup points and travel together to workplaces, services, and community events. Community and labor groups can coordinate members to board at shared stops and use published timetables to reach centralized meetings, implementing a practical shared-ride an...",Transportation and Access Network,Union Hall Closures and Consolidation,Heritage Community Initiatives,"820 Braddock Avenue, Braddock, PA 15104",https://www.heritageserves.org,info@heritageserves.org,
Heritage Community Transportation,"Heritage Community Transportation operates low-cost fixed-route shuttles throughout the Mon Valley, linking transit-poor neighborhoods with key hubs, job centers, and community destinations. Its designated stops function as convenient meetup points, enabling groups to board together and ride to centralized venues for meetings and events. The service is subsidized by public and private partners, making coordinated access affordable for residents spread across multiple communities.",Transportation and Access Network,Union Hall Closures and Consolidation,Heritage Community Initiatives,"820 Braddock Avenue, Braddock, PA 15104",https://www.heritageserves.org/transportation,info@heritageserves.org,
Heritage Community Transportation,"Heritage Community Transportation operates affordable fixed-route shuttles across Mon Valley communities, linking neighborhoods such as Braddock, Rankin, and Turtle Creek to job centers, shopping districts, and training sites. Routes are designed to connect with regional transit (Pittsburgh Regional Transit) and employment hubs, improving access for residents without cars.",Community Shuttle & Carpool Cooperative,Geographic Dispersion of Union Members,Heritage Community Initiatives,"820 Braddock Avenue, Braddock, PA 15104",https://www.heritageserves.org/transportation/,info@heritageserves.org,
Heritage Community Transportation – WorkLink,"WorkLink provides community shuttle service in the Mon Valley with routes and timetables built around major employers’ shift changes, linking boroughs like Braddock, Rankin, and surrounding communities to job sites and industrial parks. The service uses pooled public and employer support to keep fares low, offers designated neighborhood stops, and gives riders a shared, predictable commute that builds social connection and reduces the isolation and stress of long-distance driving.",Community Shuttle & Carpool Cooperative,Geographic Dispersion of Union Members,Heritage Community Initiatives,"820 Braddock Avenue, Braddock, PA 15104",https://www.heritageserves.org/transportation,info@heritageserves.org,
Heritage Craft Workshops,"Rivers of Steel’s Heritage Craft Workshops offer recurring, hands-on classes in blacksmithing, metal casting, printmaking, and related skills at historic industrial sites like the Carrie Blast Furnaces and the Pump House. Participants range from teens to retirees, learning side-by-side from craftspersons while sharing stories about regional labor and community heritage. By reusing significant community spaces for skill nights and cultural exchange, the program rebuilds the intergenerational ‘...",Intergenerational Programming Series,Loss of Multi-Purpose Community Spaces,Rivers of Steel Heritage Corporation,"623 East 8th Avenue, Homestead, PA 15120",https://riversofsteel.com,info@riversofsteel.com,
Heritage Craft Workshops & Hammer-In Festival,"Rivers of Steel runs peer-led blacksmithing, metal-casting, and other heritage craft workshops at historic industrial sites, and convenes the annual Hammer-In at the W.A. Young & Sons Foundry where veteran tradespeople demonstrate techniques and mentor newcomers. These evening and weekend sessions function as worker-to-worker skill-sharing events that reconnect current and former mill and trades workers across generations in community spaces tied to steel heritage.",Worker-to-Worker Mentorship & Skills Nights,Geographic Dispersion of Union Members,Rivers of Steel,"623 East 8th Avenue, Homestead, PA 15120",https://riversofsteel.com,info@riversofsteel.com,
Heritage Discovery Center – Iron & Steel Gallery,"Operated by the Johnstown Area Heritage Association, the Heritage Discovery Center’s Iron & Steel Gallery uses immersive exhibits and oral histories to tell the stories of steelworkers, unions, and immigrant communities in Western Pennsylvania. JAHA partners with local historians and former workers to collect and archive union-related materials and regularly secures cultural grants to sustain exhibitions and preserve its historic facilities. These storytelling experiences attract visitors and...",Heritage and Archive Partnerships,Union Hall Closures and Consolidation,Johnstown Area Heritage Association,"201 6th Avenue, Johnstown, PA 15906",https://www.jaha.org/attractions/heritage-discovery-center/,info@jaha.org,
Heritage Discovery Center – Johnstown: A City of Steel,"JAHA’s Heritage Discovery Center features the permanent exhibit “Johnstown: A City of Steel,” which interprets the region’s steelmaking and labor history through immersive storytelling and artifacts. JAHA works with local unions, historians, and archives to collect and preserve materials, frequently leveraging state and federal cultural grants to expand exhibitions and conserve historic buildings it operates. The exhibits attract visitors whose interest and support help sustain preservation o...",Heritage and Archive Partnerships,Union Hall Closures and Consolidation,Johnstown Area Heritage Association,"201 6th Avenue, Johnstown, PA 15906",https://www.jaha.org,info@jaha.org,
Heritage Valley Health System Mobile Mammography,"Heritage Valley operates a mobile mammography coach that visits employer sites, community hubs, and neighborhood events throughout Beaver and surrounding counties. By outfitting a vehicle as a diagnostic suite, the program brings essential screening services to residents where they live and gather, addressing access gaps in local health infrastructure.",Mobile Community Van/Trailer,Loss of Multi-Purpose Community Spaces,Heritage Valley Health System,"1000 Dutch Ridge Road, Beaver, PA 15009",https://www.heritagevalley.org/services/mobile-mammography/,,
Hill District Development Review Panel (DRP) & Community Meetings,"The Hill CDC convenes the Hill District’s Development Review Panel and regular community meetings where residents evaluate development proposals, set neighborhood priorities, and question public agencies and developers before projects advance. Meetings are held in accessible community venues and provide structured time for resident feedback, voting, and accountability follow‑up, directly aligning with rotating neighborhood assemblies that vet public projects and give residents voice in decisi...",Neighborhood Assemblies and Civic Nights,Loss of Multi-Purpose Community Spaces,Hill Community Development Corporation,"2021 Centre Avenue, Suite 206, Pittsburgh, PA 15219",https://www.hilldistrict.org,info@hilldistrict.org,
Hilltop Neighborhood Forums & Development Activities Meetings,"Hilltop Alliance convenes regular neighborhood forums across Allentown, Beltzhoover, Knoxville, and surrounding communities where residents identify priorities, question city departments and police, and review proposed projects through DAMs. Meetings are held in shared community spaces across the Hilltop and online to keep access equitable and encourage broad participation. The forums create a consistent structure for residents to set agendas, vet proposals, and hold agencies and developers a...",Neighborhood Assemblies and Civic Nights,Loss of Multi-Purpose Community Spaces,Hilltop Alliance,"831 East Warrington Avenue, Pittsburgh, PA 15210",https://www.pghhilltopalliance.org,info@pghhilltopalliance.org,
Hilltop Urban Farm,"Hilltop Urban Farm operates a 23-acre community farm and education center that runs seasonal community meals, harvest festivals, and ongoing youth and adult agriculture programs. Its workshops and mentoring connect older growers with young people to share practical skills in gardening and food preparation, using shared farm facilities as a multipurpose gathering place that strengthens neighborhood ties across generations.",Intergenerational Programming Series,Loss of Multi-Purpose Community Spaces,Hilltop Urban Farm,"700 Cresswell Street, Pittsburgh, PA 15210",https://hilltopurbanfarm.org,info@hilltopurbanfarm.org,
Home Delivery Program,SHIM’s Home Delivery Program recruits and schedules volunteers to deliver pantry groceries directly to homebound households in the South Hills. This neighbor-powered meal delivery network builds trust and regular contact between volunteers and recipients while ensuring practical support for those who cannot travel.,"Mutual Aid Networks, Tool Libraries, and Time Banks",Disappearance of Ethnic Clubs and Fraternal Lodges,South Hills Interfaith Movement (SHIM),"5301 Park Avenue, Bethel Park, PA 15102",https://shimcares.org,info@shimcares.org,
Home Improvement Reimbursement Grant Program (ADU-supportive),"Our West Bayfront offers homeowner micro-grants that can be applied to eligible improvement costs associated with creating or preparing for an ADU—such as utility upgrades, accessibility features, or site work—where local zoning permits. The organization also hosts homeowner education sessions and connects residents to city planning resources, helping neighbors add small units that provide affordable housing near Erie’s job centers and campuses.",Accessory Dwelling Unit (ADU) & Tiny Home Support,Geographic Dispersion of Union Members,Our West Bayfront,"404 West 8th Street, Erie, PA 16502",https://www.ourwestbayfront.org,info@ourwestbayfront.org,
Home Repair & Weatherization Program,"Rebuilding Together Pittsburgh mobilizes volunteers and skilled trades to perform energy audits and install cost-saving retrofits such as air sealing, insulation, LED lighting, and efficient heating equipment. Projects are funded through philanthropic grants, corporate sponsorships, and community fundraisers, enabling low- and no-cost upgrades. In addition to owner-occupied homes, RTP completes improvements in community spaces, providing a volunteer-driven model that can help neighborhood hal...",Energy Efficiency Retrofits,Union Hall Closures and Consolidation,Rebuilding Together Pittsburgh,"7800 Susquehanna Street, Pittsburgh, PA 15208",https://www.rtpittsburgh.org,info@rtpittsburgh.org,
Home Repair Program,"The Pittsburgh Project mobilizes youth and adult volunteers to perform essential home maintenance for vulnerable neighbors, especially seniors. Under staff supervision, volunteers receive training in tasks such as carpentry, minor plumbing, painting, and deep cleaning, providing regular upkeep that reduces reliance on paid contractors while building sustainable relationships between volunteers and community members.",Volunteer Maintenance Corps,Union Hall Closures and Consolidation,The Pittsburgh Project,"2801 North Charles Street, Pittsburgh, PA 15214",https://www.pittsburghproject.org,info@pittsburghproject.org,
Homeowner Services,"The Pittsburgh Project’s Homeowner Services program mobilizes and trains youth and adult volunteers, supervised by professional staff, to provide free repairs and maintenance for vulnerable homeowners on Pittsburgh’s North Side. Crews handle basic carpentry, painting, minor plumbing, weatherization, and seasonal cleaning, delivering the kind of routine upkeep that reduces reliance on costly contractors. The volunteer model fosters lasting relationships between residents and volunteers, reinfo...",Volunteer Maintenance Corps,Union Hall Closures and Consolidation,The Pittsburgh Project,"2801 North Charles Street, Pittsburgh, PA 15214",https://www.pittsburghproject.org,info@pittsburghproject.org,
Homewood Community Calendar & Block Captain Communications,"Operation Better Block coordinates a Homewood community calendar that publicizes block watch meetings, classes, and neighborhood events via its website, email blasts, and printed flyers. A network of volunteer block captains updates listings from their streets and uses phone trees to remind neighbors of meetings; printed copies are distributed at churches, senior buildings, and businesses for residents with limited internet. Staff help groups reserve space at local facilities and keep informa...",Community Calendar and Communication Network,Disappearance of Ethnic Clubs and Fraternal Lodges,"Operation Better Block, Inc.","801 North Homewood Avenue, Pittsburgh, PA 15208",https://www.obbinc.org,info@obbinc.org,
Homewood Community Engagement Center,"The University of Pittsburgh’s Homewood CEC operates Zoom-enabled classrooms and collaboration spaces, provides Wi‑Fi and device access, and supports neighborhood groups with video conferencing equipment and technical assistance. It maintains an online events calendar and mailing lists to coordinate activity, and regularly hosts hybrid meetings, community conversations, and pop-up resource fairs in Homewood and nearby East End neighborhoods—combining ongoing digital connection with periodic, ...",Hybrid Digital-Physical Hubs,Union Hall Closures and Consolidation,University of Pittsburgh Office of Engagement,"622 N Homewood Avenue, Pittsburgh, PA 15208",https://cec.pitt.edu/locations/homewood,engagement@pitt.edu,
Hosanna House,"Hosanna House owns and operates a multi-building community campus that includes a ballroom, gym, pool, classrooms, and meeting rooms in Wilkinsburg. It makes these spaces available at community-friendly rates for weddings, health clinics, workforce training, civic meetings, and cultural events, integrating social services with accessible gathering space. Long-term nonprofit ownership and reinvestment ensure the permanent availability of affordable, multi-use halls and meeting spaces for local...",Community Land Trust for Social Spaces,Loss of Multi-Purpose Community Spaces,"Hosanna House, Inc.","807 Wallace Avenue, Wilkinsburg, PA 15221",https://www.hosannahouse.org,info@hosannahouse.org,
Hosanna House Community Facilities,"Hosanna House, a faith-based community organization, operates multiple facilities that include meeting rooms, event halls, and gyms available for community and partner use outside of regular business hours. Through agreements with schools, health providers, churches, and local groups, they host family celebrations, workforce trainings, health clinics, and civic meetings in trusted spaces. This approach mirrors the role of former union and ethnic halls by providing stable, multi-purpose venues...","Partnerships with Unions, Churches, and Schools",Loss of Multi-Purpose Community Spaces,"Hosanna House, Inc.","807 Wallace Avenue, Wilkinsburg, PA 15221",https://hosannahouse.org,info@hosannahouse.org,
Hosanna Industries – Community Projects & Volunteer Repair,"Hosanna Industries mobilizes skilled staff and volunteer crews to perform essential repairs, exterior improvements, and seasonal maintenance for low-income homeowners and community-serving nonprofits across Western Pennsylvania. Funded by donations, grants, and in-kind support, their work creates a practical shared maintenance resource that organizations can access without bearing full market costs. This pooled funding and labor approach keeps buildings safe, functional, and affordable to mai...",Shared Maintenance Pool,Union Hall Closures and Consolidation,"Hosanna Industries, Inc.","3930 Dickey Road, Gibsonia, PA 15044",https://hosannaindustries.org,info@hosannaindustries.org,
Hospitality & Community Host Volunteers,"City of Asylum’s Hospitality & Community Host Volunteers program pairs Pittsburghers with newly arrived writers and artists in exile living on the Northside. Volunteers provide neighborhood orientation, introductions to neighbors and institutions, and invite participants to local cultural gatherings and everyday social life. This buddy-style approach helps newcomers quickly feel at home and connected within the surrounding community.",Neighborhood Welcome & Buddy Program,Geographic Dispersion of Union Members,City of Asylum Pittsburgh,"40 W. North Avenue, Pittsburgh, PA 15212",https://www.cityofasylum.org/volunteer,info@cityofasylum.org,
Hot Wheels: Mobile Glassblowing Studio,"Pittsburgh Glass Center’s Hot Wheels is a traveling glassblowing studio that sets up at schools, church lots, libraries, and neighborhood festivals, transforming them into temporary arts hubs. Their mobile furnace, tools, and educators deliver live demos and hands-on activities, enabling rotating, place-based cultural programming that communities can access right where they are.",Pop-up Clubs and Mobile Cultural Programming,Disappearance of Ethnic Clubs and Fraternal Lodges,Pittsburgh Glass Center,"5472 Penn Avenue, Pittsburgh, PA 15206",https://www.pittsburghglasscenter.org,info@pittsburghglasscenter.org,
Housing Opportunity Fund – ADU Pilot Program,"The Urban Redevelopment Authority of Pittsburgh’s Housing Opportunity Fund operates an Accessory Dwelling Unit (ADU) pilot that helps homeowners finance and navigate the creation of ADUs for caregivers, family members, or affordable renters. The program pairs funding with technical assistance and public information sessions so residents can add internal or detached units, expanding affordable, nearby housing options for local workers and interns.",Accessory Dwelling Unit (ADU) & Tiny Home Support,Geographic Dispersion of Union Members,Urban Redevelopment Authority of Pittsburgh (URA),"412 Boulevard of the Allies, Suite 901, Pittsburgh, PA 15219",https://www.ura.org,hof@ura.org,
Housing Opportunity Fund – Community Land Trust & For-Sale Development Support,"The URA’s Housing Opportunity Fund provides capital to community land trusts and mission-driven developers to acquire, rehabilitate, and construct permanently affordable homes in Pittsburgh neighborhoods, including former mill communities. By financing CLT models that use resale restrictions and long-term ground leases, the program stewards affordability near job sites, helping working families reestablish residency and stability in Western Pennsylvania’s deindustrialized communities.",Community Land Trust for Workforce Housing,Geographic Dispersion of Union Members,Urban Redevelopment Authority of Pittsburgh,"412 Boulevard of the Allies, Suite 901, Pittsburgh, PA 15219",https://www.ura.org/pages/housing-opportunity-fund,info@ura.org,
Immigrant Services & Connections (ISAC) – SHIM,"Through ISAC, SHIM pairs new immigrant families in the South Hills with trained navigators and volunteer community mentors who provide one-on-one guidance to neighborhood resources, schools, transit, and local clubs. They offer language access, help prepare personalized orientation materials, and host recurring newcomer gatherings and conversation groups that build social connections and trust with long-time residents.",Welcome and Newcomer Integration Network,Disappearance of Ethnic Clubs and Fraternal Lodges,South Hills Interfaith Movement (SHIM),"5301 Park Avenue, Bethel Park, PA 15102",https://shimcares.org,info@shimcares.org,
Immigrant Services and Connections (ISAC),"ISAC is a countywide navigation and referral network that helps immigrants and refugees get oriented to life in Allegheny County. Community-based navigators provide in-language assistance, distribute orientation information about services, transit, schools, and clubs, and connect newcomers to neighborhood activities and civic associations. The program also engages volunteers and partner sites to host welcome workshops and social gatherings that help residents build neighbor-to-neighbor ties.",Welcome and Newcomer Integration Network,Disappearance of Ethnic Clubs and Fraternal Lodges,Jewish Family and Community Services (JFCS) of Pittsburgh (Lead Agency),"5743 Bartlett Street, Pittsburgh, PA 15217",https://isacpittsburgh.org,isac@jfcspgh.org,
Industrial Heartlands Trails Coalition (Western PA projects),"The Pennsylvania Environmental Council convenes partners and mobilizes volunteers to build and enhance trail and riverfront corridors through Western Pennsylvania’s historic industrial valleys. Through stewardship days and public–private collaborations, PEC adds wayfinding, seating, signage, and art along trails that connect neighborhoods to mills and riverfront workplaces, transforming these routes into safe, attractive places for everyday encounters.",Place-making & Welcome Corridor near Plants,Geographic Dispersion of Union Members,Pennsylvania Environmental Council,"810 River Avenue, Suite 101, Pittsburgh, PA 15212",https://pecpa.org,pec@pecpa.org,
International Institute of Erie (Refugee Resettlement & Integration),"USCRI’s International Institute of Erie welcomes refugee newcomers with a comprehensive reception and placement program, including cultural orientation, service navigation, and English language referrals. The office engages community volunteers and co-sponsor groups that act as neighbor teams, hosting welcome activities, helping with transportation and school enrollment, and mentoring families into local clubs, churches, and civic associations.",Welcome and Newcomer Integration Network,Disappearance of Ethnic Clubs and Fraternal Lodges,U.S. Committee for Refugees and Immigrants (USCRI) – International Institute of Erie,"517 East 26th Street, Erie, PA 16504",https://refugees.org/field-office/erie/,,
Introduction to the Construction Trades (MC3) Pre-Apprenticeship,"Hosted at the Energy Innovation Center and delivered in partnership with the Pittsburgh Regional Building Trades, this program prepares local residents for direct entry into union apprenticeship programs. It coordinates with trade unions and regional contractors to prioritize neighborhood-based hiring, offering place-based training, industry-recognized credentials, and job placement that anchor workers in their communities and expand peer networks on the job.",Local Hiring & Apprenticeship Partnership,Geographic Dispersion of Union Members,Energy Innovation Center Institute (in partnership with the Pittsburgh Regional Building Trades Council),"1435 Bedford Avenue, Pittsburgh, PA 15219",https://www.eicpittsburgh.org,info@eicpittsburgh.org,
Italian American Program,"The Italian American Program at the Heinz History Center documents and shares the history of Italian immigrants and their descendants in Western Pennsylvania through oral histories, community-sourced photographs, and exhibits. Staff and volunteers collaborate with schools, parishes, and former social clubs to train students to interview elders, digitize family and club memorabilia, and curate displays for the museum and neighborhood venues. This work preserves the legacy of ethnic association...",Local Heritage Curriculum and Oral History Projects,Disappearance of Ethnic Clubs and Fraternal Lodges,Senator John Heinz History Center,"1212 Smallman Street, Pittsburgh, PA 15222",https://www.heinzhistorycenter.org/italian-american-program,info@heinzhistorycenter.org,
Italian American Program,"The Italian American Program documents and shares the histories of Italian American families and ethnic clubs in Western Pennsylvania through oral history interviews, community scanning days, and rotating exhibitions. The History Center’s educators collaborate with teachers and volunteers to help students collect family and neighborhood stories, digitize photos and club memorabilia (e.g., Sons of Italy lodges), and curate classroom or public displays. Recordings and digitized materials are pr...",Local Heritage Curriculum and Oral History Projects,Disappearance of Ethnic Clubs and Fraternal Lodges,Senator John Heinz History Center (Historical Society of Western Pennsylvania),"1212 Smallman Street, Pittsburgh, PA 15222",https://www.heinzhistorycenter.org/italian-american-program,info@heinzhistorycenter.org,
JCC Pittsburgh Fitness & Wellness,"The JCC’s Fitness & Wellness Centers offer extended hours, locker rooms with showers, and multiple lounge and gathering areas open to members. Early-morning and late-evening schedules make it practical for shift workers to exercise, clean up, and socialize before or after work. As a community center open to all, it provides a reliable shared space that bridges neighborhoods and commuting patterns across the region.",Shared Public Spaces & Shift-Friendly Amenities,Geographic Dispersion of Union Members,Jewish Community Center of Greater Pittsburgh,"5738 Forbes Avenue, Pittsburgh, PA 15217",https://jccpgh.org/wellness/,membership@jccpgh.org,
JCC Squirrel Hill – Fitness & Community Spaces,"The Jewish Community Center in Squirrel Hill operates with extended early-morning and evening hours and provides showers, lockers, lounges, and multipurpose rooms that function as welcoming third spaces. By scheduling programs across the day and late into the evening, it enables shift workers and commuters from across the region to clean up, store belongings, and connect with others in a shared, well-resourced community setting.",Shared Public Spaces & Shift-Friendly Amenities,Geographic Dispersion of Union Members,Jewish Community Center of Greater Pittsburgh,"5738 Forbes Avenue, Pittsburgh, PA 15217",https://jccpgh.org,info@jccpgh.org,
JCC of Greater Pittsburgh – Community & Event Spaces,"The Jewish Community Center of Greater Pittsburgh provides meeting rooms, classrooms, and event spaces that community groups and partner organizations can reserve for evening and weekend programs. As a faith community institution with longstanding neighborhood trust, the JCC hosts civic forums, trainings, blood drives, support groups, and family events through formal space-use agreements. This creates a reliable, multi-functional venue that fills the gap left by former union and ethnic halls.","Partnerships with Unions, Churches, and Schools",Loss of Multi-Purpose Community Spaces,Jewish Community Center of Greater Pittsburgh,"5738 Forbes Avenue, Pittsburgh, PA 15217",https://jccpgh.org,info@jccpgh.org,
JCC of Greater Pittsburgh – Squirrel Hill Fitness & Wellness,"The JCC provides extended operating hours, locker rooms, showers, and multiple lounges and gathering areas that accommodate early or late shift workers. As an inclusive neighborhood hub with fitness, wellness, and community programming, it functions as a third space where dispersed workers can maintain routines, meet others, and participate in community life.",Shared Public Spaces & Shift-Friendly Amenities,Geographic Dispersion of Union Members,Jewish Community Center of Greater Pittsburgh,"5738 Forbes Avenue, Pittsburgh, PA 15217",https://jccpgh.org,info@jccpgh.org,
JFCS Refugee & Immigrant Services,"JFCS organizes volunteer welcome and co-sponsorship teams that greet newly arrived families, set up homes, assemble orientation packets to local services, schools, transit, and clubs, and mentor newcomers for several months. The program delivers cultural orientation, connects residents to civic associations, and coordinates language access and ESL referrals so neighbors can integrate and participate in community life.",Welcome and Newcomer Integration Network,Disappearance of Ethnic Clubs and Fraternal Lodges,Jewish Family and Community Services of Pittsburgh (JFCS),"5743 Bartlett Street, Pittsburgh, PA 15217",https://www.jfcspgh.org/services/refugee-immigrant-services/,info@jfcspgh.org,
JavorFest,"JavorFest is the Croatian National Hall Javor’s annual neighborhood heritage festival featuring tamburitza music, kolo dance lessons, traditional foods, and demonstrations by local artisans and cultural instructors. Organized by a volunteer-run club that has long served as a community anchor on Pittsburgh’s North Side, the festival fosters intergenerational exchange and cross-community participation—directly supporting the rotating calendar of ethnic celebrations envisioned in the solution.",Annual and Seasonal Heritage Festivals,Disappearance of Ethnic Clubs and Fraternal Lodges,Croatian National Hall Javor,"805 East Street, Pittsburgh, PA 15212",https://www.javorpgh.org,info@javorpgh.org,
Jeremiah’s Place Crisis Nursery & Respite Care,"Jeremiah’s Place provides 24/7 short-term, drop-in childcare to support families who work nontraditional hours or face unexpected overtime. By offering safe, immediate care overnight and on weekends, it enables industrial and healthcare workers to cover early-morning and late-night shift changes, aligning with the solution’s call for accessible, around-the-clock childcare services.",Pop-up Markets and Mobile Services at Shift Change,Geographic Dispersion of Union Members,Jeremiah’s Place,"6435 Frankstown Avenue, Pittsburgh, PA 15206",https://jeremiahsplace.org,info@jeremiahsplace.org,
Job & Career Education Center (JCEC),"The Job & Career Education Center at Carnegie Library of Pittsburgh provides ongoing job search assistance, resume help, and employer/apprenticeship information sessions for adults. The library co-hosts WorkLaunch workshops, career fairs, and PA CareerLink pop-up services in branch locations, bringing workforce programming directly into neighborhood libraries. This shared approach keeps public spaces active and demonstrates community value while connecting residents to training and apprentice...",Shared Programming with Schools and Libraries,Union Hall Closures and Consolidation,Carnegie Library of Pittsburgh,"4400 Forbes Avenue, Pittsburgh, PA 15213",https://www.carnegielibrary.org/services/job-career/,info@carnegielibrary.org,
KST Volunteer Ushers,"Kelly Strayhorn Theater’s volunteer ushers and front-of-house team are trained to greet and seat audiences, manage will-call and crowd flow, and implement safety and accessibility protocols during a wide range of community and partner-presented events. By providing consistent volunteer stewards across performances and rentals at both the theater and studios, the program builds relationships with neighborhood audiences and ensures the venue runs smoothly for many different users.",Volunteer Venue Stewards Program,Loss of Multi-Purpose Community Spaces,Kelly Strayhorn Theater,"5941 Penn Avenue, Pittsburgh, PA 15206",https://kelly-strayhorn.org,info@kelly-strayhorn.org,
Kingsley Family Center,"The Kingsley Family Center provides recurring family nights, parent–child activities, senior engagement, and community meals that welcome neighbors of all ages into a shared space. Programming blends mentoring, peer support, and practical skill-building, creating frequent opportunities for intergenerational exchange. Located within a long-standing community hub, these events recreate the multi-use, neighborhood-centered role that union halls once played, fostering belonging and trust.",Intergenerational Programming Series,Loss of Multi-Purpose Community Spaces,The Kingsley Association,"6435 Frankstown Avenue, Pittsburgh, PA 15206",https://kingsleyassociation.org,info@kingsleyassociation.org,
Labor Participation,"United Way’s Labor Participation department coordinates union locals and community partners to staff volunteer rosters for facility repairs, clean-ups, and seasonal maintenance at nonprofits, community centers, and neighborhood institutions. Materials and project costs are covered through pooled donations and corporate sponsorships managed by United Way, spreading expenses across partners and keeping vital gathering spaces safe without overburdening any single organization.",Shared Maintenance Pool,Union Hall Closures and Consolidation,United Way of Southwestern Pennsylvania,"1250 Penn Avenue, Pittsburgh, PA 15222",https://uwswpa.org,info@uwswpa.org,
Late Night Basketball – LaRosa Club,"Boys & Girls Clubs of Western Pennsylvania’s LaRosa Club runs late-evening open-gym and basketball hours that align with common second- and third-shift times, giving young adults and community members a place to gather after work. The program creates a safe, informal environment in McKeesport—close to Mon Valley industrial sites—where coworkers and neighbors can interact casually through sports and conversation.",Shift-Aligned Community Events,Geographic Dispersion of Union Members,Boys & Girls Clubs of Western Pennsylvania,"901 Ravine Street, McKeesport, PA 15132",https://bgcwpa.org,info@bgcwpa.org,
Lawrenceville Block Watch & Community Engagement,"Lawrenceville United coordinates a network of block leaders and neighborhood liaisons who conduct door-to-door outreach, hold small block meetings, and run pop-up office hours to hear residents’ concerns. Staff and volunteers document issues and connect residents to city services, housing supports, and local programs, ensuring people have a voice in decisions affecting their streets. This sustained, hyper-local presence functions as a neighborhood liaison system without the need for a dedicat...",Local Liaison and Outreach Teams,Union Hall Closures and Consolidation,Lawrenceville United,"3429 Butler Street, Pittsburgh, PA 15201",https://www.lunited.org,info@lunited.org,
Lawrenceville Community Calendar,"Lawrenceville United maintains a public community calendar that lists neighborhood meetings, classes, and events alongside information about available meeting spaces. Listings are updated by staff and volunteers based on submissions from local groups, and shared via the website, email newsletters, and Facebook to reach residents with varying internet access. Printed flyers and calendars are made available at the office and community events to ensure seniors and non-digital users stay informed.",Community Calendar and Communication Network,Disappearance of Ethnic Clubs and Fraternal Lodges,Lawrenceville United,"118 52nd Street, Pittsburgh, PA 15201",https://www.lunited.org,info@lunited.org,
Lawrenceville Community Calendar & E-Newsletter,"Lawrenceville United maintains a neighborhood Community Calendar on its website and Facebook, along with a weekly email newsletter announcing public meetings, classes, and events. Volunteers and staff post flyers and deliver printed copies to senior buildings and storefronts, and block captain networks help call or text reminders to residents and groups. The organization also connects groups to available meeting rooms at partner sites, making it a practical communication hub.",Community Calendar and Communication Network,Disappearance of Ethnic Clubs and Fraternal Lodges,Lawrenceville United,"1346 Butler Street, Pittsburgh, PA 15201",https://www.lunited.org,info@lunited.org,
Lawrenceville Community Calendar & Neighborhood Communications,"Lawrenceville United maintains a neighborhood-wide calendar and communications network that aggregates meetings, classes, and events from civic groups, schools, and service providers. Information is shared through a low-bandwidth website, email lists, and Facebook, and the group produces and distributes printed flyers and notices to senior buildings and community boards ahead of meetings. Staff and volunteers collect submissions from partner organizations and send reminders so residents can s...",Community Calendar and Communication Network,Disappearance of Ethnic Clubs and Fraternal Lodges,Lawrenceville United,"4849 Butler Street, Pittsburgh, PA 15201",https://www.lunited.org,info@lunited.org,
Lawrenceville Community Land Trust,"The Lawrenceville Community Land Trust (LCLT) acquires land and housing in the post-industrial Lawrenceville neighborhood and holds it in trust through long-term ground leases to ensure permanent affordability and community control. When sites have legacy industrial impacts, LCLT and its partners conduct environmental due diligence, coordinate remediation when needed, and bring cleaned parcels into the trust for affordable homes or community-serving uses. This model prevents displacement, gui...",Community Land Trust for Workforce Housing,Geographic Dispersion of Union Members,Lawrenceville Corporation,"100 43rd Street, Suite 106, Pittsburgh, PA 15201",https://www.lawrencevillecorp.com,info@lawrencevillecorp.com,
Lawrenceville Community Meetings & Development Activities Meetings,"Lawrenceville United hosts recurring community-wide meetings and required DAMs where residents help set neighborhood priorities, hear from developers and public agencies, and provide formal feedback on projects. The gatherings function as rotating civic nights in local venues and online, with facilitated Q&A and follow-up to track accountability. This process ensures residents have a direct voice in decisions shaping housing, mobility, and public space in Lawrenceville.",Neighborhood Assemblies and Civic Nights,Loss of Multi-Purpose Community Spaces,Lawrenceville United,"5151 Butler Street, Pittsburgh, PA 15201",https://www.lunited.org,info@lunited.org,
Lawrenceville Development Activities Meetings (DAMs) and Community Meetings,"Lawrenceville United organizes recurring neighborhood assemblies and DAMs (often in partnership with Lawrenceville Corporation) where residents review development proposals, discuss safety and affordability, and set priorities for the neighborhood. These meetings give neighbors a direct voice in decisions before projects advance to City boards, and community input is documented and shared with agencies and developers. Sessions are held in accessible local spaces and online to reach residents ...",Neighborhood Assemblies and Civic Nights,Loss of Multi-Purpose Community Spaces,Lawrenceville United,"4615 Plummer Street, Pittsburgh, PA 15201",https://www.lunited.org,info@lunited.org,
Lawrenceville United – Community Calendar & Volunteer Coordination,"Lawrenceville United maintains a robust online neighborhood calendar, digital newsletters, and sign-up tools that coordinate community meetings, events, and volunteer assistance at times accessible to shift workers. Residents use these platforms to discover local happenings, organize mutual aid, and stay connected even if they commute from outside the neighborhood. The digital hub model fosters trust and belonging by giving residents a voice in neighborhood initiatives while making it easy to...",Digital Neighbor Network & Shift Coordination App,Geographic Dispersion of Union Members,Lawrenceville United,"3421 Butler Street, Pittsburgh, PA 15201",https://www.lunited.org,info@lunited.org,
Learning Parties,"Assemble’s Learning Parties are free and low-cost community events where neighbors of all ages teach and learn together in a storefront makerspace. Older residents and local artisans often lead hands-on sessions in sewing, fiber arts, and neighborhood history, while teens and young adults facilitate stations on coding, digital media, and social platforms. By using a welcoming public hub and rotating community instructors, the program functions as an intergenerational skills-exchange that rebu...",Pop-up Clubs and Mobile Cultural Programming,Disappearance of Ethnic Clubs and Fraternal Lodges,Assemble,"4824 Penn Avenue, Pittsburgh, PA 15224",https://www.assemblepgh.org,info@assemblepgh.org,
Learning Parties,"Assemble’s Learning Parties are free and low-cost community events where neighbors of all ages teach and learn together in a storefront makerspace. Older residents and local artisans often lead hands-on sessions in sewing, fiber arts, and neighborhood history, while teens and young adults facilitate stations on coding, digital media, and social platforms. By using a welcoming public hub and rotating community instructors, the program functions as an intergenerational skills-exchange that rebu...",Intergenerational Skills-Exchange Program,Disappearance of Ethnic Clubs and Fraternal Lodges,Assemble,"4824 Penn Avenue, Pittsburgh, PA 15224",https://www.assemblepgh.org,info@assemblepgh.org,
Learning Parties,"Assemble’s Learning Parties are free and low-cost community events where neighbors of all ages teach and learn together in a storefront makerspace. Older residents and local artisans often lead hands-on sessions in sewing, fiber arts, and neighborhood history, while teens and young adults facilitate stations on coding, digital media, and social platforms. By using a welcoming public hub and rotating community instructors, the program functions as an intergenerational skills-exchange that rebu...",Intergenerational Programming Series,Loss of Multi-Purpose Community Spaces,Assemble,"4824 Penn Avenue, Pittsburgh, PA 15224",https://www.assemblepgh.org,info@assemblepgh.org,
LevelUp 412,"LevelUp 412 delivers tech training and community problem-solving through a robust online platform with live virtual classes, resource hubs, and ongoing digital communication among participants. The initiative pairs this infrastructure with rotating, neighborhood-based pop-up workshops and info sessions at libraries and community centers so residents can connect locally when needed. Public communications and bulletin postings at partner sites bridge digital learning with in-person community to...",Hybrid Digital-Physical Hubs,Union Hall Closures and Consolidation,Neighborhood Allies,"5166 Butler Street, Pittsburgh, PA 15201",https://levelup412.org,info@neighborhoodallies.org,
Library and School-Based Adult Education,"Literacy Pittsburgh delivers free adult education—GED preparation, English language learning, digital skills, and career readiness—at public libraries and K–12 school sites across Allegheny and Beaver Counties. By co-locating classes in neighborhood Carnegie Library branches and school buildings after hours, the organization expands access to learning in trusted public spaces. These partnerships implement the solution by sharing programming with schools and libraries to create steady activity...",Shared Programming with Schools and Libraries,Union Hall Closures and Consolidation,Literacy Pittsburgh,"411 Seventh Avenue, Suite 525, Pittsburgh, PA 15219",https://www.literacypittsburgh.org,info@literacypittsburgh.org,
Library of Things (Tools & DIY),"Mt. Lebanon Public Library’s Library of Things includes a tool collection—such as drills, stud finders, sewing machines, and ladders—that cardholders can borrow just like books. By circulating tools and hosting DIY programming, the library promotes a sharing economy and practical, everyday interactions among neighbors who borrow, learn, and work on projects together.","Mutual Aid Networks, Tool Libraries, and Time Banks",Disappearance of Ethnic Clubs and Fraternal Lodges,Mt. Lebanon Public Library,"16 Castle Shannon Boulevard, Pittsburgh, PA 15228",https://mtlebanonlibrary.org/library-of-things,,
Ligonier Highland Games,"An annual Scottish heritage festival with piping and drumming, Highland dance competitions for youth and adults, clan tents with genealogy support, traditional foods, and living-history demonstrations. Organized by volunteer committees of the St. Andrew’s Society of Pittsburgh, it brings together schools, artisans, and elders to share skills and stories that build intergenerational ties across communities.",Annual and Seasonal Heritage Festivals,Disappearance of Ethnic Clubs and Fraternal Lodges,St. Andrew’s Society of Pittsburgh,"2574 US-30, Ligonier, PA 15658",https://www.ligonierhighlandgames.org,info@pghscottish.org,
Literacy Pittsburgh,"Literacy Pittsburgh supports newcomer integration through free English language learning, citizenship preparation, and volunteer-led tutoring and conversation groups. Tutors often serve as local mentors, helping learners understand transportation, community resources, and ways to get involved in clubs, libraries, and neighborhood events. Staff provide orientation and referrals that help residents navigate schools, services, and civic life.",Welcome and Newcomer Integration Network,Disappearance of Ethnic Clubs and Fraternal Lodges,Literacy Pittsburgh,"411 Seventh Avenue, Suite 550, Pittsburgh, PA 15219",https://www.literacypittsburgh.org,info@literacypittsburgh.org,
Literacy Pittsburgh Adult Education & Career Services,"Literacy Pittsburgh delivers adult basic education, English language learning, digital skills, and workforce readiness classes co-hosted at public libraries (including Carnegie Library branches) and at local school district sites throughout Allegheny and Beaver counties. By bringing adult education directly into schools and libraries, the organization increases access to training, hosts information sessions with workforce partners, and builds pathways into apprenticeships and employment from ...",Shared Programming with Schools and Libraries,Union Hall Closures and Consolidation,Literacy Pittsburgh,"411 Seventh Avenue, Suite 525, Pittsburgh, PA 15219",https://www.literacypittsburgh.org,info@literacypittsburgh.org,
Love My Neighbor! Grants,"Love My Neighbor! provides microgrants and coaching to resident leaders to start and grow neighborhood clubs and interest groups such as walking clubs, cooking circles, music meetups, and hobby gatherings. The program supplies seed funding, facilitation support, and connections to meeting spaces so workers and neighbors can organize social life around shared interests rather than single-issue organizations.",Community Micro-Grant Program,Disappearance of Ethnic Clubs and Fraternal Lodges,Neighborhood Allies,"429 Forbes Avenue, Suite 1900, Pittsburgh, PA 15219",https://neighborhoodallies.org,info@neighborhoodallies.org,
Love My Neighbor! Grants,"Love My Neighbor! provides microgrants and coaching to resident leaders to start and grow neighborhood clubs and interest groups such as walking clubs, cooking circles, music meetups, and hobby gatherings. The program supplies seed funding, facilitation support, and connections to meeting spaces so workers and neighbors can organize social life around shared interests rather than single-issue organizations.",Micro-grants for Event Organizers,Loss of Multi-Purpose Community Spaces,Neighborhood Allies,"429 Forbes Avenue, Suite 1900, Pittsburgh, PA 15219",https://neighborhoodallies.org,info@neighborhoodallies.org,
Love My Neighbor! Grants,"This resident-focused micro-grant program funds Northside neighbors to create community events and projects, including language classes, cultural nights, sports leagues, and recovery or support meetings. Grants commonly cover space rental, supplies, childcare, refreshments, and outreach so that events are accessible and welcoming, replacing the role once played by union halls and social clubs.",Micro-grants for Event Organizers,Loss of Multi-Purpose Community Spaces,Neighborhood Allies,"307 Fourth Avenue, Suite 1500, Pittsburgh, PA 15222",https://neighborhoodallies.org/initiatives/love-my-neighbor/,info@neighborhoodallies.org,
Love Your Block,"Administered by the City of Pittsburgh’s ServePGH, Love Your Block provides microgrants, tools, and technical assistance to neighborhood groups that organize volunteer maintenance and small repair projects. Residents are supported and coached to perform tasks like painting, handrail and step fixes, light carpentry, and block cleanups—lowering contractor expenditures for community spaces and building strong, trust-based local networks.",Volunteer Maintenance Corps,Union Hall Closures and Consolidation,City of Pittsburgh (ServePGH),"414 Grant Street, Pittsburgh, PA 15219",https://pittsburghpa.gov/servepgh/love-your-block,servepgh@pittsburghpa.gov,
Love Your Block (City of Erie),"Erie’s Love Your Block offers small grants and resource support to residents and block clubs for projects such as alley and lot cleanups, community events, and minor neighborhood repairs. By empowering residents to design and lead visible improvements on their own blocks, the program strengthens trust, participation, and pride at the neighborhood level.",Micro-grants for Local Organizing,Union Hall Closures and Consolidation,City of Erie,"626 State Street, Erie, PA 16501",https://cityof.erie.pa.us,,
Love Your Block (City of Pittsburgh),"Love Your Block awards resident-led groups small grants and supplies to carry out block cleanups, pop-up events, community gardens, and minor exterior repairs for vulnerable neighbors. By funding quick, visible neighborhood-level projects and organizing volunteer teams, the program helps residents pilot activities that rebuild trust, participation, and local stewardship.",Micro-grants for Local Organizing,Union Hall Closures and Consolidation,"City of Pittsburgh, Office of Community Affairs","414 Grant Street, Pittsburgh, PA 15219",https://pittsburghpa.gov/oca/lyb,loveyourblock@pittsburghpa.gov,
Love Your Block (Pittsburgh),"Love Your Block provides mini-grants, tools, and city support to resident-led groups for small-scale corridor beautification such as sidewalk fixes, benches, planters, wayfinding, public art, and community lighting. The program mobilizes volunteers, artists, and local businesses to activate streets in industrial-adjacent neighborhoods (e.g., Hazelwood, South Side), strengthening the walkable links between workplaces and residential areas. These improvements create welcoming ‘welcome corridors...",Place-making & Welcome Corridor near Plants,Geographic Dispersion of Union Members,City of Pittsburgh,"414 Grant Street, Pittsburgh, PA 15219",https://pittsburghpa.gov/servepgh/loveyourblock,loveyourblock@pittsburghpa.gov,
Love Your Block Mini-Grants,"Love Your Block provides small grants and city support to resident-led groups to plan neighborhood projects and events. Funds can be used for event needs like space rental, materials, childcare stipends, and outreach so gatherings such as resource fairs, cleanups, classes, and block parties are accessible to all. This directly implements micro-grants that help residents organize multi-functional community activities in place of traditional halls.",Micro-grants for Event Organizers,Loss of Multi-Purpose Community Spaces,"City of Pittsburgh, Office of Community Affairs","414 Grant Street, Pittsburgh, PA 15219",https://pittsburghpa.gov/oca/loveyourblock,loveyourblock@pittsburghpa.gov,
Love Your Block Mini-Grants,"Love Your Block provides small grants to resident-led groups to plan and host neighborhood projects and events, such as block cleanups, cultural gatherings, resource fairs, and classes. Funds can be used for eligible expenses like space/permit fees, supplies, outreach/marketing, and accessibility needs (e.g., translation or child-friendly activities), directly enabling community members to organize inclusive, multi-functional events.",Micro-grants for Event Organizers,Loss of Multi-Purpose Community Spaces,City of Pittsburgh Office of Neighborhood Services,"414 Grant Street, Pittsburgh, PA 15219",https://pittsburghpa.gov/ons/loveyourblock,ons@pittsburghpa.gov,
Love Your Block Mini-Grants,"Love Your Block Pittsburgh awards small, resident-led mini-grants and provides city services to support neighborhood events and block-level projects. Grants can cover outreach materials, permits, basic supplies, and other event needs, lowering barriers for residents to organize inclusive gatherings like block parties, cleanups with resource fairs, and pop-up cultural or health events that rebuild multi-use community space.",Micro-grants for Event Organizers,Loss of Multi-Purpose Community Spaces,City of Pittsburgh Office of Community Affairs,"414 Grant Street, Pittsburgh, PA 15219",https://pittsburghpa.gov/oca/lyb,loveyourblock@pittsburghpa.gov,
Love Your Block Pittsburgh,"Love Your Block provides small grants, supplies, and coaching to resident-led groups to carry out block-level projects like park cleanups, litter pickup, tree care, and safety lighting advocacy. The program emphasizes door-to-door outreach and short volunteer commitments, producing visible improvements that recruit new neighbors and re-energize block clubs and civic groups. These small wins are used as a springboard to restore sustained resident leadership and participation citywide.",Revitalize Civic Associations through Issue-Based Working Groups,Disappearance of Ethnic Clubs and Fraternal Lodges,"City of Pittsburgh, Office of Community Affairs","414 Grant Street, Pittsburgh, PA 15219",https://pittsburghpa.gov/oca/loveyourblock,loveyourblock@pittsburghpa.gov,
Love Your Block Pittsburgh,"Love Your Block provides mini-grants, supplies, and city coordination to neighborhood groups to complete high-impact fix-ups, including exterior building repairs, painting, and seasonal maintenance around community facilities. The program mobilizes volunteers and partners—often including local unions, businesses, and residents—creating a pooled, community-wide effort that reduces individual group costs. This model operationalizes the shared maintenance pool concept by combining small grants w...",Revitalize Civic Associations through Issue-Based Working Groups,Disappearance of Ethnic Clubs and Fraternal Lodges,City of Pittsburgh Office of Community Affairs,"414 Grant Street, Pittsburgh, PA 15219",https://pittsburghpa.gov/oca/loveyourblock,loveyourblock@pittsburghpa.gov,
Love Your Block Pittsburgh,"Love Your Block provides small grants and materials to resident-led teams to tackle tangible neighborhood issues like litter abatement, vacant lot activation, and minor façade or street improvements. The program helps neighbors form short-term, issue-based working groups and supports outreach (including canvassing and flyering) to recruit volunteers for quick, visible projects. These small wins are used to strengthen or re-start block clubs and civic associations, rebuilding local civic life ...",Revitalize Civic Associations through Issue-Based Working Groups,Disappearance of Ethnic Clubs and Fraternal Lodges,"City of Pittsburgh, Office of Community Affairs","414 Grant Street, Pittsburgh, PA 15219",https://pittsburghpa.gov/oca,,
Love Your Block Pittsburgh,"Love Your Block provides mini-grants, supplies, and city coordination to neighborhood groups to complete high-impact fix-ups, including exterior building repairs, painting, and seasonal maintenance around community facilities. The program mobilizes volunteers and partners—often including local unions, businesses, and residents—creating a pooled, community-wide effort that reduces individual group costs. This model operationalizes the shared maintenance pool concept by combining small grants w...",Community Micro-Grant Program,Disappearance of Ethnic Clubs and Fraternal Lodges,City of Pittsburgh Office of Community Affairs,"414 Grant Street, Pittsburgh, PA 15219",https://pittsburghpa.gov/oca/loveyourblock,loveyourblock@pittsburghpa.gov,
Love Your Block Pittsburgh,"The City of Pittsburgh’s Love Your Block awards micro-grants to resident-led groups for quick, small-scale projects like block cleanups, community gardens, equipment purchases, and neighborhood events. Applications are simple and reviewed by a committee that includes community volunteers alongside city staff, enabling fast, resident-centered decisions. Funded through public–private support and local business partnerships, the program helps seed the kinds of clubs and gatherings once hosted by...",Community Micro-Grant Program,Disappearance of Ethnic Clubs and Fraternal Lodges,City of Pittsburgh,"414 Grant Street, Pittsburgh, PA 15219",https://pittsburghpa.gov/lyb,loveyourblock@pittsburghpa.gov,
Love Your Block Pittsburgh,"Love Your Block provides small grants and supplies to resident-led groups for block-level beautification, vacant lot activation, minor home and facade fixes for vulnerable neighbors, and pop-up community gatherings. The micro-grant model, paired with coordinated city services, enables neighbors to quickly organize, demonstrate visible improvements, and build participation and trust on their own streets.",Micro-grants for Local Organizing,Union Hall Closures and Consolidation,City of Pittsburgh Office of Community Affairs,"414 Grant Street, Pittsburgh, PA 15219",https://pittsburghpa.gov/servepgh/loveyourblock,loveyourblock@pittsburghpa.gov,
Love Your Block Pittsburgh,"Love Your Block provides mini-grants, supplies, and city coordination to neighborhood groups to complete high-impact fix-ups, including exterior building repairs, painting, and seasonal maintenance around community facilities. The program mobilizes volunteers and partners—often including local unions, businesses, and residents—creating a pooled, community-wide effort that reduces individual group costs. This model operationalizes the shared maintenance pool concept by combining small grants w...",Shared Maintenance Pool,Union Hall Closures and Consolidation,City of Pittsburgh Office of Community Affairs,"414 Grant Street, Pittsburgh, PA 15219",https://pittsburghpa.gov/oca/loveyourblock,loveyourblock@pittsburghpa.gov,
Love Your Block Pittsburgh Micro-Grants,"Love Your Block provides small grants and supplies to resident-led groups to complete neighborhood projects like vacant lot cleanups, minor home and facade repairs for seniors, pocket parks, and pop-up events. By putting flexible dollars directly in the hands of neighbors and pairing them with city support, the program enables locals to pilot visible, trust-building activities that increase participation and strengthen block-level relationships.",Micro-grants for Local Organizing,Union Hall Closures and Consolidation,"City of Pittsburgh, Office of Neighborhood Services (ServePGH)","414 Grant Street, Pittsburgh, PA 15219",https://pittsburghpa.gov/servepgh/loveyourblock,loveyourblock@pittsburghpa.gov,
Lower Hill First Source Center,"The Lower Hill First Source Center implements the community benefits hiring commitments for the Lower Hill redevelopment by connecting Hill District and nearby residents to union apprenticeship programs and contractors working on site. Operated in coordination with workforce partners and the building trades at the Energy Innovation Center, it organizes targeted recruitment, apprenticeship-readiness, and direct referrals to signatory employers to prioritize local hires. By tying training and j...",Local Hiring & Apprenticeship Partnership,Geographic Dispersion of Union Members,Energy Innovation Center Institute,"1435 Bedford Avenue, Pittsburgh, PA 15219",https://www.lowerhillredevelopment.com/first-source-center,info@eicpittsburgh.org,
MMVTA Park & Ride and Commuter Bus Service,"Mid Mon Valley Transit Authority maintains multiple Park & Ride lots and commuter routes that connect towns across the Mon Valley to major hubs, including Downtown Pittsburgh. These Park & Ride facilities serve as natural meetup points where members from different neighborhoods can carpool and then board a single bus to centralized meetings or events. By combining shared rides with subsidized commuter service, MMVTA makes it easier and more affordable for dispersed groups to gather.",Transportation and Access Network,Union Hall Closures and Consolidation,Mid Mon Valley Transit Authority,"1300 McKean Avenue, Charleroi, PA 15022",https://www.mmvta.com,info@mmvta.com,
Manufacturers Roundtable,"The Roundtable regularly gathers manufacturing executives with municipal leaders, workforce agencies, and community groups to communicate resident needs around housing, transportation, and work schedules. Participants agree on practical, near‑term actions—like hosting borough‑level hiring events, coordinating with transit providers for shift-aligned service, and testing staggered shifts—that directly respond to the commuting realities of a multi-county workforce.",Employer-Community Liaison Network,Geographic Dispersion of Union Members,Beaver County Chamber of Commerce,"650 Corporation Street, Suite 203, Beaver, PA 15009",https://www.beavercountychamber.com,info@beavercountychamber.com,
Manufacturing 2000 (M2K) Registered Pre-Apprenticeship,"New Century Careers’ M2K program provides a state-registered pre-apprenticeship in machining and advanced manufacturing, designed with and for local employers. Working with high schools, career centers, and manufacturers across Western Pennsylvania, M2K prepares neighborhood residents for entry into registered apprenticeships and direct-hire roles at nearby plants. The coordinated employer partnerships and placement support create a local hiring pipeline that reduces commuting distances and t...",Local Hiring & Apprenticeship Partnership,Geographic Dispersion of Union Members,New Century Careers,"2600 Jane Street, Pittsburgh, PA 15203",https://www.ncsquared.com,info@ncsquared.com,
Manufacturing 2000 (MANUFACTURING 2000) Pre-Apprenticeship,"New Century Careers’ MANUFACTURING 2000 provides hands-on machinist training linked to a network of Southwestern Pennsylvania manufacturers and registered apprenticeship pathways. The program actively recruits local residents, then coordinates employer interviews and on-the-job training placements that prioritize nearby hires—building durable connections between workers, shops, and neighborhoods.",Local Hiring & Apprenticeship Partnership,Geographic Dispersion of Union Members,New Century Careers,"305 East Carson Street, Pittsburgh, PA 15203",https://www.ncsquared.com,info@ncsquared.com,
Manufacturing Apprenticeship Partnerships,"Catalyst Connection coordinates regional manufacturing apprenticeship models (e.g., mechatronics and industrial manufacturing technician) by bringing together plants, school districts, and training providers to create local talent pipelines. The organization helps companies implement apprenticeships and pre-apprenticeships, aligns curricula with employer demand, and supports local hiring so residents can move into skilled roles at nearby facilities. This partnership approach strengthens neigh...",Local Hiring & Apprenticeship Partnership,Geographic Dispersion of Union Members,Catalyst Connection,"4501 Lytle Street, Suite 301, Pittsburgh, PA 15207",https://www.catalystconnection.org,info@catalystconnection.org,
Manufacturing Industry Partnership,"Partner4Work convenes a standing, employer-led Manufacturing Industry Partnership where plant managers, unions, community organizations, and training providers meet to surface worker and community needs like transportation, shift scheduling, and local hiring. Through these volunteer-led working groups, the partnership negotiates practical steps with employers, such as coordinating hiring events in neighborhood venues, aligning shift times with available transit, and piloting staggered start t...",Employer-Community Liaison Network,Geographic Dispersion of Union Members,Partner4Work,"650 Smithfield Street, Suite 2400, Pittsburgh, PA 15222",https://www.partner4work.org,info@partner4work.org,
McKeesport Regional History & Heritage Center,"The Center maintains archives and exhibits on the National Tube Works and the region’s steel and labor history, collecting artifacts, documents, and oral histories from union members and retirees. It collaborates with community groups to produce storytelling exhibits and programs that interpret shop-floor life and neighborhood union culture, drawing visitors to the site. These efforts position the Center and partners to pursue cultural grants and generate support for preserving local heritage...",Heritage and Archive Partnerships,Union Hall Closures and Consolidation,McKeesport Regional History & Heritage Center,"1832 Arboretum Drive, McKeesport, PA 15132",https://www.mckeesportheritage.org,info@mckeesportheritage.org,
Meeting Room Reservations & Events Calendar,"Carnegie Library of Pittsburgh provides a system-wide online calendar of events and free or low-cost meeting room reservations across its branches, with bookings accepted through its website and assisted by staff over the phone. Many locations include access to equipment (A/V, makerspace tools like The Labs) and the Library offers language-access services and interpretation upon request, supporting inclusive use. This implements a shared platform that lists spaces and schedules while reducing...",Shared Booking Platform + Community Calendar,Loss of Multi-Purpose Community Spaces,Carnegie Library of Pittsburgh,"4400 Forbes Avenue, Pittsburgh, PA 15213",https://www.carnegielibrary.org,info@carnegielibrary.org,
Member Organizing & Campaigns,"Pittsburghers for Public Transit coordinates riders and transit workers through digital tools like online organizing hubs, email/text mobilization, and Zoom town halls, then regularly holds neighborhood pop-up meetings at bus stops, transit centers, and community venues to collect input and plan actions. The organization pairs ongoing remote communication with on-the-ground canvasses and rotating in-person meetups across Allegheny County. Printed materials and info boards at partner sites hel...",Hybrid Digital-Physical Hubs,Union Hall Closures and Consolidation,Pittsburghers for Public Transit,"5119 Penn Avenue, Pittsburgh, PA 15224",https://www.pittsburghforpublictransit.org,info@pittsburghforpublictransit.org,
Metal Arts Workshops,"Rivers of Steel’s Metal Arts Workshops and guided tours activate historic industrial sites as community learning spaces where experienced artisans and retired steelworkers teach blacksmithing, casting, and the region’s labor history. Youth and younger adults participate through digital media and documentation projects, helping capture stories and share them online. The program’s public, hands-on format fosters intergenerational exchange around trades, craft, and local heritage—recreating the ...",Intergenerational Skills-Exchange Program,Disappearance of Ethnic Clubs and Fraternal Lodges,Rivers of Steel,"623 East 8th Avenue, Homestead, PA 15120",https://riversofsteel.com,info@riversofsteel.com,
Metal Arts Workshops & Community Iron Pours,"Rivers of Steel’s Metal Arts program brings together teaching artists, retired steelworkers, and working tradespeople for hands-on, peer-led skill sharing at the Carrie Blast Furnaces and the historic Pump House. Participants learn and teach metal casting, blacksmithing, and fabrication techniques in evening and weekend sessions that double as informal mentorship. By using iconic mill sites as gathering halls, the program reconnects current and former industrial workers across generations and...",Worker-to-Worker Mentorship & Skills Nights,Geographic Dispersion of Union Members,Rivers of Steel Heritage Corporation,"623 E 8th Avenue, Homestead, PA 15120",https://riversofsteel.com/experiences/metal-arts/,info@riversofsteel.com,
Metal Arts Workshops at the Carrie Blast Furnaces,"Rivers of Steel’s Metal Arts Workshops bring together practicing metalworkers, artists, and former industrial workers to teach iron casting, blacksmithing, and related crafts. The hands-on sessions are peer-led and collaborative, with instructors and participants exchanging techniques in an iconic former mill site and nearby community spaces. These workshops function like skills nights, fostering intergenerational mentorship and renewing ties among Western Pennsylvania’s steel communities.",Worker-to-Worker Mentorship & Skills Nights,Geographic Dispersion of Union Members,Rivers of Steel,"623 East 8th Avenue, Homestead, PA 15120",https://riversofsteel.com,info@riversofsteel.com,
Millvale Community Library,"Millvale Community Library provides free Wi‑Fi, hotspot and device lending, and meeting rooms with A/V support that enable local groups to hold hybrid meetings and classes. Staff maintain community bulletin boards and online event listings, and the library regularly hosts and participates in pop-up programs at neighborhood events around Millvale and the Ohio River towns, blending digital access with proximate, face-to-face engagement.",Neighborhood Third-Places Program,Disappearance of Ethnic Clubs and Fraternal Lodges,Millvale Community Library,"213 Grant Avenue, Millvale, PA 15209",https://www.millvalelibrary.org,info@millvalelibrary.org,
Millvale Community Library,"Millvale Community Library provides free Wi‑Fi, hotspot and device lending, and meeting rooms with A/V support that enable local groups to hold hybrid meetings and classes. Staff maintain community bulletin boards and online event listings, and the library regularly hosts and participates in pop-up programs at neighborhood events around Millvale and the Ohio River towns, blending digital access with proximate, face-to-face engagement.",Intergenerational Programming Series,Loss of Multi-Purpose Community Spaces,Millvale Community Library,"213 Grant Avenue, Millvale, PA 15209",https://www.millvalelibrary.org,info@millvalelibrary.org,
Millvale Community Library,"Millvale Community Library provides free Wi‑Fi, hotspot and device lending, and meeting rooms with A/V support that enable local groups to hold hybrid meetings and classes. Staff maintain community bulletin boards and online event listings, and the library regularly hosts and participates in pop-up programs at neighborhood events around Millvale and the Ohio River towns, blending digital access with proximate, face-to-face engagement.",Hybrid Digital-Physical Hubs,Union Hall Closures and Consolidation,Millvale Community Library,"213 Grant Avenue, Millvale, PA 15209",https://www.millvalelibrary.org,info@millvalelibrary.org,
Millvale Community Library After School Program,"Millvale Community Library co-runs an after-school program with educators and volunteers connected to the Shaler Area School District, providing homework help, STEAM activities, and mentoring in a neighborhood library setting. The library also collaborates with workforce and community partners to host occasional career exploration and skills-building events, using the shared school–library relationship to keep the space active and visibly valuable to residents.",Shared Programming with Schools and Libraries,Union Hall Closures and Consolidation,Millvale Community Library,"213 Grant Avenue, Millvale, PA 15209",https://www.millvalelibrary.org,info@millvalelibrary.org,
Millvale Community Library Events & Community Calendar,"Millvale Community Library maintains an online and in-branch events calendar that aggregates library programs with meetings and classes hosted by neighborhood partners, and it offers community bulletin boards for flyers. Staff and volunteers collect submissions, update listings, and share reminders through the library’s website and Facebook, while printing monthly event sheets for pickup at the circulation desk to reach seniors. Meeting room availability is publicized and coordinated through ...",Community Calendar and Communication Network,Disappearance of Ethnic Clubs and Fraternal Lodges,Millvale Community Library,"213 Grant Avenue, Millvale, PA 15209",https://www.millvalelibrary.org,info@millvalelibrary.org,
Millvale Community Library Workforce & Adult Education Programs,"Millvale Community Library co-hosts ongoing ESL, citizenship, GED preparation, and digital skills classes with Literacy Pittsburgh, and regularly partners with PA CareerLink and local employers for job-search help and hiring events. These shared programs turn the library into a neighborhood hub for adult education and career services, creating consistent foot traffic and visible community impact that supports the library’s role as a trusted civic space.",Shared Programming with Schools and Libraries,Union Hall Closures and Consolidation,Millvale Community Library,"213 Grant Avenue, Millvale, PA 15209",https://www.millvalelibrary.org,info@millvalelibrary.org,
Millvale Food + Energy Hub,"New Sun Rising rehabilitated a long-vacant building into a net-positive community hub featuring a shared commercial kitchen, classroom and meeting spaces, and offices for mission-driven tenants. The Hub uses community partnerships, volunteer support, and an online booking system to provide affordable rentals for neighborhood groups, classes, and civic meetings while sharing management responsibilities among tenants and volunteers. This approach mirrors the solution by transforming an idle hal...",Convert Vacant Union Halls into Multi-Use Community Hubs,Disappearance of Ethnic Clubs and Fraternal Lodges,New Sun Rising,"112 E Sherman St, Millvale, PA 15209",https://www.newsunrising.org/project/food-energy-hub/,info@newsunrising.org,
Millvale Food + Energy Hub,"This shared nonprofit hub provides a community gathering place with meeting areas, educational programming, and public information resources, operating continuously as a neighborhood anchor. It implements a low-cost, sustainable model through co-location of mission-aligned organizations, volunteer-led initiatives, and partnerships with local businesses and the Borough to support everyday community needs.",Convert Vacant Union Halls into Multi-Use Community Hubs,Disappearance of Ethnic Clubs and Fraternal Lodges,New Sun Rising,"112 East Sherman Street, Millvale, PA 15209",https://www.newsunrising.org/project/millvale-food-energy-hub/,info@newsunrising.org,
Millvale Food + Energy Hub,"New Sun Rising acquired and rehabilitated the former Millvale Moose Lodge into a community-serving hub that provides public gathering areas, affordable space for mission-aligned tenants, and regular civic programming. Through nonprofit ownership, partner agreements, and values-based space access, the building is held in trust-like stewardship for the community so it remains a shared meeting place rather than a politically exclusive site.",Community Land Trust for Social Spaces,Loss of Multi-Purpose Community Spaces,New Sun Rising,"112 East Sherman Street, Millvale, PA 15209",https://www.newsunrising.org/portfolio/millvale-food-energy-hub/,info@newsunrising.org,
Millvale Food + Energy Hub,"This shared nonprofit hub provides a community gathering place with meeting areas, educational programming, and public information resources, operating continuously as a neighborhood anchor. It implements a low-cost, sustainable model through co-location of mission-aligned organizations, volunteer-led initiatives, and partnerships with local businesses and the Borough to support everyday community needs.",Community Land Trust for Social Spaces,Loss of Multi-Purpose Community Spaces,New Sun Rising,"112 East Sherman Street, Millvale, PA 15209",https://www.newsunrising.org/project/millvale-food-energy-hub/,info@newsunrising.org,
Millvale Food + Energy Hub,"The Hub provides gathering spaces, coworking, and meeting rooms with high-speed Wi‑Fi and video-conferencing equipment for neighborhood groups and project teams. New Sun Rising’s program cohorts coordinate year-round through online collaboration platforms while the organization convenes pop-up meetings and listening sessions in Millvale, Etna, and Sharpsburg to keep engagement local. On-site bulletin boards and digital calendars tie together remote collaboration with face-to-face check-ins, i...",Community Land Trust for Social Spaces,Loss of Multi-Purpose Community Spaces,New Sun Rising,"112 Sherman Street, Millvale, PA 15209",https://www.newsunrising.org,info@newsunrising.org,
Millvale Food + Energy Hub,"The Millvale Food + Energy Hub co-locates social enterprises and nonprofits—such as food businesses, teaching kitchens, and sustainability programs—within a single building to create shared revenue, training opportunities, and steady public activity. Tenants collaborate on workforce development in culinary and green jobs while pooling utilities and space, lowering costs and strengthening neighborhood services. This multi-tenant, social-enterprise hub model demonstrates how co-locating mission...",Co-locating Social Enterprises,Union Hall Closures and Consolidation,New Sun Rising,"112 E Sherman Street, Millvale, PA 15209",https://www.newsunrising.org/project/millvalefoodandenergyhub/,info@newsunrising.org,
Millvale Food + Energy Hub,"The Hub provides gathering spaces, coworking, and meeting rooms with high-speed Wi‑Fi and video-conferencing equipment for neighborhood groups and project teams. New Sun Rising’s program cohorts coordinate year-round through online collaboration platforms while the organization convenes pop-up meetings and listening sessions in Millvale, Etna, and Sharpsburg to keep engagement local. On-site bulletin boards and digital calendars tie together remote collaboration with face-to-face check-ins, i...",Hybrid Digital-Physical Hubs,Union Hall Closures and Consolidation,New Sun Rising,"112 Sherman Street, Millvale, PA 15209",https://www.newsunrising.org,info@newsunrising.org,
Millvale Food + Energy Hub,"This former social hall was reactivated as a multi-use hub that houses a shared commercial kitchen, community event space, and tenants such as a cafe and food-rescue/production programs. Managed by New Sun Rising, it offers affordable rentals and partnerships for nonprofits and small businesses, while delivering workforce development in the food sector and hosting public gatherings that keep the facility vibrant and financially sustainable.",Multi-use Community Hubs,Union Hall Closures and Consolidation,New Sun Rising,"112 E Sherman St, Millvale, PA 15209",https://www.newsunrising.org/what-we-do/hubs/millvale-food-energy-hub/,info@newsunrising.org,
Millvale Food + Energy Hub Space Reservations & Events Calendar,"The Millvale Food + Energy Hub provides a centralized website where community members can view available rooms (event space, meeting rooms, kitchen) and request reservations, along with a shared calendar of Hub and partner events. New Sun Rising offers affordable rates and sponsorships for community groups and accommodates requests via phone and email to ensure equitable access. This shared platform connects residents with multi-use spaces and equipment in a single, neighborhood-based hub.",Shared Booking Platform + Community Calendar,Loss of Multi-Purpose Community Spaces,New Sun Rising,"112 Sherman Street, Millvale, PA 15209",https://www.newsunrising.org,info@newsunrising.org,
Millvale Repair Cafe,"The Millvale Repair Cafe brings together volunteer fixers and learners across generations to repair clothing, small appliances, bicycles, and electronics in a community library setting. Retired tradespeople and long-time residents share practical repair and craft skills, while younger volunteers frequently help with device troubleshooting and basic digital know-how. Hosted in a public space and run on a free, community-helping-community model, it operates as a grassroots skills-exchange that ...",Intergenerational Skills-Exchange Program,Disappearance of Ethnic Clubs and Fraternal Lodges,Millvale Community Library,"213 Grant Avenue, Millvale, PA 15209",https://www.millvalelibrary.org,info@millvalelibrary.org,
Millvale Tool Lending Library,"The Millvale Tool Lending Library, a program of the Millvale Community Library, lets residents borrow woodworking and home-repair tools and learn through hands-on workshops. The library also provides free community programs and reservable meeting rooms, creating a low-cost, welcoming place to gather and make things together. This inclusive, nonpartisan resource supports practical recreation and community building without requiring any political or private club membership.","Mutual Aid Networks, Tool Libraries, and Time Banks",Disappearance of Ethnic Clubs and Fraternal Lodges,Millvale Community Library,"213 Grant Avenue, Millvale, PA 15209",https://www.millvalelibrary.org,info@millvalelibrary.org,
Millvale Tool Lending Library,"The Millvale Tool Lending Library, a program of the Millvale Community Library, lets residents borrow woodworking and home-repair tools and learn through hands-on workshops. The library also provides free community programs and reservable meeting rooms, creating a low-cost, welcoming place to gather and make things together. This inclusive, nonpartisan resource supports practical recreation and community building without requiring any political or private club membership.",Timebank and Skills-Share Network,Loss of Multi-Purpose Community Spaces,Millvale Community Library,"213 Grant Avenue, Millvale, PA 15209",https://www.millvalelibrary.org,info@millvalelibrary.org,
Mobile Clay,"Union Project’s Mobile Clay program sets up temporary ceramics studios in churches, schools, libraries, and community centers by bringing portable wheels, tables, and glazes to the host site. Teaching artists and volunteers facilitate hands-on workshops that function like pop-up arts clubs, inviting neighbors to gather, learn, and socialize. The mobile format allows the same equipment and curricula to be shared among multiple neighborhoods, lowering costs and increasing access.",Pop-up Clubs and Mobile Cultural Programming,Disappearance of Ethnic Clubs and Fraternal Lodges,Union Project,"801 North Negley Avenue, Pittsburgh, PA 15206",https://www.unionproject.org,info@unionproject.org,
Mobile Fab Lab,"Carnegie Science Center’s Mobile Fab Lab is a fully equipped trailer that brings 3D printers, laser cutters, and hands-on STEM workshops to schools, libraries, and neighborhood events throughout Western Pennsylvania. By converting parking lots and community sites into pop-up maker spaces for classes, club meetings, and collaborative projects, the lab delivers cultural and educational programming to areas without dedicated facilities.",Mobile Community Van/Trailer,Loss of Multi-Purpose Community Spaces,Carnegie Science Center,"1 Allegheny Avenue, Pittsburgh, PA 15212",https://carnegiesciencecenter.org/educators/fab-lab/,info@carnegiesciencecenter.org,
Mobile Fab Lab,"Carnegie Science Center’s Mobile Fab Lab is a trailer outfitted as a traveling makerspace that brings hands-on STEM workshops, digital fabrication tools, and creative programming to schools, libraries, and community events. It transforms a trailer into an interactive learning and gathering space, supporting cultural and educational activities in neighborhoods without easy access to such facilities.",Mobile Community Van/Trailer,Loss of Multi-Purpose Community Spaces,Carnegie Science Center,"1 Allegheny Avenue, Pittsburgh, PA 15212",https://carnegiesciencecenter.org/education/fab-lab-pittsburgh/mobile-fab-lab/,info@carnegiesciencecenter.org,
Mobile MAKESHOP,"Children’s Museum of Pittsburgh’s Mobile MAKESHOP brings carts of portable maker tools and activity guides to schools, libraries, recreation centers, and neighborhood events across Western Pennsylvania. Staff and trained volunteers set up temporary creative 'clubs'—from crafting to simple electronics—so residents can drop in, learn together, and socialize in familiar community spaces, lowering transportation and cost barriers.",Pop-up Clubs and Mobile Cultural Programming,Disappearance of Ethnic Clubs and Fraternal Lodges,Children’s Museum of Pittsburgh,"10 Children’s Way, Pittsburgh, PA 15212",https://pittsburghkids.org,info@pittsburghkids.org,
Mobile Mammography,"UPMC Magee-Womens Hospital operates a Mobile Mammography unit that travels to workplaces, industrial parks, and community sites throughout Western Pennsylvania. By offering screenings during early morning and evening time slots, it enables shift workers to access preventive healthcare on-site or near their jobs, directly supporting the solution’s focus on mobile services at shift change.",Pop-up Markets and Mobile Services at Shift Change,Geographic Dispersion of Union Members,UPMC Magee-Womens Hospital,"300 Halket Street, Pittsburgh, PA 15213",https://www.upmc.com/locations/hospitals/magee/services/breast-health/mobile-mammography,,
Mobile Medical Unit,"Squirrel Hill Health Center operates a Mobile Medical Unit that brings primary care, screenings, vaccinations, and lab services directly to neighborhoods, community sites, and employer locations across Western Pennsylvania. The unit schedules flexible early-morning and evening clinics to reach shift workers where they are, meeting the solution’s call for healthcare vans that align with industrial work schedules.",Pop-up Markets and Mobile Services at Shift Change,Geographic Dispersion of Union Members,Squirrel Hill Health Center,"4516 Browns Hill Road, Pittsburgh, PA 15217",https://squirrelhillhealthcenter.org/services/mobile-medical-unit,info@shhc.org,
Mon Valley Creative Corridor,"Rivers of Steel’s Mon Valley Creative Corridor activates public spaces and vacant storefronts in deindustrialized river towns with pop-up arts programming, workshops, and community events. Using portable gear—tables, PA systems, and art-making kits—and local artist/volunteer facilitators, the initiative rotates among communities like Homestead, Braddock, and McKeesport. It rebuilds gathering places by hosting mobile cultural clubs and events where people already live and work.",Pop-up Clubs and Mobile Cultural Programming,Disappearance of Ethnic Clubs and Fraternal Lodges,Rivers of Steel,"623 East 8th Avenue, Homestead, PA 15120",https://riversofsteel.com,info@riversofsteel.com,
Mon Valley Creative Corridor,"Rivers of Steel’s creative placemaking initiative commissions murals, public art, and cultural projects across Mon Valley communities while engaging residents, artists, and volunteers. By celebrating industrial heritage through collaborative, public-facing arts and tours, the program boosts civic pride and creates opportunities for purposeful participation in community revitalization.",Place-making & Welcome Corridor near Plants,Geographic Dispersion of Union Members,Rivers of Steel Heritage Corporation,"623 East 8th Avenue, Homestead, PA 15120",https://riversofsteel.com,info@riversofsteel.com,
Mon Valley Creative Placemaking,"Rivers of Steel’s Mon Valley Creative Placemaking program funds and produces public art, murals, and wayfinding installations in mill towns such as Homestead, Braddock, and Clairton. Working with local artists, businesses, and volunteers, projects add murals, banners, interpretive signage, and occasional seating to streets and sidewalks near industrial heritage sites like the Carrie Furnaces and The Waterfront, improving walkable corridors between plants and residential neighborhoods. These u...",Place-making & Welcome Corridor near Plants,Geographic Dispersion of Union Members,Rivers of Steel Heritage Corporation,"623 East 8th Avenue, Homestead, PA 15120",https://riversofsteel.com,info@riversofsteel.com,
Mon Valley Independent Community Calendar,"The Mon Valley Independent publishes a community calendar that lists meetings for civic associations, classes, municipal and school board sessions, and local events across the Mon Valley, including the Monongahela area. Submissions from groups are compiled by editors and printed in the newspaper and posted online, creating a single, low-bandwidth outlet for event information and reminders. The printed calendar serves residents—especially seniors—who rely on physical copies for updates on gath...",Community Calendar and Communication Network,Disappearance of Ethnic Clubs and Fraternal Lodges,Mon Valley Independent,"1719 Grand Boulevard, Monessen, PA 15062",https://monvalleyindependent.com,newsroom@monvalleyindependent.com,
Mon Valley Initiative,"Mon Valley Initiative organizes and supports resident action teams in Mon Valley towns to address concrete local priorities such as blight remediation, facade improvements, cleanups, and youth programming. Outreach includes canvassing and one-on-one engagement to assemble short-term volunteer crews and committees that can deliver quick results and build confidence. By mentoring these groups and connecting them to municipal partners, MVI helps rebuild the civic associations that once knit thes...",Revitalize Civic Associations through Issue-Based Working Groups,Disappearance of Ethnic Clubs and Fraternal Lodges,Mon Valley Initiative,"305 East 8th Avenue, Homestead, PA 15120",https://monvalleyinitiative.com,info@monvalleyinitiative.com,
Mon Valley Initiative Workforce Development Program,"MVI’s workforce program convenes employer roundtables and neighborhood partners across the Mon Valley to communicate community needs around housing stability, transportation, and family schedules directly to plant and facility management. The program organizes local hiring events and coordinated outreach, and it helps broker small, practical adjustments with employers—such as staggered start times and on-site interview days—that make jobs more accessible to residents commuting from across the...",Employer-Community Liaison Network,Geographic Dispersion of Union Members,Mon Valley Initiative,"305 East 8th Avenue, Homestead, PA 15120",https://monvalleyinitiative.com,info@monvalleyinitiative.com,
Mon Valley Regional Community Calendar & E-Blasts,"The Mon Valley Regional Chamber of Commerce aggregates community meetings, classes, and civic events from towns across the Monongahela Valley into a shared online calendar and weekly email blasts. Submissions from member organizations, municipalities, and volunteer groups are actively solicited and updated by chamber staff and volunteers, with flyers distributed to local businesses and senior centers for those who prefer print. This common calendar helps fill the communications gap left by th...",Community Calendar and Communication Network,Disappearance of Ethnic Clubs and Fraternal Lodges,Mon Valley Regional Chamber of Commerce,"1 Chamber Plaza, Charleroi, PA 15022",https://www.mvrchamber.org,info@mvrchamber.org,
Monday Morning Coffee & Conversation,"Shaler North Hills Library hosts a weekly, drop-in coffee hour where neighbors gather for informal conversation, news sharing, and connection. Staff and volunteers act as welcoming hosts, facilitate introductions among attendees, and post community announcements, creating a reliable third-place for local residents. The library also layers in book clubs and discussion groups that extend these casual gatherings into regular community-building routines.",Neighborhood Third-Places Program,Disappearance of Ethnic Clubs and Fraternal Lodges,Shaler North Hills Library,"1822 Mt Royal Boulevard, Glenshaw, PA 15116",https://www.shalerlibrary.org,shalerlibrary@einetwork.net,
Monongahela Area Library Events & Meeting Room Calendar,"The Monongahela Area Library posts an events and meeting-room calendar online and provides printed monthly program calendars at the circulation desk for patrons, including seniors. Staff and volunteers share community event flyers on the bulletin board and Facebook, answer phone inquiries, and help local groups get their meetings listed and rooms reserved. This creates a low-bandwidth, print-supported communication hub for Monongahela and nearby river towns.",Community Calendar and Communication Network,Disappearance of Ethnic Clubs and Fraternal Lodges,Monongahela Area Library,"813 West Main Street, Monongahela, PA 15063",https://www.washlibs.org/monongahela/,,
Move PGH Mobility-as-a-Service (Transit App),"Move PGH is the City of Pittsburgh’s Mobility-as-a-Service initiative that consolidates trip planning and payments through the Transit app, integrating Pittsburgh Regional Transit, POGOH bike share, scooters, and carshare to help residents coordinate door-to-door commutes. By providing a single digital hub and a network of physical mobility hubs near job centers, it enables shift workers and commuters from different neighborhoods to plan efficient multi-modal trips and connect to last-mile op...",Digital Neighbor Network & Shift Coordination App,Geographic Dispersion of Union Members,City of Pittsburgh Department of Mobility & Infrastructure (DOMI) and partners,"611 Second Avenue, Pittsburgh, PA 15219",https://pittsburghpa.gov/domi/movepgh,domi@pittsburghpa.gov,
Move PGH – Mobility as a Service Network,"Move PGH integrates Pittsburgh’s transportation options into the Transit app and at neighborhood mobility hubs, connecting bus service, bikeshare (POGOH), carshare, and micromobility for seamless commute planning. It helps residents and shift workers coordinate first/last-mile trips to jobs and community events, and its hubs act as neighborhood touchpoints for information and programming. This creates a blended digital/physical neighbor network that supports shift-timed travel and community i...",Digital Neighbor Network & Shift Coordination App,Geographic Dispersion of Union Members,City of Pittsburgh Department of Mobility and Infrastructure (DOMI),"611 Second Avenue, Pittsburgh, PA 15219",https://move-pgh.com,domi@pittsburghpa.gov,
National Carpatho-Rusyn Cultural and Educational Center,"Housed in a restored former parish social hall in Munhall, the center serves as a community hub welcoming both Rusyn descendants and interested residents. It offers Rusyn language classes, genealogy workshops, folk-art sessions (such as pysanky and embroidery), and public cultural nights that keep heritage alive in an open, neighborhood-facing format. Operated by the volunteer-led Carpatho-Rusyn Society, it relies on memberships, small events, and sponsorships with local governance—closely ma...",Revive Ethnic and Fraternal Clubs as Modern Community Associations,Disappearance of Ethnic Clubs and Fraternal Lodges,Carpatho-Rusyn Society,"915 Dickson Street, Munhall, PA 15120",https://www.c-rs.org,info@c-rs.org,
Neighbor Nights,"Union Project’s monthly Neighbor Nights are free, drop-in gatherings featuring food, arts activities, and guided conversations that bring diverse neighbors together. Staff and volunteers serve as community hosts—welcoming attendees, posting local announcements, and facilitating introductions—so the space functions as a friendly third-place. The series is designed to lower barriers to participation and build ongoing relationships among residents and community groups.",Neighborhood Third-Places Program,Disappearance of Ethnic Clubs and Fraternal Lodges,Union Project,"801 N Negley Avenue, Pittsburgh, PA 15206",https://www.unionproject.org,info@unionproject.org,
Neighbor to Neighbor Micro-Grant Program,"The Pittsburgh Foundation’s Neighbor to Neighbor program distributes $500–$1,000 micro-grants through neighborhood host organizations where resident advisory committees make award decisions. Grants support grassroots efforts like cultural festivals, small clubs, mutual-aid projects, and shared equipment that re-create gathering spaces in communities that have lost traditional lodges and social halls. Backed by local donors and partners, the process features a simple application and quick turn...",Community Micro-Grant Program,Disappearance of Ethnic Clubs and Fraternal Lodges,The Pittsburgh Foundation,"5 PPG Place, Suite 250, Pittsburgh, PA 15222",https://pittsburghfoundation.org,info@pittsburghfoundation.org,
Neighbor to Neighbor Micro-Grant Program,"Lawrenceville United’s Neighbor to Neighbor program offers micro-grants to residents for neighborhood events and projects that build social ties and address community needs. Funding commonly supports event essentials—such as space rental, childcare, translation, food, and outreach—so organizers can host accessible cultural nights, classes, support meetings, and other multi-purpose gatherings.",Micro-grants for Event Organizers,Loss of Multi-Purpose Community Spaces,Lawrenceville United,"4844 Butler Street, Pittsburgh, PA 15201",https://www.lunited.org,info@lunited.org,
Neighbor-to-Neighbor (N2N) Grants,"Neighbor-to-Neighbor grants offer micro-grants to resident-led groups for block-level initiatives such as neighborhood events, small-scale improvements, tool lending, and youth clubs. Applications are brief, decisions are made quickly by community-based reviewers, and funds come from local foundations and business sponsors—mirroring a resident-managed grant pool that seeds grassroots action.",Community Micro-Grant Program,Disappearance of Ethnic Clubs and Fraternal Lodges,Neighborhood Allies,"429 Fourth Avenue, Suite 1900, Pittsburgh, PA 15219",https://neighborhoodallies.org,info@neighborhoodallies.org,
Neighbor-to-Neighbor (N2N) Mini-Grants,"N2N awards micro-grants to Northside residents and grassroots groups to launch block parties, pop-up markets, community gardens, public art, youth activities, and small-scale neighborhood repairs. The program offers coaching and flexible funds so residents can quickly test ideas that build trust, expand local leadership, and activate gathering places close to where people live.",Micro-grants for Local Organizing,Union Hall Closures and Consolidation,New Sun Rising,"112 Sherman Street, Millvale, PA 15209",https://www.newsunrising.org,info@newsunrising.org,
Neighborhood Micro-Grant Program (Johnstown),"The Neighborhood Micro-Grant Program offers small grants to Johnstown residents, neighborhood groups, and informal teams for projects such as block cleanups, small-scale repairs, community gardens, and pop-up events. By channeling quick, flexible funding to resident leaders, it enables visible, neighborhood-level actions that increase participation and strengthen trust in local institutions and among neighbors.",Micro-grants for Local Organizing,Union Hall Closures and Consolidation,Community Foundation for the Alleghenies,"216 Franklin Street, Suite 400, Johnstown, PA 15901",https://www.cfalleghenies.org/grants/,info@cfalleghenies.org,
Neighborhood Outreach & Block Clubs,"The Sisters of St. Joseph Neighborhood Network operates on Erie’s East and West Sides using neighborhood connectors and block club leaders who conduct door-to-door outreach and host small porch gatherings and mini-events. They collect concerns, coordinate cleanups and safety walks, and connect residents to housing assistance, youth programs, and social services. This liaison approach maintains a trusted, hyper-local network that supports residents without relying on a centralized hall.",Local Liaison and Outreach Teams,Union Hall Closures and Consolidation,Sisters of St. Joseph Neighborhood Network,"425 West 18th Street, Erie, PA 16502",https://www.ssjnn.org,info@ssjnn.org,
Neighborhood Safety and Community Engagement,"Operation Better Block organizes resident block captains and staff organizers who go block-to-block in Homewood to check in with neighbors, host small block meetings and walks, and collect community concerns around safety, housing, and public services. These liaisons route issues to the appropriate city departments and service providers and convene gatherings on porches, sidewalks, and partner sites rather than relying on a single hall. The approach keeps a consistent, local presence that con...",Local Liaison and Outreach Teams,Union Hall Closures and Consolidation,"Operation Better Block, Inc.","801 N Homewood Avenue, Pittsburgh, PA 15208",https://www.obbinc.org,info@obbinc.org,
New American Welcome Center (Erie),"The YMCA of Greater Erie’s New American Welcome Center creates welcoming pathways for immigrants and refugees through orientation workshops, resource navigation, and English language support. It connects newcomers with volunteer ambassadors and local mentors who help them explore neighborhood activities, civic associations, and community services. The center also convenes regular cultural and social events that build relationships between new and long-time residents.",Welcome and Newcomer Integration Network,Disappearance of Ethnic Clubs and Fraternal Lodges,YMCA of Greater Erie,"31 West 10th Street, Erie, PA 16501",https://www.ymcaerie.org/programs/new-american-welcome-center/,nawc@ymcaerie.org,
Nonprofit Energy Efficiency Program (NEEP),"Green Building Alliance provides nonprofits and houses of worship with energy benchmarking, walkthrough audits, and technical assistance to scope retrofits like LED lighting, insulation/air sealing, and HVAC upgrades. GBA helps participants secure grants, utility rebates, and mini-grants, and convenes pro bono partners to reduce project costs. This program directly implements the solution by organizing low- or no-cost efficiency projects that lower operating expenses for community buildings a...",Energy Efficiency Retrofits,Union Hall Closures and Consolidation,Green Building Alliance,"211 Fort Pitt Boulevard, Pittsburgh, PA 15222",https://www.go-gba.org,info@go-gba.org,
Nonprofit Resilience Program,"New Sun Rising supports community-based organizations with capacity-building, mini-grants, and project management to plan and implement facility energy efficiency retrofits. They organize volunteer workdays and help groups leverage grants and donations to complete LED lighting upgrades, weatherization/insulation, and high-efficiency heating improvements that lower operating costs for neighborhood halls and community spaces, especially within the Triboro Ecodistrict.",Energy Efficiency Retrofits,Union Hall Closures and Consolidation,New Sun Rising,"112 Sherman Street, Millvale, PA 15209",https://www.newsunrising.org,info@newsunrising.org,
Northland Public Library Meeting Rooms & Hotspot Lending,"Northland Public Library offers bookable meeting rooms equipped with displays and video‑conferencing support so local groups can run hybrid meetings that include remote attendees. The library also provides free public Wi‑Fi throughout the building and lends mobile Wi‑Fi hotspots, expanding digital access for shift workers and residents who need to join meetings from home or on the go.",Hybrid Meeting Kits and Digital Access Points,Loss of Multi-Purpose Community Spaces,Northland Public Library,"300 Cumberland Road, Pittsburgh, PA 15237",https://www.northlandlibrary.org,ask@northlandlibrary.org,
Northland Public Library Mobile Hotspots and A/V‑Equipped Meeting Rooms,"Northland Public Library circulates mobile Wi‑Fi hotspots and provides robust on‑site public Wi‑Fi, expanding digital access for patrons and community groups. Its meeting rooms include presentation and teleconferencing capabilities, allowing local organizations to run hybrid meetings and programs that connect residents who cannot attend in person.",Hybrid Meeting Kits and Digital Access Points,Loss of Multi-Purpose Community Spaces,Northland Public Library,"300 Cumberland Road, Pittsburgh, PA 15237",https://www.northlandlibrary.org,ask@northlandlibrary.org,
Oakland Community Land Trust,"OPDC’s Oakland Community Land Trust acquires and rehabilitates vacant or distressed houses in South and West Oakland, then sells them to income-qualified buyers under a long-term ground lease to ensure permanent affordability. The program prioritizes Oakland’s workforce (such as employees of nearby hospitals and universities) and long-time neighborhood residents, reducing commute burdens and strengthening everyday social ties among coworkers who can live close to major employers. Ongoing stew...",Community Land Trust for Workforce Housing,Geographic Dispersion of Union Members,Oakland Planning & Development Corporation (OPDC),"294 Semple Street, Pittsburgh, PA 15213",https://www.opdc.org,info@opdc.org,
Oakland Community Land Trust,"OPDC’s Community Land Trust acquires properties and holds land in trust to produce permanently affordable, community-controlled housing in Oakland using 99-year ground leases. When properties present environmental concerns from legacy uses, OPDC works with municipal, URA, and PA DEP partners to assess and remediate sites prior to redevelopment. This approach keeps remediated land in community hands, ensures long-term affordability, and prevents displacement from market pressure near major ins...",Community Land Trust for Workforce Housing,Geographic Dispersion of Union Members,Oakland Planning and Development Corporation (OPDC),"294 Semple Street, Pittsburgh, PA 15213",https://www.opdc.org,info@opdc.org,
Oakland-Wide Community Meetings & Development Activities Meetings,"OPDC convenes regular neighborhood assemblies where residents, students, institutions, and city departments discuss priorities, review development proposals, and coordinate problem-solving. These meetings combine community agenda-setting with formal DAMs so residents can vet projects, ask questions of agencies, and hold decision-makers accountable. Sessions are held in neighborhood venues and virtually to broaden access and ensure a direct community voice in Oakland’s planning and investments.",Neighborhood Assemblies and Civic Nights,Loss of Multi-Purpose Community Spaces,Oakland Planning and Development Corporation (OPDC),"294 Semple Street, Pittsburgh, PA 15213",https://www.opdc.org,info@opdc.org,
Oakland-Wide Community Meetings & Development Activities Meetings (DAM),"OPDC hosts Oakland-wide meetings and official Development Activities Meetings where residents, students, institutions, and city agencies discuss neighborhood priorities and review public and private projects. These assemblies rotate across Oakland venues to improve access and are designed to collect community input, surface concerns, and hold developers and agencies accountable before decisions are made.",Neighborhood Assemblies and Civic Nights,Loss of Multi-Purpose Community Spaces,Oakland Planning and Development Corporation,"294 Semple Street, Pittsburgh, PA 15213",https://www.opdc.org,info@opdc.org,
Oliver Bath House,"The City’s historic indoor public bath house offers showers, locker rooms, and a pool with programming that includes early-morning lap swim and evening hours, making it practical for off-shift workers. By revitalizing a once-underused public facility into an all-season amenity hub, it provides a neutral, shared space where residents and commuters can refresh, socialize, and anchor community life.",Shared Public Spaces & Shift-Friendly Amenities,Geographic Dispersion of Union Members,City of Pittsburgh Department of Parks & Recreation (Citiparks),"38 S 10th Street, Pittsburgh, PA 15203",https://pittsburghpa.gov/citiparks/oliver-bath-house,citiparks@pittsburghpa.gov,
Oliver Bath House (Indoor Pool & Bathhouse),"Recently restored by the City of Pittsburgh, the historic Oliver Bath House provides an indoor pool with locker rooms and showers in a public facility designed for broad community use. Evening and weekend swim sessions create shift-friendly access so workers can clean up, exercise, and meet neighbors in a revived civic space that historically served as a community bathhouse.",Shared Public Spaces & Shift-Friendly Amenities,Geographic Dispersion of Union Members,City of Pittsburgh – Citiparks,"38 S 10th Street, Pittsburgh, PA 15203",https://pittsburghpa.gov/citiparks/oliver-bath-house,citiparks@pittsburghpa.gov,
One Northside Community Small Grants,"New Sun Rising’s One Northside Community Small Grants program provides micro-grants to Northside residents and grassroots groups to launch or expand community events and projects. Funds can be used for practical costs like venue/space fees, outreach and translation, childcare, and supplies—helping organizers make activities such as cultural nights, sports leagues, language classes, and recovery meetings more accessible and welcoming.",Micro-grants for Event Organizers,Loss of Multi-Purpose Community Spaces,New Sun Rising,"112 Sherman Street, Millvale, PA 15209",https://www.newsunrising.org/project/one-northside/,info@newsunrising.org,
One Northside Mini-Grants,"Administered by New Sun Rising, this program provides seed funding and coaching for Northside residents to launch their own clubs, teams, and interest-based groups (e.g., gardening collectives, music meetups, neighborhood sports, maker circles). Grants help cover startup costs like supplies, facilitation, and space, while staff provide technical assistance and connections to venues—enabling worker- and resident-led social life to form around shared interests rather than single-issue politics.",Community Micro-Grant Program,Disappearance of Ethnic Clubs and Fraternal Lodges,New Sun Rising,"100 South Commons, Suite 102, Pittsburgh, PA 15212",https://www.newsunrising.org/program/one-northside-mini-grants/,info@newsunrising.org,
One Northside Mini-Grants,"One Northside Mini-Grants provide small, fast-turnaround awards to Northside residents and grassroots groups to launch block-level projects like pop-up events, clean-ups, community gardens, and small-scale repairs to shared spaces. By putting flexible dollars directly in the hands of neighbors, the program helps people pilot activities that build trust, visibility, and participation at the neighborhood scale.",Community Micro-Grant Program,Disappearance of Ethnic Clubs and Fraternal Lodges,New Sun Rising,"112 Sherman Street, Millvale, PA 15209",https://www.newsunrising.org/project/one-northside-mini-grants/,info@newsunrising.org,
One Northside Mini-Grants,"Administered by New Sun Rising, the One Northside Mini-Grants program awards microgrants to Northside residents and grassroots groups to activate shared spaces—such as church halls, branch libraries, parks, and small business storefronts—with free or low-cost community programming. Grants typically support supplies, small stipends, and space costs for gatherings that build social ties and neighborhood pride without political advocacy, aligning precisely with a neighborhood grants approach for...",Community Micro-Grant Program,Disappearance of Ethnic Clubs and Fraternal Lodges,New Sun Rising,"112 Sherman Street, Millvale, PA 15209",https://www.newsunrising.org,info@newsunrising.org,
One Northside Mini-Grants,"Administered by New Sun Rising, the One Northside Mini-Grants program awards microgrants to Northside residents and grassroots groups to activate shared spaces—such as church halls, branch libraries, parks, and small business storefronts—with free or low-cost community programming. Grants typically support supplies, small stipends, and space costs for gatherings that build social ties and neighborhood pride without political advocacy, aligning precisely with a neighborhood grants approach for...",Micro-grants for Event Organizers,Loss of Multi-Purpose Community Spaces,New Sun Rising,"112 Sherman Street, Millvale, PA 15209",https://www.newsunrising.org,info@newsunrising.org,
One Northside Mini-Grants,"One Northside Mini-Grants provide small, fast-turnaround awards to Northside residents and grassroots groups to launch block-level projects like pop-up events, clean-ups, community gardens, and small-scale repairs to shared spaces. By putting flexible dollars directly in the hands of neighbors, the program helps people pilot activities that build trust, visibility, and participation at the neighborhood scale.",Micro-grants for Local Organizing,Union Hall Closures and Consolidation,New Sun Rising,"112 Sherman Street, Millvale, PA 15209",https://www.newsunrising.org/project/one-northside-mini-grants/,info@newsunrising.org,
One Northside Neighbor-to-Neighbor (N2N) Grants,"N2N provides micro-grants to Northside residents and groups to activate public spaces, host small-scale events, and complete block-level beautification and repair projects. The program seeds resident-driven ideas, helping neighbors collaborate on tangible improvements that rebuild social connections and trust across Northside communities.",Micro-grants for Local Organizing,Union Hall Closures and Consolidation,The Buhl Foundation,"5 PPG Place, Suite 250, Pittsburgh, PA 15222",https://buhlfoundation.org/initiatives/one-northside/,info@buhlfoundation.org,
Open Hack Night,"HackPGH’s weekly Open Hack Nights and member-led workshops are structured as peer-to-peer skill shares where participants demonstrate techniques, troubleshoot projects, and mentor others. The shop’s metalworking, welding, and fabrication areas draw industrial workers and hobbyists alike for evening sessions, creating opportunities for current and former mill workers to exchange knowledge outside the workplace. Regular, low-barrier gatherings help rebuild the casual social interaction lost to ...",Worker-to-Worker Mentorship & Skills Nights,Geographic Dispersion of Union Members,HackPGH,"1936 Fifth Avenue, Pittsburgh, PA 15219",https://www.hackpgh.org,info@hackpgh.org,
Open Mic Night,"Uncommon Grounds Café hosts recurring evening Open Mic Nights alongside early-morning breakfast hours, providing a casual, welcoming setting where neighbors and shift workers can meet before or after work. Located in Aliquippa near Beaver County industrial employers, these informal gatherings use food and music to create low-barrier opportunities for coworkers and local residents to connect across different schedules.",Shift-Aligned Community Events,Geographic Dispersion of Union Members,Uncommon Grounds Café,"380 Franklin Avenue, Aliquippa, PA 15001",https://www.uncommongroundscafe.org,info@uncommongroundscafe.org,
Open Mic Night at Uncommon Grounds Cafe,"Uncommon Grounds Cafe in Aliquippa hosts recurring open mic nights and maintains daily drop-in coffeehouse hours that foster casual community connection. Volunteers and staff provide hospitality, welcome newcomers, share local announcements on community boards, and encourage introductions between patrons—creating a consistent third-place for neighbors. As a small, faith-rooted business, the cafe’s regular gatherings offer a low-pressure way for residents to meet, be heard, and build relations...",Neighborhood Third-Places Program,Disappearance of Ethnic Clubs and Fraternal Lodges,Uncommon Grounds Cafe (Church Army USA),"380 Franklin Avenue, Aliquippa, PA 15001",https://www.ugrcafe.org,,
Open Shop Nights & Member-Led Skillshares,"Protohaven is a community makerspace that hosts open shop nights and member-led classes in metalworking, welding, woodworking, and fabrication. These peer-led sessions encourage participants—including tradespeople, hobbyists, and retirees—to teach one another, share techniques, and build ongoing mentorship relationships. By offering regular, evening skill-sharing gatherings in a local hall, Protohaven helps reconnect workers from across the region in a supportive, hands-on environment.",Worker-to-Worker Mentorship & Skills Nights,Geographic Dispersion of Union Members,Protohaven,"214 N Trenton Avenue, Wilkinsburg, PA 15221",https://www.protohaven.org,info@protohaven.org,
Operation Better Block,"Operation Better Block organizes resident-led block clubs and working groups in Homewood and nearby neighborhoods that focus on tangible issues like vacant lot care, street lighting, safety, and youth activities. Staff conduct door-to-door outreach to recruit neighbors for short-term projects and provide tools and coaching, leading to visible small wins such as cleanup days and coordinated 311 requests. These efforts reactivate block-level associations and build capacity for broader neighborh...",Revitalize Civic Associations through Issue-Based Working Groups,Disappearance of Ethnic Clubs and Fraternal Lodges,"Operation Better Block, Inc.","801 N Homewood Avenue, Pittsburgh, PA 15208",https://www.obbpgh.org,info@obbpgh.org,
Operation Safety Net Mobile Medical Team,"Pittsburgh Mercy’s Operation Safety Net deploys mobile medical teams and vans to provide health care, vaccinations, harm reduction, and case management to people in shelters, encampments, and hard-to-reach neighborhoods. Their mobile outreach frequently partners with community groups to host resource fairs and enrollment events, transforming the van and its setup into a temporary community service hub that meets people where they are.",Mobile Community Van/Trailer,Loss of Multi-Purpose Community Spaces,Pittsburgh Mercy – Operation Safety Net,"1515 Forbes Avenue, Suite 100, Pittsburgh, PA 15219",https://www.pittsburghmercy.org/homeless-services/operation-safety-net/,info@pittsburghmercy.org,
Operation Safety Net Street Medicine (Mobile Outreach Clinics),"Operation Safety Net uses outreach vans to bring primary care, behavioral health, vaccinations, and benefits enrollment directly to people in encampments and underserved neighborhoods. These mobile clinics create temporary, accessible service hubs in parking lots and public spaces, where residents can meet with clinicians and case managers and get connected to housing and ID services. The model replaces the need for a fixed community hall by assembling multi-service, on-the-spot care and cons...",Mobile Community Van/Trailer,Loss of Multi-Purpose Community Spaces,Pittsburgh Mercy,"1200 Reedsdale Street, Pittsburgh, PA 15233",https://www.pittsburghmercy.org/what-we-do/community-health/operation-safety-net/,info@pittsburghmercy.org,
Oral History Program,"The Donora Historical Society & Smog Museum’s Oral History Program records interviews with mill workers, union members, and longtime residents about Mon Valley life, including the role of ethnic fraternal clubs. The society collaborates with local schools and community partners to guide students in interviewing elders and digitizing photographs and memorabilia during community ‘scan days.’ Student-produced exhibits and online features share these stories publicly, preserving club memories and...",Local Heritage Curriculum and Oral History Projects,Disappearance of Ethnic Clubs and Fraternal Lodges,Donora Historical Society & Smog Museum,"595 McKean Avenue, Donora, PA 15033",https://www.donorahistoricalsociety.org,donorahistoricalsociety@gmail.com,
PA CareerLink Butler County Library Pop-Up Career Services,"PA CareerLink Butler County regularly partners with the Butler County Federated Library System and local high schools to co-host resume workshops, job-search classes, and hiring events in neighborhood libraries and school facilities. These shared programs bring employers and training providers into familiar public venues, connecting adult jobseekers and students to apprenticeships, career fairs, and on-ramps to work without requiring travel to a central office.",Shared Programming with Schools and Libraries,Union Hall Closures and Consolidation,PA CareerLink Butler County,"112 Hollywood Drive, Suite 201, Butler, PA 16001",https://www.pacareerlink.pa.gov,,
PA CareerLink Workforce Workshops at Monroeville Public Library,"Monroeville Public Library partners with PA CareerLink Allegheny East to host recurring workforce development workshops, resume assistance, and employer information sessions at the library. Co-locating these career services in a public library provides accessible adult education and hiring connections, sustaining regular activity in a community venue and reinforcing public trust in local institutions.",Shared Programming with Schools and Libraries,Union Hall Closures and Consolidation,Monroeville Public Library and PA CareerLink Allegheny East,"4000 Gateway Campus Boulevard, Monroeville, PA 15146",https://www.monroevillelibrary.org,reference@monroevillelibrary.org,
PHCA Community Calendar & Neighborhood Newsletter,"The Polish Hill Civic Association runs a community calendar on its website and in a printed neighborhood newsletter that lists meetings, classes, and local events. PHCA volunteers maintain the listings, post paper bulletins on community boards, and hand-deliver or mail printed copies to seniors and neighbors without internet access, while also sending reminders via email and Facebook. They coordinate with nearby facilities to share meeting space options for neighborhood gatherings.",Community Calendar and Communication Network,Disappearance of Ethnic Clubs and Fraternal Lodges,Polish Hill Civic Association,"3060 Brereton Street, Pittsburgh, PA 15219",https://www.phcapgh.org,phca@phcapgh.org,
PHCA Community Meetings & Development Activities Meetings,"The Polish Hill Civic Association holds monthly community meetings and RCO Development Activities Meetings where residents deliberate about local priorities, evaluate development and infrastructure proposals, and engage directly with city officials and service agencies. Meetings are hosted in accessible neighborhood venues, creating recurring civic nights that give residents a direct voice and a platform for ongoing accountability.",Neighborhood Assemblies and Civic Nights,Loss of Multi-Purpose Community Spaces,Polish Hill Civic Association,"3060 Brereton Street, Pittsburgh, PA 15219",https://www.phcapgh.org,phca@phcapgh.org,
Partner4Work Manufacturing Industry Partnership,"Partner4Work convenes a standing, employer-led partnership of manufacturing plant managers, HR leaders, unions, and community organizations to identify and address barriers like commuting, shift scheduling, and local talent pipelines. Through regular roundtables and working groups, the partnership negotiates practical steps with employers such as staging local hiring events in neighborhoods, aligning shift start times with available transit, and piloting staggered shifts to accommodate worker...",Employer-Community Liaison Network,Geographic Dispersion of Union Members,Partner4Work,"650 Smithfield Street, Suite 2600, Pittsburgh, PA 15222",https://www.partner4work.org/industry-partnerships/,info@partner4work.org,
Passavant Hospital Foundation Farmers Market,"This seasonal pop-up farmers market sets up on the UPMC Passavant–McCandless campus with afternoon/evening hours timed around hospital shift changes. Located next to staff entrances and parking areas, it enables healthcare and nearby industrial park workers to purchase local food and connect with vendors and coworkers without leaving the workplace.",Pop-up Markets and Mobile Services at Shift Change,Geographic Dispersion of Union Members,Passavant Hospital Foundation,"9100 Babcock Boulevard, Pittsburgh, PA 15237",https://www.passavanthospitalfoundation.org/farmersmarket/,,
Pitt Slovak Heritage Festival,"The University of Pittsburgh’s annual Slovak Heritage Festival brings together artisans, folk musicians, dance troupes, food vendors, and storytellers to celebrate Slovak and neighboring Central/Eastern European traditions. Organized with faculty, student groups, and community volunteers, the festival features intergenerational demonstrations (e.g., crafts, cooking, and folk dance) and invites elders and cultural leaders to share knowledge—directly aligning with the rotating heritage festival...",Annual and Seasonal Heritage Festivals,Disappearance of Ethnic Clubs and Fraternal Lodges,"University of Pittsburgh – Slovak Studies Program, Department of Slavic Languages & Literatures","4200 Fifth Avenue, Pittsburgh, PA 15260",https://www.slavic.pitt.edu,slavic@pitt.edu,
PittCommute (Carpool & Commute Management),"PittCommute provides University of Pittsburgh employees and students with a digital commute platform that helps match carpools and vanpools, share commute information, and connect with available transit and shuttle options. Users can find ride partners by home area and work or class schedule, which is especially helpful for shift-based staff who live in distant suburbs. This implements the solution by coordinating shared rides for a large regional employer community and serving as an online h...",Digital Neighbor Network & Shift Coordination App,Geographic Dispersion of Union Members,"University of Pittsburgh Parking, Transportation & Services","4200 Fifth Avenue, Pittsburgh, PA 15260",https://www.mobility.pitt.edu,parking@pitt.edu,
Pittsburgh 2030 District,"The Pittsburgh 2030 District convenes building owners and operators—including nonprofit halls and community centers—to benchmark energy use, conduct assessments, and identify cost-effective retrofit opportunities. Green Building Alliance staff connect participants to rebates, grants, and technical resources to execute LED lighting upgrades, HVAC improvements, and building envelope enhancements that reduce utility costs and strengthen community facilities.",Energy Efficiency Retrofits,Union Hall Closures and Consolidation,Green Building Alliance,"211 North Whitfield Street, Suite 300, Pittsburgh, PA 15206",https://www.go-gba.org,info@gbapgh.org,
Pittsburgh 2030 District,"The Pittsburgh 2030 District brings together building owners, nonprofits, and community facilities to benchmark energy performance, conduct audits, and plan efficiency projects such as LED lighting, envelope improvements, and HVAC upgrades. Green Building Alliance provides technical assistance, connects participants to grants and utility rebates, and facilitates peer learning, enabling organizations to fund and execute retrofits that reduce energy use and operating costs.",Energy Efficiency Retrofits,Union Hall Closures and Consolidation,Green Building Alliance,"325 Boulevard of the Allies, Pittsburgh, PA 15222",https://www.2030districts.org/pittsburgh,info@gbapgh.org,
Pittsburgh Community ToolBank – Tool Lending Program,"The Pittsburgh Community ToolBank maintains a shared inventory of professional-grade tools and equipment that nonprofits, neighborhood groups, and unions can borrow for pennies on the dollar to power volunteer repair and maintenance projects. By eliminating the need for each group to purchase and store tools, it lowers the per-member cost burden and enables large, coordinated volunteer workdays for seasonal upkeep and safety repairs. This infrastructure directly supports a pooled labor-and-re...",Shared Maintenance Pool,Union Hall Closures and Consolidation,Pittsburgh Community ToolBank,"1815 Metropolitan Street, Pittsburgh, PA 15233",https://pittsburgh.toolbank.org,pittsburgh@toolbank.org,
Pittsburgh Pierogi Festival,"Hosted annually at Kennywood Park, the Pittsburgh Pierogi Festival celebrates the region’s Eastern European culinary heritage with dozens of vendors, live music, and cooking demonstrations. The event engages local bakeries, churches, and cultural groups—many rooted in Polish, Ukrainian, Slovak, and Hungarian traditions—mobilizing volunteers and elder artisans to share recipes and stories that foster pride and connections across neighborhoods.",Annual and Seasonal Heritage Festivals,Disappearance of Ethnic Clubs and Fraternal Lodges,Pittsburgh Pierogi Festival,"4800 Kennywood Boulevard, West Mifflin, PA 15122",https://www.pittsburghpierogifestival.com,info@pittsburghpierogifestival.com,
Pittsburgh Pierogi Festival,"Hosted annually at Kennywood Park, this festival celebrates the region’s Eastern European roots—especially Polish, Slovak, and Ukrainian—through food, live music, artisan vendors, and cultural demonstrations. The event is volunteer-driven with community partners and performers, and it highlights intergenerational traditions such as dumpling-making and folk music, effectively functioning as a seasonal heritage festival that reconnects neighborhoods to their immigrant-era identities.",Annual and Seasonal Heritage Festivals,Disappearance of Ethnic Clubs and Fraternal Lodges,GoodTaste! Pittsburgh,"4800 Kennywood Boulevard, West Mifflin, PA 15122",https://www.pittsburghpierogifestival.com,info@pittsburghpierogifestival.com,
Pittsburgh Public Schools – Community Use of Facilities,"Pittsburgh Public Schools operates a formal permitting program that allows nonprofits, neighborhood groups, youth leagues, and civic organizations to use school auditoriums, gyms, cafeterias, and classrooms during evenings and weekends. By opening school buildings after hours through written agreements, the district provides stable, nearby venues for trainings, family events, and civic meetings while leveraging the trust and accessibility of neighborhood schools.","Partnerships with Unions, Churches, and Schools",Loss of Multi-Purpose Community Spaces,Pittsburgh Public Schools,"341 S Bellefield Avenue, Pittsburgh, PA 15213",https://www.pghschools.org,,
Pittsburgh Slovak Heritage Festival,"Held annually at the University of Pittsburgh’s Cathedral of Learning, the Pittsburgh Slovak Heritage Festival showcases Slovak food, folk music and dance, crafts, genealogy, and language/cooking demonstrations. Organized with university and community volunteers, it invites artisans and culture bearers to teach traditions to families and students, building intergenerational links and pride in Slovak heritage while fostering ties among regional communities.",Annual and Seasonal Heritage Festivals,Disappearance of Ethnic Clubs and Fraternal Lodges,University of Pittsburgh – Slovak Studies Program,"4200 Fifth Avenue, Pittsburgh, PA 15260",https://www.pghslovakfestival.com,nationalityrooms@pitt.edu,
Pittsburgh Tool Library,"The Pittsburgh Tool Library enables neighbors to borrow tools and participate in workshops while contributing volunteer hours to staff the shop, maintain tools, and support community fix-it events. This time-and-skill exchange model keeps access affordable, fosters peer coaching and setup/teardown support for neighborhood projects, and builds mutual trust without depending solely on paid personnel.",Timebank and Skills-Share Network,Loss of Multi-Purpose Community Spaces,Pittsburgh Tool Library,"5404 Penn Ave, Pittsburgh, PA 15206",https://pghtools.org,info@pghtools.org,
Pittsburgh ToolBank,"Pittsburgh ToolBank equips volunteer crews from unions, neighborhood groups, and nonprofits with professional-grade tools at a fraction of retail cost, enabling large-scale maintenance and repair projects. By centralizing tools and equipment, ToolBank lowers material barriers and supports shared volunteer rosters to handle seasonal upkeep, accessibility improvements, and safety repairs. This resource-sharing model significantly reduces per-project expenses and increases the capacity to keep c...",Shared Maintenance Pool,Union Hall Closures and Consolidation,Pittsburgh ToolBank (ToolBank USA),"635 Industry Street, Pittsburgh, PA 15210",https://pittsburgh.toolbank.org,pittsburgh@toolbank.org,
Pittsburgh Toy Lending Library,"The Pittsburgh Toy Lending Library is a volunteer-run cooperative that lends toys and provides a shared play space where families connect, swap childcare tips, and coordinate informal support. By pooling resources and circulating toys through a lending model, it lowers the cost of childcare-related items and strengthens neighbor-to-neighbor relationships, embodying the solution’s community-managed sharing and mutual aid approach.","Mutual Aid Networks, Tool Libraries, and Time Banks",Disappearance of Ethnic Clubs and Fraternal Lodges,Pittsburgh Toy Lending Library,"5401 Centre Avenue, Pittsburgh, PA 15232",https://www.pghtoylibrary.org,info@pghtoylibrary.org,
Pittsburgh Toy Lending Library,"The Pittsburgh Toy Lending Library is a volunteer-run cooperative that lends toys and provides a shared play space where families connect, swap childcare tips, and coordinate informal support. By pooling resources and circulating toys through a lending model, it lowers the cost of childcare-related items and strengthens neighbor-to-neighbor relationships, embodying the solution’s community-managed sharing and mutual aid approach.",Timebank and Skills-Share Network,Loss of Multi-Purpose Community Spaces,Pittsburgh Toy Lending Library,"5401 Centre Avenue, Pittsburgh, PA 15232",https://www.pghtoylibrary.org,info@pghtoylibrary.org,
Pittsburgh Toy Lending Library & Playspace,"PTLL is a parent-run cooperative where families exchange volunteer shifts (front desk, cleaning, event setup/teardown, committee work) for affordable access to a shared playspace and circulating toy library. By organizing birthday parties, playgroups, and family meetups with volunteer labor, it functions as a neighborhood skills-share network that supports childcare and community gatherings while minimizing paid staffing.",Timebank and Skills-Share Network,Loss of Multi-Purpose Community Spaces,Pittsburgh Toy Lending Library,"5401 Centre Ave, Pittsburgh, PA 15232",https://www.pghtoys.org,info@pghtoys.org,
Pittsburghers for Public Transit,"Pittsburghers for Public Transit builds rider- and worker-led neighborhood committees that meet regularly in libraries, churches, and community rooms to organize for better transit service and worker protections. These small, place-based groups keep residents connected and engaged in local decision-making, providing a durable alternative to centralized halls for ongoing civic action.",Neighborhood Organizing Cells,Union Hall Closures and Consolidation,Pittsburghers for Public Transit,"5119 Penn Avenue, Pittsburgh, PA 15224",https://www.pittsburghforpublictransit.org,info@pittsburghforpublictransit.org,
Polish Hill Civic Association,"The Polish Hill Civic Association hosts standing committees and ad hoc working groups focused on immediate neighborhood concerns, including greenspace, traffic and mobility, development, and public safety. They recruit volunteers through direct outreach and community events, offer low-commitment work sessions, and celebrate quick, visible improvements like cleanups and garden workdays. These small, issue-based teams feed into the larger civic association, restoring participation and trust amo...",Revitalize Civic Associations through Issue-Based Working Groups,Disappearance of Ethnic Clubs and Fraternal Lodges,Polish Hill Civic Association of Pittsburgh,"3060 Brereton Street, Pittsburgh, PA 15219",https://www.phcapgh.org,phca@phcapgh.org,
Pop-Up Creative Reuse Programs,"Pittsburgh Center for Creative Reuse runs pop-up crafting sessions in libraries, schools, and other community spaces using portable bins of reclaimed materials and step-by-step activity guides. Staff and volunteers facilitate card-making, collaborative art, and design challenges that operate like mobile clubs and can be scheduled across different neighborhoods. This model reanimates shared gathering spaces with low-cost, welcoming activities that build community bonds.",Pop-up Clubs and Mobile Cultural Programming,Disappearance of Ethnic Clubs and Fraternal Lodges,Pittsburgh Center for Creative Reuse,"214 North Lexington Street, Pittsburgh, PA 15208",https://www.pccr.org,info@pccr.org,
Pop-Up Play,"Neighborhood North launched and continues Pop-Up Play sessions that bring hands-on STEAM activities, family nights, and club-style gatherings to vacant storefronts, church halls, and school gyms in Beaver Falls. By rotating these mobile programs across underused community spaces, the initiative provides places for registrations, resource tables, and group meetups—mirroring the multi-purpose role of former union halls. The pop-ups also demonstrate to landlords and funders that there is active ...",Pop-up Events in Vacant Spaces,Loss of Multi-Purpose Community Spaces,Neighborhood North Museum of Play,"716 14th Street, Beaver Falls, PA 15010",https://www.neighborhoodnorth.com,info@neighborhoodnorth.com,
Pop-Up Play,"Pop-Up Play brings hands-on learning, family resource fairs, and clubs into vacant or underused storefronts and community halls across Beaver Falls and surrounding communities. By temporarily converting these spaces into welcoming, multi-purpose venues, the program rebuilds social infrastructure—hosting gatherings that mirror union-hall functions—while showcasing demand for permanent activation to property owners and funders.",Pop-up Events in Vacant Spaces,Loss of Multi-Purpose Community Spaces,Neighborhood North: Museum of Play,"716 14th Street, Beaver Falls, PA 15010",https://www.neighborhoodnorth.com,info@neighborhoodnorth.com,
Pop-Up Play Events,"The Playful Pittsburgh Collaborative convenes pop-up play events—like traveling play days and neighborhood play clubs—in parks, schoolyards, church lots, and library spaces across Western Pennsylvania. Volunteer play facilitators bring mobile kits of loose parts, games, and activity prompts that can be quickly set up and shared among sites. These rotating gatherings recreate the social, low-barrier club feel that once existed in ethnic halls by encouraging intergenerational play and community...",Pop-up Clubs and Mobile Cultural Programming,Disappearance of Ethnic Clubs and Fraternal Lodges,Playful Pittsburgh Collaborative,"5608 Wilkins Avenue, Pittsburgh, PA 15217",https://www.playfulpittsburgh.org,info@playfulpittsburgh.org,
Pop-Up Programs,"Assemble brings mobile STEAM clubs to schools, libraries, and storefronts throughout Pittsburgh, using portable kits of tools, art supplies, and activity guides. Staff and volunteer facilitators host short-term, recurring pop-up workshops that transform borrowed spaces into creative hubs for making, learning, and social connection. By moving from neighborhood to neighborhood, these programs recreate the informal club atmosphere lost with the closure of ethnic and fraternal halls.",Pop-up Clubs and Mobile Cultural Programming,Disappearance of Ethnic Clubs and Fraternal Lodges,Assemble,"4824 Penn Avenue, Pittsburgh, PA 15224",https://www.assemblepgh.org,info@assemblepgh.org,
Pre-Apprenticeship Training Program,"The Trade Institute of Pittsburgh delivers hands-on pre-apprenticeship training in masonry, carpentry, and related trades for local residents, coordinating directly with union apprenticeship programs and regional contractors. TIP emphasizes neighborhood-based recruitment and wraparound supports, then places graduates into union apprenticeships and jobs with employers in and around Pittsburgh’s legacy industrial communities. This approach prioritizes local hiring and builds durable peer networ...",Local Hiring & Apprenticeship Partnership,Geographic Dispersion of Union Members,Trade Institute of Pittsburgh,"7800 Susquehanna Street, Suite 301, Pittsburgh, PA 15208",https://www.tradeinstitute.org,info@tradeinstitute.org,
Project RE_ and DIY Workshops,"Construction Junction provides affordable reclaimed building materials and hosts hands-on DIY workshops through Project RE_, helping residents learn skills for deconstruction, framing, and materials reuse. These trainings and low-cost supplies enable homeowners and neighborhood groups to organize volunteer build days and reduce expenses when constructing tiny homes or converting spaces into ADUs.",Accessory Dwelling Unit (ADU) & Tiny Home Support,Geographic Dispersion of Union Members,Construction Junction,"214 N Lexington Street, Pittsburgh, PA 15208",https://www.constructionjunction.org,info@constructionjunction.org,
Protohaven Shop Stewards Volunteer Program,"Protohaven recruits and trains volunteer Shop Stewards who staff open hours, welcome members and guests, and maintain the shared makerspace. Stewards monitor safety, help orient new users, support class check-ins and equipment reservations, and ensure the space remains accessible and ready for a wide range of community uses. Their consistent presence across workshops, meetups, and maker events builds relationships and continuity similar to traditional community halls.",Volunteer Venue Stewards Program,Loss of Multi-Purpose Community Spaces,Protohaven,"214 N Trenton Avenue, Wilkinsburg, PA 15221",https://www.protohaven.org,info@protohaven.org,
Public Programs at the Pump House,"The Battle of Homestead Foundation hosts regular public programs, talks, and worker roundtables at the historic Pump House that feature retired and active steelworkers sharing shop-floor knowledge, stories, and techniques. These events create informal mentorship and peer-to-peer learning in a familiar local hall, strengthening intergenerational ties among workers who now live and commute from across the region.",Worker-to-Worker Mentorship & Skills Nights,Geographic Dispersion of Union Members,Battle of Homestead Foundation,"880 East Waterfront Drive, Munhall, PA 15120",https://www.battleofhomestead.org,info@battleofhomestead.org,
Pump House Programs & Worker Roundtables,"The Battle of Homestead Foundation hosts ongoing public programs and worker roundtables at the historic Pump House that center the experiences and know-how of steelworkers and other industrial workers. Through discussion series, oral-history evenings, and community meetups, retirees and active workers mentor one another and share practical skills and strategies. These regular gatherings provide a neutral local hall for dispersed workers to build relationships and strengthen intergenerational ...",Worker-to-Worker Mentorship & Skills Nights,Geographic Dispersion of Union Members,Battle of Homestead Foundation,"880 E Waterfront Drive, Munhall, PA 15120",https://battleofhomestead.org,info@battleofhomestead.org,
REcollection Studio,"REcollection Studio at Carnegie Library of Pittsburgh provides equipment, training, and staff support for community members and school groups to digitize photographs, documents, and oral histories. Librarians and volunteer experts help teachers design local-history projects in which students interview elders, scan family albums from former ethnic clubs, and build public digital collections. The resulting recordings and images are preserved and showcased through library exhibits and online acc...",Local Heritage Curriculum and Oral History Projects,Disappearance of Ethnic Clubs and Fraternal Lodges,Carnegie Library of Pittsburgh,"4400 Forbes Avenue, Pittsburgh, PA 15213",https://www.carnegielibrary.org/services/recollection/,info@carnegielibrary.org,
REcollection Studio,"REcollection Studio is Carnegie Library of Pittsburgh’s free digitization lab and training program that enables residents and school groups to preserve photographs, documents, and oral histories. Librarians host workshops and partner with teachers and senior volunteers so students can interview elders, scan family and club archives, and produce neighborhood history exhibits in library branches. The program provides equipment, templates, and guidance to ensure stories from Pittsburgh’s ethnic ...",Local Heritage Curriculum and Oral History Projects,Disappearance of Ethnic Clubs and Fraternal Lodges,Carnegie Library of Pittsburgh,"4400 Forbes Avenue, Pittsburgh, PA 15213",https://www.carnegielibrary.org/services/recollection-studio/,info@carnegielibrary.org,
Rapid Response,"Rapid Response is the United Steelworkers’ member-to-member communication and mobilization network that appoints Rapid Response Coordinators in each local as on-the-ground liaisons. These coordinators regularly check in with members at workplaces and in their neighborhoods, host small informational gatherings, collect concerns, and connect members to union benefits and public services—sustaining neighborhood-level presence even where locals no longer maintain a physical hall.",Local Liaison and Outreach Teams,Union Hall Closures and Consolidation,United Steelworkers (USW),"60 Boulevard of the Allies, Pittsburgh, PA 15222",https://www.usw.org/act/rapidresponse,rapidresponse@usw.org,
ReClaim Ambassadors,"Grounded Strategies’ ReClaim Ambassadors program trains neighborhood volunteers to steward vacant and community lots, teaching basic construction, landscaping, and site-cleaning skills (e.g., building planters and benches, repairing fencing, and routine maintenance). The coordinated volunteer teams help reduce ongoing maintenance expenses for communities while strengthening local ownership and social ties.",Volunteer Maintenance Corps,Union Hall Closures and Consolidation,Grounded Strategies,"6587 Hamilton Avenue, Pittsburgh, PA 15206",https://groundedpgh.org,info@groundedpgh.org,
Real Estate Co-Powerment Series,"Omicelo Cares’ multi-week training equips residents and small-scale developers to plan, finance, permit, and manage small projects, including accessory dwelling units (ADUs) and tiny-home-scale infill. The series includes workshops, coaching, and connections to lenders and contractors, helping homeowners navigate zoning, budgeting, and construction to add ADUs or backyard cottages that create affordable housing for local workers and interns.",Accessory Dwelling Unit (ADU) & Tiny Home Support,Geographic Dispersion of Union Members,Omicelo Cares,"6140 Station Street, Pittsburgh, PA 15206",https://www.omicelocares.org,info@omicelocares.org,
Rebuilding Together Pittsburgh – Volunteer Program,"Rebuilding Together Pittsburgh trains and coordinates teams of local volunteers, led by skilled staff, to complete basic carpentry, plumbing, painting, weatherization, and cleaning for low-income homeowners and community sites. By organizing recurring workdays and supplying tools and supervision, they reduce reliance on paid contractors while strengthening neighbor-to-neighbor ties—an approach directly aligned with a Volunteer Maintenance Corps model.",Volunteer Maintenance Corps,Union Hall Closures and Consolidation,Rebuilding Together Pittsburgh,"7800 Susquehanna Street, Pittsburgh, PA 15208",https://www.rtpittsburgh.org,info@rtpittsburgh.org,
Refugee & Immigrant Services – Community Co-Sponsorship,"JFCS Pittsburgh organizes volunteer co-sponsorship teams to welcome newly arriving refugee families, providing airport welcomes, move-in support, and ongoing mentorship. Teams help newcomers navigate local services, public transit, schools, and civic associations, and JFCS provides cultural orientation and connects clients to English classes and interpretation, aligning with the solution’s focus on orientation, language help, and neighbor mentorship.",Welcome and Newcomer Integration Network,Disappearance of Ethnic Clubs and Fraternal Lodges,JFCS Pittsburgh,"5743 Bartlett Street, Pittsburgh, PA 15217",https://www.jfcspgh.org/services/refugee-immigrant-services/,info@jfcspgh.org,
Refugee and Community Integration Services,"MCRC provides refugee resettlement, cultural orientation, ESL, and community integration programming that helps newcomers put down roots in Erie. Case managers and community navigators introduce families to local services, schools, transit, and clubs, and connect them with volunteer mentors and peer groups. The organization also hosts welcoming cultural and social events that build bridges with long-time residents and civic organizations.",Welcome and Newcomer Integration Network,Disappearance of Ethnic Clubs and Fraternal Lodges,Multicultural Community Resource Center (MCRC),"554 East 10th Street, Erie, PA 16503",https://www.mcrcerie.org,info@mcrcerie.org,
Regional Manufacturing Apprenticeships (IMT/CNC) Consortium,"Catalyst Connection sponsors and coordinates group registered apprenticeships (e.g., Industrial Manufacturing Technician and CNC) for small and mid-sized manufacturers in Western Pennsylvania, aligning related instruction with community colleges and CTE schools. The consortium model helps employers commit to local hiring, while creating clear apprenticeship pipelines that connect neighborhood residents to nearby plants and long-term careers.",Local Hiring & Apprenticeship Partnership,Geographic Dispersion of Union Members,Catalyst Connection,"2000 Technology Drive, Suite 250, Pittsburgh, PA 15219",https://www.catalystconnection.org,info@catalystconnection.org,
Registered Community Organizations (RCO) and Development Activities Meetings (DAMs),"The City of Pittsburgh’s RCO program requires neighborhood-based groups to hold public Development Activities Meetings before major projects move forward, giving residents a direct venue to question developers and agencies, set priorities, and influence outcomes. Meetings are hosted in accessible neighborhood venues and online, with structured Q&A and documented feedback that informs public boards and commissions. This creates recurring, neighborhood-level assemblies that increase accountabil...",Neighborhood Assemblies and Civic Nights,Loss of Multi-Purpose Community Spaces,City of Pittsburgh Department of City Planning,"200 Ross Street, Pittsburgh, PA 15219",https://pittsburghpa.gov/dcp/rco,planning@pittsburghpa.gov,
Repair Café Pittsburgh (hosted at Millvale Community Library),"This recurring, volunteer-led Repair Café invites skilled neighbors—often retirees and tradespeople—to teach sewing, small appliance repair, bike fixes, and other practical crafts while attendees learn by doing. Younger residents frequently staff digital stations to help with smartphone, laptop, and social media issues, turning the event into a two-direction skills exchange. Held in a public library, the model encourages reciprocity—participants are invited to ‘pay it forward’ by volunteering...",Intergenerational Skills-Exchange Program,Disappearance of Ethnic Clubs and Fraternal Lodges,Millvale Community Library,"213 Grant Avenue, Millvale, PA 15209",https://www.millvalelibrary.org,info@millvalelibrary.org,
RideACTA Employer Shuttles,"RideACTA operates pooled, employer-supported shuttle routes in the Airport Corridor that connect workers from transit hubs and suburban park-and-ride lots to industrial parks and large worksites, with schedules aligned to shift changes. By aggregating funding from multiple employers and coordinating shared stops, the shuttles function like a community-run service that eases long commutes and creates regular, shared rides where coworkers can interact daily.",Community Shuttle & Carpool Cooperative,Geographic Dispersion of Union Members,Airport Corridor Transportation Association (ACTA),"850 Beaver Grade Road, Suite 220, Moon Township, PA 15108",https://www.actapgh.org,info@actapgh.org,
Rider Organizing Program,"Pittsburghers for Public Transit organizes small, neighborhood-based rider committees that meet regularly in libraries, churches, and community centers along key bus routes to identify issues and plan campaigns. They also convene pop-up and house meetings near transit stops, keeping working riders connected without relying on a single central hall. This decentralized approach preserves local worker networks and strengthens civic engagement across multiple communities in Allegheny County.",Neighborhood Organizing Cells,Union Hall Closures and Consolidation,Pittsburghers for Public Transit,"5119 Penn Avenue, Pittsburgh, PA 15224",https://www.pittsburghforpublictransit.org,info@pittsburghforpublictransit.org,
Rides to Work,"United Way of Lawrence County’s Rides to Work program coordinates volunteer and paid drivers to provide door-to-door transportation for job seekers and employees in Lawrence County and nearby areas. Trips are scheduled around individual shift times and funded through a mix of rider payments and local support, creating a pooled, community-based solution for getting to plants, warehouses, and hospitals. The regular shared rides build social connections among workers and offer a low-stress alter...",Community Shuttle & Carpool Cooperative,Geographic Dispersion of Union Members,United Way of Lawrence County,"223 North Mercer Street, New Castle, PA 16101",https://www.uwlawrence.org,info@uwlawrence.org,
Rivers of Steel Heritage Area Mini-Grant Program,"Rivers of Steel awards and manages small grants that help river towns in former steel communities create welcoming pedestrian corridors with wayfinding, murals, benches, lighting, and interpretive signage. Projects often connect neighborhoods to historic and active industrial sites such as the Carrie Blast Furnaces, engaging local artists, volunteers, and small businesses to improve sidewalks and public spaces and encourage everyday social interaction along these routes.",Place-making & Welcome Corridor near Plants,Geographic Dispersion of Union Members,Rivers of Steel,"623 E 8th Avenue, Homestead, PA 15120",https://riversofsteel.com/grants/,info@riversofsteel.com,
Rivers of Steel Mini-Grant Program,"Rivers of Steel offers mini-grants to community groups across the Mon Valley and greater Rivers of Steel National Heritage Area for neighborhood festivals, cultural programming, and creative placemaking that activate shared spaces. Applications are reviewed by community and heritage partners, with awards intended to be timely and catalytic for resident-driven gatherings. Supported by regional funders and partners, these micro-grants help revive civic life in former mill towns by seeding local...",Community Micro-Grant Program,Disappearance of Ethnic Clubs and Fraternal Lodges,Rivers of Steel Heritage Corporation,"623 East 8th Avenue, Homestead, PA 15120",https://riversofsteel.com/grants/mini-grants/,info@riversofsteel.com,
Rivers of Steel Mini-Grant Program,"This program provides small grants to nonprofits and community groups across the Rivers of Steel National Heritage Area in Southwestern Pennsylvania to support heritage events, pop-up exhibits, community tours, and public space activations. By seeding neighborhood-scale projects that celebrate local identity and invite participation, the mini-grants help rebuild community pride, trust, and engagement in formerly industrial communities.",Micro-grants for Local Organizing,Union Hall Closures and Consolidation,Rivers of Steel Heritage Corporation,"623 East 8th Avenue, Homestead, PA 15120",https://riversofsteel.com/grants/,info@riversofsteel.com,
Rivers of Steel Mini-Grant Program,"Rivers of Steel awards mini-grants across its eight-county heritage area in southwestern Pennsylvania to support community projects such as interpretive signage, small-scale capital improvements, pop-up programs, and neighborhood events. These micro-grants help local organizations and resident groups pilot activities that reconnect people to place, elevate community identity, and foster participation and trust.",Micro-grants for Local Organizing,Union Hall Closures and Consolidation,Rivers of Steel National Heritage Area,"623 East 8th Avenue, Homestead, PA 15120",https://riversofsteel.com/grants/,grants@riversofsteel.com,
Rivers of Steel National Heritage Area,"Rivers of Steel preserves and interprets the region’s steel and labor heritage through archives, exhibits, and guided experiences at sites like the Bost Building (the former headquarters for the 1892 Homestead Strike). The organization partners with local historical societies and community groups to document union history and administers a Mini-Grant Program that helps them secure cultural funding for preservation and storytelling projects. These exhibits and tours attract visitors whose spen...",Heritage and Archive Partnerships,Union Hall Closures and Consolidation,Rivers of Steel Heritage Corporation,"623 East 8th Avenue, Homestead, PA 15120",https://riversofsteel.com,info@riversofsteel.com,
Rivers of Steel National Heritage Area – Bost Building & Archives,"Rivers of Steel preserves and interprets the region’s steel and labor heritage through the Bost Building, a National Historic Landmark that served as labor headquarters during the 1892 Homestead Strike. The organization partners with community groups and unions to collect oral histories, artifacts, and archival materials, and it administers mini-grants and cultural funding that help local sites steward collections and maintain historic buildings. Storytelling exhibits and tours at the Bost Bu...",Heritage and Archive Partnerships,Union Hall Closures and Consolidation,Rivers of Steel Heritage Corporation,"623 E 8th Avenue, Homestead, PA 15120",https://riversofsteel.com/visit/bost-building/,info@riversofsteel.com,
Rivers of Steel National Heritage Area – Mini-Grant Program,"Rivers of Steel stewards key industrial heritage sites and funds community history work through its Mini-Grant Program, which supports projects by local historical societies, libraries, and community groups across the Mon Valley. The grants and the organization’s interpretive tours and exhibits (e.g., at the Bost Building and Carrie Blast Furnaces) help unions and partners archive labor history and present storytelling exhibits that draw visitors. This activity channels cultural funding and a...",Heritage and Archive Partnerships,Union Hall Closures and Consolidation,Rivers of Steel Heritage Corporation,"623 E 8th Avenue, Homestead, PA 15120",https://riversofsteel.com,info@riversofsteel.com,
Rivers of Steel Volunteer Program (Event & Site Stewards),"Rivers of Steel trains volunteer docents and event ambassadors who steward community spaces like the historic Pump House and other heritage sites used for concerts, markets, civic talks, and cultural gatherings. Volunteers greet attendees, assist with setup and crowd flow, monitor safety and accessibility, and provide a consistent, welcoming presence across events. This program sustains multi-use community venues that echo the role of traditional union and social halls.",Volunteer Venue Stewards Program,Loss of Multi-Purpose Community Spaces,Rivers of Steel Heritage Corporation,"623 E 8th Avenue, Homestead, PA 15120",https://riversofsteel.com,info@riversofsteel.com,
Roving Art Cart,"CitiParks’ Roving Art Cart travels to playgrounds and parks across the city with tents, foldable tables, and bins of art supplies to run drop-in creative activities. Staff and volunteers create temporary, low-barrier art clubs that rotate daily among neighborhoods, essentially a mobile cultural program. All materials are portable and shared across sites, reviving communal gathering through hands-on arts.",Pop-up Clubs and Mobile Cultural Programming,Disappearance of Ethnic Clubs and Fraternal Lodges,City of Pittsburgh Department of Parks & Recreation (CitiParks),"414 Grant Street, Pittsburgh, PA 15219",https://pittsburghpa.gov/citiparks/roving-art-cart,citiparks@pittsburghpa.gov,
Rusyn Heritage Day,"An annual Carpatho-Rusyn festival featuring traditional music and dance, cooking demonstrations, language and genealogy sessions, and exhibits at the historic cathedral cultural center. Run by the Carpatho-Rusyn Society with volunteers and partner ensembles, it fosters intergenerational learning and cultural pride while connecting regional communities with shared Central and Eastern European roots.",Annual and Seasonal Heritage Festivals,Disappearance of Ethnic Clubs and Fraternal Lodges,"Carpatho-Rusyn Society, Inc.","915 Dickson Street, Munhall, PA 15120",https://www.c-rs.org,info@c-rs.org,
Rusyn Heritage Day at the Carpatho-Rusyn Cultural and Educational Center,"This annual heritage day showcases Carpatho-Rusyn culture with traditional foods, folk music, dance, crafts, and genealogy resources—often featuring demonstrations by artisans and talks by community elders. Run by volunteers at the former cathedral-turned-cultural center, it provides a gathering space much like the historic ethnic clubs, fostering intergenerational learning and pride that aligns with the rotating neighborhood heritage festival approach.",Annual and Seasonal Heritage Festivals,Disappearance of Ethnic Clubs and Fraternal Lodges,Carpatho-Rusyn Society,"915 Dickson Street, Munhall, PA 15120",https://www.c-rs.org,info@c-rs.org,
SNO Action Teams,"Sharpsburg Neighborhood Organization facilitates resident Action Teams focused on tangible neighborhood priorities such as riverfront access, mobility and safety, sustainability, and youth programming. These small, focused groups plan and deliver short-term projects—like cleanups, streetscape improvements, and pop-up activities—that create visible progress and attract new volunteers. The model rebuilds civic participation and strengthens Sharpsburg’s capacity for larger, lasting associations.",Revitalize Civic Associations through Issue-Based Working Groups,Disappearance of Ethnic Clubs and Fraternal Lodges,Sharpsburg Neighborhood Organization,"1014 N Canal Street, Suite 1, Sharpsburg, PA 15215",https://www.sharpsburgneighborhood.org,info@sharpsburgneighborhood.org,
SOAR (Steelworkers Organization of Active Retirees),"SOAR chapters in Western Pennsylvania hold regular meetings and evening events at union halls where retirees share institutional knowledge, safety practices, and craft know-how with active and younger workers. These retiree-led gatherings create informal mentorship networks and intergenerational relationships that mirror worker-to-worker skill-sharing nights, strengthening community ties despite dispersed residential patterns.",Worker-to-Worker Mentorship & Skills Nights,Geographic Dispersion of Union Members,United Steelworkers,"60 Boulevard of the Allies, Pittsburgh, PA 15222",https://www.usw.org/act/soar,,
Sarah Heinz House Mentoring Program,"Sarah Heinz House’s Mentoring Program pairs youth with adult mentors and integrates recurring family nights and community events that bring multiple generations together under one roof. These gatherings include shared meals, service projects, and youth showcases that encourage story-sharing and relationship building. The program leverages a long-standing community facility as a flexible venue for intergenerational connection, echoing the multi-functional role of historic halls in neighborhood...",Intergenerational Programming Series,Loss of Multi-Purpose Community Spaces,Sarah Heinz House,"1 Heinz Street, Pittsburgh, PA 15212",https://www.sarahheinzhouse.org,info@sarahheinzhouse.org,
Shaler North Hills Library Hotspot Lending and Hybrid Meeting Support,"Shaler North Hills Library lends mobile Wi‑Fi hotspots and offers free on‑site Wi‑Fi, giving residents and partners reliable internet access to join or host meetings from home or community spaces. Its reservable meeting rooms are outfitted with A/V and staff assistance for teleconferencing, enabling hybrid programs and civic meetings that include both in‑person attendees and remote participants.",Hybrid Meeting Kits and Digital Access Points,Loss of Multi-Purpose Community Spaces,Shaler North Hills Library,"1822 Mt. Royal Boulevard, Glenshaw, PA 15116",https://www.shalerlibrary.org,shalerlibrary@einetwork.net,
Shared-Ride Employment Transportation,"Freedom Transit provides local and commuter bus service plus scheduled shared-ride employment trips that connect Washington County neighborhoods with major job sites such as Southpointe and area industrial employers. Trips can be arranged as standing orders matched to shift start and end times, with pickups at suburban neighborhood stops and park-and-ride lots. By pooling riders on predictable, shift-timed routes, the service reduces solo driving and fosters regular social contact among commu...",Community Shuttle & Carpool Cooperative,Geographic Dispersion of Union Members,Washington County Transportation Authority (Freedom Transit),"50 East Chestnut Street, Washington, PA 15301",https://www.freedom-transit.org,info@freedom-transit.org,
Sharpsburg Fix-It Clinic,"Sharpsburg Community Library convenes fix-it clinics where retired tradespeople and long-time residents guide neighbors through mending clothing, small electronics troubleshooting, and basic household repairs. Teens and younger adults often assist with device setup and social media coaching, creating a two-way learning environment. Hosted in a neighborhood library, these free, hands-on sessions rebuild the kind of everyday gathering space where people share skills, strengthen ties, and contri...",Intergenerational Skills-Exchange Program,Disappearance of Ethnic Clubs and Fraternal Lodges,Sharpsburg Community Library (a branch of Cooper-Siegel Community Library),"1212 Main Street, Pittsburgh, PA 15215",https://www.coopersiegelcommunitylibrary.org/locations/sharpsburg/,sharpsburg@einetwork.net,
Sharpsburg Repair Café,"Hosted at Roots of Faith, the Sharpsburg Repair Café brings together volunteer fixers—often retirees and experienced tradespeople—to help neighbors mend household items while teaching repair know-how. Events are held in a community hub and attract participants across ages; younger volunteers assist with device troubleshooting and digital basics, creating a practical, intergenerational skills exchange.",Intergenerational Skills-Exchange Program,Disappearance of Ethnic Clubs and Fraternal Lodges,Roots of Faith (Faith United Methodist Church),"800 Main Street, Pittsburgh, PA 15215",https://faithfoxchapel.org/roots-of-faith,office@faithfoxchapel.org,
Shop Reservations & Class Calendar,"Protohaven runs an online reservation system for shared equipment (woodshop, metal shop, laser cutters, 3D printers) and a public class and events calendar, enabling individuals and groups to schedule space and tools easily. As a nonprofit makerspace, it offers need-based membership assistance and scholarships to reduce cost barriers, and staff support is available via email and phone for booking help. This model functions as a community booking platform for rooms and equipment, facilitating ...",Shared Booking Platform + Community Calendar,Loss of Multi-Purpose Community Spaces,Protohaven,"214 N Trenton Avenue, Wilkinsburg, PA 15221",https://www.protohaven.org,info@protohaven.org,
Skilled Trades Training & Pre-Apprenticeship,"Trade Institute of Pittsburgh delivers masonry, carpentry, and welding training that feeds directly into local union apprenticeships and contractor jobs. Partnering with unions such as the Bricklayers and Carpenters and with regional employers, TIP prioritizes residents from nearby neighborhoods and removes barriers to entry with supportive services. By linking community-based training to union pathways and local hiring, the program anchors graduates in local worksites and strengthens neighbo...",Local Hiring & Apprenticeship Partnership,Geographic Dispersion of Union Members,Trade Institute of Pittsburgh,"7800 Susquehanna Street, Suite 301, Pittsburgh, PA 15208",https://www.tradeinstitute.org,info@tradeinstitute.org,
Sokol Pittsburgh,"A historic Czech/Slovak fraternal hall on the South Side reactivated as a neighborhood-serving club and community venue. In addition to its traditional gymnastics programming, it hosts heritage socials, folk music nights, community classes, and public events that welcome members and non-members alike. The volunteer-run lodge funds operations through dues, low-cost events, rentals, and local partnerships, with leadership elected from the membership—mirroring the solution to modernize ethnic lo...",Revive Ethnic and Fraternal Clubs as Modern Community Associations,Disappearance of Ethnic Clubs and Fraternal Lodges,Sokol Pittsburgh,"2912 East Carson Street, Pittsburgh, PA 15203",https://www.sokolpittsburgh.org,sokolpgh@verizon.net,
Southwest Corner Mobile Career Center,"A mobile workforce trailer that travels throughout Washington, Greene, and Beaver Counties to provide job search assistance, resume help, and connections to employers and training. The unit functions as a mobile office and meeting space for job fairs and workforce services, bringing critical resources to boroughs and rural communities that lack a centralized career center.",Mobile Community Van/Trailer,Loss of Multi-Purpose Community Spaces,Southwest Corner Workforce Development Board,"351 West Beau Street, Suite 300, Washington, PA 15301",https://www.southwestcornerwdb.com,,
Southwestern PA Manufacturing Industry Partnership,"Catalyst Connection convenes manufacturers, community groups, and training providers in a regional, volunteer-led forum to translate community input into employer practices. Through recurring liaison meetings with plant managers, the partnership catalyzes concrete steps—such as coordinating neighborhood-based job fairs, aligning training schedules with employer shifts, and piloting staggered shift starts or vanpool options—to reduce commute burdens and strengthen ties between plants and surro...",Employer-Community Liaison Network,Geographic Dispersion of Union Members,Catalyst Connection,"4501 Lytle Street, Suite 200, Pittsburgh, PA 15207",https://www.catalystconnection.org,info@catalystconnection.org,
Southwestern Pennsylvania Manufacturing Industry Partnership (MIP),"MIP convenes a volunteer-led network of manufacturing plant managers, HR leads, unions, and community organizations to surface local needs around transportation, child care, and scheduling. Through standing employer-community meetings and working groups, the partnership negotiates practical steps such as staggered shift pilots, neighborhood-based hiring events, and coordination with transit/vanpool providers to reduce commute barriers.",Employer-Community Liaison Network,Geographic Dispersion of Union Members,Catalyst Connection,"4501 Lytle Street, Suite 300, Pittsburgh, PA 15207",https://www.catalystconnection.org,info@catalystconnection.org,
Southwestern Pennsylvania Manufacturing Industry Partnership (SWPA MIP),"Led by Catalyst Connection, the SWPA MIP is an employer-driven, community-supported liaison network that regularly brings plant leadership together with workforce boards, training providers, and community groups to solve practical problems that affect workers’ daily lives. The partnership facilitates company-community negotiations on shift flexibility, coordinates neighborhood-based job fairs and employer info sessions, and works with transit and support services to improve transportation acc...",Employer-Community Liaison Network,Geographic Dispersion of Union Members,Catalyst Connection,"4501 Lytle Street, Suite 200, Pittsburgh, PA 15207",https://www.catalystconnection.org,info@catalystconnection.org,
Spirit Hall Community Rentals,"Spirit operates out of a repurposed fraternal lodge building and offers multiple rooms (including a large hall) for community events, classes, and neighborhood gatherings at accessible price points. The venue regularly hosts local fundraisers, maker and arts events, and civic meetings, illustrating how a former lodge can be adapted into a flexible, affordable community space. By providing low-cost rentals and a calendar open to grassroots groups, Spirit advances the solution’s goal of restori...",Convert Vacant Union Halls into Multi-Use Community Hubs,Disappearance of Ethnic Clubs and Fraternal Lodges,Spirit Pittsburgh,"242 51st Street, Pittsburgh, PA 15201",https://www.spiritpgh.com,booking@spiritpgh.com,
Steamfitters Local 449 Mobile Welding Training Trailer,"Steamfitters Local 449 operates a mobile welding/training trailer that travels to community events, schools, and job sites across the Pittsburgh region. At these pop-up stops, instructors and business agents provide demonstrations, answer questions, and facilitate on-the-spot apprenticeship interest forms and referrals, connecting residents to union pathways. By taking services and sign-ups directly into neighborhoods, the trailer functions as a mobile union presence beyond the traditional hall.",Mobile Union Outreach,Union Hall Closures and Consolidation,Steamfitters Local Union 449 (UA),"2003 Lincoln Highway, North Versailles, PA 15137",https://ua449.com,,
Sto-Rox Creative Corridor,"The Sto-Rox Creative Corridor strengthens walkable links between McKees Rocks’ industrial riverfront and nearby business and residential districts. New Sun Rising mobilizes local artists, volunteers, and businesses to deliver storefront and façade improvements, murals, wayfinding signage, seating, and lighting along key streets such as Chartiers Avenue, creating welcoming paths for workers and residents. These placemaking upgrades encourage spontaneous interaction and community life along rou...",Place-making & Welcome Corridor near Plants,Geographic Dispersion of Union Members,New Sun Rising,"851 Western Avenue, Suite 300, Pittsburgh, PA 15233",https://www.newsunrising.org,info@newsunrising.org,
Teamsters Temple Banquet Facility,"Teamsters Temple is a banquet and event facility inside Teamsters Local 249’s union hall that hosts markets, concerts, weddings, and community gatherings alongside union functions. As a union-operated venue, it activates the hall with public-facing enterprise activity, generates operating revenue, and creates opportunities for worker-centered community programming and training events.",Co-locating Social Enterprises,Union Hall Closures and Consolidation,Teamsters Local 249,"4701 Butler Street, Pittsburgh, PA 15201",https://www.facebook.com/TeamstersTemple,,
Tech2Go,"Carnegie Library of Pittsburgh’s Tech2Go program loans Wi‑Fi hotspots and laptops while all branches provide free public Wi‑Fi and reservable meeting rooms with displays and basic A/V support. Community groups can combine the loaned connectivity with in‑building A/V (webcams, microphones, screens) to run hybrid meetings, allowing residents who can’t travel or have shift work to join via Zoom while others attend in person.",Hybrid Meeting Kits and Digital Access Points,Loss of Multi-Purpose Community Spaces,Carnegie Library of Pittsburgh,"4400 Forbes Avenue, Pittsburgh, PA 15213",https://www.carnegielibrary.org/services/technology/,info@carnegielibrary.org,
Tech2Go,"Tech2Go lends hotspots, laptops, tablets, and other gear that make it easy for residents to host or join video meetings from home, while libraries provide reservable meeting rooms and public Wi‑Fi for local gatherings. Branches routinely offer digital skills sessions and neighborhood pop-up events, creating a hybrid infrastructure that connects people online and in person.",Hybrid Digital-Physical Hubs,Union Hall Closures and Consolidation,Carnegie Library of Pittsburgh,"4400 Forbes Avenue, Pittsburgh, PA 15213",https://www.carnegielibrary.org/services/tech2go/,info@carnegielibrary.org,
Teen Tech Tutors,"Teen Tech Tutors pairs teen volunteers with older adults for one-on-one help using smartphones, tablets, social media, and online services at the public library. The library also hosts adult-led craft and maker clubs, creating opportunities for older residents to share skills like knitting, quilting, and handiwork in the same community hub. Together, these programs create an intergenerational skills-exchange in a trusted public space, addressing the loss of traditional social clubs by fosteri...",Intergenerational Skills-Exchange Program,Disappearance of Ethnic Clubs and Fraternal Lodges,Mt. Lebanon Public Library,"16 Castle Shannon Boulevard, Pittsburgh, PA 15228",https://www.mtlebanonlibrary.org,info@mtlebanonlibrary.org,
Teen Tech Tutors at Oakmont Carnegie Library,"Oakmont Carnegie Library’s teen volunteers offer technology tutoring for seniors, covering topics like smartphone setup, video calling, and social media basics. The library also features community-led craft workshops and talks by longtime residents, enabling an intergenerational exchange in a public, walkable space that revives the social role once played by lodges and clubs.",Intergenerational Skills-Exchange Program,Disappearance of Ethnic Clubs and Fraternal Lodges,Oakmont Carnegie Library,"700 Allegheny River Boulevard, Oakmont, PA 15139",https://www.oakmontlibrary.org,oakmont@einetwork.net,
Teen Tech Tutors at Shaler North Hills Library,"Shaler North Hills Library hosts recurring sessions where teen and young adult volunteers provide one-on-one help to older adults with smartphones, tablets, email, and social media. In the same public hub, long-time residents regularly lead craft circles and local-history programs, creating a two-way, intergenerational skills exchange that mirrors the proposed model of elders teaching hands-on skills while youth share digital know-how.",Intergenerational Skills-Exchange Program,Disappearance of Ethnic Clubs and Fraternal Lodges,Shaler North Hills Library,"1822 Mt. Royal Boulevard, Glenshaw, PA 15116",https://www.shalerlibrary.org,shaler@einetwork.net,
Tenant Council Program,"The Northside Coalition for Fair Housing supports tenant councils and block-level leadership teams that meet regularly in building community rooms, churches, and nearby nonprofits across Pittsburgh’s Northside. These small groups address housing conditions, employment resources, and neighborhood safety while building collective power among working residents. The decentralized, site-based model keeps participation local and ongoing without dependence on a single central facility.",Neighborhood Organizing Cells,Union Hall Closures and Consolidation,Northside Coalition for Fair Housing,"1821 Brighton Road, Pittsburgh, PA 15212",https://www.ncfh.org,info@ncfh.org,
Teutonia Männerchor,"This 19th-century German singing society in Deutschtown functions today as an active cultural club and gathering place for members and neighbors. It hosts public cultural nights and festivals (e.g., Maifest, Oktoberfest), choral concerts, German conversation gatherings, and food traditions that engage the wider community. Member dues, ticketed events, and sponsorships support the volunteer-led club with governance by elected officers, aligning with the solution to revitalize ethnic fraternal ...",Revive Ethnic and Fraternal Clubs as Modern Community Associations,Disappearance of Ethnic Clubs and Fraternal Lodges,Teutonia Männerchor,"857 Phineas Street, Pittsburgh, PA 15212",https://www.teutonia.org,manager@teutonia.org,
Teutonia Männerchor,"This member-owned German cultural society operates a historic hall sustained by memberships, dining and beverage service, and event rentals. An elected board and member committees share governance and contribute volunteer labor for maintenance and programming, demonstrating a cooperative stewardship approach that preserves an affordable gathering space for the community.",Community Cooperative Ownership,Union Hall Closures and Consolidation,Pittsburgh Teutonia Männerchor,"857 Phineas Street, Pittsburgh, PA 15212",https://www.teutonia.org,info@teutonia.org,
The Bost Building Visitor Center & Gallery,"Rivers of Steel has repurposed the historic 1892 Bost Building—once the headquarters for the Amalgamated Association of Iron and Steel Workers during the Homestead Strike—into a public visitor center, gallery, and meeting venue. The site hosts civic meetings, classes, and community events with affordable rentals and coordinated scheduling, effectively transforming a former union hall into a multi-use community hub. Volunteers and partner organizations help program and steward the space, align...",Convert Vacant Union Halls into Multi-Use Community Hubs,Disappearance of Ethnic Clubs and Fraternal Lodges,Rivers of Steel Heritage Corporation,"623 E 8th Avenue, Homestead, PA 15120",https://riversofsteel.com/visit/bost-building/,info@riversofsteel.com,
The Bost Building – Community Programs & Rentals,"Rivers of Steel has repurposed the historic Bost Building, once the headquarters of the Amalgamated Association of Iron and Steel Workers during the 1892 Homestead Strike, into a multi-use community hub. The site hosts exhibitions, public meetings, labor history programs, and makes space available for small community events at accessible rates, demonstrating how a former union facility can again serve as shared civic infrastructure. This approach preserves labor heritage while providing affor...",Convert Vacant Union Halls into Multi-Use Community Hubs,Disappearance of Ethnic Clubs and Fraternal Lodges,Rivers of Steel Heritage Corporation,"623 E 8th Avenue, Homestead, PA 15120",https://riversofsteel.com/visit/the-bost-building/,info@riversofsteel.com,
The Bulletin (Community Newspaper & Calendar),"The Bulletin is a free monthly newspaper produced by the Bloomfield-Garfield Corporation that aggregates a community calendar and meeting notices for Bloomfield, Garfield, Friendship, and nearby neighborhoods. Volunteers and staff solicit listings from civic groups and maintain both a printed calendar for seniors and an online version, with paper copies placed in senior centers, libraries, and local businesses. It functions as a simple, low-bandwidth communication network connecting residents...",Community Calendar and Communication Network,Disappearance of Ethnic Clubs and Fraternal Lodges,Bloomfield-Garfield Corporation,"5149 Penn Avenue, Pittsburgh, PA 15224",https://bloomfield-garfield.org/the-bulletin/,info@bloomfield-garfield.org,
The Bulletin Community Calendar,"Published by the Bloomfield-Garfield Corporation, The Bulletin is a monthly printed newspaper with a dedicated community calendar that lists neighborhood meetings, events, volunteer opportunities, and resources across Bloomfield, Garfield, Friendship, and nearby areas. The organization also maintains an online calendar, email announcements, and social media posts to keep information visible between print cycles, functioning as a consistent, year-round communication hub.",Community Calendar and Communication Network,Disappearance of Ethnic Clubs and Fraternal Lodges,Bloomfield-Garfield Corporation,"5149 Penn Avenue, Pittsburgh, PA 15224",https://bloomfield-garfield.org,info@bloomfield-garfield.org,
The Bulletin – Community Calendar,"The Bloomfield-Garfield Corporation publishes The Bulletin, a free monthly newspaper with an online and print community calendar listing neighborhood meetings, workshops, resource fairs, arts and cultural gatherings, and social events across multiple East End communities. Its broad distribution in physical locations and digital postings functions as a nonpartisan outreach hub, connecting residents with inclusive civic and social opportunities.",Community Calendar and Communication Network,Disappearance of Ethnic Clubs and Fraternal Lodges,Bloomfield-Garfield Corporation,"113 North Pacific Avenue, Pittsburgh, PA 15224",https://bloomfield-garfield.org/the-bulletin/,info@bloomfield-garfield.org,
The Circuit Center & Ballroom (IBEW Local 5),"Located within the IBEW Local 5 facility, The Circuit Center & Ballroom makes a union-owned hall available for community use, hosting nonprofit galas, blood drives, workforce trainings, and neighborhood banquets through formal rental agreements. By opening a labor venue to the broader public during evenings and weekends, it revives the tradition of union halls serving as multi-functional civic spaces.","Partnerships with Unions, Churches, and Schools",Loss of Multi-Purpose Community Spaces,International Brotherhood of Electrical Workers Local Union No. 5,"5 Hot Metal Street, Pittsburgh, PA 15203",https://www.circuitcenter.com,,
The Kingsley Center,"The Kingsley Association operates a community-run recreation center with an aquatic center, fitness facilities, gymnasium, arts and education programs, and meeting rooms open to all residents at low cost. By providing neutral, nonpartisan space for sports, arts, and neighborhood gatherings, it offers an inclusive alternative to membership-restricted clubs and strengthens social ties in the East End.",Community Land Trust for Social Spaces,Loss of Multi-Purpose Community Spaces,The Kingsley Association,"6435 Frankstown Ave, Pittsburgh, PA 15206",https://kingsleyassociation.org,info@kingsleyassociation.org,
The Labs @ Carnegie Library of Pittsburgh,"The Labs is CLP’s after-school learning program that partners with Pittsburgh Public Schools and other educators to co-host teen workshops, maker activities, and creative technology sessions in library branches across the city. By situating high-quality, school-aligned programming in neighborhood libraries and co-developing events with teachers and community partners, The Labs keeps steady activity in civic spaces and demonstrates the library’s role as a hub for youth learning and career expl...",Shared Programming with Schools and Libraries,Union Hall Closures and Consolidation,Carnegie Library of Pittsburgh,"4400 Forbes Avenue, Pittsburgh, PA 15213",https://www.carnegielibrary.org/services/teens/the-labs,info@carnegielibrary.org,
The Labs @ Carnegie Library of Pittsburgh,"The Labs offers free, after-school and summer learning labs for teens featuring music production, design, coding, and maker projects, developed by librarians and mentors in collaboration with Pittsburgh Public Schools educators and partners in the Remake Learning network. By hosting career-connected after-school programming in multiple library branches and co-designing with school partners, the program keeps libraries active daily and builds youth pathways to meaningful work.",Shared Programming with Schools and Libraries,Union Hall Closures and Consolidation,Carnegie Library of Pittsburgh,"4400 Forbes Avenue, Pittsburgh, PA 15213",https://www.carnegielibrary.org/services/teens/the-labs/,info@carnegielibrary.org,
The Mr. Roboto Project,"The Mr. Roboto Project is a cooperatively run, volunteer-operated, all-ages music venue and community space. Members pay annual dues and elect leadership, and the organization relies on show revenues and space rentals to cover operating and maintenance costs. This directly implements the cooperative hall model by using membership governance and volunteer labor to preserve an affordable, neighborhood gathering place.",Community Cooperative Ownership,Union Hall Closures and Consolidation,"The Mr. Roboto Project, Inc.","5106 Penn Avenue, Pittsburgh, PA 15224",https://www.therobotoproject.org,therobotoproject@gmail.com,
The Pump House,"This restored Homestead Steel Works landmark functions as a flexible venue for community gatherings, markets, classes, and nonprofit events. Rivers of Steel offers public rentals, nonprofit rates, and a shared calendar so neighborhood clubs and civic groups can reserve space, turning a historic labor site into a multi-use community hub. Volunteer stewardship and partnerships with local organizations reflect the solution’s emphasis on shared management and community-led activation.",Convert Vacant Union Halls into Multi-Use Community Hubs,Disappearance of Ethnic Clubs and Fraternal Lodges,Rivers of Steel Heritage Corporation,"880 E Waterfront Drive, Munhall, PA 15120",https://riversofsteel.com/visit/pump-house/,info@riversofsteel.com,
The Pump House,"Rivers of Steel rehabilitated the historic Pump House at the former Homestead Works into a community venue for public programs, meetings, and low-cost event rentals. The site now functions as a shared civic space where neighborhood groups can reserve rooms for classes, club gatherings, and civic meetings, with volunteer docents and partners supporting operations. This adaptive reuse of a labor-heritage facility mirrors the solution by turning an underused hall into an affordable, multi-use co...",Convert Vacant Union Halls into Multi-Use Community Hubs,Disappearance of Ethnic Clubs and Fraternal Lodges,Rivers of Steel Heritage Corporation,"880 E Waterfront Dr, Munhall, PA 15120",https://riversofsteel.com/visit/venues/the-pump-house/,info@riversofsteel.com,
The Pump House Community Venue,"Rivers of Steel preserves and operates the historic Pump House—an iconic labor landmark—as an affordable community event and meeting venue. The nonprofit stewards the property to host civic gatherings, labor history events, cultural programs, and family celebrations, maintaining public access over the long term. This approach keeps a former union-related site in community-oriented ownership, providing reliable, multi-purpose social space.",Community Land Trust for Social Spaces,Loss of Multi-Purpose Community Spaces,Rivers of Steel Heritage Corporation,"880 East Waterfront Drive, Munhall, PA 15120",https://www.riversofsteel.com,info@riversofsteel.com,
Thelma Lovette YMCA,"This Hill District branch provides extended early-morning and late-evening hours, giving shift workers a reliable place to shower, change, store belongings in lockers, and decompress in lounges before or after work. As a community-centered facility, it reactivates shared space with amenities like locker rooms, showers, fitness areas, and multipurpose rooms that help dispersed workers reconnect and build social ties.",Shared Public Spaces & Shift-Friendly Amenities,Geographic Dispersion of Union Members,YMCA of Greater Pittsburgh,"2114 Centre Avenue, Pittsburgh, PA 15219",https://www.pittsburghymca.org/locations/thelma-lovette-ymca,,
Three Rivers Heritage Trail (Steel Valley & Monongahela Segments),"Friends of the Riverfront stewards the Three Rivers Heritage Trail, including the Steel Valley and Monongahela segments that run through mill communities like Homestead, Munhall, and Duquesne. Through its Adopt-A-Trail and capital projects, the organization mobilizes volunteers and partners with municipalities and businesses to install and maintain wayfinding signage, benches, lighting, and trail-adjacent murals—enhancing sidewalks and shared-use paths that connect workplaces, former plant si...",Place-making & Welcome Corridor near Plants,Geographic Dispersion of Union Members,Friends of the Riverfront,"33 Terminal Way, Suite 537B, Pittsburgh, PA 15219",https://friendsoftheriverfront.org,info@friendsoftheriverfront.org,
Tiny House Project,"The Trade Institute of Pittsburgh designs and builds code-compliant tiny homes and small structures using supervised trainee labor, reducing construction costs for community partners and homeowners. Through hands-on build days and partnerships, TIP can produce shells or finished units suitable for backyard cottages or small workforce housing, directly supporting homeowners who want to add tiny-home-scale ADUs for local workers and interns.",Accessory Dwelling Unit (ADU) & Tiny Home Support,Geographic Dispersion of Union Members,Trade Institute of Pittsburgh,"7800 Susquehanna Street, Suite 301, Pittsburgh, PA 15208",https://www.tradeinstitutepgh.org,info@tradeinstitutepgh.org,
Tony Mazzocchi Center Worker-to-Worker Training,"The USW Tony Mazzocchi Center delivers worker-to-worker training in health, safety, and skills development led by rank-and-file worker-trainers and retired steelworkers. Sessions are frequently hosted in union halls and community spaces across Western Pennsylvania during evenings and weekends, creating peer-led skill-sharing and informal mentorship environments. This directly addresses commuter isolation by rebuilding relationships and intergenerational ties among workers outside the workplace.",Worker-to-Worker Mentorship & Skills Nights,Geographic Dispersion of Union Members,"United Steelworkers (USW) Tony Mazzocchi Center for Health, Safety & Environmental Education","60 Boulevard of the Allies, Pittsburgh, PA 15222",https://www.uswtmc.org,,
Tool Lending Library,"The Tool Lending Library at Millvale Community Library lends hand and power tools, lawn equipment, and household repair items to local residents for free or a low annual membership. Volunteers maintain, catalog, and check out tools and help neighbors learn how to use them, directly enabling neighbor-to-neighbor support for home repairs, gardening, and community projects that rebuild social ties.","Mutual Aid Networks, Tool Libraries, and Time Banks",Disappearance of Ethnic Clubs and Fraternal Lodges,Millvale Community Library,"213 Grant Avenue, Millvale, PA 15209",https://www.millvalelibrary.org/tool-lending-library,info@millvalelibrary.org,
Tool Lending Library,"Millvale Community Library operates a volunteer-supported tool lending program that allows neighbors to borrow hand and power tools for home repair, gardening, and community projects. By sharing tools and offering guidance through staff and volunteers, it reduces costs and encourages neighbor-to-neighbor help, aligning with the solution’s tool library model to spark daily interactions and practical support.","Mutual Aid Networks, Tool Libraries, and Time Banks",Disappearance of Ethnic Clubs and Fraternal Lodges,Millvale Community Library,"213 Grant Avenue, Millvale, PA 15209",https://www.millvalelibrary.org,info@millvalelibrary.org,
Trade Institute of Pittsburgh,"Trade Institute of Pittsburgh provides hands-on workforce training in masonry, carpentry, welding, and related trades for people facing employment barriers, while co-located in a multi-tenant industrial campus with mission-driven manufacturers and social enterprises. The shared site enables training participants to interact with active businesses and maker tenants, building practical experience and connections that lead to jobs and apprenticeships, including with union partners. This co-locat...",Co-locating Social Enterprises,Union Hall Closures and Consolidation,Trade Institute of Pittsburgh,"7800 Susquehanna Street, Pittsburgh, PA 15208",https://www.tipgh.org,info@tipgh.org,
Trade Institute of Pittsburgh Training & Apprenticeship Placement,"The Trade Institute of Pittsburgh offers intensive, community-based pre-apprenticeship training in masonry, carpentry, and related trades, coupled with case management and direct referral to union apprenticeships and local contractors. By partnering with building trades and employers to hire graduates from nearby neighborhoods, TIP creates a localized pipeline that stabilizes employment and strengthens neighborhood networks.",Local Hiring & Apprenticeship Partnership,Geographic Dispersion of Union Members,Trade Institute of Pittsburgh,"7800 Susquehanna Street, Pittsburgh, PA 15208",https://www.tipgh.org,info@tipgh.org,
Trade Institute of Pittsburgh – Community Projects,"The Trade Institute of Pittsburgh engages trainees and volunteers in masonry, carpentry, and related trades to complete real projects for community organizations at low or no cost, subsidized by grants and donations. These project teams function as a shared pool of skilled labor that can tackle essential repairs, accessibility updates, and seasonal maintenance for community-serving buildings. By blending philanthropic funding with coordinated labor, TIP helps reduce maintenance burdens and ke...",Shared Maintenance Pool,Union Hall Closures and Consolidation,Trade Institute of Pittsburgh,"7800 Susquehanna Street, Pittsburgh, PA 15208",https://www.tipgh.org,info@tipgh.org,
TradeUp Pittsburgh,"TradeUp Pittsburgh is a regional apprenticeship-readiness pipeline led by the building trades that connects local residents and high school students to union Joint Apprenticeship Training Centers (JATCs) and hiring contractors. The program coordinates with public schools, community organizations, and signatory employers to prioritize neighborhood residents for pre-apprenticeship, apprenticeship, and entry-level construction jobs. By channeling nearby graduates into union careers tied to local...",Local Hiring & Apprenticeship Partnership,Geographic Dispersion of Union Members,Builders Guild of Western Pennsylvania,"3195 Washington Pike, Bridgeville, PA 15017",https://www.tradeuppittsburgh.org,info@buildersguild.org,
Trail Stewardship Program,"Friends of the Riverfront’s Trail Stewardship Program mobilizes volunteers, corporate partners, and municipalities to improve and maintain the Three Rivers Heritage Trail and riverfront corridors that pass active and former industrial sites in the Mon Valley and across Western Pennsylvania. The program installs and maintains wayfinding signage, benches, kiosks, landscaping, and coordinates safety amenities along sidewalks and trail connectors between plants and nearby neighborhoods. By making...",Place-making & Welcome Corridor near Plants,Geographic Dispersion of Union Members,Friends of the Riverfront,"1133 South Braddock Avenue, Suite A, Pittsburgh, PA 15218",https://friendsoftheriverfront.org,info@friendsoftheriverfront.org,
Trauma-Informed Community Development (TICD) – Community Ambassadors & Trauma Response,"Neighborhood Resilience Project trains neighborhood-based ambassadors and trauma responders who conduct regular door-to-door check-ins and street outreach across nearby blocks. They convene small healing circles and listening sessions in partner spaces, gather residents’ concerns, and connect people to concrete services like food distribution, ID recovery, behavioral health, and primary care. This embeds trusted local liaisons in each neighborhood to maintain relationships and support without...",Local Liaison and Outreach Teams,Union Hall Closures and Consolidation,Neighborhood Resilience Project,"2039 Centre Avenue, Pittsburgh, PA 15219",https://www.neighborhoodresilience.org,info@neighborhoodresilience.org,
TriBoro Ecodistrict,"TriBoro Ecodistrict connects residents, businesses, and municipal leaders in Millvale, Etna, and Sharpsburg through online collaboration spaces and frequent Zoom working-group meetings, paired with in-person pop-up gatherings. The Millvale Food + Energy Hub provides video-enabled rooms and physical bulletin boards for neighborhood convenings, while ongoing digital channels and event calendars keep people engaged between meetings—mirroring a hybrid digital-physical hub model.",Hybrid Digital-Physical Hubs,Union Hall Closures and Consolidation,New Sun Rising,"112 E Sherman Street, Millvale, PA 15209",https://www.newsunrising.org,info@newsunrising.org,
Triboro Ecodistrict,"The Triboro Ecodistrict convenes resident-led action teams in Millvale, Etna, and Sharpsburg around concrete issues like mobility, air and water quality, food access, energy, and public spaces. These small working groups execute short, achievable projects—such as cleanups, traffic-calming pilots, and pop-up events—that deliver visible wins and build trust. Over time, the approach grows volunteer leadership and helps renew local civic associations across the three river towns.",Revitalize Civic Associations through Issue-Based Working Groups,Disappearance of Ethnic Clubs and Fraternal Lodges,New Sun Rising,"112 E Sherman Street, Millvale, PA 15209",https://www.newsunrising.org/the-work/triboro-ecodistrict/,info@newsunrising.org,
Triboro Ecodistrict Community Grants,"The Triboro Ecodistrict Community Grants provide micro-grants to residents and grassroots groups in Millvale, Etna, and Sharpsburg for community-building efforts like festivals, gardens, tool libraries, and small equipment purchases. A rotating resident review panel evaluates streamlined applications, and the grant pool is supported by local philanthropy and business donations to enable rapid, community-managed disbursement.",Community Micro-Grant Program,Disappearance of Ethnic Clubs and Fraternal Lodges,New Sun Rising,"112 Sherman Street, Millvale, PA 15209",https://www.newsunrising.org/project/triboro-ecodistrict-community-grants/,info@newsunrising.org,
Triboro Ecodistrict Community Micro Grants,"This program offers micro-grants to residents and grassroots groups in Millvale, Etna, and Sharpsburg to organize community-building activities like classes, cultural events, and neighborhood meetups. Funding can be used for venue fees, materials, accessibility supports (such as childcare or interpretation), and outreach, helping local organizers make events inclusive and low-barrier.",Micro-grants for Event Organizers,Loss of Multi-Purpose Community Spaces,New Sun Rising,"1877 Shaler Street, Pittsburgh, PA 15212",https://www.newsunrising.org/portfolio/triboro-ecodistrict-community-micro-grants/,info@newsunrising.org,
Triboro Ecodistrict Community Small Grants,"This program offers micro-grants to residents and small groups in Millvale, Etna, and Sharpsburg to implement community-led projects—such as pocket park improvements, pop-up events, tool shares, and minor public space repairs—aligned with the Ecodistrict’s equity and sustainability goals. It empowers locals to test ideas that strengthen social ties and activate neighborhood spaces, rebuilding trust through visible, resident-driven action.",Micro-grants for Local Organizing,Union Hall Closures and Consolidation,New Sun Rising,"112 Sherman Street, Millvale, PA 15209",https://www.newsunrising.org/triboro-ecodistrict/,info@newsunrising.org,
Triboro Ecodistrict Community Small Grants & ADU Education,"New Sun Rising, through the Triboro Ecodistrict (Etna, Millvale, Sharpsburg), offers community small grants and educational events that support resident-led housing solutions, including workshops on missing-middle housing and ADUs with municipal partners. The program provides micro-grants that can offset feasibility studies, design, and permitting costs, and helps organize volunteer-driven efforts to reduce project expenses—enabling homeowners to pursue ADUs or tiny homes that expand nearby a...",Accessory Dwelling Unit (ADU) & Tiny Home Support,Geographic Dispersion of Union Members,New Sun Rising,"1060 River Avenue, Pittsburgh, PA 15212",https://www.newsunrising.org,info@newsunrising.org,
UP Work Days (Volunteer Facilities Maintenance),"Union Project hosts recurring volunteer work days to maintain its historic community building, training participants in tasks like painting, basic carpentry, masonry repair, and deep cleaning. Staff provide tools and instruction, enabling routine upkeep that lowers contractor costs and engages neighbors in caring for a shared community space.",Volunteer Maintenance Corps,Union Hall Closures and Consolidation,Union Project,"801 North Negley Avenue, Pittsburgh, PA 15206",https://www.unionproject.org,info@unionproject.org,
UPMC Magee-Womens Hospital Mobile Mammography Unit,"A full-service mammography coach that travels to workplaces, community centers, and neighborhood events across Western Pennsylvania to deliver screening mammograms. The unit converts a coach into a mobile clinic and meeting space, bringing preventive health services directly into communities that may lack convenient facilities.",Mobile Community Van/Trailer,Loss of Multi-Purpose Community Spaces,UPMC Magee-Womens Hospital,"300 Halket Street, Pittsburgh, PA 15213",https://www.upmc.com/locations/hospitals/magee/services/mammography/mobile,,
UPMC Magee-Womens Mobile Mammography,"UPMC’s mobile mammography coach travels to workplaces, union halls, and community sites throughout Western Pennsylvania to provide on-site breast cancer screening. The team coordinates early-morning and evening appointments aligned with shift schedules, parking in employer lots near plant entrances so workers can access preventive healthcare before or after their shifts without taking time off.",Pop-up Markets and Mobile Services at Shift Change,Geographic Dispersion of Union Members,UPMC Magee-Womens Hospital,"300 Halket Street, Pittsburgh, PA 15213",https://www.upmc.com,,
USCRI Erie Refugee Resettlement and Integration,"USCRI Erie forms volunteer co-sponsor and mentor teams that welcome newly arrived refugee families, prepare homes and welcome kits, and guide them through cultural orientation, transportation, and community resources. The office coordinates ESL referrals and hosts regular integration activities with partners, fostering newcomer social connections and pathways into local associations and civic life.",Welcome and Newcomer Integration Network,Disappearance of Ethnic Clubs and Fraternal Lodges,U.S. Committee for Refugees and Immigrants (USCRI) – Erie Field Office,"517 East 26th Street, Erie, PA 16504",https://refugees.org/uscri-erie/,,
USW Next Generation,"USW Next Generation organizes peer-led trainings, steward skill-shares, and social meetups that pair veteran steelworkers with younger members at union halls throughout Western Pennsylvania. By fostering member-to-member mentorship and practical skills exchange outside the workplace, the program helps rebuild community bonds among workers who commute long distances and rarely interact informally.",Worker-to-Worker Mentorship & Skills Nights,Geographic Dispersion of Union Members,United Steelworkers,"60 Boulevard of the Allies, Pittsburgh, PA 15222",https://www.usw.org/act/activate/next-gen,,
USW Next Generation (District 10 & Pittsburgh Area),"USW Next Generation organizes local chapter meet-ups, mentorship activities, and education nights that pair younger members with experienced unionists and retirees. These peer-led gatherings often take place at union halls throughout the Pittsburgh region, encouraging skill sharing, leadership development, and community-building across locals. By creating recurring, worker-to-worker mentorship spaces, Next Gen strengthens belonging and voice for workers who live far from their mills.",Worker-to-Worker Mentorship & Skills Nights,Geographic Dispersion of Union Members,United Steelworkers (USW),"60 Boulevard of the Allies, Pittsburgh, PA 15222",https://www.usw.org/act/activism/next-gen,nextgen@usw.org,
USW Next Generation (Next Gen),"USW Next Generation is an official program of the United Steelworkers that develops younger members through peer-led trainings, mentorship, and cross-local meetups. In Western Pennsylvania, Next Gen committees convene evening workshops and mentoring sessions at union halls, often partnering with SOAR retiree chapters so current and former mill workers can exchange knowledge face-to-face. These gatherings recreate the informal shop-floor learning that dispersed commuting patterns have eroded, ...",Worker-to-Worker Mentorship & Skills Nights,Geographic Dispersion of Union Members,United Steelworkers,"60 Boulevard of the Allies, Pittsburgh, PA 15222",https://www.usw.org/members/next-gen,usw@usw.org,
USW Rapid Response,"USW Rapid Response is the United Steelworkers’ member-to-member grassroots education and mobilization program. In Western Pennsylvania, Rapid Response staff and trained member activists regularly set up pop-up information tables at mills, warehouses, and community events to distribute updates on contracts, benefits, and legislation and to enroll members and supporters on the spot. By meeting workers where they live and work rather than relying on hall visits, the program restores a neighborho...",Mobile Union Outreach,Union Hall Closures and Consolidation,United Steelworkers (USW),"60 Boulevard of the Allies, Pittsburgh, PA 15222",https://www.usw.org,rapidresponse@usw.org,
USW Rapid Response,"USW Rapid Response is the United Steelworkers’ member-to-member mobilization and service program. In Western Pennsylvania, Rapid Response coordinators regularly set up pop-up information tables at mills, warehouses, and neighborhood events, and make on-site visits to workplaces to distribute resources, enroll workers in alerts/committees, and assist members with benefits and services. This field-based approach functions like a mobile union hall, bringing sign-ups, support, and union visibilit...",Mobile Union Outreach,Union Hall Closures and Consolidation,United Steelworkers (USW),"60 Boulevard of the Allies, Pittsburgh, PA 15222",https://www.usw.org/act/rapid-response,rapidresponse@usw.org,
USW Rapid Response Worksite Pop-Up Outreach,"United Steelworkers’ Rapid Response program regularly sets up pop-up information tables at plant gates, community events, and worksites throughout Western Pennsylvania. These outreach booths provide members and non-members with updates on workplace issues, union benefits, and organizing resources, and they facilitate sign-ups for communications and involvement—bringing a tangible union presence back into neighborhoods.",Mobile Union Outreach,Union Hall Closures and Consolidation,United Steelworkers,"60 Boulevard of the Allies, Pittsburgh, PA 15222",https://www.usw.org/act/rapidresponse,,
Unblurred: First Fridays on Penn,"On the first Friday of each month, this long-running program activates vacant and underused storefronts along Penn Avenue with rotating pop-up uses such as galleries, performances, small markets, and community meetups. By opening temporarily idle spaces to arts groups, neighborhood organizations, and micro-businesses, it recreates the multi-functional feel of former halls—hosting gatherings, club-style activities, and sign-ups—while demonstrating foot traffic and demand to property owners and...",Pop-up Events in Vacant Spaces,Loss of Multi-Purpose Community Spaces,Bloomfield-Garfield Corporation,"5321 Penn Avenue, Pittsburgh, PA 15224",https://bloomfield-garfield.org/penn-avenue/unblurred-first-fridays/,info@bloomfield-garfield.org,
Unblurred: First Fridays on Penn,"A monthly evening art crawl where galleries, studios, and small businesses along the Penn Avenue Arts & Commercial District host pop-up openings, performances, and community tables. The rotating roster of host spaces distributes the effort across many neighborhood venues, creating accessible third-place gatherings. This recurring, relationship-centered series sustains community connection and momentum between big civic moments.",Pop-up Events in Vacant Spaces,Loss of Multi-Purpose Community Spaces,Bloomfield-Garfield Corporation,"113 North Pacific Avenue, Pittsburgh, PA 15224",https://pennavenue.org/unblurred,info@bloomfield-garfield.org,
Union Project,"Union Project is a community arts and events center that preserves a historic neighborhood building by funding operations through space rentals, studio memberships, and classes. Community members serve on committees and the board, and volunteers regularly assist with maintenance and stewardship projects. This implements the cooperative hall concept by leveraging member participation and rental income to keep a community gathering space active and well-maintained.",Convert Vacant Union Halls into Multi-Use Community Hubs,Disappearance of Ethnic Clubs and Fraternal Lodges,Union Project,"801 North Negley Avenue, Pittsburgh, PA 15206",https://www.unionproject.org,info@unionproject.org,
Union Project,"Union Project is a community arts and events center that preserves a historic neighborhood building by funding operations through space rentals, studio memberships, and classes. Community members serve on committees and the board, and volunteers regularly assist with maintenance and stewardship projects. This implements the cooperative hall concept by leveraging member participation and rental income to keep a community gathering space active and well-maintained.",Community Land Trust for Social Spaces,Loss of Multi-Purpose Community Spaces,Union Project,"801 North Negley Avenue, Pittsburgh, PA 15206",https://www.unionproject.org,info@unionproject.org,
Union Project,"Union Project is a community arts and events center that preserves a historic neighborhood building by funding operations through space rentals, studio memberships, and classes. Community members serve on committees and the board, and volunteers regularly assist with maintenance and stewardship projects. This implements the cooperative hall concept by leveraging member participation and rental income to keep a community gathering space active and well-maintained.",Intergenerational Programming Series,Loss of Multi-Purpose Community Spaces,Union Project,"801 North Negley Avenue, Pittsburgh, PA 15206",https://www.unionproject.org,info@unionproject.org,
Union Project,"Union Project is a community arts and events center that preserves a historic neighborhood building by funding operations through space rentals, studio memberships, and classes. Community members serve on committees and the board, and volunteers regularly assist with maintenance and stewardship projects. This implements the cooperative hall concept by leveraging member participation and rental income to keep a community gathering space active and well-maintained.",Timebank and Skills-Share Network,Loss of Multi-Purpose Community Spaces,Union Project,"801 North Negley Avenue, Pittsburgh, PA 15206",https://www.unionproject.org,info@unionproject.org,
Union Project,"Union Project is a community arts and events center that preserves a historic neighborhood building by funding operations through space rentals, studio memberships, and classes. Community members serve on committees and the board, and volunteers regularly assist with maintenance and stewardship projects. This implements the cooperative hall concept by leveraging member participation and rental income to keep a community gathering space active and well-maintained.",Community Cooperative Ownership,Union Hall Closures and Consolidation,Union Project,"801 North Negley Avenue, Pittsburgh, PA 15206",https://www.unionproject.org,info@unionproject.org,
Union Project Ceramics Program,"The Union Project’s Ceramics Program offers ongoing classes and open studios for teens, adults, and older adults to learn and create together, often culminating in community showcases and shared meals. Housed in a restored former church that also hosts meetings, celebrations, and neighborhood gatherings, the program activates a flexible community space much like historic union halls. These intergenerational, recurring workshops build relationships, mentorship, and mutual trust across ages and...",Intergenerational Programming Series,Loss of Multi-Purpose Community Spaces,Union Project,"801 North Negley Avenue, Pittsburgh, PA 15206",https://www.unionproject.org,info@unionproject.org,
Union Project Community Event and Meeting Space,"Union Project is a nonprofit that owns a restored historic building and provides low-cost, multipurpose rooms and a large hall for weddings, AA/NA meetings, civic forums, and cultural events. By holding the property in nonprofit ownership and reinvesting rental income into community access, they ensure long-term, affordable availability of social space similar to a community land trust for civic and family life.",Community Land Trust for Social Spaces,Loss of Multi-Purpose Community Spaces,Union Project,"801 N Negley Avenue, Pittsburgh, PA 15206",https://www.unionproject.org,info@unionproject.org,
Union Project Community Programs,"A slate of intergenerational classes and gatherings—such as ceramics studio sessions, community meals, and neighborhood events—held in a restored historic church turned community hub. By activating shared space for recurring, low-barrier activities that welcome youth, adults, and seniors, the programs revive the social functions once served by union and ethnic club halls. Regular hands-on learning and shared meals nurture cross-generational relationships and civic connection.",Intergenerational Programming Series,Loss of Multi-Purpose Community Spaces,Union Project,"801 North Negley Avenue, Pittsburgh, PA 15206",https://www.unionproject.org,info@unionproject.org,
Union Project Community Space,"Union Project provides affordable, accessible meeting and event space used by neighborhood groups, labor allies, and coalitions to host workshops, listening sessions, and community resource fairs. With strong volunteer involvement and open community programming, it acts as a drop-in hub where residents and worker organizations can share information and organize collaborative projects.","Partnerships with Unions, Churches, and Schools",Loss of Multi-Purpose Community Spaces,Union Project,"801 N Negley Avenue, Pittsburgh, PA 15206",https://www.unionproject.org,info@unionproject.org,
Union Project Event & Community Space,"Union Project operates a renovated historic church as a multi-use hub with affordable event rentals for weddings, meetings, trainings, and neighborhood gatherings, alongside ongoing arts and ceramics programs. The nonprofit engages community members through advisory input and partnerships to shape inclusive programming and keep access affordable. Earned income from space rentals is reinvested into facility upkeep and community programs, reflecting a cooperative, user-centered approach to a sh...",Community Multi-Use Hub Co-op,Loss of Multi-Purpose Community Spaces,Union Project,"801 N Negley Avenue, Pittsburgh, PA 15206",https://www.unionproject.org,info@unionproject.org,
Union Project Space Rentals,"Union Project offers multiple community rooms and a historic hall for public use through an online rentals page that lists spaces, rates, amenities, and availability, with a community events calendar highlighting programs. They provide discounted nonprofit and neighborhood rates and can arrange reservations by phone, lowering cost and technology barriers to access. As a community-rooted nonprofit with resident leadership, they incorporate community feedback to guide equitable access to shared...",Shared Booking Platform + Community Calendar,Loss of Multi-Purpose Community Spaces,Union Project,"801 North Negley Avenue, Pittsburgh, PA 15206",https://www.unionproject.org/rentals,info@unionproject.org,
Union Project Space Rentals & Community Calendar,"Union Project maintains an online listing and request system for booking its Great Hall, studios, and meeting rooms, alongside a public community events calendar. The organization offers discounted rental rates for nonprofits and neighborhood groups and provides staff support by phone and email to remove access barriers. This functions as a local shared booking platform that consolidates available spaces and schedules for weddings, meetings, classes, and civic gatherings.",Shared Booking Platform + Community Calendar,Loss of Multi-Purpose Community Spaces,Union Project,"801 N Negley Avenue, Pittsburgh, PA 15206",https://www.unionproject.org,info@unionproject.org,
Union Project Space Rentals & Community Programming,"Union Project offers an affordable, restored church hall and classrooms for a wide range of short-term community uses—weddings, nonprofit fundraisers, neighborhood meetings, classes, and faith gatherings—often scheduled back-to-back to maximize access. This rotating, multi-purpose use of an accessible hall effectively replaces the lost social functions of union halls, while validating ongoing investment in shared civic space.",Pop-up Events in Vacant Spaces,Loss of Multi-Purpose Community Spaces,Union Project,"801 North Negley Avenue, Pittsburgh, PA 15206",https://www.unionproject.org,info@unionproject.org,
Union Project Space Rentals & Community Programs,"Union Project repurposed the former Union Baptist Church into a multi-use community hub with affordable room, hall, and office rentals for meetings, classes, and events. It hosts arts and workforce-skills programming (e.g., ceramics apprenticeships, youth and adult classes) and rents space to nonprofits and small businesses on equitable, sliding-scale rates to keep the building active and accessible.",Multi-use Community Hubs,Union Hall Closures and Consolidation,Union Project,"801 N Negley Ave, Pittsburgh, PA 15206",https://www.unionproject.org,info@unionproject.org,
Union Project Volunteer Program,"Union Project engages trained volunteers as front-desk hosts and event support to welcome guests, monitor spaces, and assist with room rentals in its historic community venue. Volunteers steward the building during weddings, classes, meetings, and community gatherings, helping with check-in, setup/teardown, and accessibility needs. This creates continuity across events and ensures a safe, welcoming environment for a wide range of community uses.",Volunteer Venue Stewards Program,Loss of Multi-Purpose Community Spaces,Union Project,"801 N Negley Avenue, Pittsburgh, PA 15206",https://www.unionproject.org,info@unionproject.org,
Union Project Work Exchange Program,"Union Project’s Work Exchange Program enables neighbors to contribute volunteer hours—such as studio support, event setup/teardown, and hospitality—in exchange for ceramics studio access, discounts, or other benefits. The organization hosts weddings, meetings, and public programs in a multi-use community space and relies on trained volunteers to help deliver these functions. This time-for-access model builds a skills-share network and reciprocity that sustains community functions without heav...",Timebank and Skills-Share Network,Loss of Multi-Purpose Community Spaces,Union Project,"801 N Negley Avenue, Pittsburgh, PA 15206",https://www.unionproject.org,info@unionproject.org,
Union Project – Community Event & Rental Spaces,"Union Project is a community-controlled nonprofit that owns and stewards a historic former church as permanently accessible public space. It offers affordable, sliding-scale rentals of a large hall, classrooms, and studio spaces for weddings, AA meetings, civic gatherings, and cultural events—functionally replacing the multi-use role of union halls and social clubs. By holding the property in nonprofit community stewardship, Union Project ensures long-term, affordable availability of social a...",Community Land Trust for Social Spaces,Loss of Multi-Purpose Community Spaces,Union Project,"801 North Negley Avenue, Pittsburgh, PA 15206",https://www.unionproject.org,info@unionproject.org,
Union Project – Space Rentals,"Union Project, housed in a restored historic church, offers affordable event and meeting space to community groups, faith congregations, schools, and nonprofits, with formal rental agreements and staff support for evening and weekend use. The organization actively hosts trainings, civic forums, and family celebrations, turning a trusted faith-based facility into a multi-use community hub that replaces the lost functions of former halls and clubs.","Partnerships with Unions, Churches, and Schools",Loss of Multi-Purpose Community Spaces,Union Project,"801 N Negley Avenue, Pittsburgh, PA 15206",https://www.unionproject.org,info@unionproject.org,
Union Project – Space Rentals & Community Calendar,"Union Project operates a community hub with affordable rentals for meetings, classes, weddings, and civic events, coordinated through an online inquiry/booking system and public calendar. They offer community-priced and subsidized rates for nonprofits and neighborhood groups, and staff provide assistance via phone and email to reduce barriers to access. As a nonprofit governed by a community board, Union Project prioritizes equitable access to multi-use space similar to traditional union halls.",Shared Booking Platform + Community Calendar,Loss of Multi-Purpose Community Spaces,Union Project,"801 N Negley Avenue, Pittsburgh, PA 15206",https://www.unionproject.org,info@unionproject.org,
United Way Community Schools (Southwestern PA),"United Way of Southwestern Pennsylvania partners with local school districts to operate schools as community hubs that remain open after hours for family engagement nights, workforce and financial literacy trainings, and civic resource fairs. These formal school–community agreements leverage the trust of school districts to provide stable, multi-use space for residents. The initiative restores the function of multi-purpose halls by using familiar school settings for union-friendly trainings, ...","Partnerships with Unions, Churches, and Schools",Loss of Multi-Purpose Community Spaces,United Way of Southwestern Pennsylvania,"1250 Penn Avenue, Pittsburgh, PA 15222",https://www.uwswpa.org,info@uwswpa.org,
United Way Volunteer Hub (Get Connected),"United Way of Southwestern Pennsylvania operates an online volunteer hub that lists and manages volunteer opportunities across the region, filterable by location and time of day to align with shift schedules. The platform enables residents and commuting workers to find nearby opportunities, join team-based projects, and coordinate participation, fostering neighborhood connection and mutual aid. This directly supports the solution by organizing volunteer assistance and maintaining a digital co...",Digital Neighbor Network & Shift Coordination App,Geographic Dispersion of Union Members,United Way of Southwestern Pennsylvania,"1250 Penn Avenue, Pittsburgh, PA 15222",https://uwswpa.org/volunteer,info@uwswpa.org,
United Way Volunteer Initiatives (Day of Caring),"United Way of Southwestern Pennsylvania organizes Day of Caring and ongoing volunteer initiatives that deploy corporate, community, and union volunteers to complete maintenance, painting, landscaping, and safety repairs at nonprofit and community facilities. Sponsors pool funds to cover materials while United Way coordinates the volunteer roster and project management. The shared funding and labor model reduces costs for participating sites and helps keep buildings safe and functional across ...",Shared Maintenance Pool,Union Hall Closures and Consolidation,United Way of Southwestern Pennsylvania,"412 Boulevard of the Allies, Pittsburgh, PA 15219",https://uwswpa.org/volunteer/,info@uwswpa.org,
United Way Volunteer Portal,"United Way of Southwestern Pennsylvania operates a regional online portal and 2-1-1 hub that connects residents with local volunteer opportunities, community events, and neighbor-to-neighbor assistance. Employers and groups post shift-friendly projects and can coordinate carpools or group service days, while residents filter opportunities by location, time, and cause. This serves as a digital community hub that fosters interaction among commuters and residents and organizes volunteer support ...",Digital Neighbor Network & Shift Coordination App,Geographic Dispersion of Union Members,United Way of Southwestern Pennsylvania,"1250 Penn Avenue, Pittsburgh, PA 15222",https://uwswpa.org,info@uwswpa.org,
University of Pittsburgh Community Engagement Center – Homewood,"The Pitt Community Engagement Center in Homewood offers classrooms, labs, and meeting rooms for residents, neighborhood organizations, schools, and faith partners to host trainings, civic meetings, and family-oriented programs after traditional business hours. Through formal partnerships and scheduled access, the CEC provides a stable, trusted venue that reconnects community life to an accessible, multi-use facility.","Partnerships with Unions, Churches, and Schools",Loss of Multi-Purpose Community Spaces,"University of Pittsburgh, Office of Engagement and Community Affairs","622 N Homewood Avenue, Pittsburgh, PA 15208",https://cec.pitt.edu,,
University of Pittsburgh Slovak Heritage Festival,"An annual fall festival at the Cathedral of Learning featuring Slovak food, music, dance, storytelling, and hands-on craft demonstrations led by artisans and elders. Organized with university faculty, student groups, and community volunteers, it offers intergenerational activities, language and genealogy sessions, and vendor booths that strengthen cultural pride and cross-community connections.",Annual and Seasonal Heritage Festivals,Disappearance of Ethnic Clubs and Fraternal Lodges,University of Pittsburgh – Department of Slavic Languages & Literatures,"4200 Fifth Avenue, Pittsburgh, PA 15260",https://www.slavic.pitt.edu,slavic@pitt.edu,
Urban EcoStewards Program,"The Pittsburgh Parks Conservancy trains volunteers to adopt and regularly maintain specific park sites, providing instruction in tool safety and hands-on upkeep techniques. Volunteers conduct ongoing maintenance such as trail repairs, boardwalk and fence fixes, invasive removal, and cleanups—reducing municipal maintenance costs while cultivating long-term stewardship and strong community connections.",Volunteer Maintenance Corps,Union Hall Closures and Consolidation,Pittsburgh Parks Conservancy,"2005 Beechwood Boulevard, Pittsburgh, PA 15217",https://www.pittsburghparks.org,volunteer@pittsburghparks.org,
Vacant to Vibrant,"This initiative provides short-term access and support for entrepreneurs and nonprofits to use vacant downtown Erie storefronts for pop-up retail, community programming, and special events. By rotating participants and measuring traffic and sales, it recreates multi-use community functions in empty spaces while generating data and visibility that help property owners transition spaces to longer-term, mission-aligned tenants.",Pop-up Events in Vacant Spaces,Loss of Multi-Purpose Community Spaces,Erie Downtown Partnership,"140 East 5th Street, Erie, PA 16507",https://www.eriedowntown.com/vacanttovibrant,info@eriedowntown.com,
Volunteer-Run Venue Operations,"The Mr. Roboto Project is a cooperatively run, all-ages community venue where volunteers coordinate bookings, staff the door, run shows, and maintain the space. Volunteer stewards manage the event calendar, welcome attendees, enforce safety policies, and handle day-of logistics, creating a reliable, accessible place for diverse community events and meetings.",Volunteer Venue Stewards Program,Loss of Multi-Purpose Community Spaces,The Mr. Roboto Project,"5106 Penn Avenue, Pittsburgh, PA 15224",https://www.therobotoproject.org,booking@therobotoproject.org,
Welcoming Pittsburgh,"The City’s Welcoming Pittsburgh initiative partners with neighborhood groups and resident volunteers to host newcomer orientations, welcome events, and peer connections that introduce people to their local community. Through ambassador-style outreach and invitations to civic and cultural gatherings, the program helps new residents quickly meet long-time Pittsburghers and build trust in neighborhood institutions.",Neighborhood Welcome & Buddy Program,Geographic Dispersion of Union Members,City of Pittsburgh – Office of Immigrant and Refugee Affairs,"414 Grant Street, Pittsburgh, PA 15219",https://pittsburghpa.gov/welcoming-pittsburgh,welcomepgh@pittsburghpa.gov,
Wilkins School Community Center,"Wilkins School Community Center is a resident-led nonprofit hub in a former school that offers low-cost classes in arts, dance, fitness, and community programs, plus affordable room rentals for meetings and clubs. The center welcomes people of all ages and backgrounds, providing neutral space for gatherings, workshops, and recreational activities. As a community-run facility, it functions as an inclusive alternative to membership-limited or politically affiliated clubs.",Community Multi-Use Hub Co-op,Loss of Multi-Purpose Community Spaces,Wilkins School Community Center,"7604 Charleston Avenue, Pittsburgh, PA 15218",https://www.wsccpgh.org,info@wsccpgh.org,
Wilkins School Community Center (WSCC),"WSCC is a community-run center in a former neighborhood school that rents classrooms, halls, and meeting rooms for clubs, training sessions, family celebrations, support groups, and civic gatherings. Supported by members, volunteers, and a community board, the organization keeps rates affordable and channels proceeds back into maintenance and programming, giving local users an ongoing voice in operations.",Community Multi-Use Hub Co-op,Loss of Multi-Purpose Community Spaces,Wilkins School Community Center,"7604 Charleston Avenue, Pittsburgh, PA 15218",https://www.wsccpgh.org,info@wsccpgh.org,
Wilkins School Community Center Volunteer Program,"WSCC relies on volunteers as building hosts and event stewards to open and close rooms, greet attendees, and support scheduling for classes, clubs, and private rentals in its multi-room community center. Volunteers help maintain the facility, orient renters, and uphold safety and accessibility practices, enabling diverse groups—from fitness classes to civic meetings—to share space smoothly. This volunteer stewardship strengthens relationships among users and keeps a flexible, affordable venue...",Volunteer Venue Stewards Program,Loss of Multi-Purpose Community Spaces,Wilkins School Community Center,"7604 Charleston Avenue, Pittsburgh, PA 15218",https://www.wsccpgh.org,info@wsccpgh.org,
Wilkins School Community Center – Room Rentals & Community Calendar,"Wilkins School Community Center offers low-cost rentals of classrooms and multipurpose rooms for clubs, support groups, classes, and neighborhood meetings, with an online calendar and rental request process. The volunteer-led nonprofit provides discounted rates for local nonprofits and community groups and coordinates access via phone and email to keep the process simple for residents. A community board oversees the center, helping ensure that policies and pricing remain equitable and respons...",Shared Booking Platform + Community Calendar,Loss of Multi-Purpose Community Spaces,Wilkins School Community Center,"7604 Charleston Avenue, Pittsburgh, PA 15218",https://wsccpgh.org,info@wsccpgh.org,
WorkLaunch,"WorkLaunch is an annual series co-presented by JFCS Career Development Center and Carnegie Library of Pittsburgh that delivers free workshops, employer panels, resume clinics, and job fairs at library branches across Allegheny County. By bringing adult education and hiring events directly into neighborhood libraries and co-hosting them with workforce agencies and local employers, it steadily activates library spaces and demonstrates community value to garner public support.",Shared Programming with Schools and Libraries,Union Hall Closures and Consolidation,JFCS Career Development Center and Carnegie Library of Pittsburgh,"5743 Bartlett Street, Pittsburgh, PA 15217",https://jfcspgh.org/worklaunch/,careerdevelopment@jfcspgh.org,
Workforce & Education Committee,"The Beaver County Chamber’s Workforce & Education Committee functions as a community-employer liaison forum where manufacturers, training providers, and residents surface local needs and jointly plan solutions. It hosts employer listening sessions and neighborhood hiring events, and works with plant management to pilot practical steps like neighborhood-based recruitment, shift adjustments to fit transit and childcare realities, and coordinated transportation options for cross-county commuters.",Employer-Community Liaison Network,Geographic Dispersion of Union Members,Beaver County Chamber of Commerce,"650 Corporation Street, Suite 201, Beaver, PA 15009",https://www.bcchamber.com,info@bcchamber.com,
Workforce Development & Community Outreach,"Mon Valley Initiative blends remote coaching, virtual workshops, and online case-management with frequent pop-up hiring events and neighborhood meetings hosted at partner sites throughout the Mon Valley. Its Homestead hub offers meeting space with internet access for hybrid appointments, while staff keep residents connected via email, social media, and printed bulletin postings at community locations. This approach enables people to access services digitally while convening locally for relati...",Hybrid Digital-Physical Hubs,Union Hall Closures and Consolidation,Mon Valley Initiative,"305 East 8th Avenue, Homestead, PA 15120",https://monvalleyinitiative.com,info@monvalleyinitiative.com,
Workplace & Pop-Up Farmers Markets,"Farm to Table Buy Local organizes on-site pop-up markets at employers and community hubs across the Pittsburgh region, bringing local farmers and food producers directly to workers. These pop-ups are scheduled around shift changes and lunch/dinner breaks so commuters and shift workers can conveniently shop for fresh, local food right outside their workplaces, aligning with the solution’s emphasis on evening/early-morning access.",Pop-up Markets and Mobile Services at Shift Change,Geographic Dispersion of Union Members,Farm to Table Buy Local (a program of American HealthCare Group),"2040 Ardmore Boulevard, Suite 302, Pittsburgh, PA 15221",https://farmtotablepa.com,info@farmtotablepa.com,
Y on the Fly,"Y on the Fly is the YMCA of Greater Pittsburgh’s mobile program that brings portable equipment, music, and activity guides to parks, school yards, and community lots for pop-up clubs focused on fitness, games, and enrichment. Staff and volunteers host recurring sessions across neighborhoods, turning underused spaces into rotating, low-barrier gathering places for all ages.",Pop-up Clubs and Mobile Cultural Programming,Disappearance of Ethnic Clubs and Fraternal Lodges,YMCA of Greater Pittsburgh,"420 Fort Duquesne Boulevard, Suite 625, Pittsburgh, PA 15222",https://www.ymcapgh.org,info@ymcapgh.org,
Y on the Fly,"Y on the Fly is a mobile YMCA program that uses a branded van packed with sports equipment, books, games, and supplies to deliver pop-up recreation, nutrition, and learning activities in parks, lots, and neighborhood streets. By transforming outdoor spaces into temporary community hubs, it provides a multi-use gathering place for families and youth, and often incorporates partner resource tables, health screenings, and civic information to connect residents to services where no accessible hal...",Mobile Community Van/Trailer,Loss of Multi-Purpose Community Spaces,YMCA of Greater Pittsburgh,"2114 Centre Avenue, Pittsburgh, PA 15219",https://www.pittsburghymca.org/y-on-the-fly,,
