Name,Description,Solution,Obstacle,Organization,Address,Website,Email,Phone,Latitude,Longitude
7800 Susquehanna,"Bridgeway Capital, a nonprofit CDFI, acquired and holds this former industrial building and leases affordable, long‑term space to small manufacturers, makers, and mission‑driven enterprises. By stabilizing ownership and offering tenant support and predictable leases, 7800 Susquehanna reduces the risk of abrupt closures or displacement due to speculative real estate pressures and creates a platform that worker cooperatives and community‑serving employers can securely grow from.",Adaptive Reuse for Local Entrepreneurs and Makers,Deteriorated Housing Stock and Property Abandonment,Bridgeway Capital,"7800 Susquehanna Street, Pittsburgh, PA 15208",https://www.7800susquehanna.org,info@bridgewaycapital.org,
7800 Susquehanna,"Bridgeway Capital redeveloped a vacant former Westinghouse warehouse into an affordable multi-tenant hub for small manufacturers, makers, and creative businesses. The site offers flexible, below-market production and studio spaces with shared loading, utilities, and business support to help local entrepreneurs scale, creating jobs and new foot traffic in Homewood.",Adaptive Reuse for Local Entrepreneurs and Makers,Deteriorated Housing Stock and Property Abandonment,Bridgeway Capital,"7800 Susquehanna Street, Pittsburgh, PA 15208",https://7800susquehanna.org,info@bridgewaycapital.org,
ALCOSAN Regional Wastewater Service,"ALCOSAN provides centralized wastewater treatment for 83 municipalities in Allegheny County, pooling capital-intensive facilities, specialized crews, and equipment under intermunicipal agreements. By regionalizing operations, maintenance, regulatory compliance, and procurement, ALCOSAN reduces unit costs for participating communities and helps prevent infrastructure failures that can erode public trust.",Regional Shared Services Initiative,Failing Infrastructure and Municipal Services,Allegheny County Sanitary Authority (ALCOSAN),"3300 Preble Avenue, Pittsburgh, PA 15233",https://www.alcosan.org,customer.service@alcosan.org,
ALCOSAN Regional Wastewater Services,"ALCOSAN provides centralized wastewater treatment for 83 municipalities in Allegheny County, eliminating the need for each community to operate its own plant and major interceptors. By pooling infrastructure, maintenance crews, and procurement for major capital projects, ALCOSAN delivers economies of scale and offers programs like GROW grants to support municipal system upgrades, improving reliability and reducing long-term costs.",Regional Shared Services Initiative,Failing Infrastructure and Municipal Services,Allegheny County Sanitary Authority (ALCOSAN),"3300 Preble Avenue, Pittsburgh, PA 15233",https://www.alcosan.org,info@alcosan.org,
ALCOSAN Regional Wastewater Treatment System,"The Allegheny County Sanitary Authority (ALCOSAN) provides centralized wastewater conveyance and treatment for dozens of municipalities across Allegheny County, operating a single regional plant and interceptor system instead of duplicative local facilities. By pooling capital investment, maintenance crews, and specialized equipment, ALCOSAN lowers per-capita costs, ensures regulatory compliance, and maintains reliable service levels for member communities—directly aligning with regional shar...",Regional Shared Services Initiative,Failing Infrastructure and Municipal Services,Allegheny County Sanitary Authority,"3300 Preble Avenue, Pittsburgh, PA 15233",https://www.alcosan.org,info@alcosan.org,
APEX Accelerator (Government Contracting Assistance),"The Northwest Commission’s APEX Accelerator helps Western Pennsylvania businesses sell to federal, state, local, and institutional buyers through bid-matching, registrations, capability statements, and training. It hosts reverse trade shows and matchmaking events that connect local firms with hospitals, universities, municipalities, and prime contractors—expanding local procurement opportunities. By building buyer-seller relationships and strengthening vendor readiness, the program keeps more...",Local Procurement & Employer Partnership Initiative,Geographic Isolation from Economic Opportunity Centers,Northwest Pennsylvania Regional Planning and Development Commission (Northwest Commission),"395 Seneca Street, Oil City, PA 16301",https://www.northwestpa.org,,
ARTS Oil City – Artist Relocation & Live/Work Program,"ARTS Oil City recruits artists to relocate to Oil City by connecting them with vacant homes and commercial buildings available at low cost and assisting with financing, tax abatements, and rehab guidance. Participating artists establish live/work spaces and invest sweat equity into repairs and ongoing stewardship, keeping long-empty structures occupied and maintained. This approach reduces blight and crime while rebuilding confidence and market activity in a disinvested downtown.",Property Guardianship and Live-Work Programs,Deteriorated Housing Stock and Property Abandonment,"Oil City Main Street Program (Oil Region Alliance of Business, Industry & Tourism)","217 Elm Street, Oil City, PA 16301",https://artsoilcity.com,info@oilregion.org,
Adagio Health Breast & Cervical Cancer Screening and Mobile Mammography,"Adagio Health provides free and low-cost breast and cervical cancer screenings across Western Pennsylvania through the PA Breast and Cervical Cancer Early Detection Program (PA-BCCEDP) and a mobile mammography unit. The program conducts community screening events, risk assessments, and patient navigation to ensure residents receive timely diagnostic follow-up, addressing cancer risk factors in communities affected by legacy industrial pollution.",Community Health Screenings and Environmental Clinics,Contaminated Industrial Brownfields,Adagio Health,"2400 Liberty Avenue, Suite 302, Pittsburgh, PA 15222",https://www.adagiohealth.org,info@adagiohealth.org,
Adopt It! (Municipal Road and Public Space Adoption),"Keep Pennsylvania Beautiful’s Adopt It! program supports municipalities and civic groups in creating local Adopt-a-Road/Adopt-a-Spot efforts for streets, parks, and stormwater areas across Western Pennsylvania. It provides guidance, materials, and signage so neighborhood teams can conduct regular litter removal, light vegetation management, and routine reporting of problems to local public works, building long-term community stewardship.",Neighborhood Adopt-a-Street/Structure Program,Failing Infrastructure and Municipal Services,Keep Pennsylvania Beautiful,"105 West 4th Street, Greensburg, PA 15601",https://www.keeppabeautiful.org/programs/adopt-it-program/,info@keeppabeautiful.org,
Adopt-A-Block (Downtown Erie),"The Erie Downtown Partnership’s Adopt-A-Block program assigns volunteers and businesses to specific downtown blocks for regular litter pickup, graffiti abatement, light vegetation control, and reporting of maintenance needs to the City. This structured, block-by-block stewardship improves street conditions and public space cleanliness while fostering shared responsibility among neighbors and merchants.",Neighborhood Adopt-a-Street/Structure Program,Failing Infrastructure and Municipal Services,Erie Downtown Partnership,"140 East 5th Street, Erie, PA 16507",https://www.eriedowntown.com,info@eriedowntown.com,
Adopt-A-Block (Lawrenceville),"Lawrenceville United’s Adopt-A-Block program recruits neighbors to take responsibility for a specific block with regular litter pickup, sweeping, basic weed removal, and reporting of problem properties or infrastructure to 311. This block-level commitment creates ongoing stewardship that keeps streets clean, controls vegetation, and helps the City prioritize repairs and maintenance.",Neighborhood Adopt-a-Street/Structure Program,Failing Infrastructure and Municipal Services,Lawrenceville United,"1346 Butler Street, Pittsburgh, PA 15201",https://www.lunited.org,info@lunited.org,
Adopt-A-Drain PGH,"Pittsburgh Water and Sewer Authority’s Adopt-A-Drain PGH lets residents and businesses adopt storm drains, keep them clear of debris, and report issues via an online platform that publicly credits adopters. By contributing routine maintenance and monitoring, participants help prevent street flooding and sewer overflows, lowering operational costs and extending the life of stormwater infrastructure. The program offers public recognition and builds ongoing partnerships between local institution...",Public-Private Community Partnership Program,Failing Infrastructure and Municipal Services,Pittsburgh Water and Sewer Authority (PWSA),"1200 Penn Avenue, Pittsburgh, PA 15222",https://www.pgh2o.com/adoptadrain,info@pgh2o.com,
Adopt-A-Drain PGH,"Adopt-A-Drain PGH enables residents to claim specific storm drains and commit to routine clearing of litter, leaves, and debris, while submitting observations about blockages or damage through the platform. This light, regular maintenance reduces localized flooding, protects water quality, and extends the life of drainage infrastructure. The program builds neighborhood stewardship by assigning clear responsibility for nearby assets and creating a simple reporting channel to the city.",Neighborhood Adopt-a-Street/Structure Program,Failing Infrastructure and Municipal Services,City of Pittsburgh Department of Mobility & Infrastructure,"414 Grant Street, Pittsburgh, PA 15219",https://adoptadrainpgh.org,311@pittsburghpa.gov,
Adopt-A-Drain Pittsburgh,"PWSA’s Adopt-A-Drain program lets residents and businesses adopt storm drains and commit to keeping them clear of debris to prevent flooding and water-quality issues. Adopters are acknowledged through the program’s online platform, and simple maintenance by community partners reduces service demands on the utility. This public–private collaboration maintains critical stormwater infrastructure and builds neighborhood stewardship around a shared asset.",Public-Private Community Partnership Program,Failing Infrastructure and Municipal Services,Pittsburgh Water and Sewer Authority,"1200 Penn Avenue, Pittsburgh, PA 15222",https://adoptadrain.pgh2o.com/,info@pgh2o.com,
Adopt-A-Lot,"The City of Pittsburgh’s Adopt-A-Lot program issues short-term licenses that let residents and organizations temporarily activate vacant and tax-delinquent parcels with pocket parks, community gardens, art installations, and pop-up markets. For lots with potential contamination, the program requires safe practices such as using raised beds, imported clean soil, mulch caps, and removable, non-invasive features, enabling public use without disturbing underlying soils. This creates low-impact, i...",Green Infrastructure and Urban Agriculture Conversion,Deteriorated Housing Stock and Property Abandonment,City of Pittsburgh Department of City Planning,"200 Ross Street, Pittsburgh, PA 15219",https://pittsburghpa.gov/dcp/adopt-a-lot,adoptalot@pittsburghpa.gov,
Adopt-A-Lot,"The City of Pittsburgh’s Adopt-A-Lot program issues short-term licenses that let residents and organizations temporarily activate vacant and tax-delinquent parcels with pocket parks, community gardens, art installations, and pop-up markets. For lots with potential contamination, the program requires safe practices such as using raised beds, imported clean soil, mulch caps, and removable, non-invasive features, enabling public use without disturbing underlying soils. This creates low-impact, i...",Interim Activation and Pocket-Use Projects,Deteriorated Housing Stock and Property Abandonment,City of Pittsburgh Department of City Planning,"200 Ross Street, Pittsburgh, PA 15219",https://pittsburghpa.gov/dcp/adopt-a-lot,adoptalot@pittsburghpa.gov,
Adopt-A-Lot,"The City of Pittsburgh’s Adopt-A-Lot program issues short-term licenses that let residents and organizations temporarily activate vacant and tax-delinquent parcels with pocket parks, community gardens, art installations, and pop-up markets. For lots with potential contamination, the program requires safe practices such as using raised beds, imported clean soil, mulch caps, and removable, non-invasive features, enabling public use without disturbing underlying soils. This creates low-impact, i...",Interim Safe Uses and Tactical Reuse,Contaminated Industrial Brownfields,City of Pittsburgh Department of City Planning,"200 Ross Street, Pittsburgh, PA 15219",https://pittsburghpa.gov/dcp/adopt-a-lot,adoptalot@pittsburghpa.gov,
Adopt-A-Lot Urban Agriculture Program,"The City of Pittsburgh’s Adopt-A-Lot program licenses vacant city-owned parcels for community gardens and urban farms with requirements and guidance that prioritize raised beds and imported clean soil on sites without confirmed remediation. The program provides information on soil testing, safe crop planning, and environmental reviews, and limits in-ground food production until sites are cleared or remediated to protect public health.",Safe Urban Agriculture with Soil Management,Contaminated Industrial Brownfields,City of Pittsburgh Department of City Planning,"200 Ross Street, Pittsburgh, PA 15219",https://pittsburghpa.gov/dcp/adopt-a-lot,adoptalot@pittsburghpa.gov,
Adopt-A-Lot: Garden and Farming,"The City of Pittsburgh’s Adopt-A-Lot program provides legal access to vacant city-owned land for community gardens and urban farms and requires soil testing and lead-safe practices. The program directs adopters to use raised beds with imported clean soil when contamination is present or unknown and prohibits ground-level food production on compromised sites until environmental remediation is completed, aligning with best practices for safe urban agriculture.",Safe Urban Agriculture with Soil Management,Contaminated Industrial Brownfields,City of Pittsburgh Department of City Planning,"200 Ross Street, Pittsburgh, PA 15219",https://pittsburghpa.gov/dcp/adopt-a-lot,adoptalot@pittsburghpa.gov,
Adopt-A-Road (Butler County),"Butler County’s Adopt-A-Road program assigns volunteer groups to specific county or municipal road segments for periodic litter pickup, weed/vegetation trimming at the roadside, and routine reporting of hazards or maintenance needs. The county provides supplies and support while volunteers handle ongoing light maintenance. This sustained, block-by-block stewardship keeps public rights-of-way safer and cleaner and reduces long-term maintenance burdens.",Neighborhood Adopt-a-Street/Structure Program,Failing Infrastructure and Municipal Services,Butler County Recycling & Waste Management,"124 Alameda Road, Butler, PA 16001",https://www.butlercountypa.gov/1655/Adopt-A-Road,recycling@co.butler.pa.us,
Adopt-A-Road Program,"Allegheny County’s Adopt-A-Road Program invites businesses, civic groups, and neighborhood organizations to adopt segments of county-maintained roads and perform periodic litter removal and small beautification tasks. The County provides signage recognizing the adopters and supplies safety gear, while volunteers supply labor, reducing public maintenance costs. This public–private partnership keeps roadway infrastructure clean and functional and builds ties between local employers and the comm...",Public-Private Community Partnership Program,Failing Infrastructure and Municipal Services,Allegheny County Department of Public Works,"County Office Building, 542 Forbes Avenue, Pittsburgh, PA 15219",https://www.alleghenycounty.us/public-works,publicworks@alleghenycounty.us,
Adopt-A-Road Program (Cranberry Township),"Cranberry Township’s Adopt-A-Road program engages local businesses, civic groups, and families to adopt specific township road segments for litter removal and light maintenance. The township provides supplies and erects roadside recognition signs, while adopters commit to several cleanups per year, building civic pride and steady care for local transportation assets. These partnerships supplement public works capacity and help keep infrastructure functional despite budget constraints.",Public-Private Community Partnership Program,Failing Infrastructure and Municipal Services,Cranberry Township,"2525 Rochester Road, Cranberry Township, PA 16066",https://www.cranberrytownship.org,info@cranberrytownship.org,
Adopt-A-Trail,"Friends of the Riverfront’s Adopt-A-Trail program enables companies, community groups, and institutions to adopt segments of the Three Rivers Heritage Trail for routine upkeep. Adopters commit to activities like litter removal, invasive plant management, light trail-side repairs, and hazard reporting, and are recognized on signage and organizational channels. This partnership model supplements limited public resources to keep multi-municipal trail infrastructure in good condition while engagi...",Public-Private Community Partnership Program,Failing Infrastructure and Municipal Services,Friends of the Riverfront,"517 E Ohio Street, Suite 225, Pittsburgh, PA 15212",https://friendsoftheriverfront.org/programs/adopt-a-trail/,info@friendsoftheriverfront.org,
Adopt-A-Trail Program,"The Montour Trail Council’s Adopt-A-Trail program assigns volunteers to defined trail segments, bridges, and drainage features for routine litter removal, vegetation control, minor surface upkeep, and issue reporting. Adopters act as on-the-ground stewards, documenting problems and coordinating with the council for heavier maintenance. This sustained care extends the life of trail infrastructure and keeps a key regional transportation and recreation corridor safe and clean.",Neighborhood Adopt-a-Street/Structure Program,Failing Infrastructure and Municipal Services,Montour Trail Council,"4480 Steubenville Pike, Pittsburgh, PA 15205",https://montourtrail.org/volunteer/,info@montourtrail.org,
Adopt-a-County-Road Program,"Allegheny County’s Adopt-a-County-Road invites residents, businesses, and community groups to adopt segments of county-owned roads for recurring litter pickup and shoulder vegetation trimming. Participants agree to periodic maintenance and to report roadway or drainage issues to the County, helping reduce deferred maintenance and improve the reliability and cleanliness of local transportation assets.",Neighborhood Adopt-a-Street/Structure Program,Failing Infrastructure and Municipal Services,Allegheny County Department of Public Works,"542 Forbes Avenue, Pittsburgh, PA 15219",https://www.alleghenycounty.us/public-works/index.aspx,,
Adopt-a-Drain PGH,"PWSA’s Adopt-a-Drain PGH invites residents, community groups, and businesses to adopt storm drains and keep them clear of debris to prevent flooding and protect water quality. The authority supplies guidance and recognition through an online map, while adopters contribute ongoing maintenance labor for specific public infrastructure assets, directly embodying a public-private maintenance partnership.",Public-Private Community Partnership Program,Failing Infrastructure and Municipal Services,Pittsburgh Water and Sewer Authority,"1200 Penn Avenue, Pittsburgh, PA 15222",https://www.pgh2o.com/adoptadrain,info@pgh2o.com,
Adopt-a-Drain Pittsburgh,"PWSA’s Adopt-a-Drain program lets residents select a neighborhood storm drain and keep it clear of litter, leaves, and debris to prevent flooding and protect water quality. Volunteers commit to regular light maintenance and monitoring, and they report issues through the portal so PWSA can address repairs, blockages, or safety concerns—directly supporting stewardship of local drainage infrastructure.",Neighborhood Adopt-a-Street/Structure Program,Failing Infrastructure and Municipal Services,Pittsburgh Water and Sewer Authority (PWSA),"1200 Penn Avenue, Pittsburgh, PA 15222",https://adoptadrain.pgh2o.com,info@pgh2o.com,
Adopt-a-Road,"Cranberry Township’s Adopt-a-Road program invites residents, businesses, and civic groups to adopt segments of township roads for periodic litter removal, light shoulder vegetation control, and reporting of maintenance issues to Public Works. The Township provides supplies and coordination, turning routine upkeep into a structured stewardship effort that keeps streets clean and reduces long-term maintenance demands.",Neighborhood Adopt-a-Street/Structure Program,Failing Infrastructure and Municipal Services,Cranberry Township Department of Public Works,"2525 Rochester Road, Cranberry Township, PA 16066",https://www.cranberrytownship.org/280/Adopt-a-Road,customerservice@cranberrytownship.org,
AgeWell Rides,"AgeWell Rides is a volunteer driver program that matches vetted volunteers with older adults who need transportation to medical appointments, groceries, and essential services throughout Allegheny County. Coordinated scheduling and door-through-door assistance provide no-cost rides where public transit or paratransit is not feasible, helping seniors remain connected to care and community.",Volunteer Driver & Ride-Share Network,Geographic Isolation from Economic Opportunity Centers,"AgeWell Pittsburgh (a partnership of JAA, JFCS, and the Jewish Community Center of Greater Pittsburgh)","5738 Forbes Avenue, Pittsburgh, PA 15217",https://agewellpgh.org,,
AgeWell Rides,"AgeWell Rides is a volunteer driver program that provides door-to-door transportation for older adults to medical appointments, grocery shopping, and essential services across Pittsburgh neighborhoods. Volunteers are recruited, background-checked, and matched with ride requests; rides are free to clients with an option to donate, and the program partners with health and human service agencies to coordinate and support trips—directly implementing a community volunteer ride-share solution.",Volunteer Driver & Ride-Share Network,Geographic Isolation from Economic Opportunity Centers,AgeWell Pittsburgh,"5743 Bartlett Street, Pittsburgh, PA 15217",https://www.agewellpgh.org,info@agewellpgh.org,
AgeWell Rides,"AgeWell Rides is a volunteer driver program that provides scheduled rides for Allegheny County older adults to medical appointments, grocery shopping, and social services. Volunteers are recruited, vetted, and coordinated by JFCS/AgeWell Pittsburgh, and rides are arranged to fill transportation gaps for people without cars. This directly implements a neighborhood volunteer ride network with no-cost or donation-based trips, coordinated in partnership with local agencies.",Volunteer Driver & Ride-Share Network,Geographic Isolation from Economic Opportunity Centers,Jewish Family and Community Services (AgeWell Pittsburgh),"5743 Bartlett Street, Pittsburgh, PA 15217",https://www.jfcspgh.org/services/older-adults/agewell-rides/,info@jfcspgh.org,
AgeWell Rides,"AgeWell Rides is a volunteer-driven transportation service that matches trained volunteer drivers with older adults who need rides to medical appointments, grocery shopping, and community activities in Pittsburgh and nearby neighborhoods. Coordinated by JFCS Pittsburgh through the AgeWell Pittsburgh network, it operates as a community-run micro-transit alternative, dispatching volunteers to fill mobility gaps where fixed-route transit is inaccessible or limited.",Volunteer and Micro-Transit Network,Failing Infrastructure and Municipal Services,Jewish Family and Community Services (JFCS) Pittsburgh – AgeWell Pittsburgh,"5743 Bartlett Street, Pittsburgh, PA 15217",https://agewellpgh.org,info@jfcspgh.org,
AgeWell Rides,"AgeWell Rides provides volunteer-driven, door-to-door transportation for adults age 60+ to medical appointments, shopping, and social connections throughout Allegheny County. Coordinated by AgeWell Pittsburgh, volunteers use their own vehicles and are scheduled through a central dispatcher, offering a flexible micro-transit alternative when buses or paratransit aren’t available. The program sustains mobility and independence for older residents while strengthening community connections.",Volunteer and Micro-Transit Network,Failing Infrastructure and Municipal Services,"AgeWell Pittsburgh (a partnership of JCC of Greater Pittsburgh, JFCS, and Jewish Association on Aging)","5738 Forbes Avenue, Pittsburgh, PA 15217",https://agewellpgh.org/services/agewell-rides/,info@agewellpgh.org,
AgeWell Rides,"AgeWell Rides is a volunteer driver program that provides free, scheduled, door-to-door transportation for older adults who no longer drive, helping them reach medical appointments, grocery stores, religious services, and social activities. Volunteer drivers are recruited, vetted, and matched to riders by a program dispatcher, filling mobility gaps in neighborhoods where fixed-route transit is limited or difficult to use. This community-powered model sustains mobility and social connection wi...",Volunteer and Micro-Transit Network,Failing Infrastructure and Municipal Services,"AgeWell Pittsburgh (a partnership of JFCS, JAA, and the JCC of Greater Pittsburgh)","5743 Bartlett Street, Pittsburgh, PA 15217",https://www.agewellpgh.org,info@agewellpgh.org,
Air Quality Monitoring Program,"Protect PT trains residents to use low-cost air sensors and grab-sampling equipment to document odors, particulate pollution, and visible emissions near industrial and oil and gas sites. Volunteers submit observations and data to public maps (e.g., PurpleAir and Smell Pittsburgh) and work with staff to file complaints and evidence packages with county and state regulators to advance enforcement and remediation.",Volunteer Environmental Monitoring Program,Contaminated Industrial Brownfields,Protect PT,"3344 PA-130, Suite A, Harrison City, PA 15636",https://www.protectpt.org,info@protectpt.org,
Allegheny County 9-1-1 and Regional Public Safety Services,"Allegheny County centralizes 9-1-1 call taking/dispatch, emergency management, and specialized response teams (e.g., HAZMAT, water rescue) to serve municipalities countywide from a single, shared facility. This regional model pools communications infrastructure, trained personnel, and specialized equipment so local governments don’t each have to fund and staff standalone centers, reducing costs while maintaining or improving emergency response and coordination.",Regional Shared Services Initiative,Failing Infrastructure and Municipal Services,Allegheny County Department of Emergency Services,"150 Hookstown Grade Road, Moon Township, PA 15108",https://www.alleghenycounty.us/emergency-services/index.aspx,,
Allegheny County ARES/RACES (Amateur Radio Emergency Service / Radio Amateur Civil Emergency Service),"Allegheny County ARES/RACES organizes trained amateur radio volunteers to provide backup neighborhood-to-county communications when power or telecom systems fail. Working directly with the Allegheny County Department of Emergency Services and municipal EOCs, teams run local nets, staff shelters and the county EOC, and relay situational reports from communities to emergency planners—ensuring resilient, community-based communications during infrastructure failures.",Mutual Aid and Neighborhood Emergency Teams,Failing Infrastructure and Municipal Services,Allegheny County ARES/RACES in partnership with Allegheny County Department of Emergency Services,"150 Hookstown Grade Road, Coraopolis, PA 15108",https://allegheny-ares.org,,
Allegheny County Citizen Corps / Community Emergency Response Team (CERT),"Allegheny County CERT provides FEMA-standard training to neighborhood volunteers across the county in disaster preparedness, first aid, fire suppression, light search and rescue, and community damage assessment. The program is coordinated by the Allegheny County Department of Emergency Services and links teams with municipal emergency managers and the County Emergency Operations Center for deployment during major storms, water system disruptions, and other infrastructure failures, including s...",Mutual Aid and Neighborhood Emergency Teams,Failing Infrastructure and Municipal Services,Allegheny County Department of Emergency Services,"150 Hookstown Grade Road, Moon Township, PA 15108",https://www.alleghenycounty.us/emergency-services/emergency-management/citizen-corps.aspx,,
Allegheny County Community Emergency Response Team (CERT),"Allegheny County CERT trains neighborhood volunteers in disaster preparedness, fire suppression with extinguishers, basic first aid, light search and rescue, and emergency communications. Teams are activated by the County’s Department of Emergency Services and integrate with municipal emergency planners and the county EOC to assist with door-to-door checks, debris/roadway clearing support, and information relay during infrastructure failures.",Mutual Aid and Neighborhood Emergency Teams,Failing Infrastructure and Municipal Services,Allegheny County Department of Emergency Services,"150 Hookstown Grade Road, Coraopolis, PA 15108",https://www.alleghenycounty.us/emergency-services,,
Allegheny County Infrastructure Bank (ACIB),"ACIB offers low-interest, revolving loans to municipalities and authorities for transportation and utility infrastructure projects, including urgent patch repairs and safety improvements. Loan repayments replenish the fund, creating a sustainable, locally governed financing tool that pairs with municipal matches to advance time-sensitive maintenance and stretch limited tax bases further.",Community Infrastructure Repair Fund,Failing Infrastructure and Municipal Services,Allegheny County Economic Development,"542 Forbes Avenue, Pittsburgh, PA 15219",https://www.alleghenycounty.us/economic-development/financing/infrastructure-bank.aspx,acedinfo@alleghenycounty.us,
Allegheny County Infrastructure Bank (ACIB),"ACIB is a county-run revolving loan fund that provides low-interest financing to municipalities and authorities for urgent infrastructure needs such as road resurfacing, bridge repair, drainage, and water/sewer line rehabilitation. Loans are repaid and recycled to future projects, and local matches are typically required, helping smaller communities leverage limited tax bases. This directly implements the solution by offering a locally governed revolving fund to cover immediate patch repairs ...",Community Infrastructure Repair Fund,Failing Infrastructure and Municipal Services,Allegheny County Economic Development,"542 Forbes Avenue, Pittsburgh, PA 15219",https://www.alleghenycounty.us/economic-development,,
Allegheny County Medical Reserve Corps (MRC),"The Allegheny County MRC recruits and trains medical and non-medical volunteers to support public health and emergency response, including first aid, mass vaccination/medication dispensing, shelter health services, and community outreach. Volunteers are integrated into the county’s public health preparedness and emergency management plans through the Health Department, providing neighborhood-level medical surge capacity and coordination during disasters or infrastructure failures.",Mutual Aid and Neighborhood Emergency Teams,Failing Infrastructure and Municipal Services,Allegheny County Health Department,"542 Fourth Avenue, Pittsburgh, PA 15219",https://www.alleghenycounty.us/Health-Department,,
Allegheny County Public Works Projects Map,"Allegheny County Department of Public Works maintains a public projects dashboard that maps county road, bridge, and traffic infrastructure work with project descriptions, detours, and schedule updates. The tool centralizes status information and inspection-driven priorities so residents can follow progress and plan around maintenance activity.",Public Infrastructure Transparency Dashboard,Failing Infrastructure and Municipal Services,Allegheny County Department of Public Works,"542 Forbes Avenue, Pittsburgh, PA 15219",https://www.alleghenycounty.us/public-works/projects,,
Allentown Night Market,"Hilltop Alliance hosts the Allentown Night Market, transforming East Warrington Avenue into a corridor of pop-up shops, maker booths, and mobile food vendors several times a year. The event markets the neighborhood regionally, brings buyers from nearby communities, and gives small businesses a platform to validate demand, build customer bases, and pilot concepts that can transition into longer-term leases in nearby storefronts.",Pop-Up Market Days and Mobile Retail,Geographic Isolation from Economic Opportunity Centers,Hilltop Alliance,"831 East Warrington Avenue, Pittsburgh, PA 15210",https://pghhilltopalliance.org,info@pghhilltopalliance.org,
Alloy 26 at Nova Place,"Alloy 26 provides one of the region’s largest coworking environments with gigabit-speed internet, private offices, phone booths, and fully equipped conference rooms suitable for remote work and virtual meetings. The space regularly hosts meetups, networking events, and partnerships that connect members to mentors, clients, and regional tech employers. Its range of flexible memberships and day passes supports remote workers and neighborhood entrepreneurs seeking professional infrastructure wit...",Neighborhood Co-Working & Remote Work Incubators,Geographic Isolation from Economic Opportunity Centers,Alloy 26 at Nova Place,"100 South Commons, Suite 102, Pittsburgh, PA 15212",https://www.alloy26.com,info@alloy26.com,
Alloy 26 at Nova Place,"Alloy 26 is a large co-working community in a repurposed North Side complex that provides high-speed internet, conference rooms, phone booths, and event space for remote professionals and startups. It hosts programming and peer networks that link members to mentors and tech employers located on-site and across the region. Tiered memberships and day passes make professional workspace accessible to residents who cannot easily commute to employment centers.",Neighborhood Co-Working & Remote Work Incubators,Geographic Isolation from Economic Opportunity Centers,Alloy 26 (Nova Place),"100 S Commons, Pittsburgh, PA 15212",https://www.alloy26.com,hello@alloy26.com,
American Red Cross Disaster Action Team (Greater Pennsylvania Region – Pittsburgh),"The Red Cross Disaster Action Team (DAT) trains local volunteers who respond to home fires and community emergencies, provide first aid and immediate relief, and support shelter operations and disaster assessment. In Western Pennsylvania, the team coordinates with municipal emergency managers and fire departments, offers preparedness training to neighborhood groups, and augments local response capacity during infrastructure disruptions with sheltering, logistics, and family reunification serv...",Mutual Aid and Neighborhood Emergency Teams,Failing Infrastructure and Municipal Services,American Red Cross of Greater Pennsylvania,"2801 Liberty Avenue, Pittsburgh, PA 15222",https://www.redcross.org/local/pennsylvania/greater-pennsylvania.html,gpa.info@redcross.org,
Apprenti Pittsburgh,"Apprenti Pittsburgh builds employer-driven, registered apprenticeship pathways into technology roles for residents across Western Pennsylvania. Working with Partner4Work and regional employers, the program recruits and trains local talent, then places apprentices into paid roles that increasingly include hybrid or remote options, connecting communities farther from job centers to high-demand careers. By formalizing employer partnerships and hiring pipelines, Apprenti advances the ‘hire local’...",Local Procurement & Employer Partnership Initiative,Geographic Isolation from Economic Opportunity Centers,Partner4Work,"650 Smithfield Street, Suite 2600, Pittsburgh, PA 15222",https://apprenticareers.org/locations/pittsburgh/,info@partner4work.org,
Apprenticeship Pittsburgh,"Partner4Work’s Apprenticeship Pittsburgh coordinates registered apprenticeships and pre-apprenticeships with local employers, unions, schools, and community organizations across Allegheny County. By funding training partners and aligning Career and Technical Education (CTE) programs with union and industry pathways, it helps employers prioritize hiring nearby residents and creates a seamless local pipeline into family-sustaining jobs—strengthening neighborhood ties and reducing long commutes.",Local Procurement & Employer Partnership Initiative,Geographic Isolation from Economic Opportunity Centers,Partner4Work,"650 Smithfield Street, Suite 2400, Pittsburgh, PA 15222",https://www.partner4work.org,info@partner4work.org,
Apprenticeship Pittsburgh (Construction Industry Partnership),"Partner4Work operates Apprenticeship Pittsburgh and a construction industry partnership that funds short-term, stackable certifications (such as OSHA-10, NCCER, and flagger) and pre-apprenticeship programs. It maintains a public directory of registered apprenticeship opportunities and connects graduates to vetted local contractors and employers working on infrastructure and building projects, tracking outcomes to improve placement and retention. This coordinated training and matching system g...",Local Contractor Training and Registry,Failing Infrastructure and Municipal Services,Partner4Work,"650 Smithfield Street, Suite 2600, Pittsburgh, PA 15222",https://www.partner4work.org,info@partner4work.org,
Artist Image Resource (AIR),"AIR repurposed a former warehouse on Pittsburgh’s North Side into an open-access printmaking and digital fabrication center where artists, designers, and small brands can produce goods at low cost. The nonprofit manages memberships, training, and project support, activating a once-underused commercial property while incubating creative micro-enterprises.",Adaptive Reuse for Local Entrepreneurs and Makers,Deteriorated Housing Stock and Property Abandonment,Artist Image Resource,"518 Foreland Street, Pittsburgh, PA 15212",https://www.artistimageresource.org,info@artistimageresource.org,
Artist Residency Program,"The Mattress Factory’s Artist Residency Program commissions artists to create site-specific installations across a campus of former residences and warehouse buildings on Pittsburgh’s North Side. By permanently adapting vacant or underused structures for studios and exhibitions—and programming frequent public events—the museum activates surrounding blocks, attracts visitors, and repositions the neighborhood as a destination for culture and investment.",Arts and Culture Revitalization Initiative,Deteriorated Housing Stock and Property Abandonment,Mattress Factory,"500 Sampsonia Way, Pittsburgh, PA 15212",https://www.mattress.org,info@mattress.org,
Artist Residency Program,"The Mattress Factory hosts artists-in-residence who live and work on-site in a cluster of rehabilitated rowhouses and museum buildings in the Northside. Resident artists occupy and actively use spaces while producing site-specific installations, keeping properties in continuous use and coordinating with facilities staff on upkeep. This adaptive live-work approach reduces vacancy-related vandalism and showcases a cost-effective, cultural guardianship model for stabilizing older housing stock a...",Property Guardianship and Live-Work Programs,Deteriorated Housing Stock and Property Abandonment,Mattress Factory,"500 Sampsonia Way, Pittsburgh, PA 15212",https://mattress.org,info@mattress.org,
Artist-in-Residence (AIR) and Art House Program,"Bottle Works hosts artists-in-residence who live and work in restored houses and studios within Johnstown’s historic Cambria City neighborhood. By placing creators in formerly underutilized properties and engaging them in upkeep and public programming, the initiative deters blight, ensures ongoing maintenance through occupancy, and models incremental, low-cost neighborhood stabilization.",Property Guardianship and Live-Work Programs,Deteriorated Housing Stock and Property Abandonment,Bottle Works Ethnic Arts Center,"411 3rd Avenue, Johnstown, PA 15906",https://bottleworks.org,info@bottleworks.org,
Artist-in-Residence Program,"The Mattress Factory’s residency places artists in Northside properties and museum-owned spaces, many of which are rehabilitated rowhouses that benefit from constant use and care. Resident artists live and create on-site, providing guardianship through daily occupancy and helping to maintain and secure buildings that might otherwise sit vacant.",Property Guardianship and Live-Work Programs,Deteriorated Housing Stock and Property Abandonment,Mattress Factory,"500 Sampsonia Way, Pittsburgh, PA 15212",https://mattress.org,info@mattress.org,
Aspinwall Riverfront Park,"Aspinwall Riverfront Park transformed a former industrial riverfront parcel into a public park by pairing community capital campaigns and local business matching gifts with state and federal grants. Resident donations and corporate matches provided required local match dollars that unlocked DCNR, DCED, and other public funds for environmental remediation, soil management, and habitat restoration. The ongoing fundraising model continues to seed improvements and stewardship that address legacy ...",Local Fundraising and Matching Grant Campaigns,Contaminated Industrial Brownfields,Aspinwall Riverfront Park,"285 River Avenue, Aspinwall, PA 15215",https://www.aspinwallriverfrontpark.org,info@aspinwallriverfrontpark.org,
Auberle YouthBuild,"Auberle YouthBuild provides paid, hands-on construction training and education (including GED support) to young adults, who renovate and repair homes and community spaces in the Mon Valley. Participants learn from experienced trades instructors and volunteer mentors, gaining certifications and direct connections to registered apprenticeships and union pathways. By pairing real repair work with mentorship and paid training, YouthBuild grows local trades capacity while addressing maintenance ch...",Volunteer Maintenance Corps and Apprenticeships,Failing Infrastructure and Municipal Services,Auberle,"1101 Hartman Street, McKeesport, PA 15132",https://www.auberle.org/programs/youthbuild,info@auberle.org,
Avenues of Hope Storefront Façade Grant Program,"The Urban Redevelopment Authority’s Avenues of Hope Storefront Façade Grant Program provides matching grants to small businesses and commercial property owners in disinvested corridors to rehabilitate façades and exterior elements. Owners are required to contribute a match, which leverages public and philanthropic dollars to complete visible building improvements that deter blight and stabilize business districts. This local match model demonstrates community commitment and unlocks larger inv...",Local Match Programs to Leverage Public Funds,Deteriorated Housing Stock and Property Abandonment,Urban Redevelopment Authority of Pittsburgh (URA),"412 Boulevard of the Allies, Pittsburgh, PA 15219",https://www.ura.org/pages/avenues-of-hope-storefront-facade-grant-program,info@ura.org,
Beaver County Broadband Initiative,"Beaver County’s Planning and Redevelopment office coordinates countywide broadband planning, infrastructure design, and provider partnerships to reach unserved and underserved areas. The initiative maps coverage gaps, gathers neighborhood demand through sign‑ups and surveys, and leverages county ARPA dollars with state/federal grants to reduce build costs. Working with municipalities and ISPs, the county negotiates shared infrastructure and phased builds that prioritize affordability and reli...",Community Broadband Cooperative,Geographic Isolation from Economic Opportunity Centers,Beaver County Office of Planning and Redevelopment,"810 3rd Street, Beaver, PA 15009",https://www.beavercountypa.gov/Departments/Planning/Pages/default.aspx,planning@beavercountypa.gov,
Beaver County Brownfields Redevelopment Program,"The Beaver County Corporation for Economic Development manages phased remediation and reuse of former steel and industrial properties, often supported by EPA and state brownfield resources. Working with local officials, consultants, and community stakeholders, they prioritize the highest-risk areas, set project timelines, and apply a mix of remedies (capping, excavation, and in-situ methods) to prepare sites like former mill complexes for job-creating redevelopment aligned with community plans.","Phased, Community-Approved Remediation Plans",Contaminated Industrial Brownfields,Beaver County Corporation for Economic Development,"250 Insurance Street, Suite 300, Beaver, PA 15009",https://www.beavercountyced.org,,
Bike Rack Sponsorship Program,"Bike Pittsburgh partners with local businesses to sponsor the purchase and installation of public bike racks, expanding bike parking infrastructure where demand exceeds public funding. Sponsors provide materials funding and help identify sites in coordination with the city, and receive recognition while contributing to small but high-impact public-right-of-way improvements that support safer, more accessible streets.",Public-Private Community Partnership Program,Failing Infrastructure and Municipal Services,Bike Pittsburgh,"188 43rd Street, Suite 100, Pittsburgh, PA 15201",https://bikepgh.org,info@bikepgh.org,
Bloomfield Livable Streets,"Bloomfield Livable Streets is a resident-led committee that surveys riders, conducts bus stop audits, and maps commuting challenges in and around Bloomfield to identify priority transit fixes. The group partners with neighboring communities and rider advocates to present coordinated testimony, petitions, and data-backed proposals to Pittsburgh Regional Transit and the City, resulting in targeted stop changes, reliability improvements, and safer first/last-mile connections.",Advocacy & Regional Transit Coalition,Geographic Isolation from Economic Opportunity Centers,Bloomfield Development Corporation,"4905 Liberty Avenue, Pittsburgh, PA 15224",https://bloomfieldpgh.org,info@bloomfieldpgh.org,
Bloomfield Saturday Market,"Bloomfield Development Corporation operates a weekly seasonal outdoor market and periodic winter pop-ups featuring regional farmers, prepared foods, food trucks, and indie makers. The market actively promotes cross-neighborhood visitation and partners with nearby business districts to bring in shoppers from across Western Pennsylvania, creating visible demand for local producers. It offers a low-barrier platform for vendors to trial products and pop-up retail concepts that can scale into broa...",Pop-Up Market Days and Mobile Retail,Geographic Isolation from Economic Opportunity Centers,Bloomfield Development Corporation,"4901 Liberty Avenue, Pittsburgh, PA 15224",https://bloomfieldpgh.org,info@bloomfieldpgh.org,
Bloomfield ShurSave/Liberty Avenue Community Benefits Agreement,"Bloomfield Development Corporation organized residents and negotiated a CBA with the developer of the former ShurSave grocery site at 4401 Liberty Avenue, securing community-defined benefits as conditions for approvals and public support. The agreement includes commitments for neighborhood-serving and affordable commercial space, local hiring and contracting goals, and public realm improvements and amenities with provisions for ongoing maintenance funding. This ensures that redevelopment deli...",Community Benefit Agreements (CBAs),Contaminated Industrial Brownfields,Bloomfield Development Corporation,"4744 Liberty Avenue, Pittsburgh, PA 15224",https://www.bloomfieldpgh.org,info@bloomfieldpgh.org,
Bloomfield–Milhaus Community Benefits Agreement (4401 Liberty Avenue),"Bloomfield Development Corporation negotiated a CBA with the project developer for the 4401 Liberty Avenue redevelopment, embedding community benefits into project approvals. The agreement secured commitments for local hiring and contractor outreach, contributions to affordable housing and affordable commercial space, and investments in streetscape/public realm improvements with resources designated for ongoing upkeep to ensure long-term maintenance of community-facing amenities.",Community Benefit Agreements (CBAs),Contaminated Industrial Brownfields,Bloomfield Development Corporation,"4900 Friendship Avenue, Pittsburgh, PA 15224",https://bloomfieldpgh.org,info@bloomfieldpgh.org,
"Bottle Works Ethnic Arts Center: Galleries, Studios, and Festivals","Bottle Works revitalizes historic industrial buildings in Johnstown’s Cambria City into galleries, artist studios, and cultural event spaces, programming year-round exhibitions, residencies, and festivals. These activities reanimate formerly dormant structures, bring steady foot traffic, and build community pride that supports additional rehabilitation and investment in the neighborhood.",Arts and Culture Revitalization Initiative,Deteriorated Housing Stock and Property Abandonment,Bottle Works Arts on Third Avenue,"411 3rd Avenue, Johnstown, PA 15906",https://www.bottleworks.org,info@bottleworks.org,
Braddock Farms,"Braddock Farms demonstrates safe, low-impact interim reuse of post-industrial land through urban agriculture practices that rely on raised beds, imported clean soil, and barrier fabrics to avoid contact with legacy contaminants. The site hosts a farm stand, workshops, and youth programming, activating the property with non-invasive infrastructure while building food access and neighborhood engagement. This approach provides productive, temporary use of land in a community shaped by industrial...",Interim Safe Uses and Tactical Reuse,Contaminated Industrial Brownfields,Grow Pittsburgh,"1000 Braddock Avenue, Braddock, PA 15104",https://www.growpittsburgh.org,info@growpittsburgh.org,
Brew House Artist Housing and Studios (Brew House Lofts),"This initiative transformed a long-vacant portion of the historic Duquesne Brewery into affordable, artist-preference live/work apartments and studios. Vetted artist tenants keep the building active daily and take on ongoing upkeep of their units and shared spaces, which reduces vandalism and deterioration while showcasing adaptive reuse of an obsolete industrial asset. The program demonstrates how live/work occupation by artists can stabilize structures and reenergize a deindustrialized corr...",Property Guardianship and Live-Work Programs,Deteriorated Housing Stock and Property Abandonment,Brew House Association (with TREK Development Group),"711 S 21st Street, Pittsburgh, PA 15203",https://www.brewhousearts.org,info@brewhousearts.org,
Brew House Association Artist Studios,"Located in the rehabilitated Duquesne Brewing complex, the Brew House Association operates affordable artist studios and professional development programs that help creative entrepreneurs grow sustainable practices. By converting historic industrial space into long-term production studios and residencies, it anchors creative jobs and public activity on Pittsburgh’s South Side.",Adaptive Reuse for Local Entrepreneurs and Makers,Deteriorated Housing Stock and Property Abandonment,Brew House Association,"711 S 21st Street, Pittsburgh, PA 15203",https://www.brewhousearts.org,info@brewhousearts.org,
Brew House Association Artist Studios & Incubator,"Located in the historic Duquesne Brewing complex, the Brew House Association adapted former industrial space into affordable studios, a gallery, and residency programs for artists and creative entrepreneurs. By managing leases, offering professional development, and providing shared resources, the initiative enables makers to produce and sell work, activating the South Side and supporting local creative employment.",Adaptive Reuse for Local Entrepreneurs and Makers,Deteriorated Housing Stock and Property Abandonment,Brew House Association,"711 S 21st Street, Pittsburgh, PA 15203",https://www.brewhousearts.org,info@brewhousearts.org,
"Brew House Association: Studios, Gallery, and Distillery Residency","Located in the rehabilitated historic Duquesne Brewing complex, the Brew House Association converts once-vacant industrial space into artist studios, galleries, and artist housing. Through exhibitions, public programs, and the Distillery residency, they activate large sections of the building, drawing audiences and creative enterprises that help stabilize the area and demonstrate the viability of adaptive reuse.",Arts and Culture Revitalization Initiative,Deteriorated Housing Stock and Property Abandonment,Brew House Association,"711 S 21st Street, Pittsburgh, PA 15203",https://www.brewhousearts.org,info@brewhousearts.org,
Brew House Lofts,"The Brew House Lofts provide affordable live-work housing for artists within a once-vacant historic brewery on Pittsburgh’s South Side. Residents activate and steward the property through ongoing occupancy and creative production, helping maintain the building and stabilize the surrounding corridor by bringing daily use and care to a previously idle structure.",Property Guardianship and Live-Work Programs,Deteriorated Housing Stock and Property Abandonment,Brew House Association,"711 S 21st Street, Pittsburgh, PA 15203",https://www.brewhousearts.org,info@brewhousearts.org,
Bridge to Career: Customer Service & Office Administration,"This program offers short, stackable training in professional communication, digital tools (Google Workspace, Microsoft Office), and customer support, delivered online and at neighborhood locations. Students receive individualized coaching, transportation assistance, and referrals for childcare and other barriers to work, plus job search support. Employer partners and job developers connect completers to local and remote customer service and administrative positions.",Local Skills Training Linked to Remote Jobs,Geographic Isolation from Economic Opportunity Centers,Literacy Pittsburgh,"411 Seventh Avenue, Suite 525, Pittsburgh, PA 15219",https://www.literacypittsburgh.org,info@literacypittsburgh.org,
Brownfield Redevelopment Program,"The Urban Redevelopment Authority of Pittsburgh (URA) leads phased remediation and redevelopment of former industrial sites across the city, coordinating with environmental consultants, the Pennsylvania DEP Act 2 program, and local officials. The URA engages residents through planning processes and public meetings to review cleanup alternatives, prioritize highest‑risk areas, set clear timelines, and align remedies with desired future uses. Cleanups combine techniques such as hot‑spot excavat...",Community Visioning and Design Charrettes,Contaminated Industrial Brownfields,Urban Redevelopment Authority of Pittsburgh,"412 Boulevard of the Allies, Pittsburgh, PA 15219",https://www.ura.org,info@ura.org,
Brownfield Redevelopment Program,"The Urban Redevelopment Authority of Pittsburgh (URA) leads phased remediation and redevelopment of former industrial sites across the city, coordinating with environmental consultants, the Pennsylvania DEP Act 2 program, and local officials. The URA engages residents through planning processes and public meetings to review cleanup alternatives, prioritize highest‑risk areas, set clear timelines, and align remedies with desired future uses. Cleanups combine techniques such as hot‑spot excavat...","Phased, Community-Approved Remediation Plans",Contaminated Industrial Brownfields,Urban Redevelopment Authority of Pittsburgh,"412 Boulevard of the Allies, Pittsburgh, PA 15219",https://www.ura.org,info@ura.org,
Brownfield Redevelopment Program,"The URA secures and administers EPA Brownfields Assessment grants for Pittsburgh, using neighborhood planning and public meetings to identify and prioritize contaminated former industrial properties. URA coordinates Phase I/II environmental assessments and partners with nonprofits and local universities to share health risk information and develop reuse plans, enabling residents to shape which sites move forward for assessment and cleanup.",Community-led Brownfields Assessment Advocacy,Contaminated Industrial Brownfields,Urban Redevelopment Authority of Pittsburgh,"412 Boulevard of the Allies, Suite 901, Pittsburgh, PA 15219",https://www.ura.org/pages/brownfield-redevelopment,info@ura.org,
Brownfield Redevelopment Program – Community Planning & Engagement,"The Urban Redevelopment Authority’s Brownfield Redevelopment Program pairs site acquisition and cleanup with robust neighborhood visioning and design charrettes. URA staff and consultants work with residents to define preferred future uses—housing, parks and trails, light industry, and local retail—so cleanup objectives, risk management, and funding strategies match community-led redevelopment plans. Public design workshops are used to shape site concepts and guide developer selection and rem...",Community Visioning and Design Charrettes,Contaminated Industrial Brownfields,Urban Redevelopment Authority of Pittsburgh,"412 Boulevard of the Allies, Pittsburgh, PA 15219",https://www.ura.org,info@ura.org,
Brownfields & Land Revitalization Program (Western Pennsylvania),"PEC supports communities in western Pennsylvania to organize around legacy industrial contamination and obtain assessment resources. The program facilitates resident-led workshops to identify and prioritize brownfield sites, assists local governments with EPA and PA DEP assessment grant applications, and partners with universities and health organizations to build site inventories and communicate environmental health risks to the public.",Community-led Brownfields Assessment Advocacy,Contaminated Industrial Brownfields,Pennsylvania Environmental Council,"810 River Avenue, Suite 201, Pittsburgh, PA 15212",https://pecpa.org,info@pecpa.org,
Brownfields Revolving Loan Fund and Cleanup Program,"The Redevelopment Authority of the County of Washington administers an EPA-funded Brownfields Revolving Loan Fund to implement phased, community‑approved cleanups at legacy industrial sites. Projects require an Analysis of Brownfields Cleanup Alternatives (ABCA) with public meetings and comment, prioritization of highest‑risk areas, and schedules with milestones tied to end uses. Funded cleanups use a mix of approaches—soil removal, cap/cover systems, and in‑situ treatments—to achieve Act 2 s...","Phased, Community-Approved Remediation Plans",Contaminated Industrial Brownfields,Redevelopment Authority of the County of Washington,"100 West Beau Street, Suite 603, Washington, PA 15301",https://www.racw.net,racw@racw.net,
Brownfields to Brightfields (B2B) – Western Pennsylvania,"PEC’s B2B initiative helps municipalities and community partners in Western Pennsylvania turn remediated industrial sites and capped landfills into revenue-generating solar projects. The program provides site screening, policy guidance, and connections to financing and developers, enabling local governments and community groups to structure cooperative or public–private solar developments that fund long-term site stewardship and community programs.",Community-Owned Renewable Energy Projects,Contaminated Industrial Brownfields,Pennsylvania Environmental Council,"810 River Avenue, Suite 201, Pittsburgh, PA 15212",https://pecpa.org,pec@pecpa.org,
Build Corps,"Build Corps is Rebuilding Together Pittsburgh’s paid pre-apprenticeship that trains young adults in construction basics while they complete critical health-and-safety home repairs for low-income homeowners alongside RTP’s volunteer crews and retired skilled-trade House Captains. Participants earn industry credentials and receive on-the-job mentoring from experienced tradespeople, preparing them to enter registered apprenticeships and construction careers while expanding local capacity to main...",Volunteer Maintenance Corps and Apprenticeships,Failing Infrastructure and Municipal Services,Rebuilding Together Pittsburgh,"7800 Susquehanna Street, Pittsburgh, PA 15208",https://www.rebuildingtogetherpittsburgh.org,info@rtpittsburgh.org,
Burgh's Eye View – Capital Projects,"A public dashboard that tracks the City of Pittsburgh’s capital infrastructure projects across neighborhoods. It displays each project’s location, scope, phase, budget allocation and expenditures, and expected timelines, drawing from the city’s capital program. Residents can monitor progress on streets, bridges, facilities, and mobility projects to increase accountability and transparency.",Public Infrastructure Transparency Dashboard,Failing Infrastructure and Municipal Services,City of Pittsburgh Department of Mobility and Infrastructure,"414 Grant Street, Pittsburgh, PA 15219",https://burghs-eye-view.pittsburghpa.gov/capital-projects/,domi@pittsburghpa.gov,
Butler Area Public Library Wi‑Fi Hotspot & Chromebook Lending,"Butler Area Public Library operates a loaner program for mobile hotspots and Chromebooks and offers one‑on‑one tech assistance and digital literacy sessions focused on safe, effective internet use. The library’s free Wi‑Fi extends beyond the building to the outdoor areas, allowing residents to connect without home broadband. This combination of outdoor access and device lending expands connectivity options for people living far from major job centers.",Community Wi‑Fi Zones and Device Loan Programs,Geographic Isolation from Economic Opportunity Centers,Butler Area Public Library,"218 N McKean Street, Butler, PA 16001",https://www.butlerlibrary.info,info@butlerlibrary.info,
Butler Night Market,"Butler Downtown produces an evening street market series featuring traveling vendors, artisans, and food trucks across Main Street and Diamond Park. By marketing regionally and collaborating with local municipalities and tourism partners, the Night Market draws buyers from neighboring communities and showcases local businesses. The pop-up format enables small vendors to trial mobile retail and refine offerings prior to investing in permanent locations or larger distribution.",Pop-Up Market Days and Mobile Retail,Geographic Isolation from Economic Opportunity Centers,Butler Downtown,"101 East Diamond Street, Suite 218, Butler, PA 16001",https://www.butlerdowntown.org,info@butlerdowntown.org,
Butler–Pittsburgh Commuter,"Butler Transit Authority’s commuter service links Butler County neighborhoods and park-and-ride locations to job centers in Pittsburgh, including connections to transit nodes like the North Shore for transfers to light rail and buses. Service is timed for typical work shifts and is funded by fares alongside state and federal transit grants, functioning as a contracted shuttle connecting residents to regional opportunities.",Community-Run Commuter Shuttle,Geographic Isolation from Economic Opportunity Centers,Butler Transit Authority,"130 Hollywood Drive, Butler, PA 16001",https://www.butlertransit.com,info@butlertransit.com,
Buy Fresh Buy Local Western Pennsylvania,"Buy Fresh Buy Local Western Pennsylvania promotes local food purchasing by connecting farms and food producers with institutions, grocers, hospitals, and schools. The program publishes a regional supplier directory (the Western PA Local Food Guide), hosts buyer–producer meetups and the Farm to Table Expo, and facilitates procurement relationships that shift institutional spending to local vendors. These activities directly support local procurement while reducing distance-to-market barriers f...",Local Procurement & Employer Partnership Initiative,Geographic Isolation from Economic Opportunity Centers,Farm to Table Buy Local,"733 Washington Road, Suite 102, Pittsburgh, PA 15228",https://farmtotablepa.com,info@farmtotablepa.com,
CAWP Apprenticeship & Training Program and Member Contractor Directory,"The Constructors Association of Western Pennsylvania offers registered apprenticeship and short-term industry certifications (e.g., OSHA, flagger, safety) that prepare local residents for jobs in heavy/highway and infrastructure construction. CAWP also maintains a directory of signatory member contractors and connects trained apprentices and graduates to these vetted employers, helping keep public works and infrastructure projects staffed by local, qualified firms while enabling performance t...",Local Contractor Training and Registry,Failing Infrastructure and Municipal Services,Constructors Association of Western Pennsylvania (CAWP),"800 Cranberry Woods Drive, Suite 110, Cranberry Township, PA 16066",https://www.cawp.org,info@cawp.org,
CAWP Training Programs and Member Contractor Directory,"The Contractors Association of Western Pennsylvania provides short courses and certifications (e.g., OSHA 10/30, flagger, safety, and project management) tailored to heavy/highway and utility construction. CAWP also maintains a vetted member directory of local contractors and partners with union joint apprenticeship training programs to connect residents to registered apprenticeships for road, bridge, water, and sewer projects. Together, the training and directory function as a local pipeline...",Local Contractor Training and Registry,Failing Infrastructure and Municipal Services,Contractors Association of Western Pennsylvania,"800 Cranberry Woods Drive, Suite 110, Cranberry Township, PA 16066",https://www.cawp.org,info@cawp.org,
CONNECT (Congress of Neighboring Communities),"CONNECT hosts regular congress meetings, policy working groups, and community forums that convene City of Pittsburgh officials, university policy experts, and leaders and residents from adjacent and river valley municipalities. These town-to-city exchanges surface shared solutions on transportation, public safety, infrastructure, and economic revitalization while building relationships between urban decision-makers and industrial town communities.",Regional Shared Services Initiative,Failing Infrastructure and Municipal Services,University of Pittsburgh Graduate School of Public and International Affairs (GSPIA),"230 South Bouquet Street, Pittsburgh, PA 15260",https://www.connect.pitt.edu,connectpgh@pitt.edu,
CONNECT – Shared Services and Intergovernmental Cooperation,"CONNECT convenes the City of Pittsburgh and its adjacent municipalities to craft and implement intergovernmental agreements that share services and capacity. Through working groups on EMS, fire, police, public works, and joint purchasing, CONNECT develops policy templates and MOUs that enable equipment sharing, coordinated snow/ice operations, and collaborative procurement to reduce costs while maintaining service quality.",Regional Shared Services Initiative,Failing Infrastructure and Municipal Services,"Congress of Neighboring Communities (CONNECT), University of Pittsburgh","230 South Bouquet Street, Pittsburgh, PA 15260",https://www.connect.pitt.edu,connect@pitt.edu,
CREATE Lab Community Environmental Monitoring,"CMU’s CREATE Lab partners with environmental NGOs and community groups to deploy low-cost sensors, mapping tools, and data platforms that support air, water, and soil quality monitoring around industrial sites. The lab provides pro-bono technical support, training, and data analysis to help residents and municipalities document pollution problems, inform remediation priorities, and strengthen grant applications. Their collaborations with groups like GASP and regional advocates exemplify susta...",University and NGO Partnerships for Technical Support,Contaminated Industrial Brownfields,Carnegie Mellon University CREATE Lab,"5000 Forbes Avenue, Pittsburgh, PA 15213",https://cmucreatelab.org,info@cmucreatelab.org,
CREATE Lab – Community Air Quality Monitoring (including Smell Pittsburgh),"CMU’s CREATE Lab collaborates with neighborhood groups and environmental NGOs to deploy low-cost sensors and community science tools that document pollution near former industrial sites and active facilities. The lab provides technical training, data analysis, and visualization that communities use to support grants, inform remediation and enforcement actions, and guide long-term environmental monitoring in Western Pennsylvania.",University and NGO Partnerships for Technical Support,Contaminated Industrial Brownfields,Carnegie Mellon University CREATE Lab,"5000 Forbes Avenue, Pittsburgh, PA 15213",https://create.ri.cmu.edu,,
Capital Budget Engagement (EngagePGH),"Each year, the City of Pittsburgh runs public capital budget engagement where residents submit neighborhood-scale infrastructure ideas (e.g., traffic calming, city steps repairs, park improvements) and discuss priorities at facilitated forums and online. Community members can upvote and prioritize proposals on EngagePGH, and the Office of Management and Budget uses those resident rankings to allocate portions of the capital budget, making the funding process transparent and aligned with local...",Participatory Budgeting for Infrastructure,Failing Infrastructure and Municipal Services,City of Pittsburgh Office of Management and Budget,"414 Grant Street, Pittsburgh, PA 15219",https://engage.pittsburghpa.gov/capital-budget,omb@pittsburghpa.gov,
Capital Budget Engagement and Deliberative Forums,"Each year the City of Pittsburgh runs public capital budget engagement, hosting deliberative forums and online tools where residents propose and prioritize neighborhood infrastructure needs. Participants allocate limited budget points to candidate projects (e.g., street paving, bridges, park and facility upgrades), and aggregated results inform the City’s capital budget recommendations to Council—adding transparency and aligning spending with resident priorities.",Participatory Budgeting for Infrastructure,Failing Infrastructure and Municipal Services,City of Pittsburgh Office of Management and Budget,"414 Grant Street, Pittsburgh, PA 15219",https://engage.pittsburghpa.gov/budget,omb@pittsburghpa.gov,
Capital Budget Public Engagement,"The City of Pittsburgh’s Office of Management and Budget hosts annual public workshops and forums where residents, council offices, and departmental engineers evaluate and rank capital maintenance needs for streets, bridges, facilities, and parks. Using criteria grounded in safety, equity, and economic impact, participants help shape a transparent, prioritized list that feeds directly into the City’s Capital Improvement Plan. Project rankings, scoring criteria, and outcomes are posted publicl...",Maintenance Prioritization and Equity Workshops,Failing Infrastructure and Municipal Services,City of Pittsburgh Office of Management and Budget,"414 Grant Street, Pittsburgh, PA 15219",https://pittsburghpa.gov/omb/capital-budget,omb@pittsburghpa.gov,
Carnegie Library of Pittsburgh Device Lending & Outdoor Wi‑Fi,"Carnegie Library of Pittsburgh lends mobile Wi‑Fi hotspots and Chromebooks so residents can get online at home or on the go, and offers basic digital safety training and tech-help sessions at branches. All locations provide free public Wi‑Fi that reaches outside the building into adjacent plazas and parking areas, allowing people to connect without home service. This directly implements community Wi‑Fi access points plus a managed device-loan inventory operated through the library.",Community Wi‑Fi Zones and Device Loan Programs,Geographic Isolation from Economic Opportunity Centers,Carnegie Library of Pittsburgh,"4400 Forbes Avenue, Pittsburgh, PA 15213",https://www.carnegielibrary.org,info@carnegielibrary.org,
Carrie Blast Furnaces Redevelopment,"Rivers of Steel leverages community fundraising, corporate sponsorships, and matching gift challenges to supply local match required for state and federal grants focused on remediation and reuse of the former U.S. Steel Carrie Blast Furnaces site. These locally raised dollars help unlock EPA and Pennsylvania agency funds for environmental assessment, cleanup, stabilization, and redevelopment activities. The campaign-based approach advances public health and economic reuse by turning a contami...",Local Fundraising and Matching Grant Campaigns,Contaminated Industrial Brownfields,Rivers of Steel Heritage Corporation,"623 East 8th Avenue, Homestead, PA 15120",https://riversofsteel.com,info@riversofsteel.com,
Center for Coalfield Justice,"Center for Coalfield Justice provides legal and advocacy support to residents in Washington and Greene Counties facing contamination and damage from coal mining, oil and gas development, and related industrial activities. They monitor permits and enforcement actions, file formal comments and administrative appeals, and connect impacted residents with attorneys to pursue remediation and claims for health and property losses.",Legal Assistance and Responsible-Party Accountability,Contaminated Industrial Brownfields,Center for Coalfield Justice,"14 East Beau Street, Washington, PA 15301",https://www.coalfieldjustice.org,info@coalfieldjustice.org,
Charging Forward – Community Charging Program,"Duquesne Light Company’s Charging Forward programs fund and enable community EV charging infrastructure across Western Pennsylvania, including installations at park-and-ride lots, transit hubs, municipal garages, and community-serving sites. These make-ready investments and incentives lower costs for municipalities and nonprofits to host chargers that support shared EV fleets and public access. By expanding the charging backbone in neighborhoods that connect to employment centers, the program...",Community EV Car-Share and Charging Stations,Geographic Isolation from Economic Opportunity Centers,Duquesne Light Company,"411 Seventh Avenue, Pittsburgh, PA 15219",https://www.duquesnelight.com/ev,,
Chatham Village Cooperative Housing,"Chatham Village operates as a limited-equity housing cooperative where residents purchase shares in the cooperative rather than owning their units outright, reducing individual costs and keeping homes affordable over time. The cooperative owns and stewards the buildings and grounds, with a democratically elected board that manages maintenance and long-term planning. This member-controlled model aligns with cooperative ownership and community-led stewardship.",Shared-Equity and Cooperative Housing Models,Deteriorated Housing Stock and Property Abandonment,"Chatham Village Homes, Inc.","655 Pennridge Road, Pittsburgh, PA 15211",https://www.chathamvillagehomes.com,,
Childhood Lead Poisoning Prevention Program (CLPPP),"Allegheny County Health Department’s CLPPP provides free and low-cost blood lead screening for children, home lead risk assessments, and case management for families with elevated lead levels. The program partners with community health centers and local organizations to host pop-up screening events, conduct environmental assessments, and connect residents to medical follow-up and remediation resources, directly implementing community health screenings for lead exposure.",Community Health Screenings and Environmental Clinics,Contaminated Industrial Brownfields,Allegheny County Health Department,"542 Fourth Avenue, Pittsburgh, PA 15219",https://www.alleghenycounty.us/Health-Department.aspx,health@alleghenycounty.us,
Childhood Lead Poisoning Prevention Program (CLPPP),"Allegheny County Health Department’s CLPPP offers free or low-cost blood lead testing for children at county clinics and community events, conducts in-home environmental risk assessments, and coordinates lead hazard control and remediation referrals. The program partners with community health centers and municipalities to bring screenings to neighborhoods, educates families on reducing asthma triggers like mold and dust during home visits, and links residents to medical follow-up and public b...",Community Health Screenings and Environmental Clinics,Contaminated Industrial Brownfields,Allegheny County Health Department,"542 Fourth Avenue, Pittsburgh, PA 15219",https://www.alleghenycounty.us/Health-Department/Programs/Environmental-Health/Lead.aspx,achdweb@alleghenycounty.us,
Citizen Air Monitoring Program,"Protect PT deploys low-cost air sensors (e.g., PurpleAir PM2.5 and VOC monitors) at homes, schools, and community sites near industrial and oil/gas operations in Westmoreland and Allegheny counties. Data are shared on public dashboards with automatic alerts for unhealthy readings, and residents can submit incident reports through a hotline and online form that the organization relays to the Pennsylvania DEP and local officials.",Citizen Science Air and Water Quality Alerts,Contaminated Industrial Brownfields,Protect Penn-Trafford (Protect PT),"3344 PA-130, Suite A, Harrison City, PA 15636",https://www.protectpt.org,info@protectpt.org,
Citizen Science Water Quality Monitoring,"Upstream Pittsburgh equips local residents and volunteers with training and field kits to collect routine water quality data (e.g., conductivity, pH, temperature, and bacteria indicators) throughout the Nine Mile Run watershed. Volunteers submit data to shared platforms and public summaries, and staff use findings to notify municipalities and state regulators about suspected illicit discharges or contamination, building neighborhood capacity for early detection and response.",Citizen Water Monitoring Network,Failing Infrastructure and Municipal Services,Upstream Pittsburgh,"321 Pennwood Avenue, Suite 202, Pittsburgh, PA 15221",https://www.upstreampgh.org,info@upstreampgh.org,
Citizens Library Mobile Hotspots and Laptop Loans,"Citizens Library circulates mobile Wi‑Fi hotspots and laptops to cardholders and provides tech help and internet safety guidance, reducing barriers to remote work and online services. The library’s free Wi‑Fi is accessible inside and from the grounds and parking area, creating a community Wi‑Fi zone that does not require an in‑home subscription. Staff manage the lending inventory and offer training to help patrons use devices securely.",Community Wi‑Fi Zones and Device Loan Programs,Geographic Isolation from Economic Opportunity Centers,Citizens Library,"55 S College Street, Washington, PA 15301",https://www.washlib.org,info@washlib.org,
City of Asylum @ Alphabet City,"City of Asylum has converted formerly vacant properties on Pittsburgh’s North Side—beginning with writer housing and public art ""House Publications""—and operates Alphabet City as a free, year-round venue for literature, music, and visual arts. These cultural activations bring people to the corridor, animate once-empty buildings, and help reframe the neighborhood as a place for creative reuse and investment.",Arts and Culture Revitalization Initiative,Deteriorated Housing Stock and Property Abandonment,City of Asylum Pittsburgh,"40 W North Avenue, Pittsburgh, PA 15212",https://cityofasylum.org,info@cityofasylum.org,
City of Asylum Literary and Cultural Programming,"City of Asylum transformed formerly vacant houses on Sampsonia Way into artist residences and public art sites, and now operates Alphabet City as a free year-round venue for readings, concerts, and festivals. These cultural activations reclaim underused spaces, bring consistent visitors to the Northside, and foster neighborhood pride and safety that encourage broader reuse and investment.",Arts and Culture Revitalization Initiative,Deteriorated Housing Stock and Property Abandonment,City of Asylum Pittsburgh,"40 W North Avenue, Pittsburgh, PA 15212",https://www.cityofasylum.org,info@cityofasylum.org,
City of Asylum Residency Program,"City of Asylum places exiled writers and artists in rehabilitated houses on Pittsburgh’s Northside, providing long-term, rent-free live/work space. By housing vetted residents who create public art, readings, and cultural programming, the program keeps formerly vacant properties occupied and well-cared-for while activating the street and deterring blight. This live-work model demonstrates how cultural caretakers can stabilize neighborhoods and build trust with nearby residents through ongoing...",Property Guardianship and Live-Work Programs,Deteriorated Housing Stock and Property Abandonment,City of Asylum Pittsburgh,"40 West North Avenue, Pittsburgh, PA 15212",https://cityofasylum.org,info@cityofasylum.org,
City of Asylum Residency Program,"City of Asylum houses exiled writers and artists in rehabilitated Northside rowhouses, providing live-work residences that bring continuous, caring occupancy to formerly vacant structures. Through stewardship by residents and frequent community programming, these properties remain maintained, active, and secure, demonstrating a low-cost, arts-led model for stabilizing fragile blocks.",Property Guardianship and Live-Work Programs,Deteriorated Housing Stock and Property Abandonment,City of Asylum,"40 W North Avenue, Pittsburgh, PA 15212",https://cityofasylum.org,info@cityofasylum.org,
City of Bridges Community Land Trust,"City of Bridges Community Land Trust acquires, builds, and rehabilitates homes and sells them to income-eligible buyers under a 99-year ground lease, using a shared equity resale formula to keep prices permanently affordable. The organization stewards the homes long-term, supports homeowners, and partners with neighborhood groups across Pittsburgh and nearby communities to create a pipeline of permanently affordable for-sale housing. By stabilizing housing costs for young families and local w...",Shared-Equity and Cooperative Housing Models,Deteriorated Housing Stock and Property Abandonment,City of Bridges Community Land Trust,"1901 Centre Avenue, Pittsburgh, PA 15219",https://www.cityofbridgesclt.org,info@cityofbridgesclt.org,
City of Bridges Community Land Trust,"City of Bridges Community Land Trust acquires, builds, and rehabilitates homes and sells them to income-eligible buyers under a 99-year ground lease, using a shared equity resale formula to keep prices permanently affordable. The organization stewards the homes long-term, supports homeowners, and partners with neighborhood groups across Pittsburgh and nearby communities to create a pipeline of permanently affordable for-sale housing. By stabilizing housing costs for young families and local w...",Community Land Trust (CLT),Deteriorated Housing Stock and Property Abandonment,City of Bridges Community Land Trust,"1901 Centre Avenue, Pittsburgh, PA 15219",https://www.cityofbridgesclt.org,info@cityofbridgesclt.org,
City of Bridges Community Land Trust – Shared-Equity Homeownership,"City of Bridges CLT acquires, builds, and rehabs homes and places the land in a community land trust with 99-year ground leases and resale restrictions so that homes remain permanently affordable. This shared-equity model reduces the individual cost burden for buyers while allowing limited equity gains, and gives residents a voice through a tripartite governance structure that includes community members and homeowners. By pooling public, philanthropic, and community resources to restore vacan...",Shared-Equity and Cooperative Housing Models,Deteriorated Housing Stock and Property Abandonment,City of Bridges Community Land Trust,"1435 Bedford Avenue, Suite A, Pittsburgh, PA 15219",https://www.cityofbridgesclt.org,info@cityofbridgesclt.org,
City of Pittsburgh Capital Budget Deliberative Forums,"Each year, the City hosts facilitated public forums where residents, engineers, and city officials review and rank proposed capital and maintenance projects using criteria such as safety, equity, state of good repair, and economic impact. Input from these workshops informs the City’s capital budget and produces a transparent, resident-endorsed priority list of infrastructure investments.",Maintenance Prioritization and Equity Workshops,Failing Infrastructure and Municipal Services,City of Pittsburgh Office of Management and Budget,"414 Grant Street, Pittsburgh, PA 15219",https://engage.pittsburghpa.gov/capital-budget,budget@pittsburghpa.gov,
City of Pittsburgh Community Emergency Response Team (CERT),"The City of Pittsburgh CERT trains residents in basic disaster response skills—light fire suppression, disaster medical operations, search and rescue, and damage assessment—and organizes them into neighborhood teams. These volunteers are activated by the Office of Emergency Management & Homeland Security to support shelters, check on vulnerable residents, assist with debris/road clearing support for Public Works, and provide auxiliary communications during infrastructure failures, formally in...",Mutual Aid and Neighborhood Emergency Teams,Failing Infrastructure and Municipal Services,City of Pittsburgh Office of Emergency Management & Homeland Security,"200 Ross Street, Pittsburgh, PA 15219",https://pittsburghpa.gov/oemhs,oemhs@pittsburghpa.gov,
City of Pittsburgh Paving Program Dashboard,"The Department of Mobility and Infrastructure publishes an online paving dashboard and map that lists streets scheduled for resurfacing, work status, and completion timelines. By showing planned and completed segments, residents can verify maintenance schedules in their neighborhoods and see how annual paving funds are being deployed.",Public Infrastructure Transparency Dashboard,Failing Infrastructure and Municipal Services,City of Pittsburgh Department of Mobility and Infrastructure,"100 Ross Street, Pittsburgh, PA 15219",https://pittsburghpa.gov/domi/paving,,
Citywide LERTA – Deteriorated Property Tax Abatement,"Erie’s citywide LERTA program abates property taxes on the increased assessed value from qualified rehabilitation and improvements for a defined term, lowering carrying costs and making investment in distressed housing more feasible. Neighborhood groups and residents leverage the program while advocating for its maintenance and expansion, using data on vacant properties and rehab outcomes to support policy decisions.",Targeted Property Tax Relief and Advocacy,Deteriorated Housing Stock and Property Abandonment,City of Erie,"626 State Street, Erie, PA 16501",https://cityof.erie.pa.us,,
Clean & Green,"Operation Better Block’s Clean & Green program organizes residents and volunteers to clean, maintain, and green vacant lots in Homewood, many of which are created after city-ordered demolitions. Teams remove debris, plant native vegetation, and stabilize soils to prepare sites for community gardens or future development, reducing safety hazards and blight. The program builds neighborhood capacity through hands-on stewardship that complements municipal demolition with community-led site stabil...",Community-Driven Demolition and Green Disposal,Deteriorated Housing Stock and Property Abandonment,"Operation Better Block, Inc.","801 N Homewood Avenue, Pittsburgh, PA 15208",https://www.obbinc.org,info@obbinc.org,
Clean Energy on Mine Lands (Brightfields) Initiative,"The Nature Conservancy works with communities, local governments, and agencies in Western Pennsylvania to repurpose remediated mine lands and industrial brownfields for solar development. The initiative provides geospatial screening, feasibility analysis, and guidance on community ownership and benefit structures so projects can be delivered through municipal partnerships and co-op models to generate ongoing revenue for site stewardship and local priorities.",Community-Owned Renewable Energy Projects,Contaminated Industrial Brownfields,The Nature Conservancy in Pennsylvania,"700 Waterfront Drive, Pittsburgh, PA 15222",https://www.nature.org/en-us/about-us/where-we-work/united-states/pennsylvania/stories-in-pennsylvania/clean-energy-on-mine-lands-pennsylvania/,pa_chapter@tnc.org,
Clean Up Wilkinsburg,"Wilkinsburg CDC organizes recurring community clean‑up days and beautification efforts that mobilize residents to remove litter, plant and maintain public planters, and improve shared spaces in the borough’s business districts and neighborhoods. These volunteer-led workdays create visible, ongoing investment in local blocks and provide regular opportunities for neighbors to connect and collaborate.",Neighborhood Stabilization Task Force,Deteriorated Housing Stock and Property Abandonment,Wilkinsburg Community Development Corporation,"1001 Wood Street, Wilkinsburg, PA 15221",https://wilkinsburgcdc.org,info@wilkinsburgcdc.org,
Community Air Monitoring & Reporting,Center for Coalfield Justice supports residents in Washington and Greene counties with low-cost air sensors and training to track localized pollution from industrial and fossil-fuel activities. They notify communities when monitors indicate elevated particulate levels and provide step-by-step assistance to report incidents to the Pennsylvania Department of Environmental Protection and local officials. Public data sharing and rapid reporting tools turn community measurements into actionable al...,Citizen Science Air and Water Quality Alerts,Contaminated Industrial Brownfields,Center for Coalfield Justice,"14 East Beau Street, Washington, PA 15301",https://www.coalfieldjustice.org,info@coalfieldjustice.org,
Community Air Monitoring Program,"Protect PT operates a community air monitoring program that deploys low-cost particulate and VOC sensors in neighborhoods near industrial and oil and gas sites in Westmoreland and Allegheny counties. They train residents to interpret readings and pair sensor data with an online reporting form and incident response process that files complaints with the Pennsylvania DEP and alerts neighbors when thresholds are exceeded. Public dashboards and notifications provide timely, community-run alerts t...",Citizen Science Air and Water Quality Alerts,Contaminated Industrial Brownfields,Protect PT,"3344 Route 130, Suite 201, Harrison City, PA 15636",https://www.protectpt.org,info@protectpt.org,
Community Charging Program,"Duquesne Light Company’s Community Charging Program funds and installs publicly accessible Level 2 EV charging at libraries, municipal lots, parks, and transit-adjacent sites throughout Allegheny County. By placing shared charging where people live, transfer to transit, and work, the program enables neighborhood-based EV car-share vehicles and personal EVs to reliably recharge near hubs that connect to employment centers. Equitable siting criteria prioritize underserved communities, reducing ...",Community EV Car-Share and Charging Stations,Geographic Isolation from Economic Opportunity Centers,Duquesne Light Company,"411 Seventh Avenue, Pittsburgh, PA 15219",https://www.duquesnelight.com/EV,customerservice@duqlight.com,
Community Collaboration and Implementation Plan (CCIP) for the Lower Hill Redevelopment,"The CCIP is a binding community benefits framework negotiated by the Hill CDC with the Pittsburgh Penguins, the Buccini/Pollin Group, the Sports & Exhibition Authority, and public agencies for the former Civic Arena site. It establishes local hiring and contracting goals, affordable housing and commercial space commitments, public amenities, and a long-term Greater Hill District Reinvestment Fund financed by project-generated revenues. Functioning as a CBA, it conditions redevelopment approva...",Community Benefit Agreements (CBAs),Contaminated Industrial Brownfields,Hill Community Development Corporation,"2015 Centre Avenue, Pittsburgh, PA 15219",https://www.hilldistrict.org/ccip,info@hilldistrict.org,
Community Development Program (Blight Remediation & Code Enforcement Coordination),"Mon Valley Initiative convenes cross-municipal coalitions and local leaders to form blight task forces that coordinate volunteer cleanups, safety walks, and targeted stabilization of abandoned properties. Working with borough police and code enforcement, MVI helps communities prioritize nuisance properties, remove debris, and, where appropriate, arrange temporary board-ups and securing measures while longer-term redevelopment or disposition plans are pursued.",Neighborhood Stabilization Task Force,Deteriorated Housing Stock and Property Abandonment,Mon Valley Initiative,"305 E 8th Avenue, Homestead, PA 15120",https://monvalleyinitiative.com,info@monvalleyinitiative.com,
Community Development Program (Community Visioning & Planning),"Mon Valley Initiative’s Community Development Program leads community-driven planning in former steel and mill towns across the Monongahela Valley. The program convenes residents, municipal leaders, and technical experts in facilitated visioning sessions and design charrettes to identify desired end uses for contaminated mill sites—such as mixed-income housing, main-street small businesses, parks, and clean energy. These community-led concepts guide grant applications and remediation scopes s...",Community Visioning and Design Charrettes,Contaminated Industrial Brownfields,Mon Valley Initiative,"305 East 8th Avenue, Homestead, PA 15120",https://monvalleyinitiative.com,info@monvalleyinitiative.com,
Community Farm and Farmer Incubator,"Hilltop Urban Farm operates a large urban farm and incubator on a redeveloped site, constructing growing areas with raised beds and imported, tested soil to avoid legacy contamination. They conduct ongoing soil testing, train growers on safe crop choices and soil management, and coordinate with partners to ensure any expansion into ground-level production follows appropriate environmental remediation and approval.",Safe Urban Agriculture with Soil Management,Contaminated Industrial Brownfields,Hilltop Urban Farm,"700 Cresswell Street, Pittsburgh, PA 15210",https://www.hilltopurbanfarm.org,info@hilltopurbanfarm.org,
Community Flower Gardens & Greenspaces,"The Western Pennsylvania Conservancy partners with companies, community groups, and municipalities to sponsor, plant, and maintain more than 100 public flower gardens and greenspaces across the region. Businesses provide funding, materials, and volunteer labor to care for high-visibility public sites, and are acknowledged on-site with signage and through Conservancy communications. These public-private partnerships keep civic spaces attractive and functional while relieving local governments ...",Public-Private Community Partnership Program,Failing Infrastructure and Municipal Services,Western Pennsylvania Conservancy,"800 Waterfront Drive, Pittsburgh, PA 15222",https://waterlandlife.org,info@paconserve.org,
Community Forge,"Community Forge repurposes a former school into a multi-tenant community hub that co-locates social enterprises, nonprofits, and workforce/entrepreneurship programs with shared event and classroom space. This model brings steady activity and lease revenue while enabling training and small-business development, aligning with the solution of activating large community buildings—like union halls—by housing cooperative cafes, makers, and skill-building programs together.",Adaptive Reuse for Local Entrepreneurs and Makers,Deteriorated Housing Stock and Property Abandonment,Community Forge,"1256 Franklin Avenue, Pittsburgh, PA 15221",https://www.communityforgepgh.org,info@communityforgepgh.org,
Community Forge CoWorking,"Community Forge repurposed a former public school in Wilkinsburg into an affordable coworking and community hub with reliable internet, flexible offices, and meeting/event space. It partners with workforce and entrepreneurship programs to provide mentorship, training, and business support, and offers accessible memberships for local residents and organizations, enabling neighborhood-based remote work and small business growth.",Neighborhood Co-Working & Remote Work Incubators,Geographic Isolation from Economic Opportunity Centers,Community Forge,"1256 Franklin Avenue, Wilkinsburg, PA 15221",https://communityforge.org,info@communityforge.org,
Community Forge Coworking & Innovation Hub,"Community Forge converted the former Johnston Elementary School into an affordable neighborhood coworking and community innovation hub with high-speed internet, conference rooms, and shared equipment. It hosts entrepreneurship cohorts, digital skills workshops, and remote-work readiness programming with partner organizations, connecting members to mentors and employer networks. The space offers subsidized memberships and flexible options for local residents, small nonprofits, and entrepreneur...",Neighborhood Co-Working & Remote Work Incubators,Geographic Isolation from Economic Opportunity Centers,Community Forge,"1256 Franklin Avenue, Pittsburgh, PA 15221",https://communityforgepgh.org,info@communityforgepgh.org,
Community Garden Program,"Grow Pittsburgh's Community Garden Program organizes and supports gardens on vacant urban lots across Allegheny County, using raised beds and imported clean soil to ensure safe food production even where legacy contamination may be present. Many gardens begin as temporary, low-impact installations with planters and surface infrastructure that can be removed when permanent redevelopment proceeds. The program activates otherwise idle properties with healthy, community-serving uses during remedi...",Green Infrastructure and Urban Agriculture Conversion,Deteriorated Housing Stock and Property Abandonment,Grow Pittsburgh,"6587 Hamilton Avenue, Suite 2W, Pittsburgh, PA 15206",https://www.growpittsburgh.org,info@growpittsburgh.org,
Community Garden Program,"Grow Pittsburgh's Community Garden Program organizes and supports gardens on vacant urban lots across Allegheny County, using raised beds and imported clean soil to ensure safe food production even where legacy contamination may be present. Many gardens begin as temporary, low-impact installations with planters and surface infrastructure that can be removed when permanent redevelopment proceeds. The program activates otherwise idle properties with healthy, community-serving uses during remedi...",Interim Activation and Pocket-Use Projects,Deteriorated Housing Stock and Property Abandonment,Grow Pittsburgh,"6587 Hamilton Avenue, Suite 2W, Pittsburgh, PA 15206",https://www.growpittsburgh.org,info@growpittsburgh.org,
Community Garden Program,"Grow Pittsburgh's Community Garden Program organizes and supports gardens on vacant urban lots across Allegheny County, using raised beds and imported clean soil to ensure safe food production even where legacy contamination may be present. Many gardens begin as temporary, low-impact installations with planters and surface infrastructure that can be removed when permanent redevelopment proceeds. The program activates otherwise idle properties with healthy, community-serving uses during remedi...",Safe Urban Agriculture with Soil Management,Contaminated Industrial Brownfields,Grow Pittsburgh,"6587 Hamilton Avenue, Suite 2W, Pittsburgh, PA 15206",https://www.growpittsburgh.org,info@growpittsburgh.org,
Community Garden Program,"Hilltop Urban Farm operates large community gardens on a redeveloped site using raised beds filled with tested, clean soil and maintains ongoing soil monitoring to ensure food safety. The program provides education on safe crop choices and explicitly separates food production from unremediated ground areas, advocating for full remediation prior to any in-ground agriculture on former industrial or disturbed soils.",Safe Urban Agriculture with Soil Management,Contaminated Industrial Brownfields,Hilltop Urban Farm,"700 Cresswell Street, Pittsburgh, PA 15210",https://hilltopurbanfarm.org,info@hilltopurbanfarm.org,
Community Garden Program,"Grow Pittsburgh's Community Garden Program organizes and supports gardens on vacant urban lots across Allegheny County, using raised beds and imported clean soil to ensure safe food production even where legacy contamination may be present. Many gardens begin as temporary, low-impact installations with planters and surface infrastructure that can be removed when permanent redevelopment proceeds. The program activates otherwise idle properties with healthy, community-serving uses during remedi...",Interim Safe Uses and Tactical Reuse,Contaminated Industrial Brownfields,Grow Pittsburgh,"6587 Hamilton Avenue, Suite 2W, Pittsburgh, PA 15206",https://www.growpittsburgh.org,info@growpittsburgh.org,
Community Gardens & Greenspaces Program,"The Western Pennsylvania Conservancy’s Community Gardens & Greenspaces Program mobilizes thousands of volunteers to install and maintain native plant gardens, streetside beds, and site-specific rain garden and bioswale features in municipalities across the region. These plantings capture and infiltrate stormwater, reduce runoff into aging sewer systems, and lower long-term maintenance needs while improving neighborhood livability.",Green Infrastructure and Low-cost Stormwater Projects,Failing Infrastructure and Municipal Services,Western Pennsylvania Conservancy,"800 Waterfront Drive, Pittsburgh, PA 15222",https://waterlandlife.org/communities/community-gardens-and-greenspaces/,info@paconserve.org,
Community Gardens and Greenspace Program,"The Western Pennsylvania Conservancy partners with residents to create and maintain community flower gardens and small greenspaces, frequently on vacant or underused urban lots. These installations serve as pocket parks and seasonal pop-up amenities that invite volunteer stewardship, neighborhood events, and outdoor education. By greening blighted parcels and engaging local caretakers, the program improves safety and demonstrates the value of repurposing vacant land.",Interim Activation and Pocket-Use Projects,Deteriorated Housing Stock and Property Abandonment,Western Pennsylvania Conservancy,"800 Waterfront Drive, Pittsburgh, PA 15222",https://waterlandlife.org,info@paconserve.org,
Community Gardens and Greenspaces,"Western Pennsylvania Conservancy partners with volunteers to convert neglected and vacant sites into flower gardens, pocket parks, and greened spaces that capture stormwater and improve neighborhood appearance. These installations reduce the burden of vacant-lot maintenance, deter dumping and crime, and can serve as stepping stones for community food-growing and stewardship activities.",Green Infrastructure and Urban Agriculture Conversion,Deteriorated Housing Stock and Property Abandonment,Western Pennsylvania Conservancy,"800 Waterfront Drive, Pittsburgh, PA 15222",https://waterlandlife.org/our-work/planting-trees-and-gardens/community-gardens/,info@paconserve.org,
Community Greening Program,"The Western Pennsylvania Conservancy partners with municipalities and residents to design and install rain gardens, bioswales, and native plant landscapes at community gardens, traffic islands, and public spaces. Thousands of volunteers help plant and maintain these green infrastructure sites, which filter and absorb stormwater, decrease localized flooding, and reduce long-term maintenance needs for communities.",Green Infrastructure and Low-cost Stormwater Projects,Failing Infrastructure and Municipal Services,Western Pennsylvania Conservancy,"800 Waterfront Drive, Pittsburgh, PA 15222",https://waterlandlife.org,info@paconserve.org,
Community Greening Program & Green Stormwater Projects,"The Western Pennsylvania Conservancy partners with neighborhoods and municipalities to design and install rain gardens, bioswales, and street-side plantings that capture stormwater and beautify communities. Corporate and community volunteers are organized for large-scale planting and seasonal maintenance days, keeping projects low-cost while ensuring long-term performance. These efforts reduce loads on aging pipes, improve water quality, and build local stewardship capacity across Western Pen...",Green Infrastructure and Low-cost Stormwater Projects,Failing Infrastructure and Municipal Services,Western Pennsylvania Conservancy,"800 Waterfront Drive, Pittsburgh, PA 15222",https://waterlandlife.org,info@paconserve.org,
Community Health and Air Monitoring Clinics,"The Environmental Health Project (EHP) hosts community clinics and consultations in Southwestern Pennsylvania to evaluate environmental exposures from legacy industrial sites and ongoing oil and gas operations. EHP provides symptom tracking, personal and indoor air monitoring, and clinical interpretation of health risks, then advises residents on mitigation, medical follow-up, and how to document exposure for workers’ compensation claims, regulatory complaints, and potential legal action in p...",Community Health Screenings and Environmental Clinics,Contaminated Industrial Brownfields,Environmental Health Project,"2001 Waterdam Plaza Drive, Suite 201, McMurray, PA 15317",https://www.environmentalhealthproject.org,info@environmentalhealthproject.org,
Community Infrastructure and Tourism Fund (CITF),"CITF provides matching grants to municipalities and authorities to repair and upgrade critical local infrastructure such as roads, bridges, water/sewer systems, and public facilities. Administered by Allegheny County, the fund fills gaps for urgent and small-to-mid sized projects by leveraging local matches and county gaming revenues, functioning as a locally governed mechanism to accelerate repairs and reduce deferred maintenance backlogs.",Community Infrastructure Repair Fund,Failing Infrastructure and Municipal Services,Allegheny County Economic Development,"542 Forbes Avenue, Pittsburgh, PA 15219",https://www.alleghenycounty.us/economic-development/financing/citf.aspx,acedinfo@alleghenycounty.us,
Community Infrastructure and Tourism Fund (CITF),"CITF offers locally administered matching grants to municipalities, authorities, and nonprofits for infrastructure and community projects, including water/sewer line repairs, streets, sidewalks, and ADA accessibility upgrades. The program requires local matches and often supports pre-development activities such as engineering and inspections, helping communities address urgent maintenance while leveraging additional funding for larger capital work. By continuously regranting regionally genera...",Community Infrastructure Repair Fund,Failing Infrastructure and Municipal Services,Redevelopment Authority of Allegheny County,"542 Forbes Avenue, Pittsburgh, PA 15219",https://www.alleghenycounty.us/economic-development/authorities/raac/citf.aspx,,
Community Infrastructure and Tourism Fund (CITF),"CITF is a countywide matching-grant program that helps municipalities and nonprofits assemble local dollars—often through community fundraising and private sponsorships—to meet required matches for state and federal awards. Funds are commonly used for site preparation, environmental due diligence, and redevelopment-related infrastructure, serving as a local seed that unlocks larger remediation and redevelopment grants. By requiring a local match, CITF incentivizes public–private collaboration...",Local Fundraising and Matching Grant Campaigns,Contaminated Industrial Brownfields,Allegheny County Economic Development,"542 Forbes Avenue, Pittsburgh, PA 15219",https://www.alleghenycounty.us/economic-development/municipalities/grants/citf.aspx,,
Community Orchard Program,"Tree Pittsburgh’s Community Orchard Program helps neighborhoods establish and care for fruit tree orchards on vacant or underutilized land, providing training, planting support, and long-term stewardship plans. Orchards deliver stormwater benefits through canopy interception and soil infiltration while producing free or low-cost fruit, engaging volunteers, and improving the appearance and safety of formerly blighted sites.",Green Infrastructure and Urban Agriculture Conversion,Deteriorated Housing Stock and Property Abandonment,Tree Pittsburgh,"32 62nd Street, Pittsburgh, PA 15201",https://www.treepittsburgh.org,info@treepittsburgh.org,
Community Outreach & Planning,"Mon Valley Initiative leads community visioning and design workshops across mill towns such as Homestead, Braddock, and Clairton to determine preferred reuses for former industrial and riverfront sites. Their charrette process translates residents’ goals—like new housing, neighborhood parks, small business corridors, and workforce space—into actionable plans and developer guidance, ensuring cleanup standards and remediation sequencing support the community’s chosen redevelopment outcomes.",Community Visioning and Design Charrettes,Contaminated Industrial Brownfields,Mon Valley Initiative,"305 East 8th Avenue, Homestead, PA 15120",https://monvalleyinitiative.com,info@monvalleyinitiative.com,
Community Outreach and Engagement (COE) – Cancer Screening and Prevention,"UPMC Hillman Cancer Center’s COE program runs free and low-cost cancer screenings and risk assessments across Western Pennsylvania, including breast, cervical, colorectal (FIT kits), skin, and lung cancer risk education events. Working with local health departments, churches, libraries, and community health centers, COE brings screening services into post-industrial neighborhoods and provides navigation to ensure medical follow-up for abnormal results and connection to ongoing primary care.",Community Health Screenings and Environmental Clinics,Contaminated Industrial Brownfields,UPMC Hillman Cancer Center,"5115 Centre Avenue, Pittsburgh, PA 15232",https://hillman.upmc.com/cancer-care/community,,
Community Process for Development (CPD) and Community Benefits Agreements,"Lawrenceville Corporation’s CPD requires developers—especially on former industrial and brownfield parcels along the river corridor—to work through a structured process that culminates in negotiated CBAs. These agreements secure commitments such as first-source hiring for local residents, affordable ground-floor spaces for small businesses and makers, new public realm investments (trails, parks, streetscapes), and provisions or fees to fund long-term operations and maintenance of community am...",Community Benefit Agreements (CBAs),Contaminated Industrial Brownfields,Lawrenceville Corporation,"100 43rd Street, Suite 106, Pittsburgh, PA 15201",https://www.lawrencevillecorp.com,info@lawrencevillecorp.com,
Community Science Program,"Upstream Pittsburgh trains community scientists to monitor Nine Mile Run and connected waterways for bacteria, conductivity, and other indicators of contamination, and to document visible pollution at outfalls after storms. Data and observations are uploaded to public dashboards and maps, and the organization works with PWSA, ALCOSAN, and regulators to prioritize fixes and remediation in legacy industrial corridors.",Volunteer Environmental Monitoring Program,Contaminated Industrial Brownfields,Upstream Pittsburgh (formerly Nine Mile Run Watershed Association),"321 Pennwood Avenue, Suite 201, Pittsburgh, PA 15221",https://www.upstreampgh.org,info@upstreampgh.org,
Community Science Program,"Upstream Pittsburgh’s Community Science program equips residents and volunteers to monitor urban streams and stormwater outfalls in the Nine Mile Run and surrounding watersheds, collecting field data (e.g., conductivity, temperature, turbidity) and documenting visible pollution and odors. Data and incident reports are compiled and shared via public dashboards and maps, informing municipalities and regulators to prioritize remediation projects and support enforcement actions.",Volunteer Environmental Monitoring Program,Contaminated Industrial Brownfields,Upstream Pittsburgh,"321 Pennwood Avenue, Suite 202, Pittsburgh, PA 15221",https://www.upstreampgh.org,info@upstreampgh.org,
Community Science and Monitoring Program,"Protect PT equips and trains volunteers to conduct neighborhood environmental monitoring, including low-cost air sensors, odor and incident logs, and basic water and soil sampling with professional oversight and lab analysis when needed. The organization compiles and maps findings on public dashboards and works with scientists and attorneys to submit complaints to DEP and local officials, seeking enforcement and remediation near industrial and oil and gas sites.",Volunteer Environmental Monitoring Program,Contaminated Industrial Brownfields,Protect PT,"3344 Route 130, Suite D, Harrison City, PA 15636",https://www.protectpt.org,info@protectpt.org,
CommunityCare Vacant Land Stewardship,"CommunityCare mobilizes residents and partner crews to clean up, stabilize, and regularly maintain vacant lots across Western Pennsylvania neighborhoods, installing temporary greening, fencing, and signage to deter dumping and trespass. The program coordinates closely with municipal code enforcement and property owners to report hazards, secure sites, and keep them maintained throughout the summer to reduce blight and crime.",Neighborhood Stabilization Task Force,Deteriorated Housing Stock and Property Abandonment,Grounded Strategies,"6587 Hamilton Avenue, Pittsburgh, PA 15206",https://groundedpgh.org,info@groundedpgh.org,
CommuteInfo,"CommuteInfo is the Southwestern Pennsylvania region’s ridesharing and vanpool program that organizes carpools, vanpools, and employer-supported commuter options across 10 counties. It provides ridematching, helps form and sponsor vanpools (often with third-party van providers), and offers monthly subsidies and incentives that lower the per-seat cost for workers traveling between towns and job centers—reducing the need to relocate for work.",Advocacy & Regional Transit Coalition,Geographic Isolation from Economic Opportunity Centers,Southwestern Pennsylvania Commission,"112 Washington Place, Suite 500, Pittsburgh, PA 15219",https://www.commuteinfo.org,info@commuteinfo.org,
CommuteInfo Carpool & Vanpool,"CommuteInfo is the Southwestern Pennsylvania region’s ride-share program that matches commuters into carpools and vanpools across the 10-county region, including many deindustrialized communities. The program provides trip-matching tools, employer partnerships, and support for vanpools that share costs among riders, improving access to jobs and training sites when transit is limited. This implements the ride-share coordination element of the solution by organizing shared rides and encouraging...",Volunteer Driver & Ride-Share Network,Geographic Isolation from Economic Opportunity Centers,Southwestern Pennsylvania Commission,"112 Washington Place, Suite 500, Pittsburgh, PA 15219",https://www.commuteinfo.org,commuteinfo@spcregion.org,
CommuteInfo Carpool & Vanpool Program,"CommuteInfo coordinates regional ride-matching to form carpools and vanpools across the 10-county Southwestern Pennsylvania region, connecting residents to jobs, training, and services when transit is limited. The program provides employer outreach, rider matching, and an Emergency Ride Home benefit, enabling shared-cost commuting networks that link outlying communities with metropolitan employment centers.",Volunteer Driver & Ride-Share Network,Geographic Isolation from Economic Opportunity Centers,Southwestern Pennsylvania Commission,"Two Chatham Center, Suite 500, 112 Washington Place, Pittsburgh, PA 15219",https://www.commuteinfo.org,info@commuteinfo.org,
CommuteInfo Carpool and Vanpool Program,"CommuteInfo organizes regional ride-sharing by matching commuters into carpools and vanpools across Western Pennsylvania to connect residents with jobs and training. The program maintains a matching database, recruits and supports volunteer drivers/vanpool coordinators, and partners with employers to subsidize and sustain ride-share options—creating a coordinated neighborhood-to-employer transportation network.",Volunteer Driver & Ride-Share Network,Geographic Isolation from Economic Opportunity Centers,Southwestern Pennsylvania Commission (SPC),"112 Washington Place, Suite 500, Pittsburgh, PA 15219",https://www.commuteinfo.org,commuteinfo@spcregion.org,
CommuteInfo Vanpool Program,"CommuteInfo, coordinated by the region’s MPO, matches riders and forms employer-supported vanpools and carpools across 10 counties in Southwestern Pennsylvania. The program partners with vehicle providers and employers to subsidize vans, insurance, and fuel, and it offers an Emergency Ride Home benefit—reducing costs for long-distance commutes between small towns and job centers so workers don’t have to relocate.",Community-Run Commuter Shuttle,Geographic Isolation from Economic Opportunity Centers,Southwestern Pennsylvania Commission,"42 21st Street, Pittsburgh, PA 15222",https://www.commuteinfo.org,commuteinfo@spcregion.org,
CommuteInfo Vanpool Program,"CommuteInfo organizes cooperative vanpools across Western Pennsylvania that connect neighborhoods and park-and-ride/transit hubs to employment centers, often scheduled around shift changes. The program coordinates riders and employers, provides start-up assistance and subsidies (with fares and employer contributions covering costs), and supports first/last-mile links to regional transit nodes, directly reflecting the community-run shuttle model.",Community-Run Commuter Shuttle,Geographic Isolation from Economic Opportunity Centers,Southwestern Pennsylvania Commission (SPC),"42 21st Street, Suite 101, Pittsburgh, PA 15222",https://www.commuteinfo.org,commuteinfo@spcregion.org,
Completing the Loop (Pittsburgh Riverfronts),"Riverlife’s Completing the Loop initiative pairs philanthropic campaigns and local corporate matches with public grants to remediate and redevelop former industrial riverfronts into parks and trails. Community and business donations provide seed match that helps unlock DCNR, PennDOT, and other state and federal funding for environmental cleanup, bank stabilization, and public access improvements. This funding stack addresses legacy contamination while building trusted, people-centered riverfr...",Local Fundraising and Matching Grant Campaigns,Contaminated Industrial Brownfields,Riverlife,"707 Grant Street, Suite 3500, Pittsburgh, PA 15219",https://www.riverlifepgh.org,info@riverlifepgh.org,
Construction & Infrastructure Industry Partnership,"Partner4Work convenes unions, community colleges, training providers, and employers to design and fund pre-apprenticeships and upskilling for construction, infrastructure, and energy-related jobs. The partnership aligns curricula with apprenticeship entry requirements and employer demand, helping residents transition into careers that support remediation, site preparation, and green redevelopment projects. It leverages public workforce funding to expand access to training and connect graduate...",Workforce Development and Transition Programs,Contaminated Industrial Brownfields,Partner4Work,"650 Smithfield Street, Suite 2600, Pittsburgh, PA 15222",https://www.partner4work.org,info@partner4work.org,
Construction Training and Contractor Network,"Rebuilding Together Pittsburgh delivers critical home repairs using a mix of in-house crews, vetted local subcontractors, and resident trainees. They run short, hands-on training modules and apprenticeship-readiness experiences that prepare local residents for building-trades employment, while maintaining a roster of approved local contractors whose work quality is tracked through site inspections and program standards.",Local Contractor Training and Registry,Failing Infrastructure and Municipal Services,Rebuilding Together Pittsburgh,"7800 Susquehanna Street, Pittsburgh, PA 15208",https://www.rtpittsburgh.org,info@rtpittsburgh.org,
Construction and Building Trades Pre-Apprenticeship,"Garfield Jubilee Association’s pre-apprenticeship prepares young adults for paid union apprenticeships through classroom instruction and supervised, hands-on rehabilitation of neighborhood homes and facilities. The program partners with experienced contractors and volunteer trades mentors to guide participants on basic repairs, site safety, and tool use, directly connecting maintenance work to career pathways.",Volunteer Maintenance Corps and Apprenticeships,Failing Infrastructure and Municipal Services,"Garfield Jubilee Association, Inc.","5323 Penn Avenue, Pittsburgh, PA 15224",https://www.gjapgh.org,,
Construction and Facilities Maintenance Pre-Apprenticeship,"Auberle’s Employment Institute offers a paid pre-apprenticeship pathway in construction and building maintenance that pairs participants with experienced trades instructors and employer mentors. Trainees gain on-the-job experience through community projects and job placements that maintain local housing and facilities, with many advancing into registered apprenticeships or direct-hire roles that build regional trades capacity.",Volunteer Maintenance Corps and Apprenticeships,Failing Infrastructure and Municipal Services,Auberle,"1101 Hartman Street, McKeesport, PA 15132",https://www.auberle.org,info@auberle.org,
Contractor Licensing and Public Registry,"The City of Pittsburgh’s Department of Permits, Licenses, and Inspections licenses contractors and specialty trades, verifying insurance, bonding, and competency, and maintains a public registry of licensed contractors. This licensing framework and searchable registry function as a community-vetted list that municipalities and residents can use to hire local firms, while inspections and code compliance processes help track quality and protect the public on infrastructure and building repairs.",Local Contractor Training and Registry,Failing Infrastructure and Municipal Services,"City of Pittsburgh Department of Permits, Licenses, and Inspections (PLI)","200 Ross Street, Pittsburgh, PA 15219",https://pittsburghpa.gov/pli,,
Core Training Program,"The Trade Institute of Pittsburgh’s Core Training Program offers hands-on masonry, carpentry, and welding instruction for adults facing barriers to employment, along with OSHA-10 and other industry credentials. TIP partners with contractors, developers, and building trade unions to place graduates on construction, deconstruction, and neighborhood revitalization projects, building the skilled local workforce needed for community redevelopment and energy-efficient rehabs.",Workforce Development and Transition Programs,Contaminated Industrial Brownfields,Trade Institute of Pittsburgh,"7800 Susquehanna Street, Pittsburgh, PA 15208",https://www.tipgh.org,info@tipgh.org,
Cranberry Township Community Chest (CTCC) Grants & Project of the Year,"CTCC is a locally governed nonprofit fund that raises money through donations and community events to support infrastructure and community asset improvements, including patch repairs and upgrades to parks, trails, facilities, and public safety amenities. Projects typically involve municipal collaboration and matching contributions, enabling small local dollars to be leveraged for larger improvements. This implements the solution by using donations and events to seed a community fund that can ...",Community Infrastructure Repair Fund,Failing Infrastructure and Municipal Services,Cranberry Township Community Chest,"2525 Rochester Road, Suite 400, Cranberry Township, PA 16066",https://www.ctcchest.org,info@ctcchest.org,
Cranberry Township Community Response Team (CRT),"Cranberry Township’s CRT is a trained volunteer corps that supports local police, fire, and EMS with shelter operations, traffic and scene safety, sandbagging, welfare checks, and storm damage/debris assistance. Operating under the Township’s Department of Public Safety and Emergency Management, CRT members use ICS-based procedures and radio communications to link neighborhood-level response with municipal emergency planners during infrastructure failures.",Mutual Aid and Neighborhood Emergency Teams,Failing Infrastructure and Municipal Services,Cranberry Township Department of Public Safety,"2525 Rochester Road, Cranberry Township, PA 16066",https://www.cranberrytownship.org,ctinfo@cranberrytownship.org,
Creek Connections,"Creek Connections partners with schools and community volunteers across Western Pennsylvania to train them in standardized water-quality monitoring protocols, including sampling and visual assessments of streams affected by legacy industry. Participants upload results to a public database and mapping platform, creating a shared record that communities and agencies can use to identify hotspots, guide remediation, and support enforcement.",Citizen Water Monitoring Network,Failing Infrastructure and Municipal Services,Allegheny College,"520 North Main Street, Meadville, PA 16335",https://sites.allegheny.edu/creekconnections/,creekconnections@allegheny.edu,
Creek Connections,"Creek Connections partners with schools and community volunteers across Western Pennsylvania to train them in standardized water-quality monitoring protocols, including sampling and visual assessments of streams affected by legacy industry. Participants upload results to a public database and mapping platform, creating a shared record that communities and agencies can use to identify hotspots, guide remediation, and support enforcement.",Volunteer Environmental Monitoring Program,Contaminated Industrial Brownfields,Allegheny College,"520 North Main Street, Meadville, PA 16335",https://sites.allegheny.edu/creekconnections/,creekconnections@allegheny.edu,
Creek Connections Water Monitoring Program,"Based at Allegheny College, Creek Connections equips and mentors middle and high school students, teachers, and community partners across Western Pennsylvania to perform routine stream sampling with standardized kits. Participants collect data on parameters such as temperature, pH, dissolved oxygen, and nutrients, submit results to a public database, and communicate concerns to local municipalities and regulators—creating a distributed, citizen-powered early warning network.",Citizen Water Monitoring Network,Failing Infrastructure and Municipal Services,Allegheny College - Creek Connections,"520 North Main Street, Meadville, PA 16335",https://sites.allegheny.edu/creekconnections/,,
Critical Home Repair Program,"Rebuilding Together Pittsburgh trains and coordinates volunteer crews, led by skilled staff, to complete critical home repairs and upkeep for low-income homeowners and community spaces. Volunteers learn and apply basic carpentry, minor plumbing fixes, painting, and safety upgrades, reducing contractor costs while improving the livability of neighborhoods and strengthening ties among residents and partners.",Small Grants and Revolving Microloan Fund,Deteriorated Housing Stock and Property Abandonment,Rebuilding Together Pittsburgh,"7800 Susquehanna Street, Pittsburgh, PA 15208",https://www.rtpittsburgh.org,info@rtpittsburgh.org,
Critical Home Repair and Workforce Development,"Rebuilding Together Pittsburgh mobilizes skilled volunteers—including retired tradespeople—and licensed contractors to deliver critical home repairs and safety modifications for low-income homeowners and seniors across Western Pennsylvania. Through its Workforce Development program, paid trainees work on these repair sites under the supervision of master trades and volunteer mentors, building practical skills and industry credentials while restoring homes and community infrastructure.",Volunteer Maintenance Corps and Apprenticeships,Failing Infrastructure and Municipal Services,Rebuilding Together Pittsburgh,"7800 Susquehanna Street, Pittsburgh, PA 15208",https://www.rtpittsburgh.org,info@rtpittsburgh.org,
Customer Service & Sales Certification (NRF),"Goodwill of Southwestern Pennsylvania prepares job seekers for remote-friendly roles through the National Retail Federation’s Customer Service & Sales certification and related digital skills courses delivered in flexible online/hybrid formats. Participants receive case management, transportation assistance, and access to computer labs and technology on-site, with referrals for childcare as needed. Goodwill regularly hosts hiring events and connects graduates to employer partners with remote ...",Local Skills Training Linked to Remote Jobs,Geographic Isolation from Economic Opportunity Centers,Goodwill of Southwestern Pennsylvania,"118 52nd Street, Pittsburgh, PA 15201",https://www.goodwillswpa.org,info@goodwillswpa.org,
DAV Transportation Network (VA Butler Healthcare),"The DAV Transportation Network at VA Butler Healthcare uses vetted volunteer drivers to provide free rides for veterans to their VA medical appointments throughout Western Pennsylvania. Rides are coordinated through the VA’s Volunteer Services, connecting people without cars to critical health services. It embodies a volunteer driver network with scheduled trips and partnerships between a nonprofit (DAV) and a public institution to cover costs.",Volunteer Driver & Ride-Share Network,Geographic Isolation from Economic Opportunity Centers,VA Butler Healthcare / Disabled American Veterans,"353 North Duffy Road, Butler, PA 16001",https://www.va.gov/butler-health-care/volunteer-or-donate/,,
DAV Transportation Network (VA Pittsburgh),"The DAV Transportation Network at VA Pittsburgh Healthcare System coordinates volunteer drivers to provide free rides for veterans to and from VA medical appointments. Volunteers are screened and trained, trips are scheduled through VA Volunteer Services, and the effort is supported through partnerships with veterans’ organizations and community donors—addressing transportation gaps with a structured volunteer ride program.",Volunteer Driver & Ride-Share Network,Geographic Isolation from Economic Opportunity Centers,VA Pittsburgh Healthcare System,"University Drive C, Pittsburgh, PA 15240",https://www.va.gov/pittsburgh-health-care,,
DAV Transportation Network – Pittsburgh,"The DAV Transportation Network mobilizes trained volunteer drivers to provide free rides for veterans to and from appointments at VA Pittsburgh Healthcare System facilities. Coordinated with VA Volunteer Services, trips are scheduled through a central office and use nonprofit-managed vehicles, operating as a community volunteer micro-transit option when regular public transit is insufficient. The service maintains vital access to care for veterans across Western Pennsylvania.",Volunteer and Micro-Transit Network,Failing Infrastructure and Municipal Services,Disabled American Veterans (DAV) in partnership with VA Pittsburgh Healthcare System,"1010 Delafield Road, Pittsburgh, PA 15215",https://www.dav.org/veterans/i-need-a-ride/,,
DOMI Projects Portal,"The City of Pittsburgh’s Department of Mobility and Infrastructure (DOMI) maintains an online projects portal that lists active and planned transportation and streetscape projects with maps, status, schedules, and budget information. Residents can review asset-focused work such as bridge and street projects, see anticipated timelines and phasing, and access public meeting materials, enabling them to monitor progress and hold the city accountable.",Public Infrastructure Transparency Dashboard,Failing Infrastructure and Municipal Services,City of Pittsburgh Department of Mobility and Infrastructure,"414 Grant Street, Pittsburgh, PA 15219",https://pittsburghpa.gov/domi/projects,domi@pittsburghpa.gov,
Deconstruction,"Construction Junction’s Deconstruction program works with property owners and demolition contractors to carefully dismantle buildings slated for demolition, salvaging reusable materials and diverting tons of waste from landfills. By prioritizing material reuse and proper disposal, the program makes demolition greener and often precedes community-led efforts to clear and prepare lots for gardens or redevelopment.",Community-Driven Demolition and Green Disposal,Deteriorated Housing Stock and Property Abandonment,Construction Junction,"214 N Lexington Street, Pittsburgh, PA 15208",https://www.constructionjunction.org/deconstruction,info@cjreuse.org,
Deconstruction Program,"Construction Junction’s Deconstruction Program carefully dismantles buildings slated for removal, salvaging materials for reuse and ensuring safe, environmentally responsible disposal of what cannot be reused. By reducing landfill waste and hazardous debris while coordinating with communities and property owners, they make sites safer and more quickly ready for stabilization and greening. This green demolition alternative supports neighborhood-led efforts to clear blighted structures and prep...",Community-Driven Demolition and Green Disposal,Deteriorated Housing Stock and Property Abandonment,Construction Junction,"214 N Lexington Street, Pittsburgh, PA 15208",https://www.cjreuse.org/deconstruction,info@cjreuse.org,
Deconstruction Program,"Construction Junction’s Deconstruction Program carefully disassembles condemned or end-of-life buildings to salvage reusable materials, diverting tons of waste from landfills and ensuring safe, green disposal. They partner with municipalities, land banks, and neighborhood groups during blight-removal efforts; after structures are removed, salvaging and responsible disposal are paired with site preparation that supports future greening and community reuse. This approach advances the solution b...",Community-Driven Demolition and Green Disposal,Deteriorated Housing Stock and Property Abandonment,Construction Junction,"214 N Lexington Street, Pittsburgh, PA 15208",https://www.constructionjunction.org,info@cjreuse.org,
Digital Foundry Workforce and Employer Engagement Programs,"The Digital Foundry at New Kensington offers career pathways and hosts employer meetups, showcases, and hiring days focused on digital manufacturing and Industry 4.0. Events integrate virtual demonstrations and employer interactions so job seekers from the Alle-Kiski Valley and beyond can connect with regional firms and remote-capable roles without extensive travel. By combining hands-on upskilling with employer engagement, the Foundry strengthens local networks and expands access to quality ...","Skill-Sharing, Timebanking, and Local Hiring Fairs",Geographic Isolation from Economic Opportunity Centers,The Digital Foundry at New Kensington (Penn State New Kensington and Economic Growth Connection of Westmoreland),"855 5th Avenue, New Kensington, PA 15068",https://digitalfoundrynk.com,info@digitalfoundrynk.com,
Digital Foundry at New Kensington,"The Digital Foundry offers collaborative workspaces, training labs, and meeting rooms equipped with robust internet and advanced digital manufacturing tools, enabling residents and small firms to work, learn, and collaborate locally. Through employer partnerships, industry certifications, and coaching, it helps participants build remote-capable digital skills and connect to job pathways and project-based work that do not require daily commuting to larger cities.",Neighborhood Co-Working & Remote Work Incubators,Geographic Isolation from Economic Opportunity Centers,Penn State New Kensington and Economic Growth Connection of Westmoreland,"855 5th Avenue, New Kensington, PA 15068",https://digitalfoundrynk.com,info@digitalfoundrynk.com,
Digital Literacy & Career Services (Adult Learners),"Literacy Pittsburgh offers beginner-to-advanced computer and internet skills classes for adults, including device use, email, productivity software, online safety, and job search skills, delivered at its Downtown Learning Hub and community sites. Instructors and tutors help learners build remote-work readiness, create resumes and online profiles, apply for jobs, and navigate essential online services such as benefits portals and telehealth appointment systems. Classrooms provide internet-conn...",Digital Access & Literacy Hubs,Geographic Isolation from Economic Opportunity Centers,Literacy Pittsburgh,"411 Seventh Avenue, Suite 550, Pittsburgh, PA 15219",https://www.literacypittsburgh.org,info@literacypittsburgh.org,
Digital Literacy Program,"Literacy Pittsburgh runs instructor‑led digital skills classes and tutoring at its Downtown center and partner sites such as libraries and community centers, providing devices, Wi‑Fi, and hands‑on support. Courses span beginner computer and smartphone skills through Google Workspace, email, videoconferencing, and remote‑work readiness, along with help completing online job applications, benefits forms, and telehealth registrations. Trained instructors and digital navigators ensure adults gain...",Digital Access & Literacy Hubs,Geographic Isolation from Economic Opportunity Centers,Literacy Pittsburgh,"411 Seventh Avenue, Suite 525, Pittsburgh, PA 15219",https://www.literacypittsburgh.org/programs/digital-literacy,info@literacypittsburgh.org,
Digital Skills,"Literacy Pittsburgh’s Digital Skills program builds practical computer, online communication, and office software competencies aligned with remote customer service, administrative support, and entry-level tech roles. The organization layers in wraparound supports such as transportation assistance and connections to childcare resources, provides access to devices/Internet through digital navigator partnerships, and hosts employer info sessions and referrals that connect learners to remote job ...",Local Skills Training Linked to Remote Jobs,Geographic Isolation from Economic Opportunity Centers,Literacy Pittsburgh,"411 Seventh Avenue, Suite 525, Pittsburgh, PA 15219",https://www.literacypittsburgh.org,info@literacypittsburgh.org,
Distillery Artist Residency,"Brew House Association’s Distillery Artist Residency provides selected artists with space, mentorship, and support inside the rehabilitated Duquesne Brewing complex. Co-located with affordable artist live/work units in the same historic building, the program keeps previously vacant industrial space continuously occupied by vetted creatives who actively use, care for, and help maintain their studios. This sustained presence deters vandalism, stabilizes the property at low cost, and demonstrate...",Arts and Culture Revitalization Initiative,Deteriorated Housing Stock and Property Abandonment,Brew House Association,"711 South 21st Street, Pittsburgh, PA 15203",https://www.brewhousearts.org,info@brewhousearts.org,
Distillery Artist Residency,"Brew House Association’s Distillery Artist Residency provides selected artists with space, mentorship, and support inside the rehabilitated Duquesne Brewing complex. Co-located with affordable artist live/work units in the same historic building, the program keeps previously vacant industrial space continuously occupied by vetted creatives who actively use, care for, and help maintain their studios. This sustained presence deters vandalism, stabilizes the property at low cost, and demonstrate...",Property Guardianship and Live-Work Programs,Deteriorated Housing Stock and Property Abandonment,Brew House Association,"711 South 21st Street, Pittsburgh, PA 15203",https://www.brewhousearts.org,info@brewhousearts.org,
Distillery Artist Residency & Community Gallery,"Housed in the reclaimed Duquesne Brew House complex, the program provides affordable studios, residencies, and exhibition opportunities that activate a once-abandoned industrial site. Public shows, open studios, and performances draw visitors into the building, demonstrating how cultural use can stabilize and reinvest in large vacant structures and their surrounding blocks.",Arts and Culture Revitalization Initiative,Deteriorated Housing Stock and Property Abandonment,Brew House Association,"711 S 21st Street, Pittsburgh, PA 15203",https://www.brewhousearts.org,info@brewhousearts.org,
Dominion Energy Watershed Mini-Grant Program,"Western Pennsylvania Conservancy’s mini-grant program provides small matching grants to local watershed groups for planning, design, permitting, and early implementation of pollution and abandoned mine drainage remediation projects. Grants require a local match, and WPC helps groups leverage community crowdfunding and local business sponsorships to meet match requirements—positioning them to unlock much larger state and federal grants (e.g., DEP Growing Greener, EPA Section 319, AML) for full...",Local Fundraising and Matching Grant Campaigns,Contaminated Industrial Brownfields,Western Pennsylvania Conservancy,"800 Waterfront Drive, Pittsburgh, PA 15222",https://waterlandlife.org,info@paconserve.org,
Downtown Erie Farmers Market,"The Erie Downtown Partnership hosts recurring pop-up markets in Perry Square that bring together farmers, food vendors, and makers from Erie County and surrounding areas. EDP coordinates promotions with VisitErie and other partners to attract visitors from neighboring towns, increasing foot traffic and sales for local businesses. These markets help entrepreneurs pilot new products and test retail strategies that can transition into permanent storefronts or distribution through nearby venues.",Pop-Up Market Days and Mobile Retail,Geographic Isolation from Economic Opportunity Centers,Erie Downtown Partnership,"140 East 5th Street, Erie, PA 16507",https://www.eriedowntown.com,info@eriedowntown.com,
DumpBusters,"Allegheny CleanWays’ DumpBusters program mobilizes trained crews and volunteers to remove illegal dumping and demolition debris from vacant lots across Allegheny County, ensuring responsible disposal and recycling of materials. Following cleanouts, they collaborate with community groups to mulch, seed, and install plantings that stabilize sites and deter future dumping, often as a precursor to gardens or other community uses. This provides the green disposal and community-driven lot stabiliza...",Community-Driven Demolition and Green Disposal,Deteriorated Housing Stock and Property Abandonment,Allegheny CleanWays,"33 Terminal Way, Suite 331B, Pittsburgh, PA 15219",https://www.alleghenycleanways.org,info@alleghenycleanways.org,
Duquesne Light Company Community Charging Program,"Duquesne Light’s program funds and supports installation of publicly accessible Level 2 and DC fast EV chargers across Allegheny County, prioritizing community-serving sites such as libraries, YMCAs, municipal lots, and mobility hubs in neighborhoods that lack access. This shared charging infrastructure lowers barriers for community EV fleets and car-share providers to operate near transit hubs and employment centers, enabling the community EV car-share + charging model to scale beyond downtown.",Community EV Car-Share and Charging Stations,Geographic Isolation from Economic Opportunity Centers,Duquesne Light Company,"411 Seventh Avenue, Pittsburgh, PA 15219",https://www.duquesnelight.com/EV,ev@duqlight.com,
ECPL Technology Lending (Hotspots & Chromebooks) and Parking‑Lot Wi‑Fi,"Erie County Public Library lends Wi‑Fi hotspots and Chromebooks to residents and maintains free public Wi‑Fi that can be accessed inside the library and from outdoor areas and parking lots, expanding reach to those without home service. Staff provide digital skills training and safety guidance, helping patrons navigate online resources securely. The program aligns with the solution by combining outdoor community Wi‑Fi with a managed device loan collection.",Community Wi‑Fi Zones and Device Loan Programs,Geographic Isolation from Economic Opportunity Centers,Erie County Public Library (Blasco Memorial Library),"160 East Front Street, Erie, PA 16507",https://erielibrary.org,library-reference@eriecountypa.gov,
EHP Health Services,"The Environmental Health Project (EHP) offers free nurse-led health consultations, symptom tracking, and exposure screening related to air and water pollutants common in Western Pennsylvania industrial and energy communities. EHP hosts community clinics and workshops, provides in-home environmental assessments (e.g., particulate monitoring), and refers residents to medical providers and legal resources for compensation and remediation. This program delivers environmental health screening and ...",Community Health Screenings and Environmental Clinics,Contaminated Industrial Brownfields,Environmental Health Project (EHP),"2001 Waterdam Plaza Drive, Suite 201, McMurray, PA 15317",https://www.environmentalhealthproject.org,info@environmentalhealthproject.org,
Ecodistrict Planning and Charrettes,"evolveEA facilitates structured design charrettes and visioning sessions for Western Pennsylvania communities—including the Millvale, Etna, and Sharpsburg ecodistricts and the Uptown/West Oakland EcoInnovation District—to shape redevelopment of vacant and legacy industrial sites. Their charrette outcomes translate into implementable plans and design guidelines that direct cleanup levels, green infrastructure, and renewable energy integration to match community priorities.",Community Visioning and Design Charrettes,Contaminated Industrial Brownfields,evolveEA,"602 East Ohio Street, Pittsburgh, PA 15212",https://www.evolveea.com,info@evolveea.com,
Edinboro Market,"A community-owned local food hub and retail marketplace that aggregates goods from dozens of area farmers and makers, with online ordering and curbside pickup. By consolidating products from many vendors into coordinated orders and offering a central pickup location, the market reduces distance barriers between rural producers and customers. The store’s shared merchandising, packaging, and order fulfillment functions operate as micro-fulfillment for the region.",Micro-Logistics & Local Marketplace,Geographic Isolation from Economic Opportunity Centers,Edinboro Market,"124 Meadville Street, Edinboro, PA 16412",https://www.edinboromarket.org,info@edinboromarket.org,
"Employment Program: Job Fairs, Employer Spotlights, and Coaching","Mon Valley Initiative hosts neighborhood hiring fairs, employer spotlights, and virtual information sessions for residents of the Mon Valley’s deindustrialized communities. By bringing regional employers to local venues and promoting remote and hybrid openings, they reduce the need for long commutes while connecting residents to quality jobs. The program’s relationship-based approach fosters trust and helps neighbors coordinate shared resources like childcare and transportation for interviews...","Skill-Sharing, Timebanking, and Local Hiring Fairs",Geographic Isolation from Economic Opportunity Centers,Mon Valley Initiative,"305 East 8th Avenue, Homestead, PA 15120",https://monvalleyinitiative.com,info@monvalleyinitiative.com,
Energy Innovation Center Institute – Workforce Development Programs,"The Energy Innovation Center Institute provides pre-apprenticeship, apprenticeship-aligned, and incumbent worker training in energy-efficient building systems, HVAC, building operations, and clean-energy construction. Working with trade unions, CCAC, and regional employers, the EIC equips residents for careers that support decarbonization and high-performance building retrofits tied to redevelopment projects across Western Pennsylvania.",Workforce Development and Transition Programs,Contaminated Industrial Brownfields,Energy Innovation Center Institute,"1435 Bedford Avenue, Pittsburgh, PA 15219",https://www.eicpittsburgh.org,info@eicpittsburgh.org,
Environmental Health Project Community Health Clinics,"The Environmental Health Project (EHP) runs community-based health clinics and consultations for residents facing environmental exposures from industrial activities, providing symptom screening, exposure histories, and guidance on medical follow-up. EHP’s nurses and health professionals also offer environmental monitoring support, host educational events on respiratory and cancer risks, and coordinate with legal and advocacy partners to advise on compensation and exposure documentation.",Community Health Screenings and Environmental Clinics,Contaminated Industrial Brownfields,Environmental Health Project,"2001 Waterdam Plaza Drive, Suite 201, McMurray, PA 15317",https://www.environmentalhealthproject.org,info@environmentalhealthproject.org,
Environmental Justice Clinic,"The Environmental Justice Clinic at the Thomas R. Kline School of Law of Duquesne University offers free legal services and community legal-education clinics for residents impacted by environmental hazards. The clinic advises on exposure pathways, tenant rights related to lead and mold, potential compensation, and regulatory complaints, and coordinates with public health partners to connect clients to medical screenings and follow-up care.",Community Health Screenings and Environmental Clinics,Contaminated Industrial Brownfields,"Thomas R. Kline School of Law of Duquesne University, Tribone Center for Clinical Legal Education","914 Fifth Avenue, Pittsburgh, PA 15219",https://www.duq.edu/academics/schools/law/clinics,lawclinic@duq.edu,
Environmental Law Clinic,"The University of Pittsburgh School of Law’s Environmental Law Clinic provides free legal assistance and community legal clinics for residents and groups affected by pollution and contamination. The clinic educates communities on exposure-related rights, helps pursue remedies (administrative complaints, comments, litigation support), and partners with health and academic organizations to connect legal advice with medical follow-up. This addresses the legal-health component by advising on expo...",Legal Assistance and Responsible-Party Accountability,Contaminated Industrial Brownfields,University of Pittsburgh School of Law,"3900 Forbes Avenue, Pittsburgh, PA 15260",https://www.law.pitt.edu/clinics/environmental-law-clinic,elc@pitt.edu,
Environmental Law Clinic,"Pitt’s Environmental Law Clinic provides free legal and technical assistance to community organizations and local governments confronting legacy industrial pollution, brownfields, and permitting issues. Clinic faculty and students partner with environmental NGOs and university researchers to review site assessments, craft remediation and monitoring strategies, and prepare grant and permit submissions that advance cleanup and redevelopment. This sustained university–community model offers pro-...",Legal Assistance and Responsible-Party Accountability,Contaminated Industrial Brownfields,University of Pittsburgh School of Law,"3900 Forbes Avenue, Pittsburgh, PA 15260",https://www.law.pitt.edu/academics/clinics/environmental,elc@law.pitt.edu,
Environmental Law Clinic,"Pitt’s Environmental Law Clinic provides free legal and technical assistance to community organizations and local governments confronting legacy industrial pollution, brownfields, and permitting issues. Clinic faculty and students partner with environmental NGOs and university researchers to review site assessments, craft remediation and monitoring strategies, and prepare grant and permit submissions that advance cleanup and redevelopment. This sustained university–community model offers pro-...",University and NGO Partnerships for Technical Support,Contaminated Industrial Brownfields,University of Pittsburgh School of Law,"3900 Forbes Avenue, Pittsburgh, PA 15260",https://www.law.pitt.edu/academics/clinics/environmental,elc@law.pitt.edu,
Environmental Law Clinic,"Duquesne University’s Environmental Law Clinic provides pro-bono technical and legal support to community groups and municipalities dealing with legacy industrial contamination, including reviewing site assessments, remediation plans, and monitoring results. The clinic partners with local NGOs and scientists to help communities prepare EPA Brownfields and related grant applications, comment on cleanup proposals, and design community monitoring strategies that inform redevelopment of former mi...",University and NGO Partnerships for Technical Support,Contaminated Industrial Brownfields,Duquesne University School of Law,"912-914 Fifth Avenue, Pittsburgh, PA 15219",https://www.duq.edu/academics/schools/law/clinics-and-experiential-learning/environmental-law-clinic,lawclinic@duq.edu,
Environmental Law Clinic,"The University of Pittsburgh School of Law’s Environmental Law Clinic provides free legal assistance and community legal clinics for residents and groups affected by pollution and contamination. The clinic educates communities on exposure-related rights, helps pursue remedies (administrative complaints, comments, litigation support), and partners with health and academic organizations to connect legal advice with medical follow-up. This addresses the legal-health component by advising on expo...",Community Health Screenings and Environmental Clinics,Contaminated Industrial Brownfields,University of Pittsburgh School of Law,"3900 Forbes Avenue, Pittsburgh, PA 15260",https://www.law.pitt.edu/clinics/environmental-law-clinic,elc@pitt.edu,
Erie County Broadband Expansion Initiative,"Erie County’s Planning and Community Development department coordinates countywide broadband expansion by identifying unserved neighborhoods, collaborating with municipalities and anchor institutions, and partnering with ISPs to design build‑outs. The initiative applies for state/federal funds, leverages local matches, and promotes shared infrastructure to improve affordability and reliability for residents, schools, and small businesses.",Community Broadband Cooperative,Geographic Isolation from Economic Opportunity Centers,Erie County Department of Planning and Community Development,"150 East Front Street, Suite 300, Erie, PA 16507",https://eriecountypa.gov/departments/planning-and-community-development/,planning@eriecountypa.gov,
Erie County Community Emergency Response Team (CERT),"Erie County CERT prepares community volunteers to assist first responders with disaster medical aid, light search and rescue, small fire suppression, and neighborhood damage assessment. The program is managed by the County Department of Public Safety and formally coordinates with municipal emergency managers to provide shelter staffing, information sharing, and basic debris/roadway clearing support during storms, utility failures, and other emergencies.",Mutual Aid and Neighborhood Emergency Teams,Failing Infrastructure and Municipal Services,Erie County Department of Public Safety,"1600 West 26th Street, Erie, PA 16508",https://eriecountypa.gov/departments/public-safety,,
Erie County Infrastructure Bank (ECIB),"ECIB is a county-level revolving fund that provides below-market loans to municipalities for critical infrastructure work including roads, bridges, stormwater systems, and utility upgrades. The structure requires local participation and recycles repayments, allowing limited public dollars to be reused across multiple projects over time. It implements the solution by giving communities a local, flexible tool for immediate repairs and to match larger infrastructure investments.",Community Infrastructure Repair Fund,Failing Infrastructure and Municipal Services,Erie County Department of Planning and Community Development,"150 East Front Street, Suite 300, Erie, PA 16507",https://eriecountypa.gov/departments/planning-and-community-development/,planning@eriecountypa.gov,
Erie County Public Library Hotspot & Laptop Lending,"Erie County Public Library lends laptops and mobile hotspots and offers classes on safe internet use and digital skills, enabling residents to work, learn, and access services remotely. The Blasco Memorial Library and branch locations provide free Wi‑Fi that extends outside the buildings into nearby public spaces and parking areas, functioning as community Wi‑Fi zones. The library manages the device inventory, circulation, and user support.",Community Wi‑Fi Zones and Device Loan Programs,Geographic Isolation from Economic Opportunity Centers,Erie County Public Library,"160 East Front Street, Erie, PA 16507",https://erielibrary.org,library-reference@eriecountypa.gov,
Erie Land Bank,"The Erie Land Bank acquires vacant, tax-delinquent structures and lots in the City of Erie, resolves encumbrances, and prepares properties for reuse aligned with neighborhood plans. It sells or leases properties for affordable housing, side yards, community gardens, and small-scale commercial uses through transparent disposition policies with community input. The board includes city and community representatives, and the land bank leverages local, state, and philanthropic funding to return bl...",Community Land Bank,Deteriorated Housing Stock and Property Abandonment,Erie Land Bank (City of Erie),"626 State Street, Erie, PA 16501",https://www.erielandbank.org,,
Erie Land Bank,"The Erie Land Bank acquires abandoned and tax-delinquent properties within the City of Erie and clears clouds on title so they can be reused for housing and neighborhood revitalization. Its programs prioritize affordable infill housing, community gardens, and strategic commercial reuse in coordination with neighborhood groups and City departments. By holding and managing properties until responsible reuse is ready, it implements the land bank approach to counteract blight and rebuild market c...",Community Land Bank,Deteriorated Housing Stock and Property Abandonment,Erie Land Bank (City of Erie),"626 State Street, Erie, PA 16501",https://cityof.erie.pa.us,,
Erie Night Market,"Erie Downtown Partnership organizes the Erie Night Market in and around Perry Square, programming pop-up retail, mobile food vendors, and maker showcases. By coordinating regional promotions, the market draws visitors from surrounding towns, generates foot traffic for local businesses, and provides a low-risk venue for vendors to pilot products and refine operations ahead of permanent retail or broader distribution.",Pop-Up Market Days and Mobile Retail,Geographic Isolation from Economic Opportunity Centers,Erie Downtown Partnership,"140 East 5th Street, Erie, PA 16507",https://eriedowntown.com,info@eriedowntown.com,
Etna EcoDistrict Micro-Grant Program (Participatory Budgeting),"Etna Community Organization hosts community pitch nights where residents propose small infrastructure and placemaking projects and attendees vote to determine which receive micro-grants. Projects often include stormwater planters and other green infrastructure, bike racks, traffic-calming or crosswalk treatments, and park or streetscape improvements—directly applying participatory budgeting to local infrastructure needs.",Participatory Budgeting for Infrastructure,Failing Infrastructure and Municipal Services,Etna Community Organization,"341 Butler Street, Etna, PA 15223",https://www.etnacommunity.org,hello@etnacommunity.org,
Every1online,"Every1online is a community broadband program that deploys neighborhood wireless and fiber backhaul in partnership with municipalities, libraries, and schools in Allegheny County communities such as Millvale, Etna, and Sharpsburg. The program organizes resident pre‑registrations, conducts on‑the‑ground site surveys and mapping to identify coverage gaps, and blends philanthropic and public funds to offer low‑ or no‑cost service tiers. By negotiating shared use of public rooftops and conduits a...",Community Broadband Cooperative,Geographic Isolation from Economic Opportunity Centers,Meta Mesh Wireless Communities,"6401 Penn Avenue, Pittsburgh, PA 15206",https://www.every1online.org,info@metamesh.org,
Exiled Writer Residency and House Program,"City of Asylum acquires and rehabilitates formerly vacant rowhouses on Pittsburgh’s Northside and places exiled writers and artists in them as long-term live/work residents. Residents activate the homes with public readings and cultural programs and assume routine stewardship of the properties, keeping them occupied, cared for, and deterring vandalism. This model demonstrates a low-cost, community-centered approach to stabilizing and reusing obsolete housing stock.",Property Guardianship and Live-Work Programs,Deteriorated Housing Stock and Property Abandonment,City of Asylum,"40 W North Avenue, Pittsburgh, PA 15212",https://www.cityofasylum.org,info@cityofasylum.org,
Facade Improvement Program,"The Urban Redevelopment Authority of Pittsburgh provides matching grants to commercial property and business owners to rehabilitate storefronts and exterior building features in targeted corridors. Property owners contribute a required cash match (often 1:1), which demonstrates local commitment and allows the URA to deploy city and state funds for visible, code-compliant rehabilitation. This local-match structure leverages limited public dollars to stabilize buildings, deter blight, and catal...",Local Match Programs to Leverage Public Funds,Deteriorated Housing Stock and Property Abandonment,Urban Redevelopment Authority of Pittsburgh,"412 Boulevard of the Allies, Suite 901, Pittsburgh, PA 15219",https://www.ura.org/pages/facade-improvement-program,info@ura.org,
Fair Shake Environmental Legal Services,"Fair Shake provides low-bono and pro bono legal representation to individuals and community groups in Appalachia, including Western Pennsylvania, harmed by industrial, oil and gas, and mining pollution. Its attorneys pursue responsible parties through citizen suits, permit challenges, and common-law claims (e.g., nuisance, trespass) to secure remediation and compliance, and they advise clients on documenting health impacts and property damages to support claims. The organization also tracks e...",Legal Assistance and Responsible-Party Accountability,Contaminated Industrial Brownfields,Fair Shake Environmental Legal Services,"436 Seventh Avenue, Pittsburgh, PA 15219",https://www.fairshake-els.org,info@fairshake-els.org,
Faith in Action (Washington & Greene Counties),"Faith in Action engages vetted volunteers to provide escorted transportation for older adults and people with disabilities to medical appointments, pharmacies, and shopping in Washington and Greene Counties. The program schedules and dispatches rides through a centralized coordinator, functioning as a flexible, community-run network that supplements limited public transit in rural and small-town areas.",Volunteer and Micro-Transit Network,Failing Infrastructure and Municipal Services,Blueprints (formerly Community Action Southwest),"150 West Beau Street, Suite 304, Washington, PA 15301",https://myblueprints.org,info@myblueprints.org,
Farm to Food Bank (Local Sourcing & Distribution),"Greater Pittsburgh Community Food Bank operates a regional distribution center with extensive cold storage, aggregation, and logistics capacity in Duquesne. Through Farm to Food Bank and related purchasing initiatives (including participation in Pennsylvania Agricultural Surplus System), they source from small and mid-sized Pennsylvania farms and manage packaging and refrigerated transportation to hundreds of partner sites across Western Pennsylvania. This shared hub model reduces individual ...",Community Logistics Hub for Small Producers,Geographic Isolation from Economic Opportunity Centers,Greater Pittsburgh Community Food Bank,"1 North Linden Street, Duquesne, PA 15110",https://www.pittsburghfoodbank.org,info@pittsburghfoodbank.org,
Farm to Table Buy Local,"Farm to Table Buy Local operates the Buy Fresh Buy Local Western PA initiative, publishing a regional directory of farms, food producers, and processors to help institutions, municipalities, and consumers purchase from nearby suppliers. The program hosts farm-to-institution matchmaking and procurement events, enabling schools, hospitals, and government agencies to shift purchasing to community-based businesses, thereby reinforcing a practical “buy local” framework.",Local Procurement & Employer Partnership Initiative,Geographic Isolation from Economic Opportunity Centers,American HealthCare Group,"733 Washington Road, Suite 102, Pittsburgh, PA 15228",https://farmtotablepa.com,info@farmtotablepa.com,
Field Crew Program,"Landforce hires and trains local residents in land stewardship, invasive species removal, green infrastructure, and site stabilization, providing paid transitional employment and certifications. Crews work on vacant and formerly industrial lands, preparing them for reuse while building participants’ skills for environmental contracting and green jobs. The program connects trainees to employers and unions to advance into long-term roles in remediation and sustainable construction.",Community-Driven Demolition and Green Disposal,Deteriorated Housing Stock and Property Abandonment,Landforce,"201 North Braddock Avenue, Suite 710, Pittsburgh, PA 15208",https://www.landforcepgh.org,info@landforcepgh.org,
Field Crew Program,"Landforce hires and trains local residents in land stewardship, invasive species removal, green infrastructure, and site stabilization, providing paid transitional employment and certifications. Crews work on vacant and formerly industrial lands, preparing them for reuse while building participants’ skills for environmental contracting and green jobs. The program connects trainees to employers and unions to advance into long-term roles in remediation and sustainable construction.",Workforce Development and Transition Programs,Contaminated Industrial Brownfields,Landforce,"201 North Braddock Avenue, Suite 710, Pittsburgh, PA 15208",https://www.landforcepgh.org,info@landforcepgh.org,
First Avenue Garage EV Charging,"The Pittsburgh Parking Authority has installed EV charging stations inside the First Avenue Garage, which is directly connected to Pittsburgh Regional Transit’s First Avenue light-rail station. The garage hosts shared-mobility parking (including car-share spaces) and is within walking distance of Downtown employment centers, allowing members to pick up shared cars, connect to transit, and recharge vehicles in the same multimodal hub. This co-location of charging, car-share, and transit access...",Community EV Car-Share and Charging Stations,Geographic Isolation from Economic Opportunity Centers,Pittsburgh Parking Authority,"600 First Avenue, Pittsburgh, PA 15219",https://www.pittsburghparking.com,info@pittsburghparking.com,
Free Rides for Seniors,"Free Rides for Seniors is a neighborhood shuttle operated by St. Margaret Foundation that offers no-cost, door-to-door and stop-to-stop rides for older adults in Fox Chapel, O’Hara, Aspinwall, Blawnox, and Sharpsburg. The nonprofit coordinates drivers and neighborhood routes like a micro-transit service, connecting residents to grocery stores, medical appointments, and community destinations where regular bus service is insufficient.",Volunteer and Micro-Transit Network,Failing Infrastructure and Municipal Services,St. Margaret Foundation,"815 Freeport Road, Pittsburgh, PA 15215",https://stmargaretfoundation.org/free-rides-for-seniors/,info@stmargaretfoundation.org,
Free Rides for Seniors,"Free Rides for Seniors operates neighborhood circulator shuttles that provide free, on-demand, door-to-door transportation for older adults in communities along the Allegheny River valley. Funded and coordinated by St. Margaret Foundation with local partners, the shuttles function as community-run micro-transit to supplement or replace reduced fixed-route service. Riders schedule trips via a central line, ensuring reliable access to shopping, medical care, and community destinations.",Volunteer and Micro-Transit Network,Failing Infrastructure and Municipal Services,St. Margaret Foundation,"815 Freeport Road, Pittsburgh, PA 15215",https://www.stmargaretfoundation.org/free-rides-for-seniors/,info@stmargaretfoundation.org,
Free Rides for Seniors,"St. Margaret Foundation’s Free Rides for Seniors provides free, door-to-door shuttle transportation for older adults in Fox Chapel–area communities including Aspinwall, Blawnox, O’Hara, Sharpsburg, and Fox Chapel. The foundation funds and dispatches accessible vehicles and drivers to schedule trips for medical appointments, shopping, and community events, acting as a neighborhood-scale micro-transit service where fixed-route options are limited. By coordinating rides through a local nonprofit...",Volunteer and Micro-Transit Network,Failing Infrastructure and Municipal Services,St. Margaret Foundation,"815 Freeport Road, Pittsburgh, PA 15215",https://www.stmargaretfoundation.org,info@stmargaretfoundation.org,
Freedom Transit Commuter Services (Metro Commuter and Southpointe),"Freedom Transit provides commuter routes that connect Washington County neighborhoods to Downtown Pittsburgh and to the Southpointe business park, with schedules aligned to common shift times. Using park-and-ride hubs and timed transfers, these services function as community-oriented shuttles funded by fares and state/federal support, with employer partnerships helping to target high-demand employment centers. The approach closes first/last-mile gaps, linking residents to regional transit and...",Community-Run Commuter Shuttle,Geographic Isolation from Economic Opportunity Centers,Washington County Transportation Authority d/b/a Freedom Transit,"50 East Chestnut Street, Washington, PA 15301",https://www.freedom-transit.org,,
Fridays on Fifth Pop-Up Street Market,"Fridays on Fifth transforms New Kensington’s Fifth Avenue into a recurring pop-up street market with mobile vendors, artisans, and food trucks curated to attract regional visitors. Organized with local businesses and partners, the event creates visible demand for downtown goods and services, supports vendor sales from neighboring communities, and serves as a proving ground for new storefront and distribution concepts tied to the city’s ongoing revitalization.",Pop-Up Market Days and Mobile Retail,Geographic Isolation from Economic Opportunity Centers,Olde Towne Overhaul,"951 5th Avenue, New Kensington, PA 15068",https://www.oldetowneoverhaul.com,info@oldetowneoverhaul.com,
G.E.T. Solar Communities and Brightfields Assistance,"The Pennsylvania Solar Center provides technical assistance to municipalities, nonprofits, and community groups to develop solar projects on suitable parcels, including remediated brownfields and closed landfills. They help structure cooperative and municipal partnership models (e.g., PPAs and community-led ownership), assemble financing, and run competitive procurement to create projects that generate energy revenue to offset maintenance costs and fund local programs.",Community-Owned Renewable Energy Projects,Contaminated Industrial Brownfields,Pennsylvania Solar Center,"1435 Bedford Avenue, Suite A, Pittsburgh, PA 15219",https://www.pasolarcenter.org/,info@pasolarcenter.org,
G.E.T. Solar: Communities (Western Pennsylvania),"The Pennsylvania Solar Center’s G.E.T. Solar program provides technical assistance to municipalities, land banks, community nonprofits, and co-ops to develop solar projects on suitable sites, including remediated brownfields and capped landfills. The program helps structure ownership models (such as cooperatives or municipal partnerships), evaluate sites, and secure financing so projects can generate lease revenue or power savings that fund long-term site maintenance and local community progr...",Community-Owned Renewable Energy Projects,Contaminated Industrial Brownfields,Pennsylvania Solar Center,"1435 Bedford Avenue, Pittsburgh, PA 15219",https://www.pasolarcenter.org,info@pasolarcenter.org,
GROW (Green Revitalization of our Waterways) Program,"ALCOSAN’s GROW program provides matching grants to municipalities and authorities for sewer system inspections, rehabilitation, inflow and infiltration reduction, and green stormwater projects. By funding targeted repairs and upgrades with local matches, GROW helps cash-strapped communities address urgent needs and leverage bigger regional clean water investments. This supports the solution’s goals by supplying matching funds that accelerate essential maintenance and prevent cascading infrast...",Community Infrastructure Repair Fund,Failing Infrastructure and Municipal Services,Allegheny County Sanitary Authority (ALCOSAN),"3300 Preble Avenue, Pittsburgh, PA 15233",https://www.alcosan.org/grow,grow@alcosan.org,
GROW Program (Green Revitalization of Our Waterways),"ALCOSAN’s GROW Program funds and coordinates green infrastructure projects—such as rain gardens, bioswales, stream buffers, and permeable surfaces—implemented by municipalities and nonprofit partners throughout Allegheny County. These partners routinely engage volunteers for planting, mulching, and site maintenance, which keeps costs low and builds local stewardship capacity. By capturing stormwater where it falls, the program reduces flows to aging combined sewers and helps prevent overflows...",Green Infrastructure and Low-cost Stormwater Projects,Failing Infrastructure and Municipal Services,Allegheny County Sanitary Authority (ALCOSAN),"3300 Preble Avenue, Pittsburgh, PA 15233",https://www.alcosan.org/what-we-do/programs-initiatives/grow-program,grow@alcosan.org,
Gallery Crawl in the Cultural District,"The Gallery Crawl is a free, multi-venue cultural festival that fills Downtown’s Cultural District with live music, public art, dance, food vendors, and open galleries several times per year. By turning blocks of the neighborhood into a festive, walkable commons, it creates a neutral, community-centered atmosphere where residents from across the region can gather and connect. The Crawl highlights local artists and cultural heritage while fostering belonging and trust in shared public spaces.",Arts and Culture Revitalization Initiative,Deteriorated Housing Stock and Property Abandonment,Pittsburgh Cultural Trust,"803 Liberty Avenue, Pittsburgh, PA 15222",https://trustarts.org/crawl,info@trustarts.org,
Gallery Crawl in the Cultural District,"The Pittsburgh Cultural Trust hosts recurring evening crawls where galleries, theaters, and public spaces across Downtown present free exhibitions, live music, dance, and performances. By activating multiple blocks with accessible arts programming and extended hours, the Crawl draws diverse residents into informal, shared spaces where they can meet, socialize, and build connections around local culture.",Arts and Culture Revitalization Initiative,Deteriorated Housing Stock and Property Abandonment,Pittsburgh Cultural Trust,"803 Liberty Avenue, Pittsburgh, PA 15222",https://trustarts.org,info@trustarts.org,
Garden Resource Center,"Grow Pittsburgh’s Garden Resource Center is a tool and materials library that equips residents and community groups to transform vacant and underused lots into productive gardens, pocket parks, and outdoor learning spaces. It provides access to tools, compost, soil, and workshops, lowering barriers to quick, community-led activations. These interim projects are maintained by volunteers and gardeners, improving neighborhood safety and building momentum for longer-term land reuse.",Interim Activation and Pocket-Use Projects,Deteriorated Housing Stock and Property Abandonment,Grow Pittsburgh,"147 Julius Street, Pittsburgh, PA 15206",https://www.growpittsburgh.org/garden-resource-center,info@growpittsburgh.org,
Garden Resource Center,"The Garden Resource Center provides community growers with raised-bed materials, geotextile barriers, and bulk supplies of clean, tested soil and compost, along with tools and technical assistance. It offers guidance and referrals for soil testing, and trains gardeners to prioritize low-uptake crops and to use raised beds on potentially contaminated sites. Grow Pittsburgh also promotes remediation planning with partners before any shift to ground-level food production on legacy industrial soils.",Safe Urban Agriculture with Soil Management,Contaminated Industrial Brownfields,Grow Pittsburgh,"147 Putnam Street, Pittsburgh, PA 15206",https://www.growpittsburgh.org/what-we-do/garden-resource-center/,info@growpittsburgh.org,
Garden Resource Center,"Grow Pittsburgh’s Garden Resource Center supplies community gardeners with raised-bed materials, certified clean compost/topsoil, and shared tools, and provides guidance on soil testing protocols and safe crop choices in areas with potential contamination. The program actively trains gardeners to build raised beds with imported clean soil and to interpret soil test results, and it steers groups away from in-ground food production on suspect or formerly industrial soils until full-site remedia...",Safe Urban Agriculture with Soil Management,Contaminated Industrial Brownfields,Grow Pittsburgh,"147 Putnam Street, Pittsburgh, PA 15206",https://www.growpittsburgh.org,info@growpittsburgh.org,
Gardens of Millvale,"Gardens of Millvale converts multiple formerly vacant lots into community gardens, a public orchard/food forest, and gathering spaces that are planted and maintained by residents and volunteers. The project integrates green infrastructure—rain gardens, native plantings, and rainwater harvesting for irrigation—to reduce stormwater runoff and maintenance needs. Produce supports local food access efforts and market sales, strengthening community connections while restoring blighted properties to...",Green Infrastructure and Urban Agriculture Conversion,Deteriorated Housing Stock and Property Abandonment,Millvale Community Library,"213 Grant Avenue, Millvale, PA 15209",https://www.millvalelibrary.org/gardens-of-millvale,info@millvalelibrary.org,
Garfield Public Safety Task Force,"The task force brings together residents, clergy, business owners, Zone 5 police, and City code officials to address blight and nuisance properties in Garfield and nearby neighborhoods. Bloomfield-Garfield Corporation coordinates volunteer cleanups and youth crews to remove debris, report violations, and partner with the City and owners to get dangerous vacant buildings secured and boarded to reduce safety hazards and deter crime.",Neighborhood Stabilization Task Force,Deteriorated Housing Stock and Property Abandonment,Bloomfield-Garfield Corporation,"113 North Pacific Avenue, Pittsburgh, PA 15224",https://bloomfield-garfield.org,bgc@bloomfield-garfield.org,
GoBurgh,"GoBurgh is a long-running transit advocacy initiative that convenes riders, neighborhood groups, and employers to document mobility gaps and advocate for better transit in the Pittsburgh region. The program collects rider stories and commute data, maps access to jobs and services, coordinates petitions and public testimony, and advances policy and funding proposals to Allegheny County and regional transit agencies to improve routes, frequency, and reliability.",Advocacy & Regional Transit Coalition,Geographic Isolation from Economic Opportunity Centers,Pittsburgh Community Reinvestment Group (PCRG),"1901 Centre Avenue, Suite 201, Pittsburgh, PA 15219",https://pcrg.org,info@pcrg.org,
Grate Keepers: Adopt-a-Drain PGH,"Pittsburgh Water and Sewer Authority’s Grate Keepers program enables residents to adopt specific storm drains, keep them free of litter, leaves, and debris, and report blockages or structural problems. By organizing volunteers around individual drainage assets for ongoing light maintenance and issue reporting, the program reduces flooding risk, extends stormwater system life, and builds neighborhood stewardship.",Neighborhood Adopt-a-Street/Structure Program,Failing Infrastructure and Municipal Services,Pittsburgh Water and Sewer Authority,"1200 Penn Avenue, Pittsburgh, PA 15222",https://adoptadrainpgh.org,info@pgh2o.com,
Greater Hazelwood Community Land Trust (CLT) Homes,"Hazelwood Initiative operates a CLT that acquires and stewards properties for permanently affordable homeownership and community uses in Greater Hazelwood, a neighborhood adjacent to former steel mill and brownfield sites. The program aligns with remediation activities by partnering on environmental assessments and cleanup before construction, then placing homes on long-term ground leases to ensure permanent affordability and local control. This keeps remediated land serving residents, advanc...",Community Land Trust for Redevelopment,Contaminated Industrial Brownfields,"Hazelwood Initiative, Inc.","4901 Second Avenue, Pittsburgh, PA 15207",https://www.hazelwoodinitiative.org,info@hazelwoodinitiative.org,
Greater Hazelwood Neighborhood Plan,"Hazelwood Initiative convenes residents, businesses, and partners in design charrettes and hands-on workshops to shape the future of Hazelwood Green and surrounding former industrial parcels. Through facilitated sessions, community members prioritize uses like affordable housing, riverfront parks, local business space, and clean energy, and those priorities are translated into planning policies and site-specific guidance so environmental remediation targets and timelines align with community-...",Community Visioning and Design Charrettes,Contaminated Industrial Brownfields,"Hazelwood Initiative, Inc.","4901 Second Avenue, Pittsburgh, PA 15207",https://www.hazelwoodinitiative.org,info@hazelwoodinitiative.org,
Greater Hazelwood Neighborhood Plan & Hazelwood Green Community Engagement,"Hazelwood Initiative facilitates ongoing public design workshops and charrettes to shape the reuse of Hazelwood Green and adjacent brownfields, historically the LTV Steel site. Residents co-create site concepts for affordable housing, riverfront parks and trails, small business spaces, and renewable energy, which inform remediation phases, infrastructure planning, and development RFPs. This process ensures cleanup thresholds and redevelopment strategies reflect community priorities and health...",Community Visioning and Design Charrettes,Contaminated Industrial Brownfields,"Hazelwood Initiative, Inc.","4901 Second Avenue, Pittsburgh, PA 15207",https://www.hazelwoodinitiative.org,info@hazelwoodinitiative.org,
Green First Plan (GSI Program),"PWSA’s Green First Plan implements citywide green stormwater infrastructure—including curbside rain gardens, infiltration basins, and permeable pavement—to manage runoff at the source and reduce combined sewer overflows. The authority partners with neighborhoods and nonprofits for volunteer planting and maintenance days, lowering lifecycle costs and improving public trust by delivering visible, community-maintained stormwater solutions.",Green Infrastructure and Low-cost Stormwater Projects,Failing Infrastructure and Municipal Services,Pittsburgh Water and Sewer Authority,"1200 Penn Avenue, Pittsburgh, PA 15222",https://www.pgh2o.com,info@pgh2o.com,
Green First Plan (Green Stormwater Infrastructure Program),"PWSA’s Green First Plan installs neighborhood-scale green infrastructure—such as curbside rain gardens, bioswales, permeable pavement, and stormwater parks—to capture and infiltrate runoff before it reaches aging pipes. The authority partners with community groups for volunteer plantings and stewardship, reducing sewer overflows, improving water quality, and lowering lifecycle costs compared to gray-only solutions.",Green Infrastructure and Low-cost Stormwater Projects,Failing Infrastructure and Municipal Services,Pittsburgh Water and Sewer Authority (PWSA),"1200 Penn Avenue, Pittsburgh, PA 15222",https://www.pgh2o.com/projects-maintenance/green-infrastructure,info@pgh2o.com,
Green Playces,"Green Playces partners with residents to transform vacant, often post-demolition parcels into community-designed green spaces using native plantings, play areas, and gardens. The program organizes volunteer workdays to clear debris, perform soil improvements, and install landscaping that stabilizes sites and deters dumping and crime. These community-led projects reduce blight and create safe, activated spaces that build neighborhood trust and ownership.",Community-Driven Demolition and Green Disposal,Deteriorated Housing Stock and Property Abandonment,Grounded Strategies,"6587 Hamilton Avenue, Suite 2W, Pittsburgh, PA 15206",https://groundedpgh.org,info@groundedpgh.org,
Green Playces,"Green Playces partners with residents to transform vacant, often post-demolition parcels into community-designed green spaces using native plantings, play areas, and gardens. The program organizes volunteer workdays to clear debris, perform soil improvements, and install landscaping that stabilizes sites and deters dumping and crime. These community-led projects reduce blight and create safe, activated spaces that build neighborhood trust and ownership.",Green Infrastructure and Low-cost Stormwater Projects,Failing Infrastructure and Municipal Services,Grounded Strategies,"6587 Hamilton Avenue, Suite 2W, Pittsburgh, PA 15206",https://groundedpgh.org,info@groundedpgh.org,
Green Revitalization of Our Waterways (GROW) Program,"GROW provides matching grants to municipalities and authorities to reduce sewer overflows by funding targeted system repairs, rehabilitation (e.g., lining and manhole sealing), and green stormwater infrastructure. The program pays for planning, condition assessments (including CCTV inspections), design, and construction, with local matches ensuring shared investment and rapid response to urgent defects. By channeling local and regional funds into high-impact projects, GROW functions as a comm...",Community Infrastructure Repair Fund,Failing Infrastructure and Municipal Services,Allegheny County Sanitary Authority (ALCOSAN),"3300 Preble Avenue, Pittsburgh, PA 15233",https://www.alcosan.org/programs-initiatives/grow-program,grow@alcosan.org,
Green Stormwater Infrastructure Program,"Upstream Pittsburgh designs and installs community-scale rain gardens, curbside bioswales, and residential green stormwater features across the Nine Mile Run watershed and nearby neighborhoods. They mobilize volunteers for planting days and long-term stewardship to absorb runoff, reduce combined sewer overflows, and improve local water quality while lowering municipal maintenance burdens.",Green Infrastructure and Low-cost Stormwater Projects,Failing Infrastructure and Municipal Services,Upstream Pittsburgh,"321 Pennwood Avenue, Suite 202, Wilkinsburg, PA 15221",https://www.upstreampgh.org,info@upstreampgh.org,
Green Stormwater Infrastructure Program,"Pittsburgh Water and Sewer Authority designs and builds rain gardens, bioswales, and permeable pavement projects across city neighborhoods to capture and infiltrate stormwater before it enters aging sewers. The agency partners with community groups and mobilizes volunteers for tree and native plant installations and for ongoing stewardship days, reducing runoff, combined sewer overflows, and maintenance burdens. These low-cost green measures improve water quality while extending the life of e...",Green Infrastructure and Low-cost Stormwater Projects,Failing Infrastructure and Municipal Services,Pittsburgh Water and Sewer Authority (PWSA),"1200 Penn Avenue, Pittsburgh, PA 15222",https://www.pgh2o.com/your-water/stormwater/green-infrastructure,info@pgh2o.com,
Group Against Smog and Pollution (GASP),"GASP is a Pittsburgh-based nonprofit that uses legal advocacy to hold polluters and regulators accountable in Allegheny County and surrounding Western Pennsylvania communities. Its attorneys and legal staff monitor enforcement actions, file administrative appeals (including before the Environmental Hearing Board), and assist residents with documenting violations, submitting complaints, and pursuing remedies for health and property harms stemming from industrial pollution.",Legal Assistance and Responsible-Party Accountability,Contaminated Industrial Brownfields,Group Against Smog and Pollution,"1133 South Braddock Avenue, Suite 1A, Pittsburgh, PA 15218",https://gasp-pgh.org,info@gasp-pgh.org,
Harvie Farms Pittsburgh,"Harvie Farms Pittsburgh runs an online marketplace that aggregates products from dozens of Western Pennsylvania farms and small food businesses and fulfills weekly orders regionally. From its Pittsburgh hub, Harvie consolidates producer shipments, uses shared packaging, and offers home delivery and neighborhood pickup options, reducing last-mile costs and expanding rural producers’ access to metropolitan customers.",Micro-Logistics & Local Marketplace,Geographic Isolation from Economic Opportunity Centers,Harvie,"6140 Station Street, Pittsburgh, PA 15206",https://harvie.farm/pittsburgh,support@harvie.farm,
Hazardous Waste Worker Training Program,"This program delivers HAZWOPER and related environmental remediation training to workers and community members, building local capacity for safe brownfield cleanup and industrial site remediation. It partners with unions and employers to certify participants for work on contaminated sites, aligning training with real job opportunities on remediation and redevelopment projects. By upskilling residents for environmental cleanup, it directly supports the transition from legacy pollution to new, ...",Workforce Development and Transition Programs,Contaminated Industrial Brownfields,"United Steelworkers (USW) Tony Mazzocchi Center for Health, Safety & Environmental Education","60 Boulevard of the Allies, Pittsburgh, PA 15222",https://www.uswtmc.org,tmc@uswtmc.org,
Hazelwood Affordable Homeownership & CLT Partnership,"Hazelwood Initiative acquires and rehabilitates vacant or distressed homes in Hazelwood and then places them into a community land trust structure in partnership with City of Bridges CLT. Through a shared-equity ground lease and resale formula, the program keeps homes affordable for future generations while allowing homeowners to build limited equity and maintaining strong stewardship standards. The initiative pools public and philanthropic funds to make rehabilitation feasible where market v...",Shared-Equity and Cooperative Housing Models,Deteriorated Housing Stock and Property Abandonment,"Hazelwood Initiative, Inc.","4901 Second Avenue, Pittsburgh, PA 15207",https://www.hazelwoodinitiative.org/housing,info@hazelwoodinitiative.org,
Hazelwood Green Community Benefits and Development Review,"Hazelwood Initiative works with residents, the site owners, and developers at Hazelwood Green (a remediated former steel mill and coke works) to negotiate community benefits as conditions of project approvals and public support. These agreements advance local hiring and training pipelines, set aside affordable maker/retail and community spaces, require publicly accessible riverfront amenities, and establish maintenance and community benefit funds linked to large projects on the site.",Community Benefit Agreements (CBAs),Contaminated Industrial Brownfields,"Hazelwood Initiative, Inc.","4901 Second Avenue, Pittsburgh, PA 15207",https://www.hazelwoodinitiative.org,info@hazelwoodinitiative.org,
Hazelwood Green Redevelopment,"Almono LP’s Hazelwood Green is a multi‑year, phased remediation and redevelopment of the former LTV Coke Works along the Monongahela River, coordinated with DEP and environmental consultants. Cleanup planning was shaped through extensive community input with the Hazelwood Initiative and public review processes, prioritizing highest‑risk areas near residences and the riverfront and setting clear timelines tied to redevelopment phases. Remedies have included soil removal, engineered caps and ba...","Phased, Community-Approved Remediation Plans",Contaminated Industrial Brownfields,Almono LP,"4501 Lytle Street, Pittsburgh, PA 15207",https://www.hazelwoodgreen.com,,
Hazelwood Green Redevelopment (Seed and Match Funding Model),"Hazelwood Green’s redevelopment has been driven by local philanthropic seed capital and matching contributions from regional partners to remediate the former LTV Steel site and prepare it for new economic uses. Local dollars from the Almono partners are deliberately used to match and unlock larger state and federal remediation and infrastructure grants, enabling cleanup, site preparation, and projects like Mill 19. This coordinated local match strategy leverages public programs (e.g., state r...",Local Fundraising and Matching Grant Campaigns,Contaminated Industrial Brownfields,"Almono, LP (managed in partnership with RIDC of Southwestern Pennsylvania)","4501 Lytle Street, Pittsburgh, PA 15207",https://www.hazelwoodgreen.com,info@hazelwoodgreen.com,
Health and Legal Clinics,"Center for Coalfield Justice organizes community health and legal clinics in Washington and Greene Counties where residents can learn about exposure pathways from industrial and extraction activities, connect to free health screenings and environmental testing offered by partner agencies, and receive guidance on reporting pollution and pursuing remediation or compensation. These events pair legal education with public health resources to support medical follow-up and community advocacy in dei...",Community Health Screenings and Environmental Clinics,Contaminated Industrial Brownfields,Center for Coalfield Justice,"14 East Beau Street, Washington, PA 15301",https://www.coalfieldjustice.org,info@coalfieldjustice.org,
Heritage Community Transportation,"Heritage Community Transportation operates low-cost fixed-route shuttles throughout the Mon Valley, linking transit-poor neighborhoods with key hubs, job centers, and community destinations. Its designated stops function as convenient meetup points, enabling groups to board together and ride to centralized venues for meetings and events. The service is subsidized by public and private partners, making coordinated access affordable for residents spread across multiple communities.",Volunteer Driver & Ride-Share Network,Geographic Isolation from Economic Opportunity Centers,Heritage Community Initiatives,"820 Braddock Avenue, Braddock, PA 15104",https://www.heritageserves.org/transportation,info@heritageserves.org,
Heritage Community Transportation,"Heritage Community Transportation operates low-cost fixed-route shuttles throughout the Mon Valley, linking transit-poor neighborhoods with key hubs, job centers, and community destinations. Its designated stops function as convenient meetup points, enabling groups to board together and ride to centralized venues for meetings and events. The service is subsidized by public and private partners, making coordinated access affordable for residents spread across multiple communities.",Community-Run Commuter Shuttle,Geographic Isolation from Economic Opportunity Centers,Heritage Community Initiatives,"820 Braddock Avenue, Braddock, PA 15104",https://www.heritageserves.org/transportation,info@heritageserves.org,
Heritage Community Transportation,"Heritage Community Transportation operates low-cost fixed-route shuttles across Mon Valley communities like Braddock, Rankin, Duquesne, McKeesport, and North Versailles, linking neighborhoods to central hubs. Riders use neighborhood stops as meetup points and travel together to workplaces, services, and community events. Community and labor groups can coordinate members to board at shared stops and use published timetables to reach centralized meetings, implementing a practical shared-ride an...",Volunteer and Micro-Transit Network,Failing Infrastructure and Municipal Services,Heritage Community Initiatives,"820 Braddock Avenue, Braddock, PA 15104",https://www.heritageserves.org,info@heritageserves.org,
Heritage Community Transportation (HCT),"Heritage Community Transportation operates fixed-route and shuttle-style service that links Mon Valley neighborhoods to major employment centers, shopping districts, and Pittsburgh Regional Transit (PRT) nodes at key shift times. Routes are designed with resident and employer input, and the service is sustained through rider fares, foundation and government grants, and contracted operations—mirroring a community-run commuter shuttle model focused on job access. By bridging first/last-mile gap...",Community-Run Commuter Shuttle,Geographic Isolation from Economic Opportunity Centers,Heritage Community Initiatives,"820 Braddock Avenue, Braddock, PA 15104",https://www.heritageserves.org/transportation/,info@heritageserves.org,
Hilltop Urban Farm,"Hilltop Urban Farm is transforming the former St. Clair Village public housing site—dozens of acres of long-vacant land—into a productive urban farm campus with a farmer incubation program, youth education farm, and community orchards. The site incorporates green infrastructure such as swales, mulched pathways, and perennial plantings to manage stormwater while converting blighted parcels into working landscapes. The farm engages neighborhood volunteers and provides workforce development and ...",Green Infrastructure and Urban Agriculture Conversion,Deteriorated Housing Stock and Property Abandonment,"Hilltop Urban Farm, Inc.","700 Cresswell Street, Pittsburgh, PA 15210",https://www.hilltopurbanfarm.org,info@hilltopurbanfarm.org,
Hilltop Urban Farm,"Hilltop Urban Farm transforms a large former public housing site into productive community assets including a community farm, youth farm, and incubator plots that double as outdoor classrooms and gathering spaces. The initiative regularly hosts volunteer days, markets, and resident-led programming to activate previously vacant land, increase neighborhood safety, and demonstrate the value of interim and incremental reuse.",Green Infrastructure and Urban Agriculture Conversion,Deteriorated Housing Stock and Property Abandonment,Hilltop Urban Farm,"700 Cresswell Street, Pittsburgh, PA 15210",https://www.hilltopurbanfarm.org,info@hilltopurbanfarm.org,
Hilltop Urban Farm,"Hilltop Urban Farm transforms a large former public housing site into productive community assets including a community farm, youth farm, and incubator plots that double as outdoor classrooms and gathering spaces. The initiative regularly hosts volunteer days, markets, and resident-led programming to activate previously vacant land, increase neighborhood safety, and demonstrate the value of interim and incremental reuse.",Interim Activation and Pocket-Use Projects,Deteriorated Housing Stock and Property Abandonment,Hilltop Urban Farm,"700 Cresswell Street, Pittsburgh, PA 15210",https://www.hilltopurbanfarm.org,info@hilltopurbanfarm.org,
Hilltop Urban Farm – Incubator and Youth Farm Programs,"Hilltop Urban Farm operates an urban agriculture campus that establishes production in raised beds and imported growing media, paired with routine soil testing and monitoring for safe food production. Training emphasizes safe crop selection and best practices to minimize contaminant exposure. The organization works with partners on long-term remediation planning for the site and refrains from expanding ground-level cultivation on areas of concern until remediation is completed.",Safe Urban Agriculture with Soil Management,Contaminated Industrial Brownfields,Hilltop Urban Farm,"700 Cresswell Street, Pittsburgh, PA 15210",https://www.hilltopurbanfarm.org,info@hilltopurbanfarm.org,
Hire UP Career Fairs and Virtual Employer Events,"Pittsburgh Technology Council’s Hire UP and related career events bring together job seekers and employers through both in-person and virtual job fairs, including virtual employer booths and interviews. The events emphasize tech and digital roles, many of which are remote or hybrid, helping Western Pennsylvania residents access jobs without daily commuting. Networking activities build social capital and strengthen trust between job seekers and regional companies.","Skill-Sharing, Timebanking, and Local Hiring Fairs",Geographic Isolation from Economic Opportunity Centers,Pittsburgh Technology Council,"100 South Commons, Suite 172, Pittsburgh, PA 15212",https://www.pghtech.org,info@pghtech.org,
Historic Religious Properties Program,"PHLF’s Historic Religious Properties program offers competitive matching grants and technical assistance for urgent exterior repairs and code-related rehabilitation at historic houses of worship across Allegheny County. Congregations must raise local dollars that are matched by PHLF’s philanthropic funds, leveraging community contributions to unlock larger awards for stabilization. By structuring repairs as match-funded projects, the program channels local commitment into substantial building...",Local Match Programs to Leverage Public Funds,Deteriorated Housing Stock and Property Abandonment,Pittsburgh History & Landmarks Foundation,"100 W Station Square Drive, Suite 450, Pittsburgh, PA 15219",https://phlf.org/preservation/historic-religious-properties/,info@phlf.org,
Home Improvement Loan Program (HILP),"HILP offers below-market, fixed-rate loans to income-qualified, owner-occupied households for essential home repairs, including roof, porch, and façade stabilization work. Capitalized through URA and participating local lenders, the fund recycles repayments to serve additional homeowners over time, functioning as a revolving microloan resource. The program is often paired with grants or other subsidies for lower-income borrowers to bridge gaps when property values are below repair costs.",Small Grants and Revolving Microloan Fund,Deteriorated Housing Stock and Property Abandonment,Urban Redevelopment Authority of Pittsburgh (URA),"412 Boulevard of the Allies, Suite 901, Pittsburgh, PA 15219",https://www.ura.org/pages/home-improvement-loan-program,info@ura.org,
Hosanna Industries – Trade Skills Training,"Hosanna Industries trains apprentices and volunteers in residential construction skills while completing critical repairs and whole-house rehabilitations for low-income households across Western Pennsylvania. Trainees learn carpentry, roofing, and masonry by working directly on homes, which both restores deteriorated properties and builds a community-based workforce. By leveraging trainee and volunteer labor under professional supervision, the organization reduces rehab costs and expands loca...",Community Rehabilitation Cooperative / Apprenticeship,Deteriorated Housing Stock and Property Abandonment,"Hosanna Industries, Inc.","3930 Dickey Road, Gibsonia, PA 15044",https://hosannaindustries.org,info@hosannaindustries.org,
"Hotspot Lending, Laptop Access, and Outdoor Wi‑Fi","Braddock Carnegie Library lends mobile hotspots and devices to patrons and provides free Wi‑Fi that reaches outside the library building, enabling access from nearby outdoor spaces without home broadband. The library also offers digital skills help and safety guidance to ensure residents can confidently use online services. Managed through the library, this combines community Wi‑Fi zones with a loaner program consistent with the proposed solution.",Community Wi‑Fi Zones and Device Loan Programs,Geographic Isolation from Economic Opportunity Centers,Braddock Carnegie Library Association,"419 Library Street, Braddock, PA 15104",https://www.braddocklibrary.org,info@braddocklibrary.org,
Housing Opportunity Fund – Homeowner Assistance Program (HAP),"HAP offers grants to income-eligible owner-occupants for critical home repairs, including exterior and façade stabilization, roof repair, accessibility, and code compliance. By providing small grants that can be layered with other public programs (e.g., weatherization, lead hazard control), HAP helps close repair gaps that owners cannot finance, preventing further property decline and leveraging larger public funding. The program targets low-income households in disinvested neighborhoods to r...",Small Grants and Revolving Microloan Fund,Deteriorated Housing Stock and Property Abandonment,Urban Redevelopment Authority of Pittsburgh (URA),"412 Boulevard of the Allies, Suite 901, Pittsburgh, PA 15219",https://www.ura.org/pages/homeowner-assistance-program,hof@ura.org,
Housing Opportunity Fund – Small Landlord Fund,"The URA’s Small Landlord Fund provides low-interest loans to owners with a small number of rental units to complete health, safety, code, and façade repairs while maintaining affordability. The fund is capitalized by the City’s Housing Opportunity Fund and is structured so repayments revolve back into new loans, directly implementing a revolving microloan model. It prioritizes investments in low-income neighborhoods and can be paired with other public resources to stabilize properties and pre...",Small Grants and Revolving Microloan Fund,Deteriorated Housing Stock and Property Abandonment,Urban Redevelopment Authority of Pittsburgh (URA),"412 Boulevard of the Allies, Suite 901, Pittsburgh, PA 15219",https://www.ura.org/pages/small-landlord-fund,hof@ura.org,
IBEW Local 5 / JATC Apprenticeship and Signatory Contractor Directory,"IBEW Local 5, through its Joint Apprenticeship & Training Committee (JATC), provides registered apprenticeship and short safety certifications for electrical construction and maintenance, a core component of infrastructure reliability. The IBEW/NECA signatory contractor system functions as a vetted local contractor registry that hires and supervises apprentices and journeyworkers, helping ensure that public and private repair work stays local and that quality is measured by standardized train...",Local Contractor Training and Registry,Failing Infrastructure and Municipal Services,International Brotherhood of Electrical Workers Local Union No. 5,"5 Hot Metal Street, Pittsburgh, PA 15203",https://ibew5.org,,
Idea Lab at Blasco Library,"The Idea Lab is a staffed makerspace and computer center that provides high-speed internet, desktop workstations, printers, and creative technologies for public use. The Erie County Public Library runs regular digital literacy classes for adults—covering computer basics, productivity software, and creative tech—plus drop‑in tech help for online job applications and setting up accounts. Staff support residents in navigating e‑government sites and videoconferencing platforms used for telehealth...",Digital Access & Literacy Hubs,Geographic Isolation from Economic Opportunity Centers,Erie County Public Library,"160 East Front Street, Erie, PA 16507",https://erielibrary.org/services/idea-lab/,,
Ignite Vibrancy: Micro Grants (Triboro Ecodistrict Participatory Budgeting),"This program supports Millvale, Etna, and Sharpsburg residents to propose and publicly pitch infrastructure and public realm projects, followed by community voting to decide which are funded. Awards commonly support tangible improvements like rain gardens and other green infrastructure, crosswalk and traffic-calming elements, benches, lighting, and park or riverfront upgrades—putting budget decisions in the hands of local stakeholders.",Participatory Budgeting for Infrastructure,Failing Infrastructure and Municipal Services,New Sun Rising,"428 Lincoln Avenue, Pittsburgh, PA 15209",https://www.newsunrising.org,info@newsunrising.org,
Incubator for the Arts,"Westmoreland Cultural Trust’s Incubator for the Arts provides low-cost studios, pop-up galleries, and storefront activations in Trust-owned downtown Greensburg buildings, many of which were previously vacant or underutilized. Through exhibitions, Art in the Alley installations, and regular public events, the program mobilizes local artists to enliven empty spaces, attract visitors to Main Street, and spur confidence and reinvestment in the district.",Arts and Culture Revitalization Initiative,Deteriorated Housing Stock and Property Abandonment,Westmoreland Cultural Trust,"102 North Main Street, Greensburg, PA 15601",https://www.westmorelandculturaltrust.org/incubator-for-the-arts,info@westmorelandculturaltrust.org,
Industry Partnerships,"Partner4Work’s Industry Partnerships employ sector coordinators who convene unions, workers, employers, training providers, and public officials to align workforce needs with community priorities. These coordinators gather frontline worker feedback through labor partners in manufacturing, construction, and healthcare, translate it into training and policy agendas, and facilitate regular engagement with city and county government—serving as ongoing workplace-to-community liaisons that shape lo...",Local Procurement & Employer Partnership Initiative,Geographic Isolation from Economic Opportunity Centers,Partner4Work,"650 Smithfield Street, Suite 2600, Pittsburgh, PA 15222",https://www.partner4work.org,info@partner4work.org,
Interest-Free Home Repair and Household Loans,"HFLA of Pittsburgh offers interest-free microloans to residents for emergency and essential home repairs, funded by community contributions that revolve as borrowers repay. These small, rapidly deployable loans help homeowners address urgent repairs and stabilize properties when grants are insufficient or timing is critical, preventing deterioration that can lead to blight. The revolving nature of the fund and partnerships with local service providers enable dollars to be reused and to comple...",Small Grants and Revolving Microloan Fund,Deteriorated Housing Stock and Property Abandonment,Hebrew Free Loan Association of Pittsburgh,"4307 Murray Avenue, Pittsburgh, PA 15217",https://www.hflapgh.org,info@hflapgh.org,
Job & Career Education Center (JCEC),"The JCEC at Carnegie Library of Pittsburgh provides free public access to computers, high-speed internet, and printers, along with scheduled classes and one-on-one help covering basic-to-advanced digital skills, resume building, and online job search. Staff assist patrons in navigating e-government resources and online services and can help users prepare for virtual interviews and remote-work platforms. By offering staffed spaces and structured instruction, the JCEC functions as a digital acc...",Digital Access & Literacy Hubs,Geographic Isolation from Economic Opportunity Centers,Carnegie Library of Pittsburgh,"4400 Forbes Avenue, Pittsburgh, PA 15213",https://www.carnegielibrary.org,info@carnegielibrary.org,
Job & Career Education Center (JCEC),"Housed at Carnegie Library of Pittsburgh’s Main Library, the JCEC provides free, staffed access to high‑speed internet, public computers and printers, and one‑on‑one assistance. It offers scheduled workshops and classes ranging from basic computer and internet use to resume building, LinkedIn, and online job search skills, and staff help patrons navigate e‑government services and telehealth portals. By anchoring these services in a trusted neighborhood library, the JCEC functions as a digital...",Digital Access & Literacy Hubs,Geographic Isolation from Economic Opportunity Centers,Carnegie Library of Pittsburgh,"4400 Forbes Avenue, Pittsburgh, PA 15213",https://www.carnegielibrary.org/services/jcec/,info@carnegielibrary.org,
Job & Career Education Center (JCEC) at Carnegie Library of Pittsburgh – Main (Oakland),"The JCEC is a staffed digital access hub with high-speed Wi‑Fi, public computers, and printing at the library’s Main branch. It offers scheduled classes and one-on-one help ranging from beginner computer skills to resume building, online job search, and remote-work tools (email, cloud apps, Zoom). Librarians also assist patrons with e‑government tasks and accessing online resources, helping residents participate in the digital economy without long commutes.",Digital Access & Literacy Hubs,Geographic Isolation from Economic Opportunity Centers,Carnegie Library of Pittsburgh,"4400 Forbes Avenue, Pittsburgh, PA 15213",https://www.carnegielibrary.org/services/job-career-education-center/,info@carnegielibrary.org,
Junior Green Corps,"Operation Better Block’s Junior Green Corps is an after-school and summer initiative for Homewood teens that blends workforce skills (urban ecology, landscaping, green infrastructure) with civic education and community organizing. Youth research neighborhood history, survey residents, and present recommendations to community development corporations, city planners, and neighborhood planning committees, ensuring young people help shape local priorities. Run by a longstanding community nonprofi...",Neighborhood Stabilization Task Force,Deteriorated Housing Stock and Property Abandonment,"Operation Better Block, Inc.","801 N Homewood Avenue, Pittsburgh, PA 15208",https://www.obbinc.org,info@obbinc.org,
Junior Green Corps (JGC),"JGC is a summer youth employment program that deploys local teens to clean and maintain vacant lots and problem properties in Homewood, removing debris and addressing immediate safety concerns. Operation Better Block also organizes resident block associations that work with Pittsburgh Police and City code enforcement to report hazards, coordinate volunteer cleanups, and get vacant buildings secured and boarded when needed.",Neighborhood Stabilization Task Force,Deteriorated Housing Stock and Property Abandonment,"Operation Better Block, Inc.","801 North Homewood Avenue, Pittsburgh, PA 15208",https://www.obbinc.org,info@obbinc.org,
Junior Green Corps (Vacant Lot Stewardship),"Operation Better Block’s Junior Green Corps employs Homewood youth to clean, landscape, and activate vacant lots as community gardens, pocket parks, and safe gathering spots. The crews host cleanups and help maintain interim spaces that neighbors can use for events and learning, reducing blight and increasing community ownership. These visible, low-cost improvements build momentum for longer-term reinvestment and reuse of abandoned properties.",Interim Activation and Pocket-Use Projects,Deteriorated Housing Stock and Property Abandonment,"Operation Better Block, Inc.","801 North Homewood Avenue, Pittsburgh, PA 15208",https://www.obbinc.org,,
LWA Volunteer Water Quality Monitoring Program,"The Loyalhanna Watershed Association coordinates trained volunteers to conduct routine chemical and biological monitoring throughout the Loyalhanna Creek watershed. Results are shared with partners and made accessible to the public to track trends and identify problems such as mine drainage or sewage contamination, with staff escalating concerns to Westmoreland County authorities and the Pennsylvania DEP. Regular community-based sampling strengthens local stewardship and provides early detect...",Citizen Water Monitoring Network,Failing Infrastructure and Municipal Services,Loyalhanna Watershed Association,"6 Old Lincoln Highway West, Ligonier, PA 15658",https://loyalhannawatershed.org,info@loyalhannawatershed.org,
"Land Recycling Program (Act 2) – Brownfields-to-Brightfields Support, Southwest Region","PA DEP’s Land Recycling Program provides the regulatory pathway and technical support to remediate and cap contaminated industrial parcels so they can be safely reused for renewable energy installations. The Southwest Regional Office works with local governments and developers on cleanup standards and engineering controls tailored for solar on brownfields or landfills, enabling projects that can lease remediated land or generate energy revenue to support ongoing site stewardship and community...",Community-Owned Renewable Energy Projects,Contaminated Industrial Brownfields,Pennsylvania Department of Environmental Protection – Southwest Regional Office,"400 Waterfront Drive, Pittsburgh, PA 15222",https://www.dep.pa.gov/Business/Land/LandRecycling/Pages/default.aspx,RA-EPcontactus@pa.gov,
Land Recycling Program (Act 2) – Southwest Regional Office,"Pennsylvania DEP’s Land Recycling Program (Act 2) provides a framework for phased, risk-based cleanups that correspond to the property’s intended future use. At the Southwest Regional Office, staff work with local governments, consultants, and community stakeholders to review remediation plans that prioritize highest-risk areas, establish schedules, and select appropriate remedies—such as capping, excavation/removal, or in-situ treatment—while incorporating public involvement and institutiona...","Phased, Community-Approved Remediation Plans",Contaminated Industrial Brownfields,Pennsylvania Department of Environmental Protection (DEP),"400 Waterfront Drive, Pittsburgh, PA 15222",https://www.dep.pa.gov/Business/Land/LandRecycling/Pages/default.aspx,,
Land Recycling Program (Act 2) – Southwest Regional Office,"Pennsylvania DEP’s Act 2 program provides the regulatory framework and technical assistance that local governments and developers use to craft phased remediation plans tailored to future uses. The Southwest Regional Office oversees community involvement requirements and reviews site‑specific standards, ensuring cleanup alternatives are publicly vetted, highest‑risk areas are addressed first, and timelines and reporting are clear. The program supports a full toolbox of remedies—capping, excava...","Phased, Community-Approved Remediation Plans",Contaminated Industrial Brownfields,"Pennsylvania Department of Environmental Protection, Southwest Regional Office","400 Waterfront Drive, Pittsburgh, PA 15222",https://www.dep.pa.gov/Business/Land/LandRecyclingProgram,RA-EPContactUs@pa.gov,
LandCare Program,"The URA’s LandCare Program improves and maintains thousands of vacant lots by clearing debris, planting groundcover and trees, and installing basic green infrastructure that helps absorb stormwater and prevent erosion. Through contracts with community-based crews and nonprofits, the program reduces blight and ongoing maintenance costs while preparing sites for community gardens, orchards, and future productive reuse.",Green Infrastructure and Urban Agriculture Conversion,Deteriorated Housing Stock and Property Abandonment,Urban Redevelopment Authority of Pittsburgh,"412 Boulevard of the Allies, Pittsburgh, PA 15219",https://www.ura.org/pages/landcare-program,info@ura.org,
Lawrenceville Community Land Trust,"The Lawrenceville Community Land Trust, led by the neighborhood development corporation, creates permanently affordable homeownership by selling rehabbed or newly built homes below market price while the land remains in trust under a 99-year ground lease. The shared-equity structure caps resale prices and provides stewardship so homes stay affordable to future buyers, directly combating blight and speculation. Residents participate in planning and ongoing oversight, helping to prioritize prop...",Shared-Equity and Cooperative Housing Models,Deteriorated Housing Stock and Property Abandonment,Lawrenceville Corporation,"100 43rd Street, Suite 106, Pittsburgh, PA 15201",https://www.lawrencevillecorp.com/programs/housing/lawrenceville-community-land-trust/,info@lawrencevillecorp.com,
Lawrenceville Community Land Trust,"The Lawrenceville Community Land Trust (LCLT) acquires land and housing in the post-industrial Lawrenceville neighborhood and holds it in trust through long-term ground leases to ensure permanent affordability and community control. When sites have legacy industrial impacts, LCLT and its partners conduct environmental due diligence, coordinate remediation when needed, and bring cleaned parcels into the trust for affordable homes or community-serving uses. This model prevents displacement, gui...",Shared-Equity and Cooperative Housing Models,Deteriorated Housing Stock and Property Abandonment,Lawrenceville Corporation,"100 43rd Street, Suite 106, Pittsburgh, PA 15201",https://www.lawrencevillecorp.com,info@lawrencevillecorp.com,
Lawrenceville Community Land Trust,"Lawrenceville Corporation’s CLT acquires properties and places them under long-term ground leases to ensure permanently affordable homeownership in the Lawrenceville neighborhood. The program rehabilitates vacant or deteriorated houses and sells the improvements to income-qualified buyers with shared-equity resale restrictions, stabilizing blocks, curbing speculative price spikes, and providing ongoing stewardship to keep homes affordable for future generations.",Community Land Trust (CLT),Deteriorated Housing Stock and Property Abandonment,Lawrenceville Corporation,"100 43rd Street, Suite 106, Pittsburgh, PA 15201",https://lvpgh.com,info@lawrencevillecorp.com,
Lawrenceville Community Land Trust,"The Lawrenceville Community Land Trust (LCLT) acquires land and housing in the post-industrial Lawrenceville neighborhood and holds it in trust through long-term ground leases to ensure permanent affordability and community control. When sites have legacy industrial impacts, LCLT and its partners conduct environmental due diligence, coordinate remediation when needed, and bring cleaned parcels into the trust for affordable homes or community-serving uses. This model prevents displacement, gui...",Community Land Trust for Redevelopment,Contaminated Industrial Brownfields,Lawrenceville Corporation,"100 43rd Street, Suite 106, Pittsburgh, PA 15201",https://www.lawrencevillecorp.com,info@lawrencevillecorp.com,
Lawrenceville Community Land Trust (LCLT),"The LCLT acquires and stewards land in Lawrenceville to create permanently affordable homes through long-term ground leases, separating land ownership from building ownership to ensure lasting community control. In a neighborhood with legacy industrial uses, the program coordinates with city and state partners for environmental due diligence and remediation where needed before redevelopment. This CLT model prevents speculative displacement and channels remediated parcels into equitable, commu...",Community Land Trust for Redevelopment,Contaminated Industrial Brownfields,Lawrenceville Corporation,"3611 Butler Street, Pittsburgh, PA 15201",https://www.lawrencevillecorp.com,info@lawrencevillecorp.com,
Lawrenceville Community Land Trust (Land Trust Homes),"Lawrenceville Corporation’s CLT acquires properties and retains ownership of the land while selling homes under long-term ground leases with resale caps, ensuring homes remain permanently affordable for future buyers. The initiative rehabilitates vacant or deteriorated houses and finances repairs using public and philanthropic funds so that sale prices reflect affordability rather than speculative market values. A community-driven governance model stewards the homes over time, stabilizing blo...",Community Land Trust (CLT),Deteriorated Housing Stock and Property Abandonment,Lawrenceville Corporation,"4600 Butler Street, Pittsburgh, PA 15201",https://www.lawrencevillecorp.com,info@lawrencevillecorp.com,
Lawrenceville Façade Improvement Program,"Lawrenceville Corporation administers a competitive, matching-grant program that helps commercial and mixed-use property owners restore façades and correct exterior code deficiencies along neighborhood business corridors. Awardees provide a required owner match that is combined with public and philanthropic funds secured by the organization and partners (including the URA), enabling larger-scale rehabilitation than owners could undertake alone. This local-match model demonstrates resident and...",Local Match Programs to Leverage Public Funds,Deteriorated Housing Stock and Property Abandonment,Lawrenceville Corporation,"100 43rd Street, Suite 106, Pittsburgh, PA 15201",https://lvpgh.com/programs/facade-improvement/,info@lvpgh.com,
Lawrenceville Nuisance Property Task Force,"This task force convenes residents, business owners, Zone 2 police, and City code enforcement to identify problem and vacant properties, organize block cleanups, and push for corrective action. Volunteers help document issues, remove debris, and work with the City and owners to ensure unsecured structures are temporarily boarded and stabilized while longer-term solutions move forward.",Neighborhood Stabilization Task Force,Deteriorated Housing Stock and Property Abandonment,Lawrenceville United,"4615 Butler Street, Pittsburgh, PA 15201",https://www.lunited.org,info@lunited.org,
Lead Poisoning Prevention Program,"Allegheny County Health Department’s Lead Poisoning Prevention Program offers free or low-cost blood lead level screenings for children and pregnant people, along with home environmental risk assessments and education on reducing exposure. The department also operates Healthy Homes/Asthma home visits that identify in-home asthma triggers (mold, pests, dust) and provide remediation guidance and referrals. Together these services bring community-based screenings and follow-up to residents impac...",Community Health Screenings and Environmental Clinics,Contaminated Industrial Brownfields,Allegheny County Health Department,"3901 Penn Avenue, Pittsburgh, PA 15224",https://www.alleghenycounty.us/Health-Department/Programs/Environmental-Health/Lead.aspx,ACHDinfo@alleghenycounty.us,
Lead Poisoning Prevention and Treatment Program,"UPMC Children’s Hospital of Pittsburgh provides diagnostic evaluation, ongoing medical management, and case coordination for children with elevated blood lead levels. The program works with families on exposure reduction, connects them to community resources for home hazard mitigation, and collaborates with partners to host outreach screening events. This integrates free screenings, medical follow-up, and navigation services for communities affected by legacy contamination.",Community Health Screenings and Environmental Clinics,Contaminated Industrial Brownfields,UPMC Children’s Hospital of Pittsburgh,"4401 Penn Avenue, Pittsburgh, PA 15224",https://www.chp.edu/our-services/lead-poisoning-prevention-and-treatment,,
Lead Service Line Inventory & Replacement Program,"PWSA maintains a public-facing inventory and interactive map of water service line materials and trains/assists residents to verify and report their service line type, effectively crowdsourcing data on the condition of drinking water pipes. The authority uses this inventory to prioritize replacements based on risk and equity, guide funding applications (e.g., PENNVEST), and schedule repair and replacement work to reduce contamination risks.",Community Infrastructure Audit and Asset Inventory,Failing Infrastructure and Municipal Services,Pittsburgh Water and Sewer Authority (PWSA),"1200 Penn Avenue, Pittsburgh, PA 15222",https://www.pgh2o.com/lead-facts,info@pgh2o.com,
Lead Service Line Inventory and Replacement Program,"Pittsburgh Water and Sewer Authority maintains a public, parcel-level inventory of water service line materials and engages residents to submit line information and water test results to improve the accuracy of its database. The inventory is used to prioritize neighborhood-by-neighborhood lead service line replacements, coordinated with street and utility work to maximize efficiency. Public dashboards and maps inform advocacy, while outreach partners and volunteers help distribute test kits a...",Community Infrastructure Audit and Asset Inventory,Failing Infrastructure and Municipal Services,Pittsburgh Water and Sewer Authority,"1200 Penn Avenue, Pittsburgh, PA 15222",https://www.pgh2o.com/lead,info@pgh2o.com,
Lead Service Line Replacement Program,"Pittsburgh Water and Sewer Authority (PWSA) conducts neighborhood meetings and open houses where engineers and community members review data on lead risk, infrastructure condition, and public health to prioritize water line replacements. The program uses an equity-focused approach—targeting high-risk and historically underserved areas first—and publishes maps, schedules, and criteria so residents can see how priorities are set. This process turns a large deferred maintenance backlog into a tr...",Maintenance Prioritization and Equity Workshops,Failing Infrastructure and Municipal Services,Pittsburgh Water and Sewer Authority (PWSA),"1200 Penn Avenue, Pittsburgh, PA 15222",https://www.pgh2o.com,info@pgh2o.com,
Learning Parties and Community Skill-Sharing,"Assemble’s recurring Learning Parties and community workshops are low-cost skill-sharing events where neighbors teach and learn hands-on STEAM, digital literacy, and maker skills. These skill-swap activities build social capital and trust, and often connect participants to local mentors and volunteer opportunities that can translate into paid gigs or remote freelance work. By strengthening community skills and networks close to home, Assemble advances the solution’s emphasis on skill-sharing ...","Skill-Sharing, Timebanking, and Local Hiring Fairs",Geographic Isolation from Economic Opportunity Centers,Assemble,"4824 Penn Avenue, Pittsburgh, PA 15224",https://www.assemblepgh.org,info@assemblepgh.org,
Legal Watchdog and Enforcement,"Group Against Smog and Pollution (GASP) uses legal advocacy to improve air quality in the Pittsburgh region, including issuing notices of intent to sue, filing petitions, and pressing agencies to enforce permits and standards against industrial polluters. GASP tracks compliance at facilities, supports community monitoring, and partners with public-interest attorneys to compel responsible-party remediation. The organization also helps residents report violations and navigate complaint processe...",Legal Assistance and Responsible-Party Accountability,Contaminated Industrial Brownfields,Group Against Smog and Pollution (GASP),"1133 South Braddock Avenue, Suite 1A, Pittsburgh, PA 15218",https://gasp-pgh.org,info@gasp-pgh.org,
Legal and Policy Advocacy,"Center for Coalfield Justice works with residents in Washington and Greene Counties to hold coal and gas operators accountable for contamination, subsidence, and other harms. The organization partners with attorneys to file appeals, complaints, and strategic litigation to secure remediation and compliance, and it monitors DEP enforcement actions affecting impacted communities. CCJ also hosts legal clinics and assists residents in documenting health impacts and property loss to support claims ...",Legal Assistance and Responsible-Party Accountability,Contaminated Industrial Brownfields,Center for Coalfield Justice,"14 East Beau Street, Washington, PA 15301",https://centerforcoalfieldjustice.org,info@centerforcoalfieldjustice.org,
Level Up 412,"Level Up 412 offers no-cost, short-term tech and digital skills training (such as coding basics, cybersecurity fundamentals, cloud, and digital marketing) delivered locally in Pittsburgh and online, preparing residents for remote-friendly roles. The initiative pairs training with wraparound supports like access to laptops/hotspots and learner stipends through partners, and it regularly hosts employer connection activities (info sessions, demo days, and hiring events) that link graduates to re...",Local Skills Training Linked to Remote Jobs,Geographic Isolation from Economic Opportunity Centers,Neighborhood Allies,"429 Fourth Avenue, Suite 1900, Pittsburgh, PA 15219",https://www.levelup412.org,info@neighborhoodallies.org,
Level Up 412 at the Pitt Community Engagement Center – Homewood,"Level Up 412 delivers free, scheduled digital skills courses—from computer fundamentals and digital literacy through coding, networking, and tech career pathways—based at the University of Pittsburgh’s Community Engagement Center in Homewood. The CEC provides a staffed, public learning space with high-speed internet, computer labs, and equipment, where participants get remote‑work readiness training, career coaching, and help navigating online services. By bringing beginner-to-advanced traini...",Digital Access & Literacy Hubs,Geographic Isolation from Economic Opportunity Centers,University of Pittsburgh Community Engagement Centers (CEC),"622 North Homewood Avenue, Pittsburgh, PA 15208",https://www.levelup412.org/,cecinfo@pitt.edu,
Lit Fiber – Hermitage,"Lit Fiber – Hermitage is a city-supported fiber-to-the-premises initiative that uses local mapping and pre-registration to cluster demand and phase construction. The City of Hermitage partnered with Lit Communities to plan routes, secure public wayleaves and funding, and negotiate shared infrastructure with regional providers, delivering affordable gigabit service to residents, small businesses, and public facilities while extending connectivity across underserved neighborhoods.",Community Broadband Cooperative,Geographic Isolation from Economic Opportunity Centers,City of Hermitage (in partnership with Lit Fiber by Lit Communities),"800 North Hermitage Road, Hermitage, PA 16148",https://lit-fiber.com/hermitage/,info@hermitage.net,
Local Economic Revitalization Tax Assistance (LERTA) Program,"Allegheny County Economic Development helps municipalities and school districts design and adopt LERTA districts that abate property taxes on building improvements in targeted, disinvested areas. The program provides technical assistance and data to local leaders, enabling community coalitions to present evidence-based cases for abatements that make rehabilitation projects feasible where values have fallen below repair costs. By coordinating approvals across taxing bodies, LERTA reduces carry...",Targeted Property Tax Relief and Advocacy,Deteriorated Housing Stock and Property Abandonment,Allegheny County Economic Development (ACED),"542 Forbes Avenue, Pittsburgh, PA 15219",https://www.alleghenycounty.us/economic-development,acedinfo@alleghenycounty.us,
Local Share Account (LSA) – Fayette County Program,"This program distributes gaming-derived funds as competitive grants for public infrastructure, including water/sewer line replacements, street and bridge repairs, and facility upgrades for emergency services. Managed locally by the Redevelopment Authority, LSA projects typically require municipal or partner matches, enabling communities with constrained tax bases to complete urgent repairs and larger capital projects through leveraged funding.",Community Infrastructure Repair Fund,Failing Infrastructure and Municipal Services,Redevelopment Authority of the County of Fayette,"86 West Main Street, Uniontown, PA 15401",https://www.racfpa.org/local-share-account-lsa/,info@racfpa.org,
Lots to Love,"Lots to Love is Grounded Strategies’ initiative and online platform that helps residents identify vacant parcels and implement reuse projects such as rain gardens, community orchards, and small urban farms. Grounded provides design support, permitting guidance, volunteer mobilization, and materials to convert blighted properties into green infrastructure that manages stormwater and builds community capacity.",Green Infrastructure and Urban Agriculture Conversion,Deteriorated Housing Stock and Property Abandonment,Grounded Strategies,"6587 Hamilton Avenue, Pittsburgh, PA 15206",https://groundedpgh.org/lotstolove,info@groundedpgh.org,
Lots to Love,"Lots to Love, led by Grounded Strategies, helps residents and partners transform vacant and potentially contaminated lots into safe, interim green spaces using clean fill, raised beds, container gardens, and temporary art and gathering spaces. The program offers technical assistance, design guidance, and small grants to implement low-impact projects—like pocket parks, pop-up markets, and murals—without deep excavation, enabling community use while long-term remediation and redevelopment plans...",Interim Activation and Pocket-Use Projects,Deteriorated Housing Stock and Property Abandonment,Grounded Strategies,"6587 Hamilton Avenue, Pittsburgh, PA 15206",https://www.lotstolove.org,info@groundedpgh.org,
Lots to Love,"Lots to Love, led by Grounded Strategies, helps residents and partners transform vacant and potentially contaminated lots into safe, interim green spaces using clean fill, raised beds, container gardens, and temporary art and gathering spaces. The program offers technical assistance, design guidance, and small grants to implement low-impact projects—like pocket parks, pop-up markets, and murals—without deep excavation, enabling community use while long-term remediation and redevelopment plans...",Vacancy Registry and Monitoring Program,Deteriorated Housing Stock and Property Abandonment,Grounded Strategies,"6587 Hamilton Avenue, Pittsburgh, PA 15206",https://www.lotstolove.org,info@groundedpgh.org,
Lots to Love,"Lots to Love, led by Grounded Strategies, helps residents and partners transform vacant and potentially contaminated lots into safe, interim green spaces using clean fill, raised beds, container gardens, and temporary art and gathering spaces. The program offers technical assistance, design guidance, and small grants to implement low-impact projects—like pocket parks, pop-up markets, and murals—without deep excavation, enabling community use while long-term remediation and redevelopment plans...",Interim Safe Uses and Tactical Reuse,Contaminated Industrial Brownfields,Grounded Strategies,"6587 Hamilton Avenue, Pittsburgh, PA 15206",https://www.lotstolove.org,info@groundedpgh.org,
Love Your Block,"Love Your Block provides mini-grants and hands-on support for resident-led groups to organize neighborhood cleanups, stabilize vacant properties, and perform temporary board-ups to reduce hazards. The program coordinates volunteers with the Department of Public Works, Police Zones, and Permits, Licenses & Inspections to remove debris, report and resolve code violations, and deter crime on targeted blocks.",Neighborhood Stabilization Task Force,Deteriorated Housing Stock and Property Abandonment,"City of Pittsburgh, ServePGH","414 Grant Street, Pittsburgh, PA 15219",https://pittsburghpa.gov/servepgh/love-your-block,servepgh@pittsburghpa.gov,
Love Your Block,"Love Your Block provides mini-grants, supplies, and City coordination to resident-led teams to tackle blight through block cleanups, minor repairs, and improvements on problem properties and vacant lots. The program partners with the City’s Permits, Licenses & Inspections (code enforcement), Police, and Public Works to target unsecured vacant buildings, remove debris, and request board-ups to reduce hazards and deter crime; summer rounds often support youth crews and neighborhood groups to su...",Neighborhood Stabilization Task Force,Deteriorated Housing Stock and Property Abandonment,City of Pittsburgh ServePGH,"414 Grant Street, Pittsburgh, PA 15219",https://pittsburghpa.gov/servepgh/loveyourblock,servepgh@pittsburghpa.gov,
Love Your Block Pittsburgh,"Love Your Block provides mini-grants, supplies, and city coordination to neighborhood groups to complete high-impact fix-ups, including exterior building repairs, painting, and seasonal maintenance around community facilities. The program mobilizes volunteers and partners—often including local unions, businesses, and residents—creating a pooled, community-wide effort that reduces individual group costs. This model operationalizes the shared maintenance pool concept by combining small grants w...",Local Match Programs to Leverage Public Funds,Deteriorated Housing Stock and Property Abandonment,City of Pittsburgh Office of Community Affairs,"414 Grant Street, Pittsburgh, PA 15219",https://pittsburghpa.gov/oca/loveyourblock,loveyourblock@pittsburghpa.gov,
Love Your Block Pittsburgh,"Love Your Block provides mini-grants, tools, and City support to neighborhood groups to remove blight, clean and green vacant lots, and carry out small-scale site stabilization. Residents lead volunteer days to clear debris, board unsafe structures, plant native vegetation, and create community gardens; City crews assist with safe debris hauling and disposal. This program empowers community-led action that immediately reduces hazards and prepares sites for positive reuse.",Community-Driven Demolition and Green Disposal,Deteriorated Housing Stock and Property Abandonment,City of Pittsburgh,"414 Grant Street, Pittsburgh, PA 15219",https://pittsburghpa.gov/ocd/loveyourblock,loveyourblock@pittsburghpa.gov,
Love Your Block Pittsburgh,"Love Your Block provides small grants and city support to resident groups, faith communities, and business associations to organize volunteer cleanups, beautify and stabilize vacant lots, and address nuisance properties. The program coordinates directly with the Department of Public Works, Pittsburgh Bureau of Police, and the Department of Permits, Licenses, and Inspections (PLI) so neighborhood teams can remove debris, report code violations, and, in partnership with PLI and property owners,...",Neighborhood Stabilization Task Force,Deteriorated Housing Stock and Property Abandonment,"City of Pittsburgh, Office of Neighborhood Services (ServePGH)","414 Grant Street, Pittsburgh, PA 15219",https://pittsburghpa.gov/servepgh/love-your-block,servepgh@pittsburghpa.gov,
Love Your Block Pittsburgh,"Love Your Block provides microgrants and materials to resident-led groups for small-scale, high-impact infrastructure fixes such as patch repairs to public steps and sidewalks, vacant lot stabilization, and stormwater-related maintenance. Funded through city resources and philanthropic partners, the program is locally governed, mobilizes community volunteers, and leverages modest matches and in-kind support to address immediate repair needs and rebuild trust in neighborhood institutions.",Community Infrastructure Repair Fund,Failing Infrastructure and Municipal Services,City of Pittsburgh – Office of Community Affairs (ServePGH),"414 Grant Street, Pittsburgh, PA 15219",https://pittsburghpa.gov/servepgh/lyb,servepgh@pittsburghpa.gov,
Love Your Block Pittsburgh,"Love Your Block provides microgrants and city support to resident groups who propose small-scale public space and infrastructure improvements such as vacant lot activations, community garden infrastructure, and street furniture. Funding decisions are made through a transparent review process that includes resident volunteers and community sessions, creating a participatory budgeting-style pathway for neighbors to decide which projects receive limited funds.",Participatory Budgeting for Infrastructure,Failing Infrastructure and Municipal Services,City of Pittsburgh Office of Community Affairs,"414 Grant Street, Pittsburgh, PA 15219",https://pittsburghpa.gov/oca/lyb,loveyourblock@pittsburghpa.gov,
Love Your Block Pittsburgh,"Love Your Block provides small matching grants and support to resident groups and community organizations to strengthen neighborhood connections through cleanups, block events, and projects hosted in shared spaces. Funds often cover supplies, permits, and stipends so churches, libraries, parks, and storefronts can offer free or low-cost gatherings and activities focused on bringing neighbors together rather than politics.",Community Infrastructure Audit and Asset Inventory,Failing Infrastructure and Municipal Services,"City of Pittsburgh, Office of Community Affairs (ServePGH)","414 Grant Street, Pittsburgh, PA 15219",https://pittsburghpa.gov/servepgh/loveyourblock,servepgh@pittsburghpa.gov,
Lower Hill Community Collaboration and Implementation Plan (CCIP),"The Hill CDC leads community oversight and implementation of the CCIP, a binding benefits framework tied to the Penguins’ Lower Hill redevelopment that grew out of the One Hill CBA. Through development agreements with public agencies and the master developer, the CCIP secures local hiring pipelines, affordable commercial space for neighborhood entrepreneurs, public amenities, and funds for long-term community benefits and maintenance—conditions that must be met for project phases to advance.",Community Benefit Agreements (CBAs),Contaminated Industrial Brownfields,Hill Community Development Corporation,"2015 Centre Avenue, Suite 200, Pittsburgh, PA 15219",https://www.hilldistrict.org,info@hilldistrict.org,
Lower Hill Community Collaboration and Implementation Plan (CCIP),"The CCIP is a binding community benefits framework tied to the redevelopment of the former Civic Arena site in the Lower Hill District. Negotiated with the developer team and public agencies, it sets enforceable local hiring targets, M/WBE participation, affordable housing and commercial space commitments, investments in parks and public amenities, and funds such as the Greater Hill District Neighborhood Reinvestment Fund to support long-term maintenance and community stewardship.",Community Benefit Agreements (CBAs),Contaminated Industrial Brownfields,Hill Community Development Corporation,"2015 Centre Avenue, Pittsburgh, PA 15219",https://www.hilldistrict.org/ccip,info@hilldistrict.org,
MANUFACTURING 2000 (M2K),"New Century Careers’ M2K is a pre-apprenticeship machinist training program that prepares young adults for entry into manufacturing careers and registered apprenticeships with regional employers. Instruction is delivered by experienced tradespeople who mentor students on shop safety, CNC operation, and employability skills, then place them with partner manufacturers. By partnering directly with local companies and training in a community-based facility, the program creates clear, marketable s...",Local Procurement & Employer Partnership Initiative,Geographic Isolation from Economic Opportunity Centers,New Century Careers,"305 East Carson Street, Pittsburgh, PA 15203",https://www.ncsquared.com,info@ncsquared.com,
MMVTA Commuter Bus Service,"MMVTA operates commuter-oriented routes that link Monongahela Valley communities to major employment hubs and regional transit nodes, including connections to Pittsburgh’s downtown and South Hills corridors at peak shift times. The service is supported by fares and state/federal transit funding and has historically leveraged job-access grants, functioning as a contracted, community-focused shuttle that improves access to work for residents of deindustrialized towns. Timed trips and park-and-r...",Community-Run Commuter Shuttle,Geographic Isolation from Economic Opportunity Centers,Mid Mon Valley Transit Authority,"1300 McKean Avenue, Charleroi, PA 15022",https://www.mmvta.com,,
MMVTA Commuter Service,"Mid Mon Valley Transit Authority operates subsidized commuter routes linking Mon Valley towns to major job centers in Downtown Pittsburgh and Oakland. The shared, scheduled shuttles reduce individual travel costs and provide reliable access to employment, functioning as a regional connector that helps workers keep good jobs without relocating.",Community-Run Commuter Shuttle,Geographic Isolation from Economic Opportunity Centers,Mid Mon Valley Transit Authority,"1300 McKean Avenue, Charleroi, PA 15022",https://www.mmvta.com,,
MONMADE Pop-Up Markets and Trade Show,"MONMADE, part of Bridgeway Capital’s Creative Business Accelerator, organizes curated pop-up markets and a regional trade show that showcase Western Pennsylvania makers to wholesale and retail buyers. By partnering with cultural venues, retailers, and community organizations, MONMADE brings buyers to emerging producers, coordinates cross-neighborhood promotion, and helps artisans pilot new product lines and distribution channels that can evolve into long-term retail opportunities.",Pop-Up Market Days and Mobile Retail,Geographic Isolation from Economic Opportunity Centers,Bridgeway Capital – Creative Business Accelerator (MONMADE),"7800 Susquehanna Street, Suite 401, Pittsburgh, PA 15208",https://www.monmade.org,info@monmade.org,
MWDBE Certification and Online Directory,"Allegheny County certifies Minority, Women, and Disadvantaged Business Enterprise contractors and maintains a searchable directory used by public agencies and prime contractors to source local, vetted firms for infrastructure and building projects. The office also provides training and technical assistance on bidding, bonding, and compliance, expanding pathways for residents to grow sustainable contracting businesses while enabling accountability through a county-managed registry.",Local Contractor Training and Registry,Failing Infrastructure and Municipal Services,Allegheny County Department of Equity and Inclusion – MWDBE Program,"542 Forbes Avenue, Pittsburgh, PA 15219",https://www.alleghenycounty.us/mwdbe,mwdbe@alleghenycounty.us,
Masonry & Building Trades Training Program,"The Trade Institute of Pittsburgh offers an intensive, paid training program in masonry and related building trades where students complete real-world projects under master tradespeople. Many instructors are seasoned industry professionals who mentor trainees into union apprenticeships and stable construction careers. By combining hands-on community repair work with mentorship from experienced tradesworkers, TIP helps replenish the regional maintenance workforce and tackles deferred repair ne...",Volunteer Maintenance Corps and Apprenticeships,Failing Infrastructure and Municipal Services,Trade Institute of Pittsburgh,"7800 Susquehanna Street, Pittsburgh, PA 15208",https://www.tipgh.org,info@tipgh.org,
Masonry & Carpentry Training Program,"Trade Institute of Pittsburgh provides intensive, hands-on masonry and carpentry training led by experienced tradespeople who mentor students as they complete real projects for community partners and homeowners. Participants receive stipends and placement support into union apprenticeships and entry-level jobs, rebuilding local trades capacity while delivering tangible repair and maintenance work in neighborhoods.",Volunteer Maintenance Corps and Apprenticeships,Failing Infrastructure and Municipal Services,Trade Institute of Pittsburgh,"7800 Susquehanna Street, Pittsburgh, PA 15208",https://www.tradeinstitute.org,info@tradeinstitute.org,
Masonry Program,"Trade Institute of Pittsburgh’s Masonry Program provides hands-on training in bricklaying, tuckpointing, concrete, and basic carpentry to adult learners, many of whom are justice-involved or underemployed. Trainees gain experience on real jobsites and community projects that include stabilizing and rehabilitating aging or blighted buildings in Pittsburgh neighborhoods. By supplying supervised trainee labor and connecting graduates to jobs or social enterprise crews, the program reduces rehabi...",Community Rehabilitation Cooperative / Apprenticeship,Deteriorated Housing Stock and Property Abandonment,Trade Institute of Pittsburgh,"7800 Susquehanna Street, Pittsburgh, PA 15208",https://tipgh.org,info@tipgh.org,
Masonry Training Program,"Trade Institute of Pittsburgh delivers hands-on masonry and construction training led by veteran tradespeople, with trainees completing real repair and revitalization projects for community partners during the program. Graduates move into entry-level trade jobs and apprenticeships, rebuilding the region’s skilled trades pipeline while contributing to the maintenance and preservation of neighborhood infrastructure and housing.",Volunteer Maintenance Corps and Apprenticeships,Failing Infrastructure and Municipal Services,Trade Institute of Pittsburgh,"7800 Susquehanna Street, Pittsburgh, PA 15208",https://www.tradeinstituteofpgh.org,,
Metro Commuter,"Freedom Transit’s Metro Commuter routes connect Washington County neighborhoods and park-and-ride lots to Downtown Pittsburgh and Oakland employment centers during peak shift times. Complemented by shared-ride services for first/last-mile access, the system uses fares with state and federal operating support to provide reliable commuter links that mirror a contracted community shuttle approach.",Community-Run Commuter Shuttle,Geographic Isolation from Economic Opportunity Centers,Washington County Transportation Authority (Freedom Transit),"50 East Chestnut Street, Washington, PA 15301",https://www.freedom-transit.org,info@freedom-transit.org,
Mill 19 Solar Array at Hazelwood Green,RIDC installed one of the nation’s largest single-sloped rooftop solar arrays atop Mill 19 on the remediated former Jones & Laughlin Steel site in Hazelwood. The project demonstrates renewable generation on a reclaimed industrial parcel and is structured to offset operating costs and support ongoing site maintenance while advancing community-focused redevelopment of Hazelwood Green through partnerships with local stakeholders.,Community-Owned Renewable Energy Projects,Contaminated Industrial Brownfields,Regional Industrial Development Corporation of Southwestern Pennsylvania (RIDC),"4501 Lytle Street, Pittsburgh, PA 15207",https://ridc.org/properties/mill-19/,info@ridc.org,
Mill 19 Solar Canopy at Hazelwood Green,"RIDC’s Mill 19 sits on the remediated site of the former Hazelwood steel mill and features one of the region’s largest rooftop solar arrays. The multi-megawatt canopy turns a reclaimed industrial parcel into a revenue-generating renewable asset through energy savings and sale of renewable energy credits, helping fund ongoing site operations and stewardship. The project demonstrates how remediated brownfields can host clean energy that supports redevelopment and community-serving programs at H...",Community-Owned Renewable Energy Projects,Contaminated Industrial Brownfields,Regional Industrial Development Corporation of Southwestern Pennsylvania (RIDC),"4501 Lytle Street, Pittsburgh, PA 15207",https://ridc.org,info@ridc.org,
Mill 19 Solar at Hazelwood Green,"RIDC’s Mill 19 sits on the remediated former LTV Steel site and features a large rooftop solar array that powers the multi-tenant advanced manufacturing complex. This brightfield installation demonstrates how renewable energy can be integrated into redeveloped industrial land to lower operating costs and create long-term revenue streams (e.g., energy savings and SRECs) that support site operations and community-focused redevelopment goals.",Community-Owned Renewable Energy Projects,Contaminated Industrial Brownfields,Regional Industrial Development Corporation of Southwestern Pennsylvania (RIDC),"4501 Lytle Street, Pittsburgh, PA 15207",https://ridc.org/properties/mill-19/,info@ridc.org,
Millvale Food + Energy Hub,"New Sun Rising rehabilitated a long-vacant building into a net-positive community hub featuring a shared commercial kitchen, classroom and meeting spaces, and offices for mission-driven tenants. The Hub uses community partnerships, volunteer support, and an online booking system to provide affordable rentals for neighborhood groups, classes, and civic meetings while sharing management responsibilities among tenants and volunteers. This approach mirrors the solution by transforming an idle hal...",Adaptive Reuse for Local Entrepreneurs and Makers,Deteriorated Housing Stock and Property Abandonment,New Sun Rising,"112 E Sherman St, Millvale, PA 15209",https://www.newsunrising.org/project/food-energy-hub/,info@newsunrising.org,
Millvale Food + Energy Hub,"The Hub provides gathering spaces, coworking, and meeting rooms with high-speed Wi‑Fi and video-conferencing equipment for neighborhood groups and project teams. New Sun Rising’s program cohorts coordinate year-round through online collaboration platforms while the organization convenes pop-up meetings and listening sessions in Millvale, Etna, and Sharpsburg to keep engagement local. On-site bulletin boards and digital calendars tie together remote collaboration with face-to-face check-ins, i...",Adaptive Reuse for Local Entrepreneurs and Makers,Deteriorated Housing Stock and Property Abandonment,New Sun Rising,"112 Sherman Street, Millvale, PA 15209",https://www.newsunrising.org,info@newsunrising.org,
Millvale Food + Energy Hub,"This shared nonprofit hub provides a community gathering place with meeting areas, educational programming, and public information resources, operating continuously as a neighborhood anchor. It implements a low-cost, sustainable model through co-location of mission-aligned organizations, volunteer-led initiatives, and partnerships with local businesses and the Borough to support everyday community needs.",Adaptive Reuse for Local Entrepreneurs and Makers,Deteriorated Housing Stock and Property Abandonment,New Sun Rising,"112 East Sherman Street, Millvale, PA 15209",https://www.newsunrising.org/project/millvale-food-energy-hub/,info@newsunrising.org,
Millvale Food + Energy Hub Solar Project,"New Sun Rising and partners operate a community-owned solar installation at the Millvale Food + Energy Hub, a nonprofit campus that repurposed a former social hall in Millvale’s historic riverfront industrial district. The solar system reduces operating costs and generates predictable revenue that is reinvested into site upkeep and community programs, illustrating how locally governed clean energy can sustain neighborhood assets and services.",Community-Owned Renewable Energy Projects,Contaminated Industrial Brownfields,New Sun Rising,"112 E Sherman Street, Millvale, PA 15209",https://www.newsunrising.org/portfolio/food-energy-hub/,info@newsunrising.org,
Millvale Tool Lending Library,"The Millvale Tool Lending Library, a program of the Millvale Community Library, lets residents borrow woodworking and home-repair tools and learn through hands-on workshops. The library also provides free community programs and reservable meeting rooms, creating a low-cost, welcoming place to gather and make things together. This inclusive, nonpartisan resource supports practical recreation and community building without requiring any political or private club membership.","Skill-Sharing, Timebanking, and Local Hiring Fairs",Geographic Isolation from Economic Opportunity Centers,Millvale Community Library,"213 Grant Avenue, Millvale, PA 15209",https://www.millvalelibrary.org,info@millvalelibrary.org,
Mobile Hotspot & Laptop Lending with Outdoor Library Wi‑Fi,"Oil Region Library Association libraries (including Oil City Library) loan mobile Wi‑Fi hotspots and laptops/Chromebooks to cardholders to enable remote work, school, and telehealth at home. Their free Wi‑Fi extends to sidewalks and parking areas outside the buildings, creating reliable outdoor community Wi‑Fi zones. Staff offer basic tech help and digital literacy assistance, implementing the solution through library‑managed equipment lending and outdoor access.",Community Wi‑Fi Zones and Device Loan Programs,Geographic Isolation from Economic Opportunity Centers,Oil Region Library Association (Oil City Library),"180 West 4th Street, Oil City, PA 16301",https://oilregionlibraries.org,info@oilregionlibraries.org,
Mobile Screening and Prevention Unit (Community Outreach & Engagement),"UPMC Hillman Cancer Center’s mobile unit brings cancer prevention and early detection services to neighborhoods across Western Pennsylvania, offering risk assessments, education, and screening navigation (e.g., tobacco cessation counseling, skin checks, and links to mammography and lung screening). The program partners with local clinics and community groups to host free or low-cost events, ensuring residents in former industrial areas can access cancer risk-factor screening and follow-up car...",Community Health Screenings and Environmental Clinics,Contaminated Industrial Brownfields,UPMC Hillman Cancer Center,"5115 Centre Avenue, Pittsburgh, PA 15232",https://hillman.upmc.edu/community-outreach,,
Mobility & Transportation Working Group,"Lawrenceville United’s resident-led working group surveys neighbors and workers about commuting patterns, performs bus stop and walkability audits, and maps priority corridors for transit improvements. The group organizes petitions and coordinated testimony before city, county, and Pittsburgh Regional Transit bodies to advocate for route changes, schedule adjustments, and stop upgrades serving the neighborhood’s workforce and vulnerable riders. They partner on proposals and funding applicatio...",Advocacy & Regional Transit Coalition,Geographic Isolation from Economic Opportunity Centers,Lawrenceville United,"4615 Plummer Street, Pittsburgh, PA 15201",https://www.lunited.org,info@lunited.org,
Mon Valley Initiative Brownfield & Real Estate Redevelopment,"Mon Valley Initiative coordinates local fundraising campaigns and corporate sponsorships to assemble the matching dollars needed for environmental assessments, remediation, demolition, and site prep in former steel and mill towns. These locally raised funds are used to leverage state and federal programs—such as DCED and EPA brownfields resources and other redevelopment grants—that require non-federal match, turning blighted industrial properties into community assets. MVI’s approach blends c...",Local Fundraising and Matching Grant Campaigns,Contaminated Industrial Brownfields,Mon Valley Initiative,"305 East 8th Avenue, Homestead, PA 15120",https://www.monvalleyinitiative.com,info@monvalleyinitiative.com,
Monmade,"Monmade, an initiative of Bridgeway Capital, showcases Western Pennsylvania’s artisan producers and small manufacturers through maker profiles, studio features, and success stories published on its digital platforms and partner channels. By highlighting how local creatives build viable product businesses and supply chains, Monmade presents tangible pathways into modern craft and light manufacturing careers. These positive narratives counter hopelessness by celebrating regional talent and demo...",Community Logistics Hub for Small Producers,Geographic Isolation from Economic Opportunity Centers,Bridgeway Capital,"960 Penn Avenue, Suite 1000, Pittsburgh, PA 15222",https://monmade.org,hello@monmade.org,
Monmade,"Monmade builds local supply chains by aggregating products and services from regional craft manufacturers and connecting them to real estate developers, architects, and institutions. By making it easy for major projects to source fixtures, furnishings, and custom work from Western Pennsylvania businesses, the initiative channels institutional purchasing to local vendors and grows the local economy.",Local Procurement & Employer Partnership Initiative,Geographic Isolation from Economic Opportunity Centers,Bridgeway Capital,"7800 Susquehanna Street, Pittsburgh, PA 15208",https://www.monmade.org,info@monmade.org,
Monmade,"Monmade, an initiative of Bridgeway Capital, showcases Western Pennsylvania’s artisan producers and small manufacturers through maker profiles, studio features, and success stories published on its digital platforms and partner channels. By highlighting how local creatives build viable product businesses and supply chains, Monmade presents tangible pathways into modern craft and light manufacturing careers. These positive narratives counter hopelessness by celebrating regional talent and demo...",Micro-Logistics & Local Marketplace,Geographic Isolation from Economic Opportunity Centers,Bridgeway Capital,"960 Penn Avenue, Suite 1000, Pittsburgh, PA 15222",https://monmade.org,hello@monmade.org,
Monmade (Creative Business Accelerator),"Monmade is a regional procurement platform that aggregates products and services from Western Pennsylvania craft manufacturers, artists, and small-scale producers to meet institutional and commercial demand. It maintains a publicly accessible directory of local suppliers, curates procurement collections for development projects, and hosts buyer-seller showcases that help hospitals, universities, and developers source locally. By brokering purchasing agreements and onboarding vendors, Monmade ...",Local Procurement & Employer Partnership Initiative,Geographic Isolation from Economic Opportunity Centers,Bridgeway Capital,"2019 Centre Avenue, Suite 301, Pittsburgh, PA 15219",https://www.monmade.org,info@bridgewaycapital.org,
Monmade (Creative Business Accelerator),"Monmade is a regional marketplace and supply-chain intermediary that connects Western Pennsylvania’s artisan producers and small creative manufacturers with buyers through an online catalog and wholesale channels. The program supports shared logistics, standardized packaging, and consolidated order fulfillment to help multiple small businesses reach institutional, retail, and design customers. By coordinating distribution and providing a centralized platform, Monmade lowers shipping barriers ...",Micro-Logistics & Local Marketplace,Geographic Isolation from Economic Opportunity Centers,Bridgeway Capital – Creative Business Accelerator,"1001 Liberty Avenue, Suite 1800, Pittsburgh, PA 15222",https://monmade.org,hello@monmade.org,
Move PGH Mobility Hubs,"Move PGH deploys a coordinated network of Mobility Hubs that co-locate car-share vehicles, bikeshare, e-scooters, and real-time transit information at key nodes across Pittsburgh. Hubs are sited around major transit stops and employment centers, and the program integrates membership-based access with subsidies for low-income riders through the Universal Basic Mobility pilot and partner discounts. By hosting car-share spaces and collaborating with utility and city partners to add EV-ready char...",Community EV Car-Share and Charging Stations,Geographic Isolation from Economic Opportunity Centers,City of Pittsburgh Department of Mobility and Infrastructure (DOMI),"611 Second Avenue, Pittsburgh, PA 15219",https://movepgh.org,domi@pittsburghpa.gov,
Move PGH Mobility Hubs,"Move PGH deploys neighborhood mobility hubs that colocate shared car services (including Zipcar vehicles, with EVs where available) with public EV charging, transit connections, and other shared mobility options. The hubs are sited near major transit stops and employment centers so residents can pick up a shared vehicle, charge, and connect to jobs without owning a car. Through its Mobility-as-a-Service approach and the Universal Basic Mobility pilot, Move PGH has provided discounted membersh...",Community EV Car-Share and Charging Stations,Geographic Isolation from Economic Opportunity Centers,City of Pittsburgh Department of Mobility and Infrastructure (DOMI),"611 Second Avenue, Pittsburgh, PA 15219",https://pittsburghpa.gov/domi/move-pgh,domi@pittsburghpa.gov,
Move PGH Mobility Hubs,"Move PGH is a citywide network of mobility hubs that co-locate public transit, bikeshare, e-scooters, car-share parking and, at several hubs, publicly accessible EV charging. By placing shared cars and charging near busways, BRT corridors, and major job centers—and integrating booking through the Transit app—the program reduces dependence on private car ownership and supports community access to electric vehicles and shared charging aligned with the solution.",Community EV Car-Share and Charging Stations,Geographic Isolation from Economic Opportunity Centers,City of Pittsburgh Department of Mobility and Infrastructure (DOMI),"611 Second Avenue, Pittsburgh, PA 15219",https://move-pgh.com,domi@pittsburghpa.gov,
Mt. Lebanon Community Emergency Response Team (CERT),"Mt. Lebanon CERT, run by the municipal fire department, trains local residents in disaster preparedness, fire extinguisher use, basic medical care, and light search and rescue so neighborhoods can provide immediate help before professional responders arrive. The team is activated under the Mt. Lebanon Fire Department’s incident command, working alongside municipal emergency planners to conduct welfare checks, support traffic and scene safety, assist with downed-tree/road obstruction reporting...",Mutual Aid and Neighborhood Emergency Teams,Failing Infrastructure and Municipal Services,Mt. Lebanon Fire Department,"555 Washington Road, Pittsburgh, PA 15228",https://mtlebanon.org,,
Mt. Lebanon Community Emergency Response Team (CERT),"Mt. Lebanon CERT is a volunteer program of the Mt. Lebanon Fire Department that trains neighbors in first aid, basic fire safety, light search and rescue, and disaster support. The team is activated by municipal emergency managers to assist police, fire, and public works with neighborhood-level welfare checks, traffic and scene support, shelter operations, and storm debris/roadway clearing, providing a formalized link between residents and the municipality’s emergency planning and response.",Mutual Aid and Neighborhood Emergency Teams,Failing Infrastructure and Municipal Services,Mt. Lebanon Fire Department,"555 Washington Road, Pittsburgh, PA 15228",https://mtlfd.org,fire@mtlebanon.org,
Mt. Lebanon Village Volunteer Transportation,"Mt. Lebanon Village organizes volunteers to drive older residents to medical appointments, errands, and social activities throughout the South Hills. Rides are coordinated by a volunteer dispatcher, creating a neighbor-to-neighbor transportation network that preserves mobility and independence where fixed-route options may be limited.",Volunteer and Micro-Transit Network,Failing Infrastructure and Municipal Services,Mt. Lebanon Village,"710 Washington Road, Pittsburgh, PA 15228",https://mtlebanonvillage.org,info@mtlebanonvillage.org,
Municipal Authority of Westmoreland County Regional Water Service,"MAWC operates a regional water system that serves dozens of municipalities in Westmoreland County and surrounding areas, consolidating treatment, distribution, and maintenance functions. By pooling capital planning, procurement, and field crews across a multi-municipal service area, MAWC achieves economies of scale that stabilize rates and sustain reliable water service for communities with shrinking tax bases.",Regional Shared Services Initiative,Failing Infrastructure and Municipal Services,Municipal Authority of Westmoreland County (MAWC),"124 Park & Pool Road, New Stanton, PA 15672",https://www.mawc.org,,
NIST MEP Supplier Scouting (via Catalyst Connection),"Catalyst Connection implements the national NIST MEP Supplier Scouting service locally to match Western Pennsylvania manufacturers with regional buyers and critical supply chain opportunities. It maintains supplier capability information, conducts targeted buyer–seller introductions, and hosts procurement-focused events, while also coordinating registered manufacturing apprenticeships and upskilling programs that align community talent with employer demand. This combination of local procureme...",Local Procurement & Employer Partnership Initiative,Geographic Isolation from Economic Opportunity Centers,Catalyst Connection,"4501 Lytle Street, Suite 200, Pittsburgh, PA 15207",https://www.catalystconnection.org,info@catalystconnection.org,
Neighborhood Improvement Specialist (NIS) Program and Homewood Parcel Survey,"Operation Better Block’s NIS program mobilizes resident volunteers and staff to conduct block-by-block surveys of vacant and abandoned structures in Homewood, producing an ongoing parcel-level registry with condition notes and owner information. The team reports hazards via 311, initiates PLI code cases, and shares the database with partners to target board-ups, stabilization, or acquisition. This community-run monitoring bridges residents and city agencies to accelerate problem-property enfo...",Vacancy Registry and Monitoring Program,Deteriorated Housing Stock and Property Abandonment,"Operation Better Block, Inc.","801 N Homewood Avenue, Pittsburgh, PA 15208",https://www.obbinc.org,info@obbinc.org,
Neighborhood Initiatives Fund (Matching Grants),"The URA’s Neighborhood Initiatives Fund is a competitive matching-grant program that supports neighborhood organizations with site preparation, vacant land remediation, and predevelopment activities. Awardees are required to assemble local match—often through community fundraising, local business sponsorships, and philanthropy—which can serve as the non-federal share to unlock additional state and federal remediation and redevelopment grants. By structuring awards as matches, the program cata...",Local Fundraising and Matching Grant Campaigns,Contaminated Industrial Brownfields,Urban Redevelopment Authority of Pittsburgh,"412 Boulevard of the Allies, Pittsburgh, PA 15219",https://www.ura.org/programs/neighborhood-initiatives-fund,info@ura.org,
Neighborhood Initiatives Fund (NIF),"The NIF provides competitive grants for neighborhood-scale projects including demolition of unsafe structures, site preparation, building stabilization, and vacant-lot improvements. Awards typically require a 1:1 local match from community organizations, businesses, or municipal partners, leveraging those local dollars to attract larger URA and public investments for rehabilitation and stabilization.",Local Match Programs to Leverage Public Funds,Deteriorated Housing Stock and Property Abandonment,Urban Redevelopment Authority of Pittsburgh,"412 Boulevard of the Allies, Pittsburgh, PA 15219",https://www.ura.org/pages/neighborhood-initiatives-fund,info@ura.org,
Neighborhood Plan Program,"The Department of City Planning runs the Neighborhood Plan Program, a multi-phase process that uses facilitated public workshops and design charrettes to define community priorities for land use, housing, parks, mobility, small business, and clean energy. In areas with legacy industrial and brownfield sites, these charrettes establish preferred future uses and performance goals so environmental remediation and infrastructure investments are aligned with the community’s redevelopment plan.",Community Visioning and Design Charrettes,Contaminated Industrial Brownfields,City of Pittsburgh Department of City Planning,"200 Ross Street, Pittsburgh, PA 15219",https://pittsburghpa.gov/dcp,cityplanning@pittsburghpa.gov,
Neighborhood Plan Program,"The City of Pittsburgh’s Department of City Planning runs multi-meeting public engagement processes—including visioning sessions and design charrettes—to set land-use and environmental goals for neighborhoods with legacy industrial sites. These workshops define desired future uses (e.g., housing, parks, main-street retail, renewable energy), and the resulting plans guide zoning, infrastructure, and remediation requirements so brownfield cleanup is directly aligned with community-led redevelop...",Community Visioning and Design Charrettes,Contaminated Industrial Brownfields,City of Pittsburgh Department of City Planning,"200 Ross Street, Pittsburgh, PA 15219",https://pittsburghpa.gov/dcp/neighborhood-planning,planning@pittsburghpa.gov,
Neighborhood Traffic Calming Program,"The City of Pittsburgh’s Department of Mobility and Infrastructure (DOMI) runs facilitated neighborhood meetings where traffic engineers and residents review crash data, speed studies, and community concerns to prioritize traffic calming and safety maintenance (e.g., markings, signage, crosswalks). Projects are ranked using criteria that include safety benefits, proximity to schools and senior housing, and equity indicators, creating a clear queue for implementation. The resulting neighborhoo...",Maintenance Prioritization and Equity Workshops,Failing Infrastructure and Municipal Services,City of Pittsburgh Department of Mobility and Infrastructure (DOMI),"100 Ross Street, Pittsburgh, PA 15219",https://pittsburghpa.gov/domi,domi@pittsburghpa.gov,
Neighborhood Traffic Calming Program,"DOMI convenes community meetings and walk-throughs with traffic engineers and residents to assess safety issues and deferred roadway needs, using crash data, speed studies, proximity to schools, and equity indicators to score and prioritize projects. The process results in a ranked, publicly posted list that guides the installation of traffic calming measures and related maintenance improvements across neighborhoods.",Maintenance Prioritization and Equity Workshops,Failing Infrastructure and Municipal Services,City of Pittsburgh Department of Mobility and Infrastructure (DOMI),"611 Second Avenue, Pittsburgh, PA 15219",https://pittsburghpa.gov/domi/traffic-calming,domi@pittsburghpa.gov,
Neighborhood Traffic Calming Program,"The City of Pittsburgh’s Department of Mobility and Infrastructure (DOMI) partners with residents to identify and document speeding, unsafe crossings, sidewalk gaps, and transit access issues on neighborhood streets. Through community walk audits and field studies, DOMI staff and neighbors create a public record of infrastructure conditions that feeds into the city’s project queue. The program produces prioritized repair and safety improvement lists—such as speed cushions, crosswalks, and sig...",Participatory Budgeting for Infrastructure,Failing Infrastructure and Municipal Services,City of Pittsburgh Department of Mobility and Infrastructure,"611 Second Avenue, Pittsburgh, PA 15219",https://pittsburghpa.gov/domi/traffic-calming,domi@pittsburghpa.gov,
Neighborhood Traffic Calming Program,"The City of Pittsburgh’s Department of Mobility and Infrastructure (DOMI) partners with residents to identify and document speeding, unsafe crossings, sidewalk gaps, and transit access issues on neighborhood streets. Through community walk audits and field studies, DOMI staff and neighbors create a public record of infrastructure conditions that feeds into the city’s project queue. The program produces prioritized repair and safety improvement lists—such as speed cushions, crosswalks, and sig...",Community Infrastructure Audit and Asset Inventory,Failing Infrastructure and Municipal Services,City of Pittsburgh Department of Mobility and Infrastructure,"611 Second Avenue, Pittsburgh, PA 15219",https://pittsburghpa.gov/domi/traffic-calming,domi@pittsburghpa.gov,
Nine Mile Run Restoration & Stewardship Program,"UpstreamPgh (formerly Nine Mile Run Watershed Association) coordinates donor drives and local business match campaigns to generate the local match needed for state and regional grants addressing legacy industrial pollution in the Nine Mile Run watershed. Community-raised funds have leveraged DEP Growing Greener, ALCOSAN GROW, and foundation grants that support stream restoration, contaminated fill management, and green stormwater infrastructure on and adjacent to former slag brownfields. This...",Local Fundraising and Matching Grant Campaigns,Contaminated Industrial Brownfields,UpstreamPgh,"321 Pennwood Avenue, Suite 202, Pittsburgh, PA 15221",https://upstreampgh.org,info@upstreampgh.org,
Northwest Commission Broadband Initiative,"The Northwest Pennsylvania Regional Planning & Development Commission leads a multi‑county effort to map service gaps, organize municipal and institutional demand, and secure funding for broadband in the region. Working with local governments and private providers, the initiative packages projects for state/federal grants and advances shared infrastructure strategies to reach rural homes, schools, and businesses at sustainable prices.",Community Broadband Cooperative,Geographic Isolation from Economic Opportunity Centers,Northwest Pennsylvania Regional Planning & Development Commission (Northwest Commission),"395 Seneca Street, Oil City, PA 16301",https://www.northwestpa.org,info@northwestpa.org,
Northwest Commission Regional Broadband Program,"The Northwest Commission leads a multi‑county broadband initiative for Erie, Crawford, Mercer, Venango, Warren, Forest, Clarion, and Lawrence counties to close coverage and affordability gaps. It conducts detailed mapping and crowd‑sourced speed testing, organizes joint planning among municipalities, and pools local funds to strengthen competitive state and federal grant applications. The program issues coordinated RFPs and forges partnerships with ISPs to build shared, open or middle‑mile in...",Community Broadband Cooperative,Geographic Isolation from Economic Opportunity Centers,Northwest Pennsylvania Regional Planning & Development Commission (Northwest Commission),"395 Seneca Street, Oil City, PA 16301",https://www.northwestpa.org,info@northwestpa.org,
Northwest Pennsylvania Regional Broadband Initiative,"The Northwest Commission leads a regional broadband initiative across the eight-county Northwest PA region to identify unserved and underserved areas, aggregate demand via household and business surveys, and coordinate partners. The program prepares and administers state and federal grant applications, negotiates with providers for shared middle-mile and last-mile builds, and helps municipalities structure cooperative agreements that reduce deployment costs and expand affordable access for ho...",Community Broadband Cooperative,Geographic Isolation from Economic Opportunity Centers,Northwest Pennsylvania Regional Planning and Development Commission (Northwest Commission),"395 Seneca Street, Oil City, PA 16301",https://www.northwestpa.org,info@northwestpa.org,
Nuisance Properties and Land Use Program,"Lawrenceville United operates a neighborhood-driven registry of vacant and nuisance properties, using resident reports and periodic walking audits to document conditions. Staff and volunteers research owner information, track complaints and code cases, and coordinate directly with the City of Pittsburgh and the URA to escalate enforcement and guide acquisition or rehabilitation.",Vacancy Registry and Monitoring Program,Deteriorated Housing Stock and Property Abandonment,Lawrenceville United,"4615 Plummer Street, Pittsburgh, PA 15201",https://www.lunited.org,info@lunited.org,
Oakland Community Land Trust,"OPDC’s Community Land Trust acquires properties and holds land in trust to produce permanently affordable, community-controlled housing in Oakland using 99-year ground leases. When properties present environmental concerns from legacy uses, OPDC works with municipal, URA, and PA DEP partners to assess and remediate sites prior to redevelopment. This approach keeps remediated land in community hands, ensures long-term affordability, and prevents displacement from market pressure near major ins...",Community Land Trust for Redevelopment,Contaminated Industrial Brownfields,Oakland Planning and Development Corporation (OPDC),"294 Semple Street, Pittsburgh, PA 15213",https://www.opdc.org,info@opdc.org,
Oakland Community Land Trust (CLT),"OPDC’s Oakland Community Land Trust acquires, rehabilitates, and develops homes on land held in trust to keep them permanently affordable. Buyers purchase the home while the CLT retains ownership of the land via a long-term ground lease, reducing upfront costs and ensuring lasting affordability. Residents have a voice in stewardship and maintenance decisions through CLT governance, aligning with shared-equity ownership and community control.",Shared-Equity and Cooperative Housing Models,Deteriorated Housing Stock and Property Abandonment,Oakland Planning and Development Corporation (OPDC),"294 Semple Street, Pittsburgh, PA 15213",https://www.opdc.org,info@opdc.org,
Oakland Community Land Trust (OCLT),"OPDC’s Oakland Community Land Trust secures properties, rehabilitates them, and sells the homes to income-qualified buyers under a 99-year ground lease that keeps them affordable in perpetuity. The shared-equity structure reduces individual costs and embeds stewardship, ensuring maintenance standards, homeowner support, and community voice in long-term decisions. The OCLT strengthens neighborhood stability in Oakland by transforming disinvested or speculative properties into permanently affor...",Shared-Equity and Cooperative Housing Models,Deteriorated Housing Stock and Property Abandonment,Oakland Planning and Development Corporation (OPDC),"294 Semple Street, Pittsburgh, PA 15213",https://www.opdc.org/oakland-community-land-trust,info@opdc.org,
Oakland Community Land Trust (OCLT),"OCLT, operated by OPDC, acquires and holds land in trust to create permanently affordable homeownership opportunities in Pittsburgh’s Oakland neighborhoods. By separating land from the home and using 99-year ground leases with shared-equity resale formulas, OCLT rehabilitates older housing stock, keeps ownership costs low for local residents, and prevents displacement amid market pressures from nearby universities and hospitals.",Community Land Trust (CLT),Deteriorated Housing Stock and Property Abandonment,Oakland Planning and Development Corporation,"294 Semple Street, Pittsburgh, PA 15213",https://www.opdc.org,info@opdc.org,
Oakland Community Land Trust Homes,"OPDC develops and rehabilitates affordable for-sale homes in Oakland and places them into a shared-equity model using a community land trust structure, in coordination with City of Bridges CLT. The CLT ground lease and resale restrictions keep homes affordable long-term, while OPDC channels public and philanthropic capital to acquire and fix properties that the private market won’t touch. Homeowners gain stability and a voice in stewardship processes that guide maintenance and community prior...",Shared-Equity and Cooperative Housing Models,Deteriorated Housing Stock and Property Abandonment,Oakland Planning and Development Corporation (OPDC),"294 Semple Street, Pittsburgh, PA 15213",https://www.opdc.org/housing,info@opdc.org,
Oil City Artist Relocation Program,"This program recruits artists to purchase and rehabilitate vacant or underused properties in Oil City, providing guidance, connections to financing, and a supportive arts community. By helping vetted artists live and work in formerly abandoned buildings, the program restores occupancy, reduces vandalism, and demonstrates low-cost stabilization through sweat equity and incremental rehab.",Property Guardianship and Live-Work Programs,Deteriorated Housing Stock and Property Abandonment,Oil City Main Street Program,"217 Elm Street, Oil City, PA 16301",https://www.oilcitymainstreet.org,kbailey@oilcity.org,
Oil City Main Street Program – Matching Grants,"The Oil City Main Street Program coordinates local fundraising and business sponsorships to meet required matches for PA Keystone Communities, Industrial Sites Reuse Program, and other state/federal awards that support environmental assessments, site cleanup, and building rehabilitation in a region with oil-era brownfields. By organizing community giving and local business matches, the program assembles seed money that unlocks larger remediation and redevelopment grants. This public–private m...",Local Fundraising and Matching Grant Campaigns,Contaminated Industrial Brownfields,"Oil Region Alliance of Business, Industry & Tourism","217 Elm Street, Oil City, PA 16301",https://www.oilregion.org,info@oilregion.org,
Oil Heritage Festival Artisan & Fine Craft Market,"As part of Oil City’s annual Oil Heritage Festival, the Venango Area Chamber of Commerce curates a large pop-up artisan and maker marketplace that fills downtown streets with vendors and mobile retailers from across Western Pennsylvania. The Chamber coordinates regional promotion and logistics to draw buyers from multiple counties, creating a high-visibility sales platform for local producers. Vendors use this market to test new products, build brand awareness, and connect to year-round retai...",Pop-Up Market Days and Mobile Retail,Geographic Isolation from Economic Opportunity Centers,Venango Area Chamber of Commerce,"24 Seneca Street, Oil City, PA 16301",https://www.venangochamber.org/oil-heritage-festival/,chamber@venangochamber.org,
Oil Region Alliance Façade Improvement Program,"The Oil Region Alliance administers a 50/50 façade improvement grant across communities in the Oil Region National Heritage Area, supporting exterior rehabilitation of commercial and mixed-use buildings. Property owners provide a dollar-for-dollar match, leveraging public and philanthropic heritage-area funds to catalyze building reinvestment in legacy downtowns. By pairing small local matches with larger grants, the program helps prevent further deterioration, addresses visible blight, and s...",Local Match Programs to Leverage Public Funds,Deteriorated Housing Stock and Property Abandonment,"Oil Region Alliance of Business, Industry & Tourism","217 Elm Street, Oil City, PA 16301",https://www.oilregion.org,info@oilregion.org,
Oil Region Brownfields Assessment Coalition,"Led by the Oil Region Alliance, this coalition helps communities in Venango County and the Oil Region inventory legacy industrial sites and secure EPA Brownfields Assessment grants. The initiative convenes public meetings to nominate and rank candidate properties, performs Phase I/II assessments with consultant and university partners, and provides health risk communication to inform local cleanup and redevelopment decisions.",Community-led Brownfields Assessment Advocacy,Contaminated Industrial Brownfields,"Oil Region Alliance of Business, Industry & Tourism","217 Elm Street, Oil City, PA 16301",https://oilregion.org,info@oilregion.org,
Oil Region Library Association ‘Library of Things’ Hotspot Lending,"Through its Library of Things, ORLA libraries (including Oil City Library) lend mobile Wi‑Fi hotspots to patrons and provide basic training on safe internet practices and device setup. Library branches maintain free public Wi‑Fi that can be accessed from outside the buildings, effectively creating community Wi‑Fi zones in downtown areas. The system manages device reservations and circulation to ensure broad access across the region.",Community Wi‑Fi Zones and Device Loan Programs,Geographic Isolation from Economic Opportunity Centers,Oil Region Library Association (Oil City Library),"2 Central Avenue, Oil City, PA 16301",https://oilregionlibraries.org,info@oilregionlibraries.org,
One Northside Community Projects Grants (Crowdfunding Match Support),"New Sun Rising administers One Northside grants and, in partnership with platforms like ioby when available, provides coaching and match opportunities to help residents and community groups crowdfund local dollars. These locally raised funds and business sponsorships are structured as eligible match to unlock larger state and federal resources for site readiness, green infrastructure, and environmental improvements near legacy industrial areas on Pittsburgh’s Northside. By coordinating commun...",Local Fundraising and Matching Grant Campaigns,Contaminated Industrial Brownfields,New Sun Rising,"1205-1207 Grant Avenue, Millvale, PA 15209",https://www.newsunrising.org/program/one-northside,info@newsunrising.org,
One Northside Mini-Grant Program,"This program invites Northside residents to propose projects that improve neighborhood infrastructure and shared spaces—such as crosswalk murals, park amenities, traffic calming, and bus stop enhancements. Resident-led committees review and vote on proposals, allocating small-to-medium grants through a participatory budgeting process that elevates transparency and aligns investments with community priorities.",Participatory Budgeting for Infrastructure,Failing Infrastructure and Municipal Services,New Sun Rising (in partnership with The Buhl Foundation),"851 Western Avenue, Suite 301, Pittsburgh, PA 15233",https://www.newsunrising.org/portfolio/one-northside/,info@newsunrising.org,
One Northside Neighbor-to-Neighbor Mini-Grants (Participatory Budgeting),"One Northside runs community budgeting events where Northside residents propose neighborhood improvement ideas and then vote to allocate mini-grants. Many funded projects are small-to-medium infrastructure upgrades—such as traffic-calming installations, park and playground fixes, street lighting, and bus stop or streetscape amenities—ensuring spending tracks resident priorities and is transparent.",Participatory Budgeting for Infrastructure,Failing Infrastructure and Municipal Services,New Sun Rising,"428 Lincoln Avenue, Pittsburgh, PA 15209",https://www.newsunrising.org,info@newsunrising.org,
Open Your Heart to a Senior,"Open Your Heart to a Senior is a regional initiative that recruits, trains, and coordinates volunteer drivers through a network of partner nonprofits in Allegheny, Butler, Fayette, and Westmoreland counties. A centralized intake and dispatch process matches older adults who need rides to nearby volunteers for medical, grocery, and social trips, operating as a flexible, community-run alternative where public transit has been cut back. By strengthening a countywide volunteer transportation netw...",Volunteer and Micro-Transit Network,Failing Infrastructure and Municipal Services,United Way of Southwestern Pennsylvania,"1250 Penn Avenue, Pittsburgh, PA 15222",https://uwswpa.org,info@uwswpa.org,
Our West Bayfront Community Projects Mini-Grants (Participatory Budgeting),"Our West Bayfront engages residents in a participatory budgeting process where neighbors submit project ideas and vote at community events to direct mini-grants. Funded projects frequently deliver infrastructure and public space improvements—such as trail and park upgrades, streetscape amenities, lighting, traffic-calming features, and community garden infrastructure—aligning investments with neighborhood priorities and increasing transparency.",Participatory Budgeting for Infrastructure,Failing Infrastructure and Municipal Services,Our West Bayfront,"404 West 8th Street, Erie, PA 16502",https://ourwestbayfront.org,info@ourwestbayfront.org,
Our West Bayfront Home Improvement Grant Program,"Our West Bayfront provides matching grants to homeowners and small landlords for exterior repairs and critical home improvements in Erie’s West Bayfront neighborhoods. Residents contribute a portion of project costs, which is paired with philanthropic and public funds (e.g., Erie Community Foundation, City/CDBG) to complete rehabs that would otherwise be financially out of reach. By requiring local matches, the program leverages larger investment to prevent deterioration, boost property value...",Local Match Programs to Leverage Public Funds,Deteriorated Housing Stock and Property Abandonment,Our West Bayfront,"404 W 8th Street, Erie, PA 16502",https://www.ourwestbayfront.org,info@ourwestbayfront.org,
Owner-Occupied Home Repair Program,"Rebuilding Together Pittsburgh delivers free or heavily subsidized critical home repairs for low-income homeowners, focusing on health, safety, and exterior stabilization that can include façade and porch repairs. Funded by local foundations, businesses, and public grants, their small-grant model addresses immediate hazards while leveraging volunteer labor and additional resources to stretch dollars farther. This approach directly supports households in disinvested neighborhoods where propert...",Small Grants and Revolving Microloan Fund,Deteriorated Housing Stock and Property Abandonment,Rebuilding Together Pittsburgh,"7800 Susquehanna Street, Suite 303, Pittsburgh, PA 15208",https://www.rtpittsburgh.org/our-programs,info@rtpittsburgh.org,
PA CareerLink Pittsburgh/Allegheny County,"PA CareerLink provides WIOA-funded career services and training that connect residents to industry-recognized credentials and union apprenticeships in construction, environmental remediation, and emerging clean-energy fields. Working with Partner4Work, community colleges, and employers, it funds and coordinates trainings such as OSHA safety and HAZWOPER, and places graduates on crews that perform site cleanup and redevelopment construction across Western Pennsylvania.",Workforce Development and Transition Programs,Contaminated Industrial Brownfields,Partner4Work,"304 Wood Street, Pittsburgh, PA 15222",https://www.careerlinkpittsburgh.org,info@partner4work.org,
PEC Brownfields & Industrial Reuse Initiatives,"PEC convenes municipalities, residents, and technical experts to develop phased cleanup and reuse plans for legacy industrial properties, particularly along riverfronts in Western Pennsylvania. Their projects help communities prioritize high-risk areas, align remedy selection (e.g., engineered caps, targeted excavation, in-situ stabilization) with desired future uses like trails, parks, and employment sites, and map timelines and funding pathways under Pennsylvania’s Act 2 program.","Phased, Community-Approved Remediation Plans",Contaminated Industrial Brownfields,Pennsylvania Environmental Council – Pittsburgh Office,"810 River Avenue, Suite 201, Pittsburgh, PA 15212",https://www.pecpa.org,info@pecpa.org,
PGH Mobile Survey,"Neighborhood Allies’ PGH Mobile Survey equips community groups with training and mobile tools to conduct parcel-by-parcel field surveys of vacant and deteriorated properties and to build neighborhood-level vacancy registries. Volunteers collect photos, conditions, and owner information that are mapped and maintained in shared databases; the resulting datasets are provided to city departments and partner agencies to target enforcement, stabilization funding, or acquisition strategies. This inf...",Vacancy Registry and Monitoring Program,Deteriorated Housing Stock and Property Abandonment,Neighborhood Allies,"225 Boulevard of the Allies, Pittsburgh, PA 15222",https://neighborhoodallies.org,info@neighborhoodallies.org,
PIT Transformed: Terminal Modernization Program Dashboard,"The Allegheny County Airport Authority publishes the PIT Transformed site for the Terminal Modernization Program, featuring project timelines, construction milestones, budgets, procurement updates, and live progress content. This transparency portal allows residents to follow major public infrastructure work at Pittsburgh International Airport, enhancing accountability for costs and schedules.",Public Infrastructure Transparency Dashboard,Failing Infrastructure and Municipal Services,Allegheny County Airport Authority,"1000 Airport Boulevard, Pittsburgh, PA 15231",https://www.pittransformed.com,info@flypittsburgh.com,
PWSA Project Map,"An interactive map that inventories active and upcoming Pittsburgh Water and Sewer Authority projects, including lead service line replacements, water main renewals, and stormwater upgrades. Each project includes schedule, status, funding source, and construction updates, allowing residents to see planned work, track maintenance progress, and review infrastructure investments in their neighborhoods.",Public Infrastructure Transparency Dashboard,Failing Infrastructure and Municipal Services,Pittsburgh Water and Sewer Authority,"1200 Penn Avenue, Pittsburgh, PA 15222",https://www.pgh2o.com/projects-maintenance/outreach-projects/project-map,info@pgh2o.com,
PWSA Projects & Maintenance Map,"Pittsburgh Water and Sewer Authority provides an interactive dashboard and map that lists active and planned water, sewer, and stormwater projects across the city. Each project page includes scope, status, anticipated timelines, budgets/funding sources, and maintenance or inspection-related details so residents can monitor progress and disruptions and hold the utility accountable.",Public Infrastructure Transparency Dashboard,Failing Infrastructure and Municipal Services,Pittsburgh Water and Sewer Authority,"1200 Penn Avenue, Pittsburgh, PA 15222",https://www.pgh2o.com/projects-maintenance/search-projects,info@pgh2o.com,
PWSA Projects & Maintenance Map,"Pittsburgh Water and Sewer Authority provides an interactive map and project pages showing water and sewer capital projects, including lead service line replacements, with location details, schedules, statuses, and funding information. The portal links to inspection and water quality reports and outlines construction timelines, giving residents a transparent view of infrastructure work and budgets in their neighborhoods.",Public Infrastructure Transparency Dashboard,Failing Infrastructure and Municipal Services,Pittsburgh Water and Sewer Authority,"1200 Penn Avenue, Pittsburgh, PA 15222",https://www.pgh2o.com/projects-maintenance/your-neighborhood,info@pgh2o.com,
PWSA Stormwater Grant Program,"PWSA’s grant program provides matching funds for green stormwater retrofits and drainage repairs that reduce flooding and sewer overflows in Pittsburgh neighborhoods. Funding can cover design, construction, and supporting inspections to ensure performance, while requiring local or private matches to stretch limited public dollars. These targeted, small-to-medium projects function as community-scale infrastructure repairs that relieve stressed systems and prevent more costly failures.",Community Infrastructure Repair Fund,Failing Infrastructure and Municipal Services,Pittsburgh Water and Sewer Authority,"1200 Penn Avenue, Pittsburgh, PA 15222",https://www.pgh2o.com/projects-maintenance/stormwater/programs/grants,stormwater@pgh2o.com,
Partner4Work Hiring Events and Job Fairs,"Partner4Work organizes frequent virtual and neighborhood-based hiring events that feature employer booths and live chat/video, connecting residents from outlying communities to regional employers and remote-work opportunities. They coordinate with libraries and community centers to provide access to devices and broadband during events, lowering transportation barriers. These hiring fairs are designed to shorten commutes by prioritizing remote, hybrid, and nearby roles while building trust bet...","Skill-Sharing, Timebanking, and Local Hiring Fairs",Geographic Isolation from Economic Opportunity Centers,Partner4Work,"650 Smithfield Street, Suite 2600, Pittsburgh, PA 15222",https://www.partner4work.org,info@partner4work.org,
Partner4Work Recruitment Events and Neighborhood Hiring Fairs,"Partner4Work coordinates neighborhood-based hiring fairs and virtual recruitment events that feature employer booths, real-time chats, and on-the-spot interviews with regional and remote-work employers. These events intentionally bring opportunities closer to residents in Western Pennsylvania’s communities and leverage virtual formats to bypass transportation barriers. By connecting people to quality jobs (including remote roles) and hosting events in trusted local venues, the program strengt...","Skill-Sharing, Timebanking, and Local Hiring Fairs",Geographic Isolation from Economic Opportunity Centers,Partner4Work,"650 Smithfield Street, Suite 2600, Pittsburgh, PA 15222",https://www.partner4work.org,info@partner4work.org,
Penn State Center Pittsburgh,"This university-community hub connects Western Pennsylvania municipalities and nonprofits with Penn State faculty and students for applied technical support. Through studio courses and extension projects, it provides pro-bono or low-cost site assessments, environmental data analysis, planning for brownfield and stormwater challenges, and assistance with grant strategy and applications, often in partnership with local NGOs.",University and NGO Partnerships for Technical Support,Contaminated Industrial Brownfields,Penn State University,"130 N Bellefield Avenue, Suite 206, Pittsburgh, PA 15213",https://pittsburgh.psu.edu/penn-state-center-pittsburgh,pscpittsburgh@psu.edu,
Penn State Center — Pittsburgh Community Partnerships,"The Penn State Center connects faculty and students with Western Pennsylvania municipalities and nonprofits to deliver pro-bono technical assistance on environmental assessments, green infrastructure, and site reuse planning. Through formal partnerships and course-based/capstone teams, the Center supports data collection, remediation concept development, and grant writing for legacy industrial properties. Projects often pair students and researchers with local NGOs to monitor conditions and d...",University and NGO Partnerships for Technical Support,Contaminated Industrial Brownfields,"The Pennsylvania State University, Penn State Center — Pittsburgh","1435 Bedford Avenue, Suite A, Pittsburgh, PA 15219",https://pittsburgh.psu.edu,pittsburgh@psu.edu,
PennFuture Legal Program,"PennFuture’s legal team, based in part in Pittsburgh, litigates under state and federal environmental laws to force responsible parties to remediate contamination and comply with permits, and to challenge unlawful or inadequate permits across Western Pennsylvania. They partner with communities to track agency enforcement, prepare comments and appeals, and help residents pursue claims and remedies related to pollution-driven health impacts and property damage.",Legal Assistance and Responsible-Party Accountability,Contaminated Industrial Brownfields,Citizens for Pennsylvania’s Future (PennFuture),"200 First Avenue, Suite 200, Pittsburgh, PA 15222",https://www.pennfuture.org,info@pennfuture.org,
Pennsylvania Libations (Strip District),"Pennsylvania Libations operates a retail and e-commerce marketplace that aggregates products from dozens of Pennsylvania craft producers, centralizing inventory, packaging, and shipping from a single hub in the Strip District. Customers can order online for local pickup or shipping, allowing small producers to leverage shared logistics and consolidated fulfillment. This model expands market access for rural and small-batch makers, reducing distance and transportation barriers to regional cust...",Micro-Logistics & Local Marketplace,Geographic Isolation from Economic Opportunity Centers,Pennsylvania Libations,"2103 Penn Avenue, Pittsburgh, PA 15222",https://www.pennsylvanialibations.com,info@pennsylvanialibations.com,
Pennsylvania Region 13 Task Force,"Region 13 is a 13-county partnership in Southwestern Pennsylvania that pools emergency response resources, specialized equipment, and training across jurisdictions. By coordinating mutual aid agreements and conducting regional procurement of interoperable communications, protective gear, and incident management assets, the initiative reduces per-municipality costs and strengthens service capacity for police, fire, and EMS.",Regional Shared Services Initiative,Failing Infrastructure and Municipal Services,Region 13 Task Force (hosted by Allegheny County Emergency Services),"150 Hookstown Grade Road, Coraopolis, PA 15108",https://www.pa-region13.org,,
Pittsburgh Brownfields Revolving Loan Fund (RLF),"Administered by the URA, the RLF provides loans and subgrants to clean up contaminated former industrial and commercial sites so they can be reused. Projects typically must bring local cost share, and the URA structures deals so neighborhood fundraising, corporate sponsorships, and local business contributions count as the seed match that qualifies projects for larger state and federal remediation and redevelopment grants (e.g., EPA Brownfields, PA DCED ISRP, RACP). By channeling community-ra...",Local Fundraising and Matching Grant Campaigns,Contaminated Industrial Brownfields,Urban Redevelopment Authority of Pittsburgh,"412 Boulevard of the Allies, Pittsburgh, PA 15219",https://www.ura.org/pages/brownfields,info@ura.org,
"Pittsburgh Collaboratory for Water Research, Education, and Outreach","The University of Pittsburgh’s Water Collaboratory partners with watershed groups, municipalities, and NGOs to design and implement pro-bono water quality monitoring and site assessment projects across Western Pennsylvania’s post-industrial river corridors. Faculty and student teams support grant writing, deploy sensors, analyze data on legacy pollutants (e.g., mine drainage and industrial runoff), and translate findings into remediation and restoration strategies that enable brownfield reuse.",University and NGO Partnerships for Technical Support,Contaminated Industrial Brownfields,University of Pittsburgh,"4107 O'Hara Street, Pittsburgh, PA 15260",https://www.water.pitt.edu,,
Pittsburgh Community Emergency Response Team (CERT),"Pittsburgh CERT trains neighborhood volunteers in fire safety and extinguisher use, disaster medical operations, light search and rescue, damage assessment, and basic communications so residents can help stabilize situations until professional responders arrive. Teams are organized and activated through the City’s Office of Emergency Management & Homeland Security (OEMHS), integrating volunteers into the city’s incident command structure for storm response, welfare checks, debris clearing, an...",Mutual Aid and Neighborhood Emergency Teams,Failing Infrastructure and Municipal Services,City of Pittsburgh Office of Emergency Management & Homeland Security,"200 Ross Street, Pittsburgh, PA 15219",https://pittsburghpa.gov/oemhs,oemhs@pittsburghpa.gov,
Pittsburgh International Airport Microgrid and Solar Farm,"The Allegheny County Airport Authority partnered with private entities to develop a microgrid that includes a utility-scale solar array on airport property, showcasing municipally led clean energy on previously disturbed land. The project lowers energy costs and provides resilient on-site generation that supports ongoing operations and maintenance, offering a model for public authorities to leverage solar for long-term fiscal stability and community benefit.",Community-Owned Renewable Energy Projects,Contaminated Industrial Brownfields,Allegheny County Airport Authority,"1000 Airport Boulevard, Pittsburgh, PA 15231",https://flypittsburgh.com/environmental-sustainability/,info@flypittsburgh.com,
Pittsburgh Job Corps Center – Carpentry and Facilities Maintenance,"Pittsburgh Job Corps Center offers tuition-free training in carpentry and facilities maintenance, pairing classroom instruction with hands-on practice through community service and partner-led rehabilitation projects. Participants learn framing, finishing, basic masonry, and building maintenance—skills directly applicable to bringing vacant or distressed properties back to productive use. Graduates transition into entry-level jobs and apprenticeships, increasing the local labor pool for prope...",Community Rehabilitation Cooperative / Apprenticeship,Deteriorated Housing Stock and Property Abandonment,Pittsburgh Job Corps Center (U.S. Department of Labor),"7175 Highland Drive, Pittsburgh, PA 15206",https://pittsburgh.jobcorps.gov,,
Pittsburgh Land Bank,"The Pittsburgh Land Bank acquires tax-delinquent and vacant properties within the City, clears titles, and assembles and conveys parcels for reuse guided by adopted disposition policies. It prioritizes community-benefit outcomes such as affordable housing, side yards, urban agriculture, and space for small businesses, and enables neighborhood groups to nominate target properties. The land bank’s board includes community representation and it partners with the Urban Redevelopment Authority and...",Community Land Bank,Deteriorated Housing Stock and Property Abandonment,Pittsburgh Land Bank (administered by the Urban Redevelopment Authority of Pittsburgh),"412 Boulevard of the Allies, Pittsburgh, PA 15219",https://www.ura.org/pages/pittsburgh-land-bank,,
Pittsburgh Land Bank,"The Pittsburgh Land Bank acquires tax-delinquent and vacant properties, clears titles, and assembles parcels to return them to productive community use. Its disposition policies prioritize outcomes like affordable housing development, community gardens, side yards, and space for small businesses, aligning directly with land bank best practices. Community members and neighborhood stakeholders participate in governance and deal selection to ensure reuse decisions reflect local priorities.",Community Land Bank,Deteriorated Housing Stock and Property Abandonment,Pittsburgh Land Bank,"412 Boulevard of the Allies, Suite 901, Pittsburgh, PA 15219",https://pghlandbank.org,info@pghlandbank.org,
Pittsburgh LandCare,"Pittsburgh LandCare stabilizes and maintains thousands of post-demolition and tax-delinquent vacant lots by mowing, litter removal, tree planting, and installing low-maintenance landscaping. Working with residents, they organize cleanup and planting days that prepare lots for community gardens or future development while reducing blight and safety hazards. Their approach emphasizes safe debris handling and ongoing green stewardship so sites remain clean and cared for.",Community-Driven Demolition and Green Disposal,Deteriorated Housing Stock and Property Abandonment,Western Pennsylvania Conservancy,"800 Waterfront Drive, Pittsburgh, PA 15222",https://waterlandlife.org/our-work/trees-parks-gardens/pittsburgh-landcare/,info@paconserve.org,
Pittsburgh LandCare,"Western Pennsylvania Conservancy’s Pittsburgh LandCare program maintains thousands of vacant lots created by demolition, providing regular cleanup, debris removal, mowing, and plantings to keep sites clean and safe. Working with community partners and volunteers, LandCare stabilizes lots with native vegetation and simple landscape treatments, reducing blight and hazards while preparing properties for gardens or future development.",Community-Driven Demolition and Green Disposal,Deteriorated Housing Stock and Property Abandonment,Western Pennsylvania Conservancy,"800 Waterfront Drive, Pittsburgh, PA 15222",https://waterlandlife.org/our-work/community-greening/,info@paconserve.org,
Pittsburgh LandCare Program,"The Pittsburgh LandCare Program stabilizes and greens abandoned and tax-delinquent lots across city neighborhoods by grading, planting trees and native grasses, and maintaining them as attractive community assets. Many sites incorporate green infrastructure elements—like bioswales and meadows—that soak up stormwater, reduce runoff, and lower long-term maintenance costs. The program partners with local crews and volunteers for ongoing care, improving safety and aesthetics while creating paid m...",Green Infrastructure and Urban Agriculture Conversion,Deteriorated Housing Stock and Property Abandonment,Western Pennsylvania Conservancy,"800 Waterfront Drive, Pittsburgh, PA 15222",https://www.waterlandlife.org,info@paconserve.org,
Pittsburgh Parking Authority EV Charging and Car-Share Spaces,"The Pittsburgh Parking Authority operates EV charging stations in public garages and lots located in and around major employment districts and along key transit corridors. It also reserves and manages dedicated car-share parking spaces so providers can stage vehicles where demand is highest, making it easier for members to access shared electric vehicles and charge them near transit hubs and job centers.",Community EV Car-Share and Charging Stations,Geographic Isolation from Economic Opportunity Centers,Pittsburgh Parking Authority,"232 Boulevard of the Allies, Pittsburgh, PA 15222",https://pittsburghparking.com/electric-vehicle-charging,info@pittsburghparking.com,
Pittsburgh Technology Council Job Fairs and Virtual Tech Hiring Events,"The Pittsburgh Technology Council hosts regional hiring events, including virtual career fairs with employer booths focused on tech, digital, and remote-capable roles. By convening local companies and remote-ready employers on accessible platforms, the program helps Western Pennsylvania residents find jobs without commuting long distances and supports participation in the digital economy. These events also build relationships between jobseekers, firms, and support organizations that strengthe...","Skill-Sharing, Timebanking, and Local Hiring Fairs",Geographic Isolation from Economic Opportunity Centers,Pittsburgh Technology Council,"100 South Commons, Suite 100, Pittsburgh, PA 15212",https://www.pghtech.org,info@pghtech.org,
Pittsburgh Water Collaboratory,"The Pittsburgh Water Collaboratory builds partnerships between University of Pittsburgh researchers, NGOs, and municipalities to co-produce water quality data and applied research for legacy pollution challenges. It offers student fellows and faculty expertise for pro-bono monitoring, data analysis, and decision-support on projects such as AMD treatment, green infrastructure, and watershed restoration. The Collaboratory also convenes partners to identify funding opportunities and supports gra...",University and NGO Partnerships for Technical Support,Contaminated Industrial Brownfields,University of Pittsburgh,"4200 Fifth Avenue, Pittsburgh, PA 15260",https://www.water.pitt.edu,watercollaboratory@pitt.edu,
Pittsburghers for Public Transit (PPT),"Pittsburghers for Public Transit is a rider- and worker-led coalition that formally partners with ATU Local 85, congregations, disability advocates, neighborhood associations, and civic groups to win better, safer, and more equitable transit. Through joint campaigns, rider-union canvasses, and church- and community-hosted assemblies, PPT builds face-to-face, locally rooted relationships that advance shared priorities like access to jobs, public health, and community safety. This union-communi...",Advocacy & Regional Transit Coalition,Geographic Isolation from Economic Opportunity Centers,Pittsburghers for Public Transit,"5119 Penn Avenue, Pittsburgh, PA 15224",https://www.pittsburghforpublictransit.org,info@pittsburghforpublictransit.org,
Property Condition Survey & Reporting,"Our West Bayfront conducts a recurring property condition survey that builds a community-managed inventory of vacant and blighted parcels in Erie’s West Bayfront neighborhoods. Volunteers and staff map hazards and document ownership and code issues, and the data are shared with the City of Erie, the Erie Land Bank, and public safety partners to target enforcement, stabilization, and reuse.",Vacancy Registry and Monitoring Program,Deteriorated Housing Stock and Property Abandonment,Our West Bayfront,"404 W 8th Street, Erie, PA 16502",https://ourwestbayfront.org,info@ourwestbayfront.org,
Property Stabilization & Vacant Property Strategy,"Hilltop Alliance catalogs vacant structures and lots in Beltzhoover, Knoxville, and other Hilltop neighborhoods through ongoing block-by-block surveys with residents. The organization maintains a database and maps of conditions and ownership, and shares them with city inspectors and partner agencies to prioritize nuisance abatement, demolition, stabilization, or reuse.",Vacancy Registry and Monitoring Program,Deteriorated Housing Stock and Property Abandonment,Hilltop Alliance,"831 E Warrington Avenue, Pittsburgh, PA 15210",https://www.pghhilltopalliance.org,info@pghhilltopalliance.org,
Property Stabilization Program,"Hilltop Alliance convenes residents, block clubs, churches, and businesses to identify nuisance and vacant properties, coordinate with City code enforcement and Zone police, and organize recurring block cleanups. Through its Clean & Green work and seasonal youth employment crews, the program cuts high weeds, removes dumping, and helps get open vacant structures temporarily secured in partnership with property owners and City departments—reducing safety hazards and discouraging criminal activity.",Targeted Property Tax Relief and Advocacy,Deteriorated Housing Stock and Property Abandonment,Hilltop Alliance,"831 E Warrington Avenue, Pittsburgh, PA 15210",https://www.pghhilltopalliance.org,info@pghhilltopalliance.org,
Property Stabilization Program,"Hilltop Alliance convenes residents, block clubs, churches, and businesses to identify nuisance and vacant properties, coordinate with City code enforcement and Zone police, and organize recurring block cleanups. Through its Clean & Green work and seasonal youth employment crews, the program cuts high weeds, removes dumping, and helps get open vacant structures temporarily secured in partnership with property owners and City departments—reducing safety hazards and discouraging criminal activity.",Neighborhood Stabilization Task Force,Deteriorated Housing Stock and Property Abandonment,Hilltop Alliance,"831 E Warrington Avenue, Pittsburgh, PA 15210",https://www.pghhilltopalliance.org,info@pghhilltopalliance.org,
Property Stabilization Program,"Hilltop Alliance runs a Property Stabilization Program that organizes block-by-block surveys of vacant and blighted properties across South Pittsburgh neighborhoods and maintains a database of conditions and ownership. Volunteers and community partners document hazards, map locations, and track absentee owners; the data is regularly shared with city code enforcement and allied agencies to prioritize inspections, stabilization, conservatorship, or acquisition. This resident-driven monitoring s...",Vacancy Registry and Monitoring Program,Deteriorated Housing Stock and Property Abandonment,Hilltop Alliance,"831 East Warrington Avenue, Pittsburgh, PA 15210",https://pghhilltopalliance.org,info@pghhilltopalliance.org,
Property Stabilization Program,"Operation Better Block maintains a parcel-level registry of vacant and problem properties in Homewood through regular volunteer and staff field surveys. The team researches ownership and code histories, maps hazards, and coordinates reports with the City of Pittsburgh and land banks to target code enforcement, stabilization, and strategic acquisition.",Vacancy Registry and Monitoring Program,Deteriorated Housing Stock and Property Abandonment,"Operation Better Block, Inc.","801 N Homewood Avenue, Pittsburgh, PA 15208",https://www.obbinc.org,info@obbinc.org,
Property Tax Assistance Program,"This program helps homeowners access property tax relief tools (e.g., Homestead, senior/freeze programs, and abatement/appeal pathways) and prepares documentation to support rehabilitation-related appeals. Bloomfield Development Corporation also organizes residents to share testimonies and data with local officials to advocate for targeted abatements and policies that make rehabilitation of low-value properties economically viable.",Targeted Property Tax Relief and Advocacy,Deteriorated Housing Stock and Property Abandonment,Bloomfield Development Corporation,"4905 Liberty Avenue, Pittsburgh, PA 15224",https://bloomfieldpgh.org,info@bloomfieldpgh.org,
Property Tax Relief Clinics and Advocacy,"Lawrenceville United runs ongoing property tax relief clinics and neighborhood advocacy to stabilize long-time residents and small property owners as they improve and rehabilitate homes. The initiative helps owners apply for abatements and exemptions, organizes resident testimony and data to press local officials for reforms to tax relief and abatement policies that support low-value rehabs, and supports appeals to align assessments with market realities. This combination of assistance and po...",Targeted Property Tax Relief and Advocacy,Deteriorated Housing Stock and Property Abandonment,Lawrenceville United,"4615 Plummer Street, Pittsburgh, PA 15201",https://www.lunited.org,info@lunited.org,
Prototype PGH Skill-Sharing Workshops and Community Skill Swaps,"Prototype PGH hosts peer-led classes, tool trainings, and periodic skill-swap events where neighbors teach, learn, and exchange skills, effectively circulating services and building local social capital. The space provides affordable access to tools and collaborative problem-solving, enabling residents to share capabilities like repairs, making, and tech skills that support everyday needs. This community-centered skill-sharing aligns with timebank-style exchanges by emphasizing mutual support...","Skill-Sharing, Timebanking, and Local Hiring Fairs",Geographic Isolation from Economic Opportunity Centers,Prototype PGH,"460 Melwood Avenue, Pittsburgh, PA 15213",https://www.prototypepgh.org,info@prototypepgh.org,
Public Participation Panels for TIP Development,"The Southwestern Pennsylvania Commission (SPC), the region’s Metropolitan Planning Organization, hosts county-based Public Participation Panels where residents, local officials, and engineers review and help prioritize maintenance and safety projects for the Transportation Improvement Program (TIP). Projects are evaluated using criteria that include asset condition, safety, equity, and economic impact, and SPC documents public feedback and prioritization outcomes. The result is a transparent,...",Maintenance Prioritization and Equity Workshops,Failing Infrastructure and Municipal Services,Southwestern Pennsylvania Commission,"112 Washington Place, Suite 500, Pittsburgh, PA 15219",https://www.spcregion.org,spc@spcregion.org,
Public Safety & Housing Committee and Community Clean-Ups,"Lawrenceville United convenes residents, clergy, and business owners through its Public Safety & Housing Committee and block watches to coordinate with the Pittsburgh Bureau of Police and PLI on problem properties. The group organizes recurring neighborhood cleanups, alley sweeps, and debris removal days, and works with partners to facilitate temporary board-ups and other securing measures for open-to-trespass structures to mitigate hazards and reduce opportunities for criminal activity.",Neighborhood Stabilization Task Force,Deteriorated Housing Stock and Property Abandonment,Lawrenceville United,"5154 Butler Street, Pittsburgh, PA 15201",https://www.lunited.org,info@lunited.org,
REA Energy Cooperative,"REA Energy Cooperative is a not-for-profit, member-owned electric utility serving Indiana, Cambria, and neighboring counties in Western Pennsylvania. The cooperative’s democratic governance and patronage capital structure enable steady local reinvestment in line maintenance, system upgrades, and reliability improvements, helping to stabilize rates over the long term. By keeping ownership and oversight in the hands of members, REA Energy increases transparency and responsiveness to community p...",Local Utility Cooperative Development,Failing Infrastructure and Municipal Services,"REA Energy Cooperative, Inc.","75 Airport Road, Indiana, PA 15701",https://www.reaenergy.com,,
"REA Energy Cooperative, Inc.","REA Energy Cooperative provides electricity to homes and businesses in Indiana, Cambria, and surrounding counties through a democratically governed, member-owned utility. Its cooperative model returns margins to members as capital credits and channels funds into local system upgrades and vegetation management, which stabilizes rates and enhances reliability. By giving residents a direct voice in decisions, REA Energy improves trust and responsiveness in essential energy services.",Local Utility Cooperative Development,Failing Infrastructure and Municipal Services,"REA Energy Cooperative, Inc.","75 Airport Road, Indiana, PA 15701",https://www.reaenergy.com,,
Radiant Hall Artist Studios,"Radiant Hall operates affordable artist studio spaces in repurposed commercial/industrial buildings, including its Lawrenceville location, to keep creative workspaces accessible. By managing long-term leases, subsidizing rents, and hosting open studios and public events, Radiant Hall supports local artists as micro-entrepreneurs while bringing foot traffic and activity back to neighborhood corridors.",Adaptive Reuse for Local Entrepreneurs and Makers,Deteriorated Housing Stock and Property Abandonment,Radiant Hall,"4514 Plummer Street, Pittsburgh, PA 15201",https://www.radianthall.org,info@radianthall.org,
Radiant Hall Artist Studios and Open Studios,"Radiant Hall converts underutilized building floors into affordable, long-term artist studio space and hosts open studios and exhibitions that welcome the public. By establishing consistent creative activity within previously underused properties, they prevent blight, attract visitors, and create pathways for sustained reuse in surrounding neighborhoods.",Arts and Culture Revitalization Initiative,Deteriorated Housing Stock and Property Abandonment,Radiant Hall,"4514 Plummer Street, Pittsburgh, PA 15201",https://www.radianthall.org,info@radianthall.org,
Radiant Hall Lawrenceville Studios,"Radiant Hall adapts underutilized and former industrial buildings into working artist studios and hosts open studios and exhibitions that invite the public in. By maintaining an active community of artists and regular cultural programming at this site, the initiative brings life to previously idle space and helps shift market perceptions toward rehabilitation and reuse.",Arts and Culture Revitalization Initiative,Deteriorated Housing Stock and Property Abandonment,Radiant Hall,"4514 Plummer Street, Pittsburgh, PA 15201",https://www.radianthall.org,info@radianthall.org,
Rain Gardens & Rain Barrels Program,"Environment Erie coordinates volunteer-built rain gardens at schools, municipal sites, and community spaces, and runs workshops that help residents install rain barrels and native plantings at home. These low-cost interventions reduce polluted runoff to local waterways and ease the burden on aging stormwater systems while providing hands-on education and long-term stewardship support.",Green Infrastructure and Low-cost Stormwater Projects,Failing Infrastructure and Municipal Services,Environment Erie,"301 Peninsula Drive, Suite 3, Erie, PA 16505",https://www.environmenterie.org,info@environmenterie.org,
ReClaim,"Grounded Strategies’ ReClaim program equips residents to transform vacant lots into community gardens, play spaces, and other neighborhood amenities through mini-grants, materials, training, and coordinated workdays. By organizing clean‑ups, planting, and ongoing maintenance with local stewards, ReClaim creates visible, sustained investments that build social ties and neighborhood pride.",Safe Urban Agriculture with Soil Management,Contaminated Industrial Brownfields,Grounded Strategies,"6587 Hamilton Avenue, Pittsburgh, PA 15206",https://groundedpgh.org,info@groundedpgh.org,
ReClaim Ambassador Program,"Grounded Strategies’ ReClaim Ambassador Program develops neighborhood ambassadors who steward vacant lots and act as hyper-local connectors on their blocks. Ambassadors distribute resources, convene small workdays and gatherings, and relay resident priorities to Grounded and local government, sustaining ongoing, block-level communication and engagement across Western Pennsylvania communities.",Neighborhood Stabilization Task Force,Deteriorated Housing Stock and Property Abandonment,Grounded Strategies,"6587 Hamilton Ave #1W, Pittsburgh, PA 15206",https://groundedpgh.org,info@groundedpgh.org,
ReClaim Ambassador Program,"Grounded Strategies’ ReClaim Ambassador Program develops neighborhood ambassadors who steward vacant lots and act as hyper-local connectors on their blocks. Ambassadors distribute resources, convene small workdays and gatherings, and relay resident priorities to Grounded and local government, sustaining ongoing, block-level communication and engagement across Western Pennsylvania communities.",Community-led Brownfields Assessment Advocacy,Contaminated Industrial Brownfields,Grounded Strategies,"6587 Hamilton Ave #1W, Pittsburgh, PA 15206",https://groundedpgh.org,info@groundedpgh.org,
ReClaim Program,"Grounded Strategies’ ReClaim Program partners with residents to transform vacant and potentially contaminated properties into interim community assets such as pocket parks, outdoor classrooms, murals, and seasonal markets. Projects employ clean fill, raised planters, mulch caps, and modular amenities designed to be reversible and non-invasive, allowing safe public use while environmental assessment and remediation proceed. The program also trains local stewards to maintain these spaces and tr...",Community-Driven Demolition and Green Disposal,Deteriorated Housing Stock and Property Abandonment,Grounded Strategies,"6587 Hamilton Avenue, Pittsburgh, PA 15206",https://groundedpgh.org,info@groundedpgh.org,
ReClaim Program,"Grounded Strategies’ ReClaim Program partners with residents to transform vacant and potentially contaminated properties into interim community assets such as pocket parks, outdoor classrooms, murals, and seasonal markets. Projects employ clean fill, raised planters, mulch caps, and modular amenities designed to be reversible and non-invasive, allowing safe public use while environmental assessment and remediation proceed. The program also trains local stewards to maintain these spaces and tr...",University and NGO Partnerships for Technical Support,Contaminated Industrial Brownfields,Grounded Strategies,"6587 Hamilton Avenue, Pittsburgh, PA 15206",https://groundedpgh.org,info@groundedpgh.org,
ReClaim Program,"Grounded Strategies’ ReClaim Program partners with residents to transform vacant and potentially contaminated properties into interim community assets such as pocket parks, outdoor classrooms, murals, and seasonal markets. Projects employ clean fill, raised planters, mulch caps, and modular amenities designed to be reversible and non-invasive, allowing safe public use while environmental assessment and remediation proceed. The program also trains local stewards to maintain these spaces and tr...",Interim Safe Uses and Tactical Reuse,Contaminated Industrial Brownfields,Grounded Strategies,"6587 Hamilton Avenue, Pittsburgh, PA 15206",https://groundedpgh.org,info@groundedpgh.org,
Rebuilding Together Pittsburgh – Vetted Contractor Network and Workforce Pathways,"Rebuilding Together Pittsburgh delivers critical home repairs using a vetted pool of local contractors and supervised crews while partnering on workforce training pathways for residents entering the trades. The organization onboards and oversees contractors, tracks project quality and outcomes, and connects trainees who earn entry-level certifications to paid work on community repair projects. This approach keeps spending in local neighborhoods, ensures workmanship is monitored, and expands j...",Local Contractor Training and Registry,Failing Infrastructure and Municipal Services,Rebuilding Together Pittsburgh,"7800 Susquehanna Street, Suite 406, Pittsburgh, PA 15208",https://www.rtpittsburgh.org,info@rtpittsburgh.org,
Rebuilding Together Pittsburgh – Workforce Development & Construction Training,"Rebuilding Together Pittsburgh pairs home repair and rehab projects with paid construction training for local residents, giving trainees supervised, on-the-job experience while improving distressed housing. Cohorts learn carpentry, basic electrical and plumbing, and lead-safe work practices as they rehabilitate owner-occupied and formerly vacant properties, addressing blight and safety hazards. This model grows a local maintenance workforce and lowers project costs by integrating training lab...",Community Rehabilitation Cooperative / Apprenticeship,Deteriorated Housing Stock and Property Abandonment,Rebuilding Together Pittsburgh,"7800 Susquehanna Street, Pittsburgh, PA 15208",https://www.rebuildingtogetherpittsburgh.org,info@rtpittsburgh.org,
Rebuilding Together Pittsburgh – Workforce Training and Home Rehabilitation,"Rebuilding Together Pittsburgh (RTP) delivers critical home repairs and small-scale rehabilitations while employing and training emerging construction workers through on-the-job experience, AmeriCorps service, and workforce initiatives with local partners. Trainees gain carpentry, basic masonry, and lead-safe work practice skills by rehabilitating homes in disinvested neighborhoods, stabilizing properties that otherwise contribute to blight. This approach both develops a local talent pipeline...",Community Rehabilitation Cooperative / Apprenticeship,Deteriorated Housing Stock and Property Abandonment,Rebuilding Together Pittsburgh,"7800 Susquehanna Street, Pittsburgh, PA 15208",https://www.rtpittsburgh.org,info@rtpittsburgh.org,
Recruit-Train-Employ (RTE),"The Energy Innovation Center Institute’s RTE program recruits neighborhood residents and collaborates with trade unions and employers to deliver industry-recognized training in building operations, energy efficiency, and clean-energy technologies such as solar, EV charging, and building controls. Working with partners like IBEW, Steamfitters, Sheet Metal, and regional contractors, RTE places graduates on redevelopment and green building projects, creating a local pipeline for construction and...",Workforce Development and Transition Programs,Contaminated Industrial Brownfields,Energy Innovation Center Institute,"1435 Bedford Avenue, Pittsburgh, PA 15219",https://www.eicpgh.org,,
Regional Traffic Signal Program (RTSP),"The Southwestern Pennsylvania Commission’s RTSP organizes multi-municipal projects to modernize and maintain traffic signals, enabling neighboring municipalities to pool funding, consultants, and procurement for equipment and maintenance. Through shared bidding, standardized specifications, and joint signal retiming/maintenance agreements, the program lowers per‑capita costs while improving travel times, safety, and reliability across jurisdictions.",Regional Shared Services Initiative,Failing Infrastructure and Municipal Services,Southwestern Pennsylvania Commission,"112 Washington Place, Suite 500, Pittsburgh, PA 15219",https://www.spcregion.org,spc@spcregion.org,
Regional Water and Sewer Service,"The Municipal Authority of Westmoreland County delivers water and wastewater services across multiple municipalities, consolidating treatment plants, distribution systems, maintenance crews, and emergency response. This regional model leverages joint procurement and shared operations to stabilize rates, spread infrastructure costs, and maintain service levels for communities with limited tax bases.",Regional Shared Services Initiative,Failing Infrastructure and Municipal Services,Municipal Authority of Westmoreland County,"124 Park & Pool Road, New Stanton, PA 15672",https://www.mawc.org,customerservice@mawc.org,
Registered Plumber and Approved Contractor List,"Pittsburgh Water and Sewer Authority registers plumbers and prequalifies contractors for specific programs (e.g., lead service line replacements), offering technical standards, orientations, and compliance guidance. Its public lists of registered plumbers and approved contractors provide a vetted local pool for water infrastructure work, while PWSA’s inspections and performance monitoring ensure quality is tracked across projects.",Local Contractor Training and Registry,Failing Infrastructure and Municipal Services,Pittsburgh Water and Sewer Authority (PWSA),"1200 Penn Avenue, Pittsburgh, PA 15222",https://www.pgh2o.com,info@pgh2o.com,
Renaissance Block Challenge,"The Renaissance Block Challenge provides matching grants to clusters of homeowners who invest their own funds in exterior repairs, code compliance, and curb-appeal improvements on targeted blocks. Homeowner matches are combined with philanthropic and local partner dollars to leverage larger investments in stabilization, reducing blight and encouraging reinvestment across the neighborhood.",Local Match Programs to Leverage Public Funds,Deteriorated Housing Stock and Property Abandonment,Our West Bayfront,"404 West 8th Street, Erie, PA 16502",https://ourwestbayfront.org/programs/renaissance-block-challenge/,info@ourwestbayfront.org,
Residential Enhanced LERTA (City of Pittsburgh Residential Property Tax Abatement),"The City of Pittsburgh’s Residential Enhanced LERTA offers a multi-year, 100% property tax abatement on the value of residential improvements, directly reducing the tax burden that makes rehab of low-value homes uneconomical. Community groups and resident volunteers frequently use the program as a policy tool when advocating for reinvestment, pairing abatement eligibility with neighborhood-led rehab projects to close gaps between rehab costs and post-renovation values. By lowering operating c...",Targeted Property Tax Relief and Advocacy,Deteriorated Housing Stock and Property Abandonment,City of Pittsburgh Department of City Planning,"200 Ross Street, Pittsburgh, PA 15219",https://pittsburghpa.gov/dcp/abatements,planning@pittsburghpa.gov,
Residential Enhanced LERTA (RE LERTA),"The Residential Enhanced LERTA program provides a 10-year abatement on the increased assessed value resulting from residential rehabilitation or new construction within the City of Pittsburgh. By significantly reducing property tax burdens tied to improvements, it makes the economics of rehabbing low-value homes more viable for community groups and small-scale owners, directly aligning with targeted property tax relief to spur community-led rehab.",Targeted Property Tax Relief and Advocacy,Deteriorated Housing Stock and Property Abandonment,Urban Redevelopment Authority of Pittsburgh,"412 Boulevard of the Allies, Suite 901, Pittsburgh, PA 15219",https://www.ura.org/pages/residential-enhanced-lerta,info@ura.org,
Residential Enhanced LERTA (RE LERTA),"The City of Pittsburgh’s Residential Enhanced LERTA provides a 10-year abatement on the increase in property taxes resulting from qualifying residential rehabilitation or new construction. By reducing or eliminating the tax impact of improvements, it makes rehabbing low-value homes economically feasible for owners and community-led projects. Community organizations frequently reference and organize around RE LERTA when advocating for neighborhood-scale rehabilitation and anti-blight efforts.",Targeted Property Tax Relief and Advocacy,Deteriorated Housing Stock and Property Abandonment,City of Pittsburgh Department of Finance,"414 Grant Street, Pittsburgh, PA 15219",https://pittsburghpa.gov/finance/RELE.html,,
Residential Façade Improvement Program,"The Residential Façade Improvement Program provides matching grants to owner-occupants and small landlords in Pittsburgh’s Hilltop neighborhoods to stabilize and improve building exteriors (e.g., roofs, porches, windows, and masonry). These small grants are designed to stop visible decline, reduce blight, and catalyze additional investment by leveraging private match dollars and philanthropic support. The program targets disinvested blocks and prioritizes projects that improve curb appeal and...",Small Grants and Revolving Microloan Fund,Deteriorated Housing Stock and Property Abandonment,Hilltop Alliance,"831 East Warrington Avenue, Pittsburgh, PA 15210",https://www.pghhilltopalliance.org,info@pghhilltopalliance.org,
Rivers Casino Pittsburgh Community Benefits Agreement,"As a condition of approvals for redeveloping a former industrial riverfront site on the North Shore, Rivers Casino entered into a community benefits agreement with local government and community partners. The agreement includes commitments for local hiring and workforce outreach, sustained funding for neighborhood programs and public amenities along the riverfront, and ongoing contributions that function as long-term maintenance and improvement support tied to the project’s operations.",Community Benefit Agreements (CBAs),Contaminated Industrial Brownfields,Rivers Casino Pittsburgh,"777 Casino Drive, Pittsburgh, PA 15212",https://www.riverscasino.com/pittsburgh,,
Rivers of Steel Arts,"Rivers of Steel Arts transforms iconic industrial heritage sites—most notably the Carrie Blast Furnaces—into platforms for contemporary art, festivals, and metal arts workshops. By activating a previously abandoned mill complex with exhibitions, performances, and hands-on studios, the program draws regional and national visitors, catalyzes positive narratives around post-industrial places, and encourages investment in surrounding riverfront communities.",Arts and Culture Revitalization Initiative,Deteriorated Housing Stock and Property Abandonment,Rivers of Steel Heritage Corporation,"623 East 8th Avenue, Homestead, PA 15120",https://riversofsteel.com,info@riversofsteel.com,
Rivers of Steel Arts (RoSA),"Rivers of Steel Arts activates the Carrie Blast Furnaces brownfield with temporary public art installations, performances, and community events that utilize non-invasive staging, portable facilities, and reversible site features. These low-impact activations respect capped and stabilized areas while expanding safe public access and cultural programming during ongoing preservation and environmental management. The initiative reconnects communities to a legacy industrial site through tactical r...",Interim Safe Uses and Tactical Reuse,Contaminated Industrial Brownfields,Rivers of Steel,"623 E 8th Avenue, Homestead, PA 15120",https://riversofsteel.com,info@riversofsteel.com,
Rivers of Steel Arts at the Carrie Blast Furnaces,"Rivers of Steel Arts activates the remediated Carrie Blast Furnaces brownfield with seasonal tours, industrial arts workshops, murals, and festivals that use surface-level, non-invasive infrastructure. Programming creates temporary performance spaces and public art installations that respect environmental and historic constraints while larger planning and site improvements continue. This approach opens portions of a legacy steel site to the public safely during the long arc of remediation and...",Interim Safe Uses and Tactical Reuse,Contaminated Industrial Brownfields,Rivers of Steel Heritage Corporation,"623 East 8th Avenue, Homestead, PA 15120",https://riversofsteel.com/visit/carrie-blast-furnaces/,info@riversofsteel.com,
Road Safety Audit Program,"The Southwestern Pennsylvania Commission convenes multidisciplinary teams—often including local officials, engineers, and community volunteers—to conduct on-the-ground corridor audits of roads and intersections across the region. Participants systematically document crash patterns, signage, crossings, lighting, and pedestrian and bicycle conditions, generating a public audit report and inventory of issues. The findings produce prioritized recommendations that municipalities use to target repa...",Community Infrastructure Audit and Asset Inventory,Failing Infrastructure and Municipal Services,Southwestern Pennsylvania Commission,"112 Washington Place, Suite 400, Pittsburgh, PA 15219",https://www.spcregion.org,spc@spcregion.org,
Road To Recovery,"Road To Recovery mobilizes trained, background-checked volunteer drivers to provide free rides for people with cancer to and from treatment appointments across Western Pennsylvania. Local coordination recruits and schedules volunteers, removing transportation cost barriers and ensuring timely access to medically necessary care.",Volunteer Driver & Ride-Share Network,Geographic Isolation from Economic Opportunity Centers,American Cancer Society,"320 Bilmar Drive, Pittsburgh, PA 15205",https://www.cancer.org/treatment/support-programs-and-services/road-to-recovery.html,,
SPC Public Participation Panels,"The Southwestern Pennsylvania Commission’s Public Participation Panels are county-based groups of residents and stakeholders who collect and relay local commuting needs into the region’s Long-Range Plan and Transportation Improvement Program. The Panels host public meetings and hearings, compile comments and petitions, and work with SPC staff to map gaps in access to jobs and services, channeling those priorities to county governments and regional transit agencies. This coordinated advocacy h...",Advocacy & Regional Transit Coalition,Geographic Isolation from Economic Opportunity Centers,Southwestern Pennsylvania Commission,"Two Chatham Center, Suite 500, 112 Washington Place, Pittsburgh, PA 15219",https://www.spcregion.org,comments@spcregion.org,
SPC Regional Broadband & Connectivity Program,"The Southwestern Pennsylvania Commission convenes counties and municipalities to map underserved areas, aggregate community demand, and develop regional grant applications to state and federal broadband programs. By coordinating multi‑county partnerships and negotiating shared middle‑mile infrastructure with providers and public entities, SPC helps reduce deployment costs and expand affordable, reliable broadband across Western Pennsylvania’s deindustrialized communities.",Community Broadband Cooperative,Geographic Isolation from Economic Opportunity Centers,Southwestern Pennsylvania Commission,"112 Washington Place, Suite 500, Pittsburgh, PA 15219",https://www.spcregion.org,spc@spcregion.org,
SPC Transportation Improvement Program (TIP) Project Viewer,"The Southwestern Pennsylvania Commission’s TIP Project Viewer is a public dashboard that maps transportation projects throughout the 10-county region, including Allegheny and neighboring Western Pennsylvania counties. It shows project scopes, phase schedules, and multi-year budgets/funding so residents can track timelines from planning through construction and see how regional transportation dollars are allocated.",Public Infrastructure Transparency Dashboard,Failing Infrastructure and Municipal Services,Southwestern Pennsylvania Commission,"Two Chatham Center, Suite 500, 112 Washington Place, Pittsburgh, PA 15219",https://gis.spcregion.org/tipviewer/,spc@spcregion.org,
Safe and Healthy Homes & Workforce Development,"Rebuilding Together Pittsburgh mobilizes skilled volunteers—often retired tradespeople—and community partners to deliver free critical home repairs for low-income homeowners across Allegheny County. Alongside these volunteer crews, RTP operates paid construction training opportunities where trainees work on real repair projects under the mentorship of experienced trades staff and volunteers, building pathways into union apprenticeships and long-term trades careers. This pairing of a volunteer...",Volunteer Maintenance Corps and Apprenticeships,Failing Infrastructure and Municipal Services,Rebuilding Together Pittsburgh,"7800 Susquehanna Street, Pittsburgh, PA 15208",https://www.rtpittsburgh.org,info@rtpittsburgh.org,
Safe and Healthy Homes Program,"ACTION-Housing’s Safe and Healthy Homes Program conducts in-home environmental assessments to identify lead hazards and asthma triggers, provides remediation and repairs, and links families with clinical partners for testing and follow-up. The program collaborates with local health departments and community organizations to host outreach events and coordinate services, implementing environmental screenings and reducing exposure risks that drive respiratory disease and developmental issues.",Community Health Screenings and Environmental Clinics,Contaminated Industrial Brownfields,"ACTION-Housing, Inc.","611 William Penn Place, Suite 800, Pittsburgh, PA 15219",https://actionhousing.org,info@actionhousing.org,
Shenango Reimagined,"Shenango Reimagined is a community-driven effort focused on the former Shenango Coke Works site on Neville Island, engaging residents and nearby communities to identify concerns and advocate for brownfields assessment and cleanup resources. RiverWise hosts listening sessions and public forums to prioritize site needs, and partners with New Sun Rising and Carnegie Mellon University’s CREATE Lab to conduct monitoring, develop site inventories, and communicate health risks to guide government ac...",Community-led Brownfields Assessment Advocacy,Contaminated Industrial Brownfields,RiverWise,"1225 Merchant Street, Ambridge, PA 15003",https://www.shenangoreimagined.org,info@riverwise.org,
Slippery Rock Watershed Coalition Volunteer Monitoring,"The Slippery Rock Watershed Coalition coordinates volunteers to collect routine water quality data at streams and treatment systems impacted by abandoned mine drainage throughout the Slippery Rock Creek basin. Trained community monitors gather field and lab measurements that are posted publicly (e.g., via Datashed) and used to inform restoration, alert partners, and escalate pollution concerns to agencies like PA DEP—building local capacity to detect and respond to contamination.",Citizen Water Monitoring Network,Failing Infrastructure and Municipal Services,Stream Restoration Incorporated (coordinator for Slippery Rock Watershed Coalition),"3016 Unionville Road, Suite 160, Cranberry Township, PA 16066",https://www.streamrestorationinc.org,sri@streamrestorationinc.org,
Slippery Rock Watershed Coalition Volunteer Monitoring Program,"Coordinated by Stream Restoration Inc., the Slippery Rock Watershed Coalition trains local residents to sample abandoned mine drainage discharges and passive treatment systems on a routine schedule. Volunteers’ data are posted publicly on the Datashed platform and used to flag system failures or new pollution, which the coalition and partners then escalate to PA DEP and local authorities for corrective action.",Citizen Water Monitoring Network,Failing Infrastructure and Municipal Services,Stream Restoration Inc. (Coordinator for the Slippery Rock Watershed Coalition),"3016 Unionville Road, Cranberry Township, PA 16066",https://www.streamrestorationinc.org,sri@streamrestorationinc.org,
Small Landlord Fund,"The Small Landlord Fund provides low-interest, flexible rehabilitation financing to owners of small rental properties to complete code, systems, and exterior repairs while keeping rents affordable. Because it is structured as a recoverable loan, repayments revolve back into the fund to finance additional projects, creating an ongoing microloan pool. The program prioritizes improvements in disinvested neighborhoods and can be layered with public subsidies and grants to close repair gaps, direc...",Small Grants and Revolving Microloan Fund,Deteriorated Housing Stock and Property Abandonment,Urban Redevelopment Authority of Pittsburgh (URA),"412 Boulevard of the Allies, Suite 901, Pittsburgh, PA 15219",https://www.ura.org/pages/small-landlord-fund,info@ura.org,
Smell Pittsburgh,"Smell Pittsburgh is a citizen science mobile and web app that enables residents to submit real-time odor and symptom reports, which are mapped and visualized alongside regional air quality data. The platform pushes notifications to users during odor spikes and automatically forwards reports to the Allegheny County Health Department, creating a public reporting channel that alerts residents and authorities when conditions are concerning.",Citizen Science Air and Water Quality Alerts,Contaminated Industrial Brownfields,Carnegie Mellon University CREATE Lab,"5000 Forbes Avenue, Pittsburgh, PA 15213",https://www.smellpgh.org,info@cmucreatelab.org,
Smell Pittsburgh,"Smell Pittsburgh is a citizen-science air quality reporting and alert app that enables residents to submit odor and pollution reports that are time- and geo-tagged, which are automatically forwarded to local health authorities. The platform visualizes community reports alongside air sensor data and sends push notifications to users when clusters of complaints or elevated readings indicate potential health risks. This creates a community-run, real-time alert and reporting channel that elevates...",Citizen Science Air and Water Quality Alerts,Contaminated Industrial Brownfields,Carnegie Mellon University CREATE Lab,"5000 Forbes Avenue, Pittsburgh, PA 15213",https://smellpgh.org,smellpgh@andrew.cmu.edu,
Smell Pittsburgh,"Smell Pittsburgh is a community-driven air quality reporting and alert platform that lets residents submit odor reports, which are mapped in real time and automatically shared with the Allegheny County Health Department. The platform integrates low-cost air sensor data and crowdsourced observations to identify pollution episodes and can notify users when clusters of high-intensity reports or adverse air readings occur. This creates a public, transparent alert and reporting channel that connec...",Citizen Science Air and Water Quality Alerts,Contaminated Industrial Brownfields,"Carnegie Mellon University, CREATE Lab","5000 Forbes Avenue, Pittsburgh, PA 15213",https://smellpgh.org,info@cmucreatelab.org,
Smell Pittsburgh,"Smell Pittsburgh is a citizen science app that trains and enables residents to log industrial odors and related symptoms, which are automatically mapped in real time and shared publicly. Reports are forwarded to local air regulators to support investigations, and CREATE Lab hosts community trainings and data analyses to build evidence for enforcement and cleanup in impacted neighborhoods.",Volunteer Environmental Monitoring Program,Contaminated Industrial Brownfields,Carnegie Mellon University CREATE Lab,"5000 Forbes Avenue, Pittsburgh, PA 15213",https://smellpittsburgh.org,,
Smoke Readers Program,"GASP trains volunteers to identify and document illegal industrial smoke emissions using EPA Method 9–based visual techniques and structured odor logs. Volunteers submit time-stamped observations, photos, and locations that GASP compiles, maps, and forwards to the Allegheny County Health Department to support investigations and enforcement, helping build evidence for remediation in legacy industrial communities.",Citizen Science Air and Water Quality Alerts,Contaminated Industrial Brownfields,Group Against Smog and Pollution (GASP),"1133 S Braddock Avenue, Suite 1A, Pittsburgh, PA 15218",https://gasp-pgh.org,info@gasp-pgh.org,
Smoke Readers Program,"GASP trains volunteers to identify and document illegal industrial smoke emissions using EPA Method 9–based visual techniques and structured odor logs. Volunteers submit time-stamped observations, photos, and locations that GASP compiles, maps, and forwards to the Allegheny County Health Department to support investigations and enforcement, helping build evidence for remediation in legacy industrial communities.",Volunteer Environmental Monitoring Program,Contaminated Industrial Brownfields,Group Against Smog and Pollution (GASP),"1133 S Braddock Avenue, Suite 1A, Pittsburgh, PA 15218",https://gasp-pgh.org,info@gasp-pgh.org,
Solar on City-Owned Property (Brownfields & Closed Landfills),"Pittsburgh’s Sustainability & Resilience team advances solar development on city-owned properties, including remediated brownfields and capped landfill sites, via public–private partnerships and power purchase agreements. These municipal projects are designed to cut energy costs, produce SRECs, and create durable revenue streams that can support site maintenance and community programs while turning formerly blighted parcels into productive clean energy assets.",Community-Owned Renewable Energy Projects,Contaminated Industrial Brownfields,City of Pittsburgh Department of City Planning – Sustainability & Resilience,"414 Grant Street, Pittsburgh, PA 15219",https://www.pittsburghpa.gov/sustainability/,sustainability@pittsburghpa.gov,
"Somerset Rural Electric Cooperative, Inc.","Somerset Rural Electric Cooperative supplies power to rural customers in Somerset and Bedford Counties through a democratically governed, member-owned model. The co-op returns capital credits to members and reinvests locally in line upgrades, maintenance, and reliability projects, helping stabilize rates and modernize essential infrastructure. Community ownership makes the utility more responsive to local needs and builds trust in essential services.",Local Utility Cooperative Development,Failing Infrastructure and Municipal Services,"Somerset Rural Electric Cooperative, Inc.","223 Industrial Park Road, Somerset, PA 15501",https://www.somersetrec.com,,
Southwest Corner WDB Regional Hiring Events,"The Southwest Corner Workforce Development Board organizes local hiring fairs and employer engagement events across Washington, Greene, and Beaver counties, with both in-person and virtual formats. These events feature employer booths and information sessions that connect rural residents to regional employers and remote-friendly opportunities without requiring long commutes. By coordinating with PA CareerLink sites, the Board lowers transportation barriers and broadens access to jobs and trai...","Skill-Sharing, Timebanking, and Local Hiring Fairs",Geographic Isolation from Economic Opportunity Centers,Southwest Corner Workforce Development Board,"351 West Beau Street, Suite 300, Washington, PA 15301",https://www.southwestcornerwdb.com,,
Southwestern Pennsylvania Region 13 Task Force,"Region 13 is a multi-county intergovernmental initiative that pools emergency services resources—specialized teams, equipment caches, training, and interoperable communications—across municipalities and counties in Southwestern Pennsylvania. Through coordinated mutual aid and joint procurement, it reduces per‑capita costs and strengthens response capabilities for police, fire, EMS, and emergency management agencies.",Regional Shared Services Initiative,Failing Infrastructure and Municipal Services,Allegheny County Emergency Services (Region 13 Task Force),"150 Hookstown Grade Road, Moon Township, PA 15108",https://www.alleghenycounty.us/emergency-services/oemhs/region-13.aspx,oemhs@alleghenycounty.us,
Spinning Plate Artist Lofts,"The Spinning Plate converted a vacant former commercial bakery into affordable, code-compliant live/work apartments for artists. By placing screened artist residents in long-term leases that emphasize studio practice and community presence, the building remains continuously occupied and cared for, which curbs vandalism and physical decline. The project demonstrates how artist live/work housing can stabilize and reuse obsolete buildings in legacy neighborhoods.",Property Guardianship and Live-Work Programs,Deteriorated Housing Stock and Property Abandonment,TREK Development Group,"5720 Friendship Avenue, Pittsburgh, PA 15206",https://www.trekdevelopment.com/properties/spinning-plate,info@trekdevelopment.com,
StormWorks,"StormWorks is UpstreamPgh’s green stormwater infrastructure program that designs and installs rain gardens, bioswales, and permeable surfaces at homes, schools, and community sites. The program mobilizes volunteers for planting days and stewardship, and offers rain barrels and technical assistance to help residents reduce runoff and combined sewer overflows while lowering long-term maintenance costs.",Green Infrastructure and Low-cost Stormwater Projects,Failing Infrastructure and Municipal Services,UpstreamPgh,"321 Pennwood Avenue, Wilkinsburg, PA 15221",https://upstreampgh.org/stormworks/,info@upstreampgh.org,
Stormwater and Green Infrastructure Community Prioritization,"PWSA conducts neighborhood and watershed-based planning sessions and online surveys where residents propose and rank green infrastructure concepts (e.g., rain gardens, permeable alleys, curbside bioswales) within fixed project budgets. Community-preferred concepts advance to design and construction, ensuring stormwater infrastructure investments are transparent and guided by resident voting and prioritization.",Participatory Budgeting for Infrastructure,Failing Infrastructure and Municipal Services,Pittsburgh Water and Sewer Authority,"1200 Penn Avenue, Pittsburgh, PA 15222",https://www.pgh2o.com/projects-maintenance/stormwater,info@pgh2o.com,
Stormwater and Green Infrastructure Community Workshops,"PWSA hosts watershed-based public workshops and advisory meetings where engineers and residents evaluate flooding, sewer overflow, and infrastructure condition data to prioritize stormwater and green infrastructure projects. Projects are ranked by safety and flood risk reduction, equity and environmental justice considerations, and neighborhood economic benefits, producing transparent priority lists incorporated into PWSA’s stormwater capital plans.",Maintenance Prioritization and Equity Workshops,Failing Infrastructure and Municipal Services,Pittsburgh Water and Sewer Authority (PWSA),"1200 Penn Avenue, Pittsburgh, PA 15222",https://www.pgh2o.com/stormwater,info@pgh2o.com,
Supplier Scouting & Supply Chain Services,"As the Southwestern Pennsylvania MEP Center, Catalyst Connection delivers supplier scouting and buyer–seller matchmaking to help OEMs, hospitals, universities, and other large buyers source from regional manufacturers. They host supply-chain events, map local capabilities, and create introductions that keep procurement dollars local, while also supporting apprenticeships and upskilling so residents can access quality jobs with participating employers.",Local Procurement & Employer Partnership Initiative,Geographic Isolation from Economic Opportunity Centers,Catalyst Connection,"4501 Lytle Street, Suite 301, Pittsburgh, PA 15207",https://www.catalystconnection.org,info@catalystconnection.org,
Supplier Scouting and Supply Chain Programs,"NWIRC’s supplier scouting services help manufacturers identify and qualify local vendors across Western and Northwestern Pennsylvania via the PA MEP and national MEP networks. The organization curates supplier directories, conducts buyer-supplier matchmaking, and hosts events that connect OEMs and prime contractors with nearby manufacturers—shortening supply chains and increasing regional procurement. NWIRC also advises on apprenticeship and upskilling partnerships with employers to strengthe...",Local Procurement & Employer Partnership Initiative,Geographic Isolation from Economic Opportunity Centers,Northwest Industrial Resource Center (NWIRC),"8425 Peach Street, Erie, PA 16509",https://nwirc.org,info@nwirc.org,
Taking Legal Action,"GASP’s Taking Legal Action program uses strategic legal advocacy to hold polluters accountable in Allegheny County and the broader Western Pennsylvania region. Staff attorneys monitor permits and enforcement by agencies, file legal appeals and citizen suits when necessary, and assist residents in submitting complaints and right-to-know requests—directly advancing responsible-party remediation and community claims related to air quality and health harms.",Legal Assistance and Responsible-Party Accountability,Contaminated Industrial Brownfields,Group Against Smog and Pollution (GASP),"1133 South Braddock Avenue, Suite 1A, Pittsburgh, PA 15218",https://gasp-pgh.org,info@gasp-pgh.org,
"Tech Equipment Lending (Laptops, Hotspots) and Outdoor Wi‑Fi","Carnegie Library of Pittsburgh lends Wi‑Fi hotspots and laptops/Chromebooks to cardholders and provides free Wi‑Fi that extends to library grounds and adjacent outdoor areas at many branches, creating accessible community connectivity hubs. The library also offers digital literacy classes and one‑on‑one tech help focused on safe internet use, privacy, and basic device skills. This directly implements the solution by pairing outdoor access points with a managed device loan program operated by ...",Community Wi‑Fi Zones and Device Loan Programs,Geographic Isolation from Economic Opportunity Centers,Carnegie Library of Pittsburgh,"4400 Forbes Avenue, Pittsburgh, PA 15213",https://www.carnegielibrary.org,info@carnegielibrary.org,
Tech Talent Hiring Fairs (Virtual and In-Person),"The Pittsburgh Technology Council hosts sector-specific hiring events and virtual career fairs that connect Western Pennsylvania tech employers with jobseekers, including those seeking fully remote roles. Their virtual expos provide employer booths, talks, and one-on-one chats, while in-person meetups at Nova Place facilitate local connections to regional employers. By curating regional opportunities and remote-work pathways, they help residents participate in the digital economy despite geog...","Skill-Sharing, Timebanking, and Local Hiring Fairs",Geographic Isolation from Economic Opportunity Centers,Pittsburgh Technology Council,"100 South Commons, Suite 172, Pittsburgh, PA 15212",https://www.pghtech.org,info@pghtech.org,
Technology Lending and Community Wi‑Fi Access,"Millvale Community Library operates a device‑lending program that includes Wi‑Fi hotspots and laptops/tablets for residents, and provides free Wi‑Fi access in and around the library to serve as a neighborhood connectivity hub. The library hosts digital literacy workshops and one‑on‑one tech support covering online safety, passwords, and privacy. This directly implements the solution by coupling outdoor access points with a managed device loan program run through the community library.",Community Wi‑Fi Zones and Device Loan Programs,Geographic Isolation from Economic Opportunity Centers,Millvale Community Library,"213 Grant Avenue, Millvale, PA 15209",https://www.millvalelibrary.org,info@millvalelibrary.org,
Temporary Use Policy,"The Urban Redevelopment Authority's Temporary Use Policy enables community organizations, artists, and small businesses to activate URA-owned brownfields and vacant parcels with markets, performances, public art, and gardens on a short-term basis. The policy requires non-invasive installations—such as temporary decking, stage structures, and raised planters with clean fill—to avoid disturbing subsurface conditions while environmental due diligence and remediation continue. This creates safe, ...",Interim Safe Uses and Tactical Reuse,Contaminated Industrial Brownfields,Urban Redevelopment Authority of Pittsburgh (URA),"412 Boulevard of the Allies, Suite 901, Pittsburgh, PA 15219",https://www.ura.org/pages/temporary-use-policy,info@ura.org,
Temporary Use of URA-Owned Property,"The URA’s Temporary Use program allows community groups and nonprofits to activate URA-owned vacant and brownfield parcels with short-term, low-impact uses such as pocket parks, outdoor markets, murals, and performances. Projects typically rely on non-invasive infrastructure—like raised planters, clean fill, containers, and temporary furnishings—so they do not disturb soils while environmental due diligence and long-term remediation/redevelopment proceed.",Interim Safe Uses and Tactical Reuse,Contaminated Industrial Brownfields,Urban Redevelopment Authority of Pittsburgh,"412 Boulevard of the Allies, Pittsburgh, PA 15219",https://www.ura.org/pages/temporary-use,info@ura.org,
The Brownfields Center,"Carnegie Mellon University’s Brownfields Center provides pro-bono technical assistance to municipalities and community groups on contaminated and underused industrial properties. The center facilitates partnerships between CMU researchers, community-based NGOs, and local governments to scope site assessments, explore remediation research pilots, and navigate funding opportunities, including grant strategy and application support.",University and NGO Partnerships for Technical Support,Contaminated Industrial Brownfields,"Carnegie Mellon University, Remaking Cities Institute","5000 Forbes Avenue, Pittsburgh, PA 15213",https://www.thebrownfieldscenter.org,,
The Corner LaunchBox,"The Corner LaunchBox operates a low-cost coworking and entrepreneurship hub in a renovated downtown New Kensington storefront, offering high-speed internet, meeting rooms, and flexible workspace for freelancers, remote workers, and startups. It provides mentorship, coaching, workshops, and connections to regional partners through Penn State’s LaunchBox network, helping residents access remote work, start businesses, and build professional networks without commuting to major metros.",Neighborhood Co-Working & Remote Work Incubators,Geographic Isolation from Economic Opportunity Centers,Penn State New Kensington,"701 5th Avenue, New Kensington, PA 15068",https://www.newkensington.psu.edu/corner-launchbox,,
The Corner LaunchBox (New Kensington),"The Corner LaunchBox transformed a downtown New Kensington storefront into a coworking and startup incubator featuring robust internet, meeting rooms, and shared resources for remote workers and entrepreneurs. Powered by Penn State, it provides free mentorship, accelerator programs, and business coaching while connecting participants to the broader LaunchBox network and regional employers. Flexible, low-cost memberships and day passes are designed to be accessible for local residents and smal...",Neighborhood Co-Working & Remote Work Incubators,Geographic Isolation from Economic Opportunity Centers,Penn State New Kensington,"701 5th Avenue, New Kensington, PA 15068",https://www.thecorner.place,,
The Employment Institute (TEI),"Auberle’s Employment Institute delivers short, employer-aligned trainings in customer service, IT support, and remote office administration, offered at community sites and online. TEI provides wraparound supports including case management, transportation assistance, and childcare navigation, along with access to computer labs and Wi‑Fi. The team hosts hiring events and directly connects graduates to regional and remote employers for entry-level roles that can be performed from home.",Local Skills Training Linked to Remote Jobs,Geographic Isolation from Economic Opportunity Centers,Auberle,"1101 Hartman Street, McKeesport, PA 15132",https://www.auberle.org,info@auberle.org,
The Neighborhood Office,"The Neighborhood Office is a local co-working space that offers high-speed internet, meeting rooms, and amenities for remote workers and entrepreneurs in a walkable main-street setting. It reduces dependence on long commutes by providing professional workspace close to home and hosts meetups and business support programming that foster connections among members and regional employers. Flexible membership options and day passes make access more attainable for residents.",Neighborhood Co-Working & Remote Work Incubators,Geographic Isolation from Economic Opportunity Centers,"The Neighborhood Office, LLC","514 Beaver Street, Sewickley, PA 15143",https://theneighborhoodoffice.com,info@theneighborhoodoffice.com,
The Plaza at Hazelwood Green — Site Activation,"The Plaza at Hazelwood Green temporarily activates portions of the remediated Almono mill site with community events, performances, pop-up markets, and public art using modular furnishings, raised planters with clean fill, and other non-invasive amenities on capped areas. These tactical uses provide safe public access and neighborhood benefits while phased remediation, infrastructure work, and long-term redevelopment of the 178-acre brownfield progress.",Interim Safe Uses and Tactical Reuse,Contaminated Industrial Brownfields,Almono Limited Partnership (Hazelwood Green),"4501 Lytle Street, Pittsburgh, PA 15207",https://www.hazelwoodgreen.com,,
Tony Mazzocchi Center Hazardous Waste Worker Training,"The Tony Mazzocchi Center, based at the United Steelworkers’ headquarters, delivers HAZWOPER and related health and safety training for hazardous waste, asbestos, and lead abatement—skills essential for cleaning up contaminated former mill and industrial sites. Training is offered in partnership with unions, employers, and community organizations to upskill local residents for remediation jobs that are foundational to safe redevelopment.",Workforce Development and Transition Programs,Contaminated Industrial Brownfields,"United Steelworkers (USW) – Tony Mazzocchi Center for Health, Safety & Environmental Education","60 Boulevard of the Allies, Pittsburgh, PA 15222",https://www.tmctraining.org,tmc@usw.org,
Tool Lending Library,"Braddock Carnegie Library’s Tool Lending Library shares home, garden, and repair tools with residents and offers workshops and occasional repair/DIY skill-shares. By enabling neighbors to exchange know-how and access tools without purchasing them, it builds social capital and encourages local, neighbor-to-neighbor service exchanges aligned with skill-sharing and timebank-like practices. This shared resource model reduces costs and helps residents solve everyday needs locally, strengthening tr...","Skill-Sharing, Timebanking, and Local Hiring Fairs",Geographic Isolation from Economic Opportunity Centers,Braddock Carnegie Library Association,"419 Library Street, Braddock, PA 15104",https://www.braddockcarnegielibrary.org/tool-lending-library/,info@braddocklibrary.org,
Trade Institute of Pittsburgh (TIP),"TIP provides intensive masonry and construction training to local residents, including returning citizens, and places graduates on real job sites that rehabilitate homes and community facilities. Through its training labs and paid project crews, participants gain hands-on experience stabilizing brickwork, repairing structures, and completing small-scale rehabs, directly building capacity to maintain buildings affordably. By cultivating a resident workforce and deploying graduate crews, TIP re...",Community Rehabilitation Cooperative / Apprenticeship,Deteriorated Housing Stock and Property Abandonment,Trade Institute of Pittsburgh,"7800 Susquehanna Street, Pittsburgh, PA 15208",https://www.tipburgh.org,info@tipburgh.org,
Trade Institute of Pittsburgh Training Programs,"The Trade Institute of Pittsburgh provides intensive, hands-on training in masonry, carpentry, and related trades led by experienced craftworkers who mentor participants through projects and job readiness. TIP partners with local contractors and unions to place graduates into apprenticeships and entry-level jobs, using a repurposed industrial building as a community training asset. This model builds practical, marketable skills while linking participants to mentors and employers for sustained...",Local Contractor Training and Registry,Failing Infrastructure and Municipal Services,Trade Institute of Pittsburgh,"7800 Susquehanna Street, Pittsburgh, PA 15208",https://www.tipgh.org,info@tipgh.org,
Trade Institute of Pittsburgh – Masonry and Carpentry Training,"Trade Institute of Pittsburgh (TIP) provides intensive, hands-on masonry and carpentry training to adults facing barriers to employment, with instruction embedded in real rehabilitation projects for community partners. Students learn bricklaying, repointing, framing, drywall, and lead-safe practices while working on blighted or underused structures, building skills that translate directly to neighborhood rehab work. Graduates move into construction jobs and apprenticeships, expanding the loca...",Community Rehabilitation Cooperative / Apprenticeship,Deteriorated Housing Stock and Property Abandonment,Trade Institute of Pittsburgh,"7800 Susquehanna Street, Pittsburgh, PA 15208",https://www.tipgh.org,info@tipgh.org,
Trade Institute of Pittsburgh – Skilled Trades Training,"The Trade Institute of Pittsburgh offers hands-on training in masonry, carpentry, and welding, combined with job readiness support and employer connections, to prepare residents for entry into union apprenticeships and construction careers. By partnering with contractors and local organizations, TIP creates pathways for community members—including returning citizens—to work on rehabilitation and new construction associated with brownfield remediation and neighborhood redevelopment.",Workforce Development and Transition Programs,Contaminated Industrial Brownfields,Trade Institute of Pittsburgh,"7800 Susquehanna Street, Pittsburgh, PA 15208",https://www.tipgh.org,info@tipgh.org,
Trail Stewardship Program,"Friends of the Riverfront’s Trail Stewardship Program mobilizes volunteers, corporate partners, and municipalities to improve and maintain the Three Rivers Heritage Trail and riverfront corridors that pass active and former industrial sites in the Mon Valley and across Western Pennsylvania. The program installs and maintains wayfinding signage, benches, kiosks, landscaping, and coordinates safety amenities along sidewalks and trail connectors between plants and nearby neighborhoods. By making...",Community Infrastructure Audit and Asset Inventory,Failing Infrastructure and Municipal Services,Friends of the Riverfront,"1133 South Braddock Avenue, Suite A, Pittsburgh, PA 15218",https://friendsoftheriverfront.org,info@friendsoftheriverfront.org,
Transportation & Mobility Committee,"This resident-led committee gathers feedback from Lawrenceville neighbors on transit access, reliability, and safety, and compiles data on commuting needs to regional employment centers. The committee coordinates testimony and advocacy with Pittsburgh Regional Transit and city partners, advancing petitions and data-informed proposals for route adjustments, stop improvements, and multimodal connections that better serve the neighborhood.",Advocacy & Regional Transit Coalition,Geographic Isolation from Economic Opportunity Centers,Lawrenceville United,"4615 Butler Street, Pittsburgh, PA 15201",https://www.lunited.org,info@LUnited.org,
Transportation & Mobility Program,"OPDC’s Transportation & Mobility Program engages Oakland residents, students, and workers to document commute patterns and access barriers to job centers, hospitals, and campuses. The program organizes public meetings, rider surveys, and route/schedule mapping and brings coordinated feedback, testimony, and pilot concepts to Pittsburgh Regional Transit and municipal partners to improve service, stop amenities, and first/last-mile connections in the Oakland hub.",Advocacy & Regional Transit Coalition,Geographic Isolation from Economic Opportunity Centers,Oakland Planning and Development Corporation (OPDC),"294 Semple Street, Pittsburgh, PA 15213",https://opdc.org,info@opdc.org,
Transportation Improvement Program (TIP) Public Involvement,"SPC, the MPO for Southwestern Pennsylvania, runs regionwide public meetings and workshops with PennDOT districts, local officials, engineers, and residents to review deferred transportation needs and prioritize projects. Using performance-based criteria that include safety, state-of-good-repair, equity, and economic impact, SPC produces a resident-informed, transparent list of prioritized projects in the TIP and long-range plan for Western Pennsylvania.",Maintenance Prioritization and Equity Workshops,Failing Infrastructure and Municipal Services,Southwestern Pennsylvania Commission (SPC),"Two Chatham Center, Suite 500, 112 Washington Place, Pittsburgh, PA 15219",https://www.spcregion.org,spc@spcregion.org,
Tree Planting & Urban Forestry Volunteer Program,"Tree Pittsburgh mobilizes thousands of volunteers each year to plant and care for street trees, park trees, and riparian buffers that intercept stormwater and reduce runoff into overloaded sewers. Through its Tree Tenders training and community planting events, the organization equips residents to install and maintain low-cost green infrastructure that improves water quality and extends infrastructure life. Tree canopy growth also reduces long-term maintenance costs by preventing erosion and ...",Green Infrastructure and Low-cost Stormwater Projects,Failing Infrastructure and Municipal Services,Tree Pittsburgh,"32 62nd Street, Pittsburgh, PA 15201",https://www.treepittsburgh.org,info@treepittsburgh.org,
Tree Tender Planting Program,"Tree Pittsburgh trains community volunteers as Tree Tenders and organizes neighborhood planting and maintenance events that add thousands of trees to streets, parks, and riverfronts. These plantings intercept rainfall, slow runoff, and increase infiltration, reducing loads on aging storm and combined sewer systems while improving water quality and lowering long-term infrastructure costs.",Green Infrastructure and Low-cost Stormwater Projects,Failing Infrastructure and Municipal Services,Tree Pittsburgh,"32 62nd Street, Pittsburgh, PA 15201",https://www.treepittsburgh.org,info@treepittsburgh.org,
TreeVitalize Pittsburgh,"TreeVitalize Pittsburgh engages residents and volunteers to plant and care for thousands of street and park trees across the region, a cost-effective form of green infrastructure that intercepts rainfall and reduces stormwater runoff. Volunteer planting events, training, and neighborhood stewardship help lessen stress on combined sewers while improving air and water quality and lowering maintenance burdens over time.",Green Infrastructure and Low-cost Stormwater Projects,Failing Infrastructure and Municipal Services,Tree Pittsburgh,"32 62nd Street, Pittsburgh, PA 15201",https://www.treepittsburgh.org/programs/treevitalize-pittsburgh/,info@treepittsburgh.org,
Tri-COG Land Bank,"Tri-COG Land Bank works across multiple eastern Allegheny County municipalities to return tax-delinquent, blighted properties to productive use. It negotiates with local governments and school districts to forgive back taxes, clear title, and, where applicable, secure tax abatement terms for purchasers committed to rehabilitation—directly reducing carrying costs during rehab. The land bank also compiles property data and presents policy recommendations to councils, advancing policies that mak...",Targeted Property Tax Relief and Advocacy,Deteriorated Housing Stock and Property Abandonment,Tri-COG Land Bank,"1705 Maple Street, Homestead, PA 15120",https://tricoglandbank.org,info@tricoglandbank.org,
Tri-COG Land Bank Side Yard Program,"Tri-COG Land Bank acquires blighted, abandoned properties across eastern Allegheny County municipalities, secures funding to demolish structures that are beyond repair, and ensures safe, green disposal. Through its Side Yard Program, neighbors can adopt the newly cleared lots, with community partners helping to stabilize sites, plant native landscaping, and maintain them as gardens or development-ready parcels.",Community-Driven Demolition and Green Disposal,Deteriorated Housing Stock and Property Abandonment,Tri-COG Land Bank,"2705 S. Braddock Avenue, Suite 203, Pittsburgh, PA 15218",https://www.tricoglandbank.org,info@tricoglandbank.org,
Triboro Ecodistrict,"New Sun Rising facilitates the Triboro Ecodistrict across Millvale, Etna, and Sharpsburg using design charrettes, pop-up studios, and resident-led workshops to co-create redevelopment concepts on and near former industrial sites. The process surfaces community priorities—like affordable housing, greenways, small business space, and renewable energy—and converts them into project pipelines and partner commitments that inform remediation scope, funding applications, and site redevelopment crite...",Community Visioning and Design Charrettes,Contaminated Industrial Brownfields,New Sun Rising,"112 Sherman Street, Millvale, PA 15209",https://www.newsunrising.org/portfolio/triboro-ecodistrict/,info@newsunrising.org,
Triboro Ecodistrict,"The Triboro Ecodistrict runs standing resident working groups across Millvale, Etna, and Sharpsburg focused on Air, Water, Energy, Mobility, Equity, and Food. Neighbors map problems like flooding and air quality near former industrial sites, co-create project plans, and organize campaigns for green infrastructure, safe streets, and local business and workforce initiatives—maintaining consistent, year-round engagement on community priorities.",Community-led Brownfields Assessment Advocacy,Contaminated Industrial Brownfields,New Sun Rising,"112 East Sherman Street, Millvale, PA 15209",https://www.newsunrising.org,info@newsunrising.org,
Triboro Ecodistrict Community Grants,"Serving Millvale, Etna, and Sharpsburg, the Triboro Ecodistrict invites residents to propose projects addressing local infrastructure and environmental needs, including rain gardens, traffic-calming murals, alley and trail upgrades, and bus stop amenities. Community reviewers from the three boroughs score and select proposals, distributing small-grant funds via a participatory process that makes decisions transparent and grounded in neighborhood priorities.",Participatory Budgeting for Infrastructure,Failing Infrastructure and Municipal Services,New Sun Rising,"851 Western Avenue, Suite 301, Pittsburgh, PA 15233",https://www.newsunrising.org/portfolio/triboro-ecodistrict/,info@newsunrising.org,
Triboro Ecodistrict Community Visioning,"New Sun Rising’s Triboro Ecodistrict engages residents of Millvale, Etna, and Sharpsburg through recurring community visioning workshops and design charrettes to co-create plans for riverfront and former industrial areas. The process sets neighborhood goals for clean energy, resilient parks, main-street businesses, affordable housing, and mobility, and then coordinates partners so brownfield remediation and infrastructure projects support the community-defined plan.",Community Visioning and Design Charrettes,Contaminated Industrial Brownfields,New Sun Rising,"1101 California Avenue, Pittsburgh, PA 15212",https://www.newsunrising.org,info@newsunrising.org,
URA Brownfield Redevelopment Program,"The URA partners with neighborhoods, the City of Pittsburgh, and environmental consultants to create community-informed, phased remediation strategies for former industrial sites. Projects set clear timelines, target the most contaminated areas first, and use a mix of capping, removal, and in-situ treatments to enable future uses residents have identified—such as mixed-use development, light manufacturing, and riverfront public spaces—while meeting Act 2 standards.","Phased, Community-Approved Remediation Plans",Contaminated Industrial Brownfields,Urban Redevelopment Authority of Pittsburgh,"412 Boulevard of the Allies, Suite 901, Pittsburgh, PA 15219",https://www.ura.org,info@ura.org,
URA Community Benefits Agreement Policy,"The Urban Redevelopment Authority of Pittsburgh requires developers receiving URA financing, land, or other public subsidies—often for remediated brownfield sites—to negotiate and implement Community Benefits Agreements with affected neighborhoods. The policy sets expectations for local hiring and first-source referral, MWBE participation, affordable housing and commercial space, public realm amenities, and operations/maintenance funding tied to project approvals. By embedding CBAs into publi...",Community Benefit Agreements (CBAs),Contaminated Industrial Brownfields,Urban Redevelopment Authority of Pittsburgh,"412 Boulevard of the Allies, Suite 901, Pittsburgh, PA 15219",https://www.ura.org/pages/community-benefits-agreement-policy,info@ura.org,
URA Community Benefits Policy for Publicly Assisted Projects,"The Urban Redevelopment Authority of Pittsburgh incorporates community benefits requirements into land dispositions, TIFs, and other public financing tools often used on brownfield and mill-site redevelopments. The URA negotiates and embeds enforceable provisions for local hiring, affordable housing or commercial space, publicly accessible amenities (e.g., riverfront trails and parks), and long-term maintenance funding into developer agreements and monitors compliance through regular reporting.",Community Benefit Agreements (CBAs),Contaminated Industrial Brownfields,Urban Redevelopment Authority of Pittsburgh,"412 Boulevard of the Allies, Suite 901, Pittsburgh, PA 15219",https://www.ura.org,info@ura.org,
URA Contractor Registry and Home Repair Programs,"The Urban Redevelopment Authority of Pittsburgh prequalifies and maintains a registry of contractors for its Housing Opportunity Fund and home repair programs, tracking performance and compliance to ensure quality work on local properties. URA also hosts contractor information sessions and requirements briefings, creating on-ramps for small and emerging local firms while ensuring that publicly funded repair and rehab projects employ vetted community-based contractors.",Local Contractor Training and Registry,Failing Infrastructure and Municipal Services,Urban Redevelopment Authority of Pittsburgh,"412 Boulevard of the Allies, Pittsburgh, PA 15219",https://www.ura.org,info@ura.org,
URA Economic Inclusion and Community Benefits Requirements,"The Urban Redevelopment Authority conditions its land sales and financing on enforceable community benefits, requiring developers to adopt local hiring pipelines, M/WBE goals, and to provide affordable housing or affordable commercial spaces where applicable. For large or sensitive redevelopments, the URA facilitates and formalizes community benefits agreements (e.g., CCIPs) that also fund public amenities and set aside resources for long-term operations and maintenance, with ongoing complian...",Community Benefit Agreements (CBAs),Contaminated Industrial Brownfields,Urban Redevelopment Authority of Pittsburgh,"412 Boulevard of the Allies, Pittsburgh, PA 15219",https://www.ura.org,info@ura.org,
URA Housing Opportunity Fund Contractor Pool and Contractor Directory,"The Urban Redevelopment Authority of Pittsburgh maintains a prequalified Contractor Pool and public Contractor Directory for URA-funded home repair and rehabilitation programs, including the Housing Opportunity Fund Homeowner Assistance Program. The URA also offers contractor orientation and compliance trainings that outline quality standards, bidding, and reporting, and it tracks performance across projects. This keeps repair work local with vetted firms, improves quality assurance, and open...",Local Contractor Training and Registry,Failing Infrastructure and Municipal Services,Urban Redevelopment Authority of Pittsburgh,"412 Boulevard of the Allies, Suite 901, Pittsburgh, PA 15219",https://www.ura.org,info@ura.org,
Ujamaa Collective Marketplace,"Ujamaa Collective operates a community-managed retail storefront and online marketplace that consolidates goods from Black women makers and small businesses in the region. Orders are fulfilled from their Hill District hub with in-store pickup and shipping options, which centralizes packaging and logistics for multiple artisans. This model reduces individual makers’ shipping costs, expands their reach to regional customers, and provides a local pickup point that overcomes distance and transpor...",Micro-Logistics & Local Marketplace,Geographic Isolation from Economic Opportunity Centers,Ujamaa Collective,"1901 Centre Avenue, Pittsburgh, PA 15219",https://ujamaacollective.org,info@ujamaacollective.org,
Unblurred: First Fridays on Penn,"A monthly arts crawl that opens galleries and stages pop-up exhibitions and performances in storefronts along the Penn Avenue Arts & Commercial District, including formerly vacant or underused spaces. The event mobilizes local artists and businesses to activate buildings and lots, drawing sustained foot traffic that helps change perceptions, support reuse, and increase demand for rehabilitation.",Arts and Culture Revitalization Initiative,Deteriorated Housing Stock and Property Abandonment,Bloomfield-Garfield Corporation,"5149 Penn Avenue, Pittsburgh, PA 15224",https://bloomfield-garfield.org,info@bloomfield-garfield.org,
Unblurred: First Fridays on Penn Avenue,"A monthly gallery crawl that turns Penn Avenue’s formerly vacant and underused storefronts into active galleries, pop-up exhibitions, performances, and studios for one night each month. Through the Penn Avenue Arts & Commercial District program, organizers match artists with landlords, support façade improvements, and encourage short- and long-term creative uses of empty spaces—drawing visitors, boosting foot traffic, and shifting perceptions toward reinvestment.",Arts and Culture Revitalization Initiative,Deteriorated Housing Stock and Property Abandonment,Bloomfield-Garfield Corporation,"5149 Penn Avenue, Pittsburgh, PA 15224",https://bloomfield-garfield.org,info@bloomfield-garfield.org,
Upstream Pittsburgh Community Science Program,"Upstream Pittsburgh (formerly Nine Mile Run Watershed Association) trains residents to conduct routine water-quality sampling and outfall observations in the Nine Mile Run watershed. Volunteers use standardized methods to test parameters like bacteria and conductivity, upload observations to public dashboards, and work with staff to file 311 requests or escalate potential contamination to the Pittsburgh Water and Sewer Authority and state regulators.",Citizen Water Monitoring Network,Failing Infrastructure and Municipal Services,Upstream Pittsburgh,"321 Pennwood Avenue, Suite 201, Pittsburgh, PA 15221",https://www.upstreampgh.org,info@upstreampgh.org,
UpstreamPgh Community Science Program,"Upstream Pittsburgh engages residents of the Nine Mile Run watershed to monitor creeks and stormwater outfalls, including sampling for indicators like E. coli and conductivity during dry- and wet-weather events. The organization trains volunteers, provides equipment, and publishes data via online dashboards so results are publicly accessible; suspected contamination or illicit discharges are reported to PWSA, ALCOSAN, and state regulators. This builds neighborhood capacity to detect infrastru...",Citizen Water Monitoring Network,Failing Infrastructure and Municipal Services,Upstream Pittsburgh (formerly Nine Mile Run Watershed Association),"321 Pennwood Avenue, Suite 201, Pittsburgh, PA 15221",https://upstreampgh.org,info@upstreampgh.org,
Urban Soil Lead Screening Program,"ACCD conducts soil lead screening events and confirmatory lab testing, then provides site-specific recommendations for safe urban agriculture. The program advises using raised beds filled with clean imported soil, mulching, and selecting crops less prone to contaminant uptake while contaminated soils remain in place. ACCD coordinates with municipalities and state agencies on remediation strategies and advises against in-ground food production on contaminated or former industrial sites until r...",Safe Urban Agriculture with Soil Management,Contaminated Industrial Brownfields,Allegheny County Conservation District,"33 Terminal Way, Suite 325B, Pittsburgh, PA 15219",https://www.accdpa.org,info@accdpa.org,
Urban Soils Program,"The Allegheny County Conservation District’s Urban Soils Program provides soil lead testing, best-practice guidance, and remediation planning for residents and community organizations working on vacant and post-industrial lands. ACCD partners with local universities and NGOs to conduct sampling and monitoring, deliver technical recommendations (including safe gardening and soil replacement/phytoremediation strategies), and assist with grant applications that fund cleanup in Western Pennsylvan...",Safe Urban Agriculture with Soil Management,Contaminated Industrial Brownfields,Allegheny County Conservation District,"33 Terminal Way, Suite 325B, Pittsburgh, PA 15219",https://www.accdpa.org,info@accdpa.org,
Urban Soils Program,"The Allegheny County Conservation District’s Urban Soils Program provides soil lead testing, best-practice guidance, and remediation planning for residents and community organizations working on vacant and post-industrial lands. ACCD partners with local universities and NGOs to conduct sampling and monitoring, deliver technical recommendations (including safe gardening and soil replacement/phytoremediation strategies), and assist with grant applications that fund cleanup in Western Pennsylvan...",University and NGO Partnerships for Technical Support,Contaminated Industrial Brownfields,Allegheny County Conservation District,"33 Terminal Way, Suite 325B, Pittsburgh, PA 15219",https://www.accdpa.org,info@accdpa.org,
Vacant Building Registration Program,"Pittsburgh’s Vacant Building Registration requires owners of vacant structures to register annually, providing ownership and contact details and allowing PLI to monitor safety conditions. The department maintains the registry, conducts inspections, and uses the data to prioritize enforcement actions such as condemnations, board-ups, or referrals for stabilization and acquisition. Registry information is coordinated with other city agencies and redevelopment partners to address blight systemat...",Vacancy Registry and Monitoring Program,Deteriorated Housing Stock and Property Abandonment,"City of Pittsburgh Department of Permits, Licenses, and Inspections","200 Ross Street, Pittsburgh, PA 15219",https://pittsburghpa.gov/pli/vacant-building-registration,pliapptech@pittsburghpa.gov,
Vacant Building Registry,"The City of Pittsburgh’s Vacant Building Registry documents and tracks vacant and abandoned structures citywide, requiring owners to register properties and enabling mapping of hazards and conditions. Residents and community groups report problem properties via 311 and to PLI, which updates the registry and uses it to prioritize inspections, enforcement, and stabilization or demolition actions. The registry’s data helps align community monitoring efforts with city enforcement and potential ac...",Vacancy Registry and Monitoring Program,Deteriorated Housing Stock and Property Abandonment,"City of Pittsburgh Department of Permits, Licenses, and Inspections","200 Ross Street, Pittsburgh, PA 15219",https://pittsburghpa.gov/pli,pliapptech@pittsburghpa.gov,
Vacant Land Community Visioning & Design Sessions,"Grounded Strategies works with residents to host hands-on visioning and design sessions that determine future uses for vacant and sometimes contaminated lots in post-industrial neighborhoods. These workshops yield site concepts—such as parks, stormwater features, garden-based businesses, and future housing sites—and Grounded coordinates with landowners and remediation partners so cleanup and stewardship plans reflect what residents chose.",Community Visioning and Design Charrettes,Contaminated Industrial Brownfields,Grounded Strategies,"6587 Hamilton Avenue, Pittsburgh, PA 15206",https://groundedpgh.org,info@groundedpgh.org,
Vacant Land Stewardship (ReClaim) Program,"Grounded Strategies trains neighborhood ‘Vacant Land Ambassadors’ to survey and map vacant lots and structures, document hazards, and research ownership, building a community-maintained inventory. The organization compiles these data into shared databases and maps and works with municipal departments and land bank partners to prioritize enforcement, greening interventions, or acquisition for reuse. Volunteers play a core role in ongoing monitoring and reporting.",Vacancy Registry and Monitoring Program,Deteriorated Housing Stock and Property Abandonment,Grounded Strategies,"6587 Hamilton Avenue, Pittsburgh, PA 15206",https://groundedpgh.org,info@groundedpgh.org,
Vacant Property Recovery Program (VPRP),"Allegheny County’s VPRP enables residents, nonprofits, and small businesses to acquire tax-delinquent and abandoned properties for reuse, including rehabilitation or demolition when necessary. Applicants provide a financial contribution toward acquisition, legal work, and, in some cases, demolition or rehab—local funds that demonstrate commitment and help the County leverage CDBG, Act 152 Demolition Fund, and other public resources to clear title and address blight. This shared-cost approach ...",Local Match Programs to Leverage Public Funds,Deteriorated Housing Stock and Property Abandonment,Allegheny County Economic Development / Redevelopment Authority of Allegheny County,"542 Forbes Avenue, Pittsburgh, PA 15219",https://www.alleghenycounty.us/economic-development/residents/property/vacant-property-recovery-program.aspx,,
Vacant Property Working Group,"PCRG’s Vacant Property Working Group convenes community organizations across Western Pennsylvania to inventory, map, and monitor abandoned and tax-delinquent properties. It trains resident volunteers to conduct parcel surveys, researches ownership, and maintains shared registries and GIS maps. The data and reports are coordinated with municipal code enforcement, land banks, and redevelopment authorities to prioritize enforcement, stabilization, and acquisition.",Targeted Property Tax Relief and Advocacy,Deteriorated Housing Stock and Property Abandonment,Pittsburgh Community Reinvestment Group (PCRG),"1901 Centre Avenue, Suite 301, Pittsburgh, PA 15219",https://www.pcrg.org,info@pcrg.org,
Vacant Property Working Group,"PCRG’s Vacant Property Working Group convenes community organizations across Western Pennsylvania to inventory, map, and monitor abandoned and tax-delinquent properties. It trains resident volunteers to conduct parcel surveys, researches ownership, and maintains shared registries and GIS maps. The data and reports are coordinated with municipal code enforcement, land banks, and redevelopment authorities to prioritize enforcement, stabilization, and acquisition.",Vacancy Registry and Monitoring Program,Deteriorated Housing Stock and Property Abandonment,Pittsburgh Community Reinvestment Group (PCRG),"1901 Centre Avenue, Suite 301, Pittsburgh, PA 15219",https://www.pcrg.org,info@pcrg.org,
Vacant Property and Real Estate Inventory,"WCDC maintains an up-to-date registry of vacant residential and commercial properties in Wilkinsburg by combining volunteer-led property surveys with community reports and deed research. The inventory maps building conditions and tracks owners to flag hazards and chronic blight. WCDC coordinates the information with Borough code enforcement and the Tri-COG Land Bank to prioritize enforcement actions, stabilization, and strategic acquisition.",Vacancy Registry and Monitoring Program,Deteriorated Housing Stock and Property Abandonment,Wilkinsburg Community Development Corporation,"725 Wood Street, Wilkinsburg, PA 15221",https://wilkinsburgcdc.org,info@wilkinsburgcdc.org,
Vocational Training Program and Home Repair Ministry,"Hosanna Industries organizes volunteer crews and mission workers, often including retired contractors and tradespeople, to perform basic home repairs, accessibility modifications, and maintenance for low-income households in Western Pennsylvania. Its Vocational Training Program pays and mentors young adults on real job sites, where they learn carpentry, roofing, and other trades while serving neighbors—directly aligning hands-on repairs with apprenticeship-style skill building.",Volunteer Maintenance Corps and Apprenticeships,Failing Infrastructure and Municipal Services,"Hosanna Industries, Inc.","3930 Dickey Road, Gibsonia, PA 15044",https://hosannaindustries.org,info@hosannaindustries.org,
Volunteer Stream Monitoring Program,"Loyalhanna Watershed Association coordinates trained volunteers who collect routine water samples and field observations across the Loyalhanna Creek watershed to detect pollution from legacy industrial sites and other sources. Results are shared on public data portals and maps to inform restoration projects and, when needed, support referrals to DEP for investigation and enforcement.",Volunteer Environmental Monitoring Program,Contaminated Industrial Brownfields,Loyalhanna Watershed Association,"6 Old Lincoln Highway West, Ligonier, PA 15658",https://loyalhannawatershed.org,lwa@loyalhannawatershed.org,
Volunteer Transportation Program,"Active Aging, Inc. coordinates a volunteer driver network that transports older adults to medical appointments, pharmacies, and essential errands throughout Crawford County. Trips are scheduled through the agency, which serves as a dispatcher and provides mileage reimbursement to volunteers, creating a flexible, community-powered mobility option in rural areas with limited transit. This program preserves access to care and daily needs when conventional transit is inadequate.",Volunteer and Micro-Transit Network,Failing Infrastructure and Municipal Services,"Active Aging, Inc.","1034 Park Avenue, Meadville, PA 16335",https://www.activeaging.org,info@activeaging.org,
Walk/Ride Audits,"Bike Pittsburgh organizes and trains residents to perform structured walk and ride audits that map and document the condition of sidewalks, crosswalks, curb ramps, pavement, intersections, and bus stops. Audit findings are compiled into geocoded maps and reports that BikePGH shares with the City’s Department of Mobility & Infrastructure and Pittsburgh Regional Transit to build public inventories and prioritized repair lists, guiding funding requests and safety improvements.",Community Infrastructure Audit and Asset Inventory,Failing Infrastructure and Municipal Services,Bike Pittsburgh,"188 43rd Street, Suite 1, Pittsburgh, PA 15201",https://www.bikepgh.org,info@bikepgh.org,
Washington County Brownfields Redevelopment Program,"RACW leads countywide efforts to identify and assess contaminated former industrial sites, convening public meetings to gather resident input and prioritize properties for investigation. The authority prepares and administers EPA brownfields assessment grant applications for local governments and collaborates with nonprofit and university partners to complete preliminary site inventories and communicate environmental and health information to affected communities.",Community-led Brownfields Assessment Advocacy,Contaminated Industrial Brownfields,Redevelopment Authority of the County of Washington,"95 West Beau Street, Suite 603, Washington, PA 15301",https://www.racw.net,,
Washington County Land Bank,"Managed by the Redevelopment Authority of the County of Washington, the Washington County Land Bank acquires abandoned and tax-delinquent properties, clears title, and consolidates parcels for redevelopment. It transfers properties to qualified end users for affordable housing, green reuse, and small business development under publicly adopted policies. Community members and participating municipalities help prioritize target properties, and the program channels local and grant funding to mak...",Community Land Bank,Deteriorated Housing Stock and Property Abandonment,Washington County Land Bank (Redevelopment Authority of the County of Washington),"100 West Beau Street, Suite 603, Washington, PA 15301",https://www.racw.net/land-bank,,
Washington County Land Bank,"Operated by the Redevelopment Authority of the County of Washington, the Washington County Land Bank acquires and clears title to vacant and tax-delinquent properties to eliminate blight and return parcels to productive use. It coordinates rehabilitation or demolition and transfers properties for affordable housing, commercial revitalization, and community open space, often bundling parcels to make projects feasible. Residents, nonprofits, and small developers can apply to acquire properties ...",Community Land Bank,Deteriorated Housing Stock and Property Abandonment,Redevelopment Authority of the County of Washington,"100 West Beau Street, Suite 603, Washington, PA 15301",https://www.racw.net/washington-county-land-bank,info@racw.net,
WaterFire Sharon Artisan and Vendor Markets,"WaterFire Sharon is a recurring riverfront festival that features extensive artisan and vendor marketplaces with mobile retailers and food trucks from across the region. These pop-up market zones activate downtown Sharon, draw visitors from neighboring towns, and create a platform for small businesses to test offerings, build customer bases, and explore permanent retail opportunities in collaboration with local economic development partners.",Pop-Up Market Days and Mobile Retail,Geographic Isolation from Economic Opportunity Centers,"WaterFire Sharon, PA","152 East State Street, Sharon, PA 16146",https://www.waterfiresharonpa.org,info@waterfiresharonpa.org,
Watershed Conservation Program,"Western Pennsylvania Conservancy’s Watershed Conservation Program leads watershed and abandoned mine drainage projects across Western PA, coordinating university partners and local NGOs for field assessments, monitoring, and treatment design. The program helps communities secure remediation funding (e.g., Growing Greener grants), builds long-term monitoring plans, and provides technical support that enables redevelopment and public health protection.",University and NGO Partnerships for Technical Support,Contaminated Industrial Brownfields,Western Pennsylvania Conservancy,"800 Waterfront Drive, Pittsburgh, PA 15222",https://waterlandlife.org,info@paconserve.org,
Western Pennsylvania Conservancy Volunteer Stream Monitoring,"The Western Pennsylvania Conservancy’s Watershed Conservation Program equips and trains community volunteers to monitor stream health using standardized water-quality and aquatic life assessments across Western Pennsylvania. Data are shared publicly and supplied to agencies to guide restoration and listing decisions, and staff work with partners and regulators when results indicate contamination or infrastructure-related issues.",Citizen Water Monitoring Network,Failing Infrastructure and Municipal Services,Western Pennsylvania Conservancy,"800 Waterfront Drive, Pittsburgh, PA 15222",https://waterlandlife.org,info@paconserve.org,
Westmoreland Community Land Trust,"The Westmoreland Community Land Trust acquires vacant and tax-delinquent properties in post-industrial communities across Westmoreland County and holds the land in trust for permanently affordable redevelopment. Working with municipalities and state environmental partners, the CLT supports site assessments and remediation as needed before transferring improved buildings via ground leases that lock in long-term affordability and community stewardship. This model prevents speculative flipping o...",Community Land Trust for Redevelopment,Contaminated Industrial Brownfields,Westmoreland Community Action,"226 South Maple Avenue, Greensburg, PA 15601",https://westmorelandca.org,info@westmorelandca.org,
Westmoreland County Community Emergency Response Team (CERT),"Westmoreland County CERT equips residents with FEMA-aligned training in incident command, small fire suppression, disaster medical operations, and basic search and rescue. Volunteers are organized by the Department of Public Safety and work under municipal and county emergency managers to support traffic control, wellness checks, debris and roadway clearing assistance, and neighborhood communications during outages and other infrastructure disruptions.",Mutual Aid and Neighborhood Emergency Teams,Failing Infrastructure and Municipal Services,Westmoreland County Department of Public Safety,"911 Public Safety Road, Greensburg, PA 15601",https://www.co.westmoreland.pa.us/347/CERT,publicsafety@co.westmoreland.pa.us,
Westmoreland County Community Emergency Response Team (CERT),"Westmoreland County CERT organizes and trains residents to assist with initial fire suppression, basic first aid and triage, neighborhood damage assessments, and light debris removal after disasters. The program is managed by the Westmoreland County Department of Public Safety, integrating volunteers into county and municipal emergency plans so they can support public safety with tasks like traffic and perimeter control, setting up neighborhood assistance points, and relaying communications w...",Mutual Aid and Neighborhood Emergency Teams,Failing Infrastructure and Municipal Services,Westmoreland County Department of Public Safety,"911 Public Safety Road, Greensburg, PA 15601",https://www.co.westmoreland.pa.us/147/Department-of-Public-Safety,,
Westmoreland County Land Bank,"The Westmoreland County Land Bank acquires blighted, tax-delinquent properties, extinguishes liens, and prepares sites for redevelopment or community reuse. Working with municipalities and neighborhood partners, it facilitates affordable housing rehabilitation/new construction, side-yard transfers, community gardens, and commercial infill, restoring market confidence and safety. Its public disposition process invites citizen applicants and leverages local fundraising and state resources to co...",Community Land Bank,Deteriorated Housing Stock and Property Abandonment,Westmoreland County Land Bank (managed by the Redevelopment Authority of the County of Westmoreland),"40 N Pennsylvania Avenue, Greensburg, PA 15601",https://www.westmorelandlandbank.com,,
Westmoreland County Land Bank,"The Westmoreland County Land Bank acquires, stabilizes, and assembles vacant and tax-delinquent properties across county municipalities, resolving title issues and preparing sites for redevelopment. It disposes of properties for side yards, affordable housing, community green space, and small commercial reuse through partnerships with local governments and nonprofit developers. This structure implements the land bank model by consolidating blighted parcels and channeling them into community-p...",Community Land Bank,Deteriorated Housing Stock and Property Abandonment,Westmoreland County Land Bank / Redevelopment Authority of the County of Westmoreland,"40 N Pennsylvania Avenue, Suite 520, Greensburg, PA 15601",https://www.westmorelandlandbank.com,,
Westmoreland Heritage Trail,"The Regional Trail Corporation and partner trail chapters run community capital campaigns and business sponsorship matches to assemble the local share required to secure DCNR, PennDOT, and federal funds for rail-to-trail conversions. Along former industrial and rail corridors, these matched local dollars unlock public grants for environmental assessment, remediation of contaminated ballast and soils, and safe redevelopment into public greenways. The approach converts blighted, polluted corrid...",Local Fundraising and Matching Grant Campaigns,Contaminated Industrial Brownfields,Regional Trail Corporation,"111 Collinsburg Road, West Newton, PA 15089",https://www.regionaltrailcorp.com,rtc@regionaltrailcorp.com,
Whole-Home Repairs Program (Allegheny County),"ACTION-Housing administers the state-funded Whole-Home Repairs Program in Allegheny County, providing grants to low- and moderate-income homeowners for critical repairs that address health, safety, energy efficiency, and exterior stabilization. By prioritizing households with the greatest need and coordinating with other local funds, the program channels small grants to halt decline and make homes stable enough to leverage larger public investments. It directly targets properties where market...",Small Grants and Revolving Microloan Fund,Deteriorated Housing Stock and Property Abandonment,"ACTION-Housing, Inc.","611 William Penn Place, Suite 800, Pittsburgh, PA 15219",https://actionhousing.org,info@actionhousing.org,
Wild Purveyors,"Wild Purveyors aggregates products from small farms and artisans across Western Pennsylvania into a single, temperature-controlled warehouse and distribution operation. They provide cold-chain storage, packing, and coordinated refrigerated delivery runs to restaurants, grocers, and institutions in urban markets, reducing the need for each producer to arrange their own shipping. By acting as a shared logistics hub, they lower per-business costs and expand market access for regional producers.",Community Logistics Hub for Small Producers,Geographic Isolation from Economic Opportunity Centers,"Wild Purveyors, LLC","5308 Butler Street, Pittsburgh, PA 15201",https://www.wildpurveyors.com,info@wildpurveyors.com,
Wild Purveyors Regional Distribution,"Wild Purveyors aggregates products from small farms and makers across Western Pennsylvania and distributes them to retailers, restaurants, and select consumer channels. They provide refrigerated warehousing, route consolidation, and packaging/labeling services that act as micro-logistics and fulfillment infrastructure, enabling rural producers to reach broader regional markets without managing their own shipping.",Micro-Logistics & Local Marketplace,Geographic Isolation from Economic Opportunity Centers,"Wild Purveyors, LLC","5308 Butler Street, Pittsburgh, PA 15201",https://wildpurveyors.com,info@wildpurveyors.com,
Wilkinsburg Façade Improvement Program,"This program offers 50/50 matching grants to commercial and mixed-use property owners to repair and rehabilitate building exteriors in Wilkinsburg’s business districts. Property owners contribute a local match that helps the Wilkinsburg CDC leverage state (e.g., Keystone Communities) and philanthropic funds, stabilizing buildings, preventing vacancy, and curbing spread of blight.",Local Match Programs to Leverage Public Funds,Deteriorated Housing Stock and Property Abandonment,Wilkinsburg Community Development Corporation,"1001 Wood Street, Wilkinsburg, PA 15221",https://wilkinsburgcdc.org,info@wilkinsburgcdc.org,
Wilkinsburg Land Bank,"The Wilkinsburg Land Bank acquires abandoned and tax-delinquent properties and petitions the court to extinguish liens so they can be rehabilitated or transferred to responsible owners. It collaborates with the Borough, Allegheny County, and the school district to establish tax forgiveness and targeted abatements tied to rehab commitments, lowering property tax burdens during the improvement period. Staff and volunteers gather building-condition data and community input to advocate for local ...",Targeted Property Tax Relief and Advocacy,Deteriorated Housing Stock and Property Abandonment,Wilkinsburg Land Bank,"1001 Wood Street, Wilkinsburg, PA 15221",https://wilkinsburglandbank.org,info@wilkinsburglandbank.org,
WorkLaunch Career Readiness and Hiring Series,"WorkLaunch is a region-wide series of workshops and employer events that prepares job seekers and connects them directly to hiring companies through in-person and virtual job fairs. Sessions include employer spotlights and virtual booths so residents can interview and network without long commutes, and digital literacy support helps close broadband and skills gaps. By partnering with the library system, WorkLaunch builds social capital and trust while linking people to remote and regional emp...","Skill-Sharing, Timebanking, and Local Hiring Fairs",Geographic Isolation from Economic Opportunity Centers,JFCS Career Development Center and Carnegie Library of Pittsburgh,"5743 Bartlett Street, Pittsburgh, PA 15217",https://www.jfcspgh.org,careerdevelopment@jfcspgh.org,
Workforce & Business Development Center,"Mon Valley Initiative operates a workforce center where residents can use free computers, high-speed internet, and printers, and receive scheduled instruction and one-on-one coaching in digital basics, online job search, resume development, and virtual interview skills. Staff assist clients with accessing e-government services (e.g., unemployment and public benefits) and setting up and using online platforms needed for remote work and telehealth. Located in Homestead, the center serves deindu...",Digital Access & Literacy Hubs,Geographic Isolation from Economic Opportunity Centers,Mon Valley Initiative,"305 East 8th Avenue, Homestead, PA 15120",https://monvalleyinitiative.com,info@monvalleyinitiative.com,
Workforce Development & Continuing Education,"CCAC offers short-term workforce programs such as IT support/coding fundamentals, digital marketing, project management, and remote office technologies aligned with remote job opportunities. Training is delivered both online and at community campuses; students can access success coaching, emergency grants that can support technology needs, and referrals for childcare and transportation through partners. Career Services and employer partnerships connect learners to internships, virtual job fai...",Local Skills Training Linked to Remote Jobs,Geographic Isolation from Economic Opportunity Centers,Community College of Allegheny County (CCAC),"800 Allegheny Avenue, Pittsburgh, PA 15233",https://www.ccac.edu/workforce,workforce@ccac.edu,
Workforce Development & Continuing Education (WDCE),"CCAC’s WDCE division delivers short-term, stackable training and certifications in construction and clean-energy fields, including solar PV installation, building automation, mechatronics, and OSHA safety. Working with local employers and labor partners, CCAC retrains dislocated workers and new entrants for roles supporting brownfield remediation, construction, and clean-energy projects that underpin regional redevelopment.",Workforce Development and Transition Programs,Contaminated Industrial Brownfields,Community College of Allegheny County (CCAC),"800 Allegheny Avenue, Pittsburgh, PA 15233",https://www.ccac.edu/workforce,,
Workforce Development & Training,"EICI provides industry-aligned training in energy efficiency, building performance, HVAC, and emerging clean energy technologies at the Energy Innovation Center. Working with unions, community colleges, and employers, it prepares residents for careers that retrofit buildings, install high-efficiency systems, and support sustainable redevelopment. Graduates help staff green construction and infrastructure projects that revitalize former industrial sites.",Workforce Development and Transition Programs,Contaminated Industrial Brownfields,Energy Innovation Center Institute (EICI),"1435 Bedford Avenue, Pittsburgh, PA 15219",https://www.eicipgh.org,info@eicipgh.org,
Workforce Development Center (Lawrenceville),"Goodwill SWPA’s Workforce Development Center maintains a public computer lab with high‑speed internet, printers, and trained staff who provide job search assistance and digital skills training. Regular classes and one‑on‑one coaching cover basic computing, resumes, online applications, videoconferencing, and professionalism for remote work, and staff guide clients through benefits portals and other e‑government sites. The center operates as a local digital access and literacy hub that lowers ...",Digital Access & Literacy Hubs,Geographic Isolation from Economic Opportunity Centers,Goodwill of Southwestern Pennsylvania,"118 52nd Street, Pittsburgh, PA 15201",https://www.goodwillswpa.org,info@goodwillswpa.org,
Workforce Development Programs,"Goodwill SWPA provides short, stackable training for remote-capable jobs—such as Google IT Support Professional Certificate, customer service and sales, and essential digital skills—delivered in community-based and online formats. Participants receive supportive services (transportation assistance, case management, and help accessing devices/Internet through digital inclusion partners), and the organization runs regular employer connection events and placement services that help graduates sec...",Local Skills Training Linked to Remote Jobs,Geographic Isolation from Economic Opportunity Centers,Goodwill of Southwestern Pennsylvania,"118 52nd Street, Pittsburgh, PA 15201",https://www.goodwillswpa.org,info@goodwillswpa.org,
Youghiogheny Riverkeeper,"Mountain Watershed Association’s Youghiogheny Riverkeeper program trains residents and anglers to patrol waterways, collect water samples, and document pollution across the Yough River and its tributaries. Volunteers are equipped with kits and reporting tools, data are shared publicly (e.g., through platforms like Datashed), and confirmed problems are escalated to PA DEP, EPA, and local authorities for enforcement. This citizen network provides early warning of contamination from legacy minin...",Citizen Water Monitoring Network,Failing Infrastructure and Municipal Services,Mountain Watershed Association,"1414 Indian Creek Valley Road, Melcroft, PA 15462",https://www.mountainwatershed.org,info@mountainwatershed.org,
Youghiogheny Riverkeeper,"The Youghiogheny Riverkeeper, a program of Mountain Watershed Association, investigates water pollution from legacy mining and industrial sites and takes legal action to compel cleanup and remediation across the Yough watershed in Western Pennsylvania. The program partners with attorneys to bring citizen enforcement cases, monitors DEP enforcement, and helps residents document contamination, file complaints, and pursue claims for damages to health and property.",Legal Assistance and Responsible-Party Accountability,Contaminated Industrial Brownfields,Mountain Watershed Association,"1414 Indian Creek Valley Road, Melcroft, PA 15462",https://mtwatershed.com,info@mtwatershed.com,
Youghiogheny Riverkeeper (Legal and Enforcement Program),"Through its Youghiogheny Riverkeeper program, Mountain Watershed Association uses legal tools to hold polluters accountable for mine drainage and industrial contamination in Western Pennsylvania. The Riverkeeper files complaints, intervenes in permits, and brings citizen-enforcement actions to compel remediation, while partnering with public-interest lawyers to monitor agency enforcement. Staff also help residents document pollution impacts and file complaints or claims for health and propert...",Legal Assistance and Responsible-Party Accountability,Contaminated Industrial Brownfields,Mountain Watershed Association,"1414 Indian Creek Valley Road, Melcroft, PA 15462",https://mtwatershed.com,info@mtwatershed.com,
Youghiogheny Riverkeeper Citizen Monitoring & Pollution Hotline,"Mountain Watershed Association trains community volunteers to use low-cost field meters and test strips (e.g., pH, conductivity, turbidity) to monitor streams affected by legacy mining and industrial pollution. They operate a 24/7 pollution hotline and issue alerts to residents while notifying state regulators when readings or observations indicate spills or unsafe conditions, creating a community-driven early warning system.",Citizen Science Air and Water Quality Alerts,Contaminated Industrial Brownfields,Mountain Watershed Association (Youghiogheny Riverkeeper),"1414 Indian Creek Valley Road, Melcroft, PA 15462",https://www.mtnwatershed.org,info@mtnwatershed.org,
Youghiogheny Riverkeeper Citizen Monitoring & Pollution Reporting,Mountain Watershed Association’s Youghiogheny Riverkeeper program trains volunteers to use low-cost field meters and sampling kits to monitor water quality in the Yough watershed and nearby communities. They maintain a public pollution reporting hotline and use platforms like community alerts and regulator referrals when data or observations indicate contamination or safety concerns. This citizen science network creates a community-led early warning and reporting system that protects resident...,Citizen Science Air and Water Quality Alerts,Contaminated Industrial Brownfields,Mountain Watershed Association (Youghiogheny Riverkeeper),"1414 Indian Creek Valley Road, Melcroft, PA 15462",https://www.mtwatershed.com,info@mtwatershed.com,
Youghiogheny Riverkeeper Community Monitoring,"Mountain Watershed Association trains community members to monitor streams across the Youghiogheny River basin for pollution from sources like abandoned mine drainage and shale gas development. Volunteers conduct field sampling, help collect lab samples, and submit observations through hotlines and reporting tools; results are shared publicly and used to escalate violations to the Pennsylvania Department of Environmental Protection and other agencies, strengthening grassroots early-detection ...",Citizen Water Monitoring Network,Failing Infrastructure and Municipal Services,Mountain Watershed Association (Youghiogheny Riverkeeper),"1414 Indian Creek Valley Road, Melcroft, PA 15462",https://mtwatershed.com,info@mtwatershed.com,
Youghiogheny Riverkeeper Community Science,"Mountain Watershed Association trains community volunteers to collect water samples and field measurements at sites impacted by abandoned mine drainage, fracking, and industrial activity. Data are quality-checked by staff scientists, published on public maps and reports, and used to file complaints with regulators and to prioritize remediation projects that address toxic legacy pollution.",Volunteer Environmental Monitoring Program,Contaminated Industrial Brownfields,"Mountain Watershed Association, Home of the Youghiogheny Riverkeeper","1414 W Crawford Avenue, Connellsville, PA 15425",https://mtwatershed.com,mwa@mtwatershed.com,
Youghiogheny Riverkeeper Community Water Monitoring,"This program trains community volunteers to collect baseline and incident-driven stream samples in areas impacted by legacy mining and oil and gas activity, using field meters and kits for parameters like pH, conductivity, temperature, and bacteria. Volunteers document discolored water, odors, and suspected discharges and upload findings to public maps and reports, which the organization uses to file complaints with regulators and push for remediation and enforcement.",Volunteer Environmental Monitoring Program,Contaminated Industrial Brownfields,"Mountain Watershed Association, Home of the Youghiogheny Riverkeeper","1414 Indian Creek Valley Road, Melcroft, PA 15462",https://mtwatershed.com,info@mtwatershed.com,
Youghiogheny Riverkeeper Volunteer Monitoring Program,"Under the Youghiogheny Riverkeeper, staff train volunteers to collect baseline and incident-based water samples from streams and private wells impacted by legacy mining and oil and gas activity. Samples are collected with professional oversight, analyzed by accredited labs when needed, and results—along with field photos and observations—are shared on public data platforms and used to file complaints with DEP to drive remediation and enforcement.",Volunteer Environmental Monitoring Program,Contaminated Industrial Brownfields,Mountain Watershed Association,"1414 Indian Creek Valley Road, Melcroft, PA 15462",https://www.mtwatershed.com,mwa@mtwatershed.com,
Youghiogheny Riverkeeper Water Quality Monitoring & Alerts,"Mountain Watershed Association’s Youghiogheny Riverkeeper program coordinates volunteers using low-cost field meters and test kits to monitor bacteria and other indicators in streams affected by legacy mining and industrial activity. Results are posted to public platforms (including Swim Guide) and used to issue advisories and notify agencies when readings exceed recreational safety thresholds, while a pollution reporting hotline enables rapid community-to-agency escalation. This citizen-scie...",Citizen Science Air and Water Quality Alerts,Contaminated Industrial Brownfields,Mountain Watershed Association,"1414 Indian Creek Valley Road, Melcroft, PA 15462",https://mtwatershed.com,mwa@mtwatershed.com,
Youghiogheny Riverkeeper – Community Water Monitoring,"Mountain Watershed Association’s Youghiogheny Riverkeeper recruits and trains volunteers to routinely sample streams and mine drainage sites throughout the Yough River watershed. Residents receive equipment, protocols, and support to collect field parameters and lab samples, and results are shared publicly via reports and data platforms; suspected pollution is documented and escalated to regulators for enforcement.",Citizen Water Monitoring Network,Failing Infrastructure and Municipal Services,Mountain Watershed Association (Youghiogheny Riverkeeper),"1414 Indian Creek Valley Road, Melcroft, PA 15462",https://www.mountainwatershed.org,info@mountainwatershed.org,
YouthBuild Johnstown,"YouthBuild Johnstown engages out-of-school youth in earning industry-recognized construction credentials while rehabilitating or building affordable homes in Cambria County. Participants receive paid, hands-on training on real job sites—framing, drywall, finish carpentry, and lead-safe practices—bringing blighted properties back into productive use. The program creates a pipeline into apprenticeships and local contractors, growing the resident workforce and lowering the cost of neighborhood r...",Community Rehabilitation Cooperative / Apprenticeship,Deteriorated Housing Stock and Property Abandonment,Goodwill of the Southern Alleghenies,"540 Central Avenue, Johnstown, PA 15902",https://www.goodwilljohnstown.org,info@goodwilljohnstown.org,
YouthBuild Johnstown,"YouthBuild Johnstown provides construction-skills training and paid service-learning to young adults, who earn industry-recognized credentials while rehabilitating or constructing affordable housing in Cambria County. Working with community partners, participants help renovate blighted properties and improve neighborhood housing stock, gaining practical experience in carpentry, drywall, and basic masonry. This approach lowers labor costs for community rehab projects, creates job pathways, and...",Community Rehabilitation Cooperative / Apprenticeship,Deteriorated Housing Stock and Property Abandonment,Goodwill of the Southern Alleghenies,"540 Central Avenue, Johnstown, PA 15902",https://www.gogoodwill.org/youthbuild,info@gogoodwill.org,
YouthBuild Westmoreland,"YouthBuild Westmoreland engages 16–24-year-olds in construction training while they work toward a high school equivalency diploma. Participants earn industry credentials and complete service-learning that includes building and rehabilitating affordable homes with local partners, targeting vacant or blighted properties in Westmoreland County. The program creates a pipeline of entry-level tradespeople and supplies supervised trainee labor to reduce rehab costs and strengthen the region’s long-t...",Community Rehabilitation Cooperative / Apprenticeship,Deteriorated Housing Stock and Property Abandonment,Westmoreland Community Action,"226 South Maple Avenue, Greensburg, PA 15601",https://www.westmorelandca.org/youthbuild,info@westmorelandca.org,
Zipcar Pittsburgh,"Zipcar operates a membership-based car-sharing service with vehicles located across Pittsburgh neighborhoods, university campuses, and at several Move PGH mobility hubs. The local fleet increasingly includes hybrid and electric models where charging is available, allowing members to book vehicles by the hour for first/last-mile and commuter trips that connect to transit hubs and employment centers without requiring private car ownership.",Community EV Car-Share and Charging Stations,Geographic Isolation from Economic Opportunity Centers,"Zipcar, Inc.","35 Thomson Place, Boston, MA 02210",https://www.zipcar.com/cities/pittsburgh-pa,support@zipcar.com,
eCenter@LindenPointe Business Incubator & Co-Working,"The eCenter provides affordable coworking, private offices, and conference rooms with high-speed internet in Hermitage, along with accelerator programming and mentorship for startups, remote workers, and small businesses. It connects members to regional SBDC advisors, investors, and corporate partners, supporting job creation and remote work opportunities while reducing the need to commute to larger metros.",Neighborhood Co-Working & Remote Work Incubators,Geographic Isolation from Economic Opportunity Centers,LindenPointe Development Corporation,"3580 Innovation Way, Hermitage, PA 16148",https://www.ecenterlindenpointe.com,,
"love, Pittsburgh Online + In-Store Marketplace","love, Pittsburgh operates an online and brick-and-mortar marketplace dedicated to locally made goods from Western Pennsylvania artists, makers, and small producers. Their e-commerce platform consolidates orders for shipping and offers free in-store pickup at multiple locations, serving as convenient pickup points and amplifying regional products to residents and visitors alike.",Micro-Logistics & Local Marketplace,Geographic Isolation from Economic Opportunity Centers,"love, Pittsburgh","805 Liberty Avenue, Pittsburgh, PA 15222",https://www.lovepittsburghshop.com,hello@lovepittsburghshop.com,
