Name,Description,Solution,Obstacle,Organization,Address,Website,Email,Phone,Latitude,Longitude
AIU Restorative Practices,"The Allegheny Intermediate Unit provides training, coaching, and implementation support in restorative practices for school districts and community partners throughout Allegheny County. Their professional development equips local educators, family liaisons, and youth workers to facilitate community circles and mediate conflicts, fostering safer school and neighborhood climates grounded in nonviolent, community-led problem solving.",Restorative Justice and Community Mediation Training,Conservative Identity Cultivation Through Protective Masculinity Narratives,Allegheny Intermediate Unit (AIU3),"475 East Waterfront Drive, Homestead, PA 15120",https://www.aiu3.net,info@aiu3.net,
Adult & Corporate Hockey Leagues,"The UPMC Lemieux Sports Complex runs adult and corporate hockey leagues during weeknights and weekends, enabling Western Pennsylvania employers to sponsor teams for employees to play together after work. By providing a neutral recreational venue with structured leagues and amenities, the program lets companies offer nonpartisan social outlets close to the workplace.",Employer-sponsored After-work Social Programs,Gun Clubs as Primary Social Hubs with Political Messaging,UPMC Lemieux Sports Complex,"8000 Cranberry Springs Drive, Cranberry Township, PA 16066",https://www.upmclemieuxsportscomplex.com,LemieuxSportsComplex@upmc.edu,
Adult Clubs & Community Programs (CLP – Beechview),"Carnegie Library of Pittsburgh – Beechview hosts recurring, staff-facilitated clubs such as knitting/crochet circles, book and music discussion groups, chess, and other interest meetups that are open to all. The library provides free space, scheduling support, and promotional channels, making it easy for working adults to form and run their own social clubs around shared interests in a neutral, nonpolitical setting.",Worker-led Social Clubs and Interest Groups,Gun Clubs as Primary Social Hubs with Political Messaging,Carnegie Library of Pittsburgh,"1910 Broadway Avenue, Pittsburgh, PA 15216",https://www.carnegielibrary.org/locations/beechview/,info@carnegielibrary.org,
AgeWell Pittsburgh (AgeWell Rides & CheckMates),"AgeWell Pittsburgh coordinates volunteers to provide free door-to-door rides for older adults to medical appointments, grocery trips, and essential errands, and pairs neighbors for regular check-in calls to reduce isolation. The program activates congregations and community volunteers across the region to meet urgent needs quickly, creating a dependable mutual aid network for seniors. These practical supports connect people across lines of faith and politics, building trust through consistent...",Mutual Aid and Neighbor Networks,Megachurches Replacing Ethnic Parishes with Conservative Christian Nationalism,AgeWell Pittsburgh (JCC/JAA/JFCS partnership),"5738 Forbes Avenue, Pittsburgh, PA 15217",https://www.agewellpgh.org,agewell@jccpgh.org,
AgeWell Rides & Visits,"AgeWell Pittsburgh coordinates neighbor volunteers to drive older adults to medical appointments and errands, provide friendly visits and check-ins, and connect households to supportive services. The program brings together people of diverse backgrounds through practical, nonpartisan assistance—functioning as a neighborhood mutual aid network that strengthens relationships and everyday resilience.",Mutual Aid and Neighbor Networks,Megachurches Replacing Ethnic Parishes with Conservative Christian Nationalism,"AgeWell Pittsburgh (JCC of Greater Pittsburgh, JFCS, and JAA collaboration)","5738 Forbes Avenue, Pittsburgh, PA 15217",https://agewellpgh.org,agewell@jccpgh.org,
Allegheny County 4‑H Youth Development,"4‑H clubs in Allegheny County are led by trained adult volunteers who mentor youth through hands‑on projects in agriculture, STEM, arts, and leadership. Meetings and workshops take place in neutral community locations such as schools, libraries, and community centers, intentionally fostering intergenerational learning and service. Youth‑adult partnerships on community projects and public showcases strengthen civic ties and give young people voice and responsibility in their neighborhoods.",Intergenerational Programs and Apprenticeships,Gun Clubs as Primary Social Hubs with Political Messaging,"Penn State Extension, Allegheny County","1435 Bedford Avenue, Suite A, Pittsburgh, PA 15219",https://extension.psu.edu/allegheny-county,AlleghenyExt@psu.edu,
Allegheny County Community Emergency Response Team (CERT),"Allegheny County’s CERT initiative provides free training that equips community volunteers with disaster response skills, including preparedness, first aid, fire suppression, and light search and rescue. It formalizes a protector role for residents across Western Pennsylvania’s municipalities, creating trained teams that support first responders and foster trust, responsibility, and community resilience.","Community Sports, Search & Rescue, and Service Teams",Conservative Identity Cultivation Through Protective Masculinity Narratives,Allegheny County Department of Emergency Services,"150 Hookstown Grade Road, Coraopolis, PA 15108",https://www.alleghenycounty.us/emergency-services/emergency-management,,
Allegheny County Critical Incident Stress Management (CISM) Team,"The CISM Team is a peer-support network of trained first responders who provide confidential defusings, debriefings, and resilience education after traumatic incidents, connecting colleagues to counseling and wellness resources as needed. It fosters mutual aid and mentorship across departments, strengthening the protective role of first responders while safeguarding mental health. The team’s trainings and ongoing peer engagement cultivate a supportive culture that promotes service to the comm...",Veterans and First‑Responder Peer Networks,Conservative Identity Cultivation Through Protective Masculinity Narratives,Allegheny County Emergency Services,"150 Hookstown Grade Road, Coraopolis, PA 15108",https://www.alleghenycounty.us/emergency-services,,
Allegheny County EMS Critical Incident Stress Management (CISM) Team,"The CISM Team delivers peer-based crisis intervention and debriefings for first responders after traumatic incidents, normalizing help-seeking and providing pathways to professional mental health care. Trained peers facilitate group support, resilience training, and resource navigation tailored to firefighters, EMS, and law enforcement. Departments use the program to sustain a culture of mutual aid and service, which can extend into mentorship and community outreach activities that reinforce ...",Veterans and First‑Responder Peer Networks,Conservative Identity Cultivation Through Protective Masculinity Narratives,Allegheny County Emergency Services,"150 Hookstown Grade Road, Coraopolis, PA 15108",https://www.alleghenycounty.us/emergency-services/ems-division/critical-incident-stress-management.aspx,,
Allegheny County Elections Division,"The Elections Division operates a public counter at the County Office Building that provides nonpartisan, in-person assistance with voter registration, mail-in/absentee applications, polling place lookups, and understanding sample ballots. Staff also guide prospective candidates through requirements to run for local office—supplying petition packets, filing deadlines, and instructions—while answering questions about local government offices and election procedures, functioning as a standing v...",Nonpartisan Civic Education & Voter Help Desk,Local Republican Party Organizations Operating Brick-and-Mortar Community Centers,Allegheny County,"542 Forbes Avenue, Pittsburgh, PA 15219",https://www.alleghenycounty.us/elections,ElectionsContact@alleghenycounty.us,
Allegheny County Elections Division – Voter & Candidate Services Counter,"The Elections Division maintains a public service counter providing nonpartisan assistance with voter registration, mail‑in/absentee ballot applications, polling place and district information, and election timelines. Staff also guide residents on how to run for local office—offering candidate filing requirements, petition information, and campaign finance basics—serving as an ongoing, in‑person resource desk for civic participation.",Nonpartisan Civic Education & Voter Help Desk,Local Republican Party Organizations Operating Brick-and-Mortar Community Centers,Allegheny County Elections Division,"542 Forbes Avenue, Pittsburgh, PA 15219",https://www.alleghenycounty.us/elections/,electionscontact@alleghenycounty.us,
Allegheny County Veterans Treatment Court,"This problem‑solving court pairs justice‑involved veterans with trained volunteer veteran mentors and coordinates treatment through the VA and community providers for mental health and substance use needs. The court connects participants with employment, education, and benefits services to support successful transition. Required service, accountability, and mentorship leverage veterans’ protective identity for positive civic engagement and peer leadership.",Veterans and First‑Responder Peer Networks,Conservative Identity Cultivation Through Protective Masculinity Narratives,"Allegheny County Court of Common Pleas, Fifth Judicial District of Pennsylvania","436 Grant Street, Pittsburgh, PA 15219",https://www.alleghenycourts.us,,
Alloy Pittsburgh,"Alloy Pittsburgh is a site-based public art initiative that places artists at the Carrie Blast Furnaces to research local steel heritage, gather stories from former millworkers and residents, and create installations, tours, and talks rooted in community memory. By elevating craftsmanship, intergenerational care, and civic pride through art and oral histories, the program reframes industrial masculinity beyond armed protection toward stewardship, skill, and neighborly responsibility.",Oral History and Public Art Projects Celebrating Local Identity,Conservative Identity Cultivation Through Protective Masculinity Narratives,Rivers of Steel Heritage Corporation,"623 E 8th Avenue, Homestead, PA 15120",https://riversofsteel.com,connect@riversofsteel.com,
Alphabet City Events,"City of Asylum’s Alphabet City hosts free, year-round concerts, jazz, literary readings, film screenings, and multicultural performances on Pittsburgh’s Northside. The program provides an open, nonpartisan cultural space where neighbors can gather regularly to share art and stories that reflect local and global heritage. Its consistent schedule of live events and community nights implements the solution by fostering neutral, welcoming social connections across political lines.","Community Arts, Music and Culture Nights",Local Republican Party Organizations Operating Brick-and-Mortar Community Centers,City of Asylum Pittsburgh,"40 W North Avenue, Pittsburgh, PA 15212",https://cityofasylum.org,info@cityofasylum.org,
Alphabet City Events,"City of Asylum hosts year-round, free public events at Alphabet City—including concerts, literary readings, film, and global culture nights—that attract diverse audiences from across the region. These programs provide a welcoming, nonpartisan gathering space where neighbors can share music, stories, and art, building relationships and understanding across political lines.","Community Arts, Music and Culture Nights",Local Republican Party Organizations Operating Brick-and-Mortar Community Centers,City of Asylum,"40 W North Avenue, Pittsburgh, PA 15212",https://www.cityofasylum.org,info@cityofasylum.org,
Annual Labor Day Mass & Blessing of Workers,"Each year, the Diocese of Pittsburgh hosts a Labor Day Mass that lifts up the dignity of work and those who labor, creating a recurring space where union members, worker advocates, and congregations gather for prayer and solidarity. The service explicitly connects Catholic social teaching on just wages and worker rights to current economic justice efforts in the region and is often attended by members of local labor councils and unions, reinforcing ongoing faith–labor relationships.",Faith-Labor Partnership Programs,Megachurches Replacing Ethnic Parishes with Conservative Christian Nationalism,Catholic Diocese of Pittsburgh,"111 Boulevard of the Allies, Pittsburgh, PA 15222",https://diopitt.org,,
Apprenticeship Pittsburgh,"Partner4Work’s Apprenticeship Pittsburgh initiative develops and expands registered apprenticeships and pre-apprenticeships across industries by convening employers, unions, and training providers. The program supports youth and young adults with career pathways, mentorship, and work-based learning that lead to in-demand, marketable skills. By aligning community assets with employer needs, it helps convert training into paid, sustainable apprenticeships.","Youth Skills, Apprenticeship and Mentorship Programs",Local Republican Party Organizations Operating Brick-and-Mortar Community Centers,Partner4Work (Workforce Development Board for Pittsburgh/Allegheny County),"650 Smithfield Street, Suite 2600, Pittsburgh, PA 15222",https://www.partner4work.org,info@partner4work.org,
Apprenticeship Pittsburgh,"Apprenticeship Pittsburgh connects high school students and young adults to pre-apprenticeship and registered apprenticeship opportunities with regional employers and building trades. The program offers mentoring, career exploration, and hands-on skill development delivered with union JATCs and employer partners, often hosting info sessions and training in school and community venues. It operationalizes the solution by aligning youth with tradespeople and employers for structured mentorship a...","Youth Skills, Apprenticeship and Mentorship Programs",Local Republican Party Organizations Operating Brick-and-Mortar Community Centers,Allegheny Intermediate Unit (AIU3),"475 East Waterfront Drive, Homestead, PA 15120",https://apprenticeshippittsburgh.com,apprenticeship@aiu3.net,
Armstrong Neighborhood Channel,"The Armstrong Neighborhood Channel produces hyperlocal TV and digital shows (such as Butler Buzz and In the Loop) that feature local nonprofits, volunteers, small businesses, and community events across Western Pennsylvania. By regularly profiling everyday civic contributors and nonpartisan initiatives, the channel builds pride and awareness of collaborative efforts that improve community life. Its accessible, story-driven format reframes local identity around shared values and neighbor-to-ne...",Community Media for Inclusive Storytelling,Gun Clubs as Primary Social Hubs with Political Messaging,"Armstrong (Armstrong Utilities, Inc.)","1 Armstrong Place, Butler, PA 16001",https://armstrongneighborhood.com,,
Art on Tap,"Art on Tap is a monthly after-hours Friday event at The Westmoreland Museum that offers live music, maker demos, and social activities in collaboration with local partners. The series is sustained through event sponsorships from area businesses and vendors, providing an affordable, welcoming community night for Westmoreland County residents. It fulfills the solution by using private sponsorships and community partnerships to host recurring, inclusive gatherings.",Public-Private Sponsorship of Community Nights,Gun Clubs as Primary Social Hubs with Political Messaging,The Westmoreland Museum of American Art,"221 N Main Street, Greensburg, PA 15601",https://thewestmoreland.org/events/art-on-tap/,info@thewestmoreland.org,
Art on Tap,"Art on Tap is a recurring first-Friday, after-hours program with live music, local brews and bites, and access to galleries at The Westmoreland. It provides an informal, welcoming environment where Westmoreland County residents gather regularly to celebrate regional art and meet neighbors. The series strengthens social ties and local identity through consistent cultural nights in a trusted community space.","Community Arts, Music and Culture Nights",Local Republican Party Organizations Operating Brick-and-Mortar Community Centers,The Westmoreland Museum of American Art,"221 N Main Street, Greensburg, PA 15601",https://thewestmoreland.org,info@thewestmoreland.org,
"Arts, Culture & Education Programs at the Pump House","The Battle of Homestead Foundation produces a year-round series of talks, films, labor music, and community theater at the historic Pump House, while recording and sharing interviews with Mon Valley workers and families. These programs commemorate industrial history and union struggle while lifting up care for community, democratic participation, and solidarity as protective roles. By convening intergenerational audiences to hear and perform local stories, the initiative reframes masculinity ...",Oral History and Public Art Projects Celebrating Local Identity,Conservative Identity Cultivation Through Protective Masculinity Narratives,Battle of Homestead Foundation,"880 E Waterfront Drive, Munhall, PA 15120",https://battleofhomestead.org,info@battleofhomestead.org,
Artsburgh Event Calendar,"Artsburgh is a region-wide, nonpartisan online calendar that aggregates arts, culture, classes, workshops, and community happenings from hundreds of venues and organizations across Western Pennsylvania. By centralizing inclusive, family-friendly, and social events in one hub, it makes it easy for residents to find alternatives to partisan club activities and connect with neighbors through shared cultural experiences.",Local Inclusive Events Calendar and Outreach Hub,Gun Clubs as Primary Social Hubs with Political Messaging,Greater Pittsburgh Arts Council,"810 Penn Avenue, Suite 600, Pittsburgh, PA 15222",https://www.artsburgh.org,info@pittsburghartscouncil.org,
Assemble Community Space for Arts + Technology,"Assemble is a neighborhood-based makerspace offering hands-on STEAM workshops, open studios, and community build events where participants share tools and learn making skills together. Programs for youth and adults emphasize collaboration, creativity, and problem-solving, helping neighbors connect around craft rather than politics. This shared-makerspace model provides a welcoming, skill-building environment that strengthens local social ties.",Shared-tools and Makerspaces,Gun Clubs as Primary Social Hubs with Political Messaging,"Assemble, Pittsburgh","4824 Penn Avenue, Pittsburgh, PA 15224",https://www.assemblepgh.org,info@assemblepgh.org,
Assemble Community Space for Arts + Technology,"Assemble operates a community-focused makerspace offering free and low-cost workshops, open studio time, and collaborative STEAM programs for youth and adults. Participants learn skills in crafting, electronics, and design while working together on projects, building inclusive relationships rooted in making rather than politics.",Shared-tools and Makerspaces,Gun Clubs as Primary Social Hubs with Political Messaging,Assemble,"4824 Penn Ave, Pittsburgh, PA 15224",https://www.assemblepgh.org,info@assemblepgh.org,
Assemble Community Spotlight & Youth Media,"Assemble’s programs regularly feature ‘Guest Experts’ from teaching, nursing, community organizing, coaching, and the skilled trades, and equip youth to produce zines, videos, and exhibits that celebrate these neighbors as protectors and problem-solvers. The organization publishes community-created media across its channels and in public showcases, shifting status toward collaborative, non-violent service and care. By positioning everyday helpers as heroes, Assemble reframes responsibility an...",Local Marketing Campaigns Reframing Responsibility and Protection,Conservative Identity Cultivation Through Protective Masculinity Narratives,Assemble,"4824 Penn Avenue, Pittsburgh, PA 15224",https://www.assemblepgh.org,info@assemblepgh.org,
Athletics & Recreation Volunteer Coaching,"Sarah Heinz House engages adult volunteers to coach youth sports and fitness programs, emphasizing mentorship, teamwork, and positive role modeling. By guiding leagues and recreational activities in a safe, structured environment, volunteers channel protective and leadership instincts into community-valued roles that foster belonging and trust among families on Pittsburgh’s North Side.","Community Sports, Search & Rescue, and Service Teams",Conservative Identity Cultivation Through Protective Masculinity Narratives,Sarah Heinz House,"1 Heinz Street, Pittsburgh, PA 15212",https://www.sarahheinzhouse.org,info@sarahheinzhouse.org,
Auberle Employment Institute – Trades and Manufacturing Pipeline,"The Employment Institute prepares adults and young adults for entry into construction trades and manufacturing through industry-recognized credentials, work readiness training, and direct connections to apprenticeships and employer partners. Wraparound supports and coaching help participants secure and advance in stable, family-supporting careers.",Worker Cooperatives and Apprenticeship Programs,Conservative Identity Cultivation Through Protective Masculinity Narratives,Auberle,"1101 Hartman Street, McKeesport, PA 15132",https://www.auberle.org,info@auberle.org,
Auberle Fatherhood Program & Employment Institute,"Auberle combines fatherhood education and coaching with its Employment Institute to provide parenting classes (e.g., Nurturing Dads/24:7 Dad curricula), relationship skills, case management, and direct access to job training, certifications, and placement support. Fathers can build nurturing skills through family nights and father–child activities while simultaneously strengthening their role as providers via workforce services. This integrated, one-stop model supports stable, caring fatherho...",Family Resource Centers and Fatherhood Programs,Conservative Identity Cultivation Through Protective Masculinity Narratives,Auberle,"1101 Hartman Street, McKeesport, PA 15132",https://www.auberle.org,info@auberle.org,
"BMNECC Folk Dance, Language, and Heritage Programs","The BMNECC preserves Bulgarian and Macedonian cultural traditions through kolo dance ensembles, language classes, festivals, and community arts workshops that involve children, parents, and elders. Its year-round programming revives parish-linked customs (music, dance, foodways, and holiday rituals) and offers a welcoming, nonpartisan gathering space that strengthens intergenerational ties and civic belonging in the Mon Valley.",Cultural Heritage and Intergenerational Programs,Megachurches Replacing Ethnic Parishes with Conservative Christian Nationalism,Bulgarian Macedonian National Educational and Cultural Center (BMNECC),"449 West 8th Avenue, West Homestead, PA 15120",https://www.bmnecc.org,info@bmnecc.org,
Banjo Night,"The Pittsburgh Banjo Club presents a weekly, family-friendly music night featuring classic American tunes performed at the North Side Elks Lodge. The ongoing series draws a multigenerational, regionwide crowd and provides an easygoing, apolitical setting where people connect over shared musical heritage.","Community Arts, Music and Culture Nights",Local Republican Party Organizations Operating Brick-and-Mortar Community Centers,Pittsburgh Banjo Club,"400 Cedar Avenue, Pittsburgh, PA 15212",https://www.pittsburghbanjoclub.com,,
Battle of Homestead Foundation Lecture Series,"This ongoing series at the historic Pump House features talks, panel discussions, film nights, and story-sharing events where retired steelworkers, union members, historians, and residents recount lived experiences of the Mon Valley. The programs foreground oral histories and audience dialogue, enabling younger residents and newcomers to engage directly with community elders. By convening multi-generational storytelling in a neutral civic space, the series helps create a shared narrative and ...",Local Storytelling and Shared History Project,Local Republican Party Organizations Operating Brick-and-Mortar Community Centers,Battle of Homestead Foundation,"880 E Waterfront Drive, Munhall, PA 15120",https://battleofhomestead.org,info@battleofhomestead.org,
Battle of Homestead Foundation Public Programs,"The Battle of Homestead Foundation preserves and shares the stories of steelworkers and their families through talks, performances, walking tours, and community events based at the historic Pump House. Programs frequently feature readings, music, and storytelling rooted in labor history and civic action, helping residents connect pride in protection and responsibility with solidarity, caregiving, and community-building. By foregrounding workers’ voices and cultural expression, the initiative ...",Oral History and Public Art Projects Celebrating Local Identity,Conservative Identity Cultivation Through Protective Masculinity Narratives,Battle of Homestead Foundation,"880 East Waterfront Drive, Munhall, PA 15120",https://battleofhomestead.org,info@battleofhomestead.org,
Bigs with Badges,"Bigs with Badges pairs first responders—police officers, firefighters, and EMTs—with local youth for one-to-one mentoring, strengthening trust and safety in neighborhoods. The program channels first responders’ protective ethos into consistent civic engagement and youth development, while fostering a supportive peer network among participating first responders through shared trainings and match activities. Mentoring also opens pathways for youth exposure to public service careers and positive...",Veterans and First‑Responder Peer Networks,Conservative Identity Cultivation Through Protective Masculinity Narratives,Big Brothers Big Sisters of Greater Pittsburgh,"1901 Boulevard of the Allies, Suite 601, Pittsburgh, PA 15219",https://www.bbbspgh.org/programs/bigs-with-badges/,info@bbbspgh.org,
BikePGH Business Program,"BikePGH’s Business Program works with employers to create bike-friendly workplaces and to organize after-work social rides, commuter challenges, and skills classes for employees. Companies use BikePGH’s resources to host neutral, health-focused activities starting from the office or nearby trails, fostering team bonding and regular nonpartisan social time. The program provides planning support, safety education, and recognition for participating employers.",Employer-sponsored After-work Social Programs,Gun Clubs as Primary Social Hubs with Political Messaging,"Bike Pittsburgh, Inc.","188 43rd Street, Suite 300, Pittsburgh, PA 15201",https://www.bikepgh.org/business,info@bikepgh.org,
BikePGH Business Program (Workplace Bike Clubs & Commute Support),"BikePGH works with companies to start after-work group rides, bike-commute cohorts, and skills workshops hosted at or near the workplace. These employer-sponsored, nonpartisan activities give workers regular, social alternatives to politically affiliated clubs while improving wellness and camaraderie.",Employer-sponsored After-work Social Programs,Gun Clubs as Primary Social Hubs with Political Messaging,Bike Pittsburgh,"188 43rd Street, Pittsburgh, PA 15201",https://www.bikepgh.org,info@bikepgh.org,
BizFIT Entrepreneurship Program & Business Incubator,"Riverside Center for Innovation’s BizFIT program combines incubator space in a nonprofit, community-controlled facility with training cohorts that emphasize peer mentoring and practical business skills. Participants are connected to seed funding pathways such as microloans and gap financing through regional partners, and teams interested in shared ownership receive support to pursue worker-cooperative structures. By embedding entrepreneurs in a supportive Northside hub, BizFIT helps create lo...",Worker Cooperative Incubator,Local Republican Party Organizations Operating Brick-and-Mortar Community Centers,Riverside Center for Innovation,"700 River Avenue, Pittsburgh, PA 15212",https://www.riversidecenterforinnovation.com,info@riversidecenterforinnovation.com,
Blasco Library Meeting Rooms Policy,"Erie County Public Library’s Blasco Library provides public meeting rooms to community organizations with a policy that emphasizes equal access and viewpoint neutrality. The policy includes non-endorsement requirements for event publicity and posted notices, and uses scheduling rules to avoid repeated priority by any single organization, advancing fair use of publicly supported space.",Venue Use Policies for Publicly Funded Spaces,Gun Clubs as Primary Social Hubs with Political Messaging,Erie County Public Library (Blasco Library),"160 East Front Street, Erie, PA 16507",https://www.erielibrary.org,,
Block Build Days,"Rebuilding Together Pittsburgh coordinates large-scale community service days where corporate, union, faith, and neighborhood volunteers complete free critical home repairs for elderly, veteran, and low-income homeowners across Allegheny County. These events intentionally assemble diverse teams from different parts of Western Pennsylvania—often across political affiliations—to work together on repairs, cleanup, and accessibility modifications, strengthening cross-community ties.",Intergroup Volunteer Service Projects,Local Republican Party Organizations Operating Brick-and-Mortar Community Centers,Rebuilding Together Pittsburgh,"7800 Susquehanna Street, Suite 205, Pittsburgh, PA 15208",https://www.rtpittsburgh.org,info@rtpittsburgh.org,
Block Clubs and Community Action Meetings,"Operation Better Block organizes Homewood block clubs and regular community action meetings where residents identify priorities and co-create projects such as vacant lot reuse, housing stabilization, and youth safety. Meetings are open to all neighbors and emphasize resident facilitation, rotating leadership roles, and shared decision-making. OBB provides training and support so community members can lead projects that directly impact their streets and blocks.",Neighborhood Assemblies and Listening Sessions,Local Republican Party Organizations Operating Brick-and-Mortar Community Centers,"Operation Better Block, Inc.","801 N Homewood Avenue, Pittsburgh, PA 15208",https://www.obbinc.org,,
Bloomfield Saturday Market,"The Bloomfield Saturday Market is a weekly, open-air market featuring local farmers, food purveyors, artisans, community tables, and occasional live performances. Hosted in a central neighborhood setting and welcoming to all, it blends food, vendors, and activities to create an informal gathering space where neighbors can meet, socialize, and build trust.","Inclusive Public Events (Fairs, Markets, Block Parties)",Local Republican Party Organizations Operating Brick-and-Mortar Community Centers,Bloomfield Development Corporation,"4908 Liberty Avenue, Pittsburgh, PA 15224",https://bloomfieldpgh.org/market,info@bloomfieldpgh.org,
Bloomfield Saturday Market,"A weekly, open-air neighborhood market featuring farmers, local food businesses, live music, and community organizations, with SNAP matching and kid-friendly programming. By convening residents in a central public lot along Liberty Avenue with food, vendors, and performances, it creates an inclusive social space that builds neighbor connections and supports local enterprises.","Inclusive Public Events (Fairs, Markets, Block Parties)",Local Republican Party Organizations Operating Brick-and-Mortar Community Centers,Bloomfield Development Corporation,"5050 Liberty Avenue, Pittsburgh, PA 15224",https://bloomfieldpgh.org/market/,market@bloomfieldpgh.org,
Board Watch Academy,"Board Watch Academy trains parents, students, and residents to understand Pittsburgh Public Schools governance, budgets, and policy-making, and to participate effectively in school board meetings. The program builds skills for public commenting, data-informed advocacy, and pathways to serve on advisory committees, helping community members influence school decisions and strengthen accountability.",Civic Leadership and Local Government Training,Conservative Identity Cultivation Through Protective Masculinity Narratives,A+ Schools,"1901 Centre Avenue, Suite 302, Pittsburgh, PA 15219",https://www.aplusschools.org,info@aplusschools.org,
Bulgarian Macedonian National Educational and Cultural Center,"BMNECC sustains Bulgarian and Macedonian heritage through community language classes, dance ensembles, cooking workshops, and seasonal festivals at its West Homestead cultural center. Its programs invite grandparents, parents, and youth to learn, perform, and share stories that trace parish-based traditions brought by immigrants to the Mon Valley. These activities create a neutral gathering place for mutual support, cultural pride, and cross-generational connection.",Cultural Heritage and Intergenerational Programs,Megachurches Replacing Ethnic Parishes with Conservative Christian Nationalism,Bulgarian Macedonian National Educational and Cultural Center,"449 West 8th Avenue, West Homestead, PA 15120",https://www.bmnecc.org,info@bmnecc.org,
Butler Collaborative for Families (BCF),"BCF is a countywide, cross-sector council that brings together faith-based congregations, human services, schools, health systems, businesses, and government to coordinate responses to family and community needs in Butler County. The collaborative holds regular membership meetings, hosts joint events, and develops nonpartisan, shared action plans around priorities such as jobs, education, safety, and access to services—functioning as an ongoing civic-and-faith council for the region.",Interfaith and Civic Councils,Megachurches Replacing Ethnic Parishes with Conservative Christian Nationalism,Butler Collaborative for Families,"214 South Main Street, Butler, PA 16001",https://butlerfamilies.org,info@butlerfamilies.org,
CCAC West Hills Center – Trades & Applied Technology Programs,"CCAC’s West Hills Center delivers hands-on training in automotive technology, welding, HVAC, mechatronics, and CDL using full-scale labs and bays. Instruction by journeyman faculty, team projects, and student groups create a community workshop environment where peers learn together and mentor one another. The center offers men in suburban and Mon Valley communities a practical pathway to skilled work, camaraderie, and provider identities rooted in craft and service.",Men’s Community Workshops and Skill Centers,Conservative Identity Cultivation Through Protective Masculinity Narratives,Community College of Allegheny County (CCAC),"1000 McKee Road, Oakdale, PA 15071",https://www.ccac.edu/locations/west-hills-center/index.html,admissions@ccac.edu,
CLP Events & Programs Calendar,"Carnegie Library of Pittsburgh maintains a comprehensive digital events calendar and in-branch bulletin boards that list free, nonpartisan social and civic activities—from community discussions and voter education to job help, ESL, and family programs. As a widely used public hub with multiple physical locations, CLP promotes inclusive alternatives to partisan clubs by making it easy for residents to discover and attend community-building events both online and through printed flyers and news...",Local Inclusive Events Calendar and Outreach Hub,Gun Clubs as Primary Social Hubs with Political Messaging,Carnegie Library of Pittsburgh,"4400 Forbes Avenue, Pittsburgh, PA 15213",https://www.carnegielibrary.org/events/,info@carnegielibrary.org,
CSA Performance Series,"The New Hazlett Theater’s Community Supported Art (CSA) Performance Series commissions and presents new works by local artists, pairing each show with community talkbacks and informal receptions. These public performance nights foster inclusive, apolitical social spaces where attendees from different backgrounds can connect through shared cultural experiences and conversations.","Community Arts, Music and Culture Nights",Local Republican Party Organizations Operating Brick-and-Mortar Community Centers,New Hazlett Theater,"6 Allegheny Square East, Pittsburgh, PA 15212",https://newhazletttheater.org/csa,info@newhazletttheater.org,
CTSI Community PARTners Core,"The Community PARTners Core of Pitt’s Clinical and Translational Science Institute helps residents and grassroots groups collaborate with university researchers through training in community facilitation methods (e.g., co-design workshops, advisory boards) and plain-language tools for measuring impact. It offers consultation on data collection and evaluation design and administers small pilot and seed grants for community–academic projects, allowing neighborhood initiatives to be inclusive, w...",University–Community Partnership for Facilitation and Evaluation,Local Republican Party Organizations Operating Brick-and-Mortar Community Centers,University of Pittsburgh Clinical and Translational Science Institute,"200 Meyran Avenue, Pittsburgh, PA 15213",https://www.ctsi.pitt.edu,ctsi@pitt.edu,
Carnegie Library of Pittsburgh Events & Classes,"Carnegie Library of Pittsburgh maintains a comprehensive, nonpartisan events and classes calendar spanning all city neighborhoods, including job help, language learning, civic workshops, arts activities, and family programs. As a trusted digital and physical hub—with branch-based programming and staff who connect patrons to local happenings—it makes inclusive, community-building activities easy to find and attend.",Local Inclusive Events Calendar and Outreach Hub,Gun Clubs as Primary Social Hubs with Political Messaging,Carnegie Library of Pittsburgh,"4400 Forbes Avenue, Pittsburgh, PA 15213",https://www.carnegielibrary.org/events,info@carnegielibrary.org,
Carnegie Library of Pittsburgh – Events Calendar,"Carnegie Library of Pittsburgh maintains a comprehensive, nonpartisan events calendar covering social, educational, and civic programs at branches across the city, making it easy for residents to discover inclusive activities. In addition to the digital calendar, branches use physical bulletin boards and printed flyers to promote local events and partner happenings, functioning as an outreach hub that connects people to community life beyond partisan spaces.",Local Inclusive Events Calendar and Outreach Hub,Gun Clubs as Primary Social Hubs with Political Messaging,Carnegie Library of Pittsburgh,"4400 Forbes Avenue, Pittsburgh, PA 15213",https://www.carnegielibrary.org/events/,info@carnegielibrary.org,
Carrie Blast Furnaces Guided Tours,"Rivers of Steel’s steelworker-guided tours at the Carrie Blast Furnaces center on firsthand stories from former industrial workers, preserving and sharing the region’s labor heritage. These tours function as live oral histories that invite residents, students, and newcomers to hear personal accounts, ask questions, and connect across generations. By elevating worker narratives in a public setting, the program builds empathy and a shared community identity rooted in Western Pennsylvania’s indu...",Local Storytelling and Shared History Project,Local Republican Party Organizations Operating Brick-and-Mortar Community Centers,Rivers of Steel Heritage Corporation,"623 E 8th Avenue, Homestead, PA 15120",https://www.riversofsteel.com,info@riversofsteel.com,
Casa San Jose,"Casa San Jose mobilizes volunteers and community leaders to accompany immigrant neighbors to medical, school, and legal appointments, provide emergency assistance, and coordinate transportation and resource navigation. Their grassroots approach relies on peer networks and mutual aid—WhatsApp groups, community advocates, and rapid response teams—so families can share information, rides, and informal employment referrals. By connecting longtime residents and new arrivals through practical help,...",Mutual Aid and Neighbor Networks,Megachurches Replacing Ethnic Parishes with Conservative Christian Nationalism,Casa San Jose,"2116 Broadway Avenue, Pittsburgh, PA 15216",https://www.casasanjose.org,info@casasanjose.org,
Casa San José Civic Engagement,"Casa San José’s Civic Engagement program organizes nonpartisan town halls and issue forums in parish halls and community centers serving Latino and immigrant families in the South Hills and across Pittsburgh. Staff use neutral facilitation, provide Spanish-language and other multilingual materials and interpretation, and invite local officials and service providers to address housing, health care access, schools, and workers’ rights so residents can learn, ask questions, and participate in el...",Nonpartisan Civic Education and Issue Forums,Megachurches Replacing Ethnic Parishes with Conservative Christian Nationalism,Casa San José,"2116 Broadway Avenue, Pittsburgh, PA 15216",https://www.casasanjose.org,info@casasanjose.org,
Casa San José Workers’ Rights Program,"Casa San José is a faith-rooted community resource center founded by the Sisters of St. Joseph of Baden that provides workers’ rights education, wage-theft assistance, and accompaniment for immigrant workers in Western Pennsylvania. Through its Workers’ Rights Program, Casa San José partners with local unions and worker organizations to support living-wage campaigns, co-host know-your-rights trainings in church and parish spaces, and mobilize congregations for solidarity actions that link fai...",Faith-Labor Partnership Programs,Megachurches Replacing Ethnic Parishes with Conservative Christian Nationalism,Casa San José,"2116 Broadway Avenue, Pittsburgh, PA 15216",https://www.casasanjose.org,info@casasanjose.org,
Catalytic Grants,"Neighborhood Allies invests in resident-led and community-based initiatives through Catalytic Grants paired with capacity-building, including facilitation/coaching and Results-Based Accountability (RBA) training. They convene cross-sector partners, run learning cohorts, and provide shared measurement tools and data assistance so projects can demonstrate results and improve inclusivity. Small grants combined with facilitation and evaluation support enable neighborhood efforts to grow responsibly.",University–Community Partnership for Facilitation and Evaluation,Local Republican Party Organizations Operating Brick-and-Mortar Community Centers,Neighborhood Allies,"928 Penn Avenue, Suite 200, Pittsburgh, PA 15222",https://neighborhoodallies.org,info@neighborhoodallies.org,
Catapult: Startup to Storefront,"Catapult Greater Pittsburgh provides cohort-based business education, coaching, and micro-grants to help residents—especially from historically disinvested communities—launch and grow enterprises. By connecting entrepreneurs to pop-up and permanent retail spaces and emphasizing community-rooted ownership, the program builds locally controlled businesses that strengthen neighborhood stability and voice.",Support for Worker and Community-Owned Enterprises,Megachurches Replacing Ethnic Parishes with Conservative Christian Nationalism,Catapult Greater Pittsburgh,"1435 Bedford Avenue, Suite A, Pittsburgh, PA 15219",https://catapultpittsburgh.org,info@catapultpittsburgh.org,
Center for Community-Engaged Teaching and Research (CETR),"CETR brokers partnerships between Duquesne University faculty/students and community organizations to co-design projects, facilitate meetings, and conduct program evaluation. The center offers workshops on facilitation, equity-centered engagement, and assessment, and supports community-engaged research that yields usable evaluation findings. These university resources help neighborhood initiatives become more inclusive, well-run, and ready to scale.",University–Community Partnership for Facilitation and Evaluation,Local Republican Party Organizations Operating Brick-and-Mortar Community Centers,Duquesne University,"600 Forbes Avenue, Pittsburgh, PA 15282",https://www.duq.edu/academics/centers/center-for-community-engaged-teaching-and-research,cetr@duq.edu,
Center for Loving Kindness & Civic Engagement,"The JCC’s Center for Loving Kindness convenes regular, facilitated dialogues that bring together people across political, faith, and neighborhood lines to discuss shared concerns such as community safety, education, and belonging. Trained local facilitators use structured conversation practices and relationship-building activities to help participants listen deeply, find common ground, and co-create next steps. These ongoing dialogues foster trust among neighbors and strengthen civic ties wit...",Community Dialogue and Trust-building Series,Gun Clubs as Primary Social Hubs with Political Messaging,Jewish Community Center of Greater Pittsburgh,"5738 Forbes Avenue, Pittsburgh, PA 15217",https://jccpgh.org/center-for-loving-kindness/,info@jccpgh.org,
Center for Loving Kindness Community Conversations,"The JCC’s Center for Loving Kindness hosts ongoing, facilitated neighbor-to-neighbor dialogues that bring together community members to discuss shared concerns—such as safety, belonging, and schools—and to practice civil discourse. Trained facilitators guide structured conversations designed to lower polarization, cultivate empathy, and strengthen trust and collaboration among participants from different backgrounds.",Community Dialogue and Trust-building Series,Gun Clubs as Primary Social Hubs with Political Messaging,Jewish Community Center of Greater Pittsburgh – Center for Loving Kindness,"5738 Forbes Avenue, Pittsburgh, PA 15217",https://jccpgh.org/center-for-loving-kindness/,info@jccpgh.org,
Center for Loving Kindness Community Conversations (We Talk Tuesdays),"The Center for Loving Kindness at the JCC convenes recurring, facilitated dialogues that bring neighbors together across political, religious, and cultural lines to discuss shared concerns such as public safety, schools, and community well-being. Staff and trained volunteer facilitators use discussion agreements and bridge-building techniques to ensure respectful, skillful conversations that reduce polarization and strengthen trust. Outcomes and next steps are documented and shared with parti...",Community Dialogue and Trust-building Series,Gun Clubs as Primary Social Hubs with Political Messaging,Jewish Community Center of Greater Pittsburgh – Center for Loving Kindness and Civic Engagement,"5738 Forbes Avenue, Pittsburgh, PA 15217",https://jccpgh.org/center-for-loving-kindness,info@jccpgh.org,
Center for Loving Kindness and Civic Engagement,"The Center for Loving Kindness at the JCC convenes community dialogues, listening sessions, and nonpartisan civic action workshops that bring together neighbors, congregations, and local partners. Using the JCC’s facilities as dependable gathering spaces, the program formally partners with faith groups, schools, and neighborhood organizations to host regular meetings that strengthen social trust and civic participation.",Interfaith Dialogue Series on Social Teaching and Common Values,Megachurches Replacing Ethnic Parishes with Conservative Christian Nationalism,Jewish Community Center of Greater Pittsburgh,"5738 Forbes Avenue, Pittsburgh, PA 15217",https://jccpgh.org/center-for-loving-kindness,info@jccpgh.org,
Center for Loving Kindness and Civic Engagement,"The Center provides training and resources for clergy and lay leaders to facilitate civil discourse, organize neighbor-to-neighbor initiatives, and lead inclusive, nonpartisan community service projects. By convening synagogues, churches, mosques, and local partners, it builds skills in dialogue, conflict de-escalation, and community organizing that strengthen social solidarity and neighborhood health.",Congregational Civic Leadership Training,Megachurches Replacing Ethnic Parishes with Conservative Christian Nationalism,Jewish Community Center of Greater Pittsburgh,"5738 Forbes Avenue, Pittsburgh, PA 15217",https://jccpgh.org/center-for-loving-kindness/,info@jccpgh.org,
Center for Loving Kindness and Civic Engagement,"The Center for Loving Kindness at the JCC convenes community dialogues, listening sessions, and nonpartisan civic action workshops that bring together neighbors, congregations, and local partners. Using the JCC’s facilities as dependable gathering spaces, the program formally partners with faith groups, schools, and neighborhood organizations to host regular meetings that strengthen social trust and civic participation.",Congregational Civic Leadership Training,Megachurches Replacing Ethnic Parishes with Conservative Christian Nationalism,Jewish Community Center of Greater Pittsburgh,"5738 Forbes Avenue, Pittsburgh, PA 15217",https://jccpgh.org/center-for-loving-kindness,info@jccpgh.org,
Center for Loving Kindness and Civic Engagement,"The Center for Loving Kindness at the JCC convenes community dialogues, listening sessions, and nonpartisan civic action workshops that bring together neighbors, congregations, and local partners. Using the JCC’s facilities as dependable gathering spaces, the program formally partners with faith groups, schools, and neighborhood organizations to host regular meetings that strengthen social trust and civic participation.",Nonpartisan Civic Education and Issue Forums,Megachurches Replacing Ethnic Parishes with Conservative Christian Nationalism,Jewish Community Center of Greater Pittsburgh,"5738 Forbes Avenue, Pittsburgh, PA 15217",https://jccpgh.org/center-for-loving-kindness,info@jccpgh.org,
Center for Loving-Kindness and Civic Engagement,"Housed at the JCC, the Center convenes interfaith and neighborhood dialogues, workshops, and public programs that elevate caregiving, neighborliness, and civic stewardship as core protective roles in community life. Clergy and lay leaders co-design forums and action projects that promote nonviolent leadership and cross-congregational collaboration, reframing protection from being armed to building trust, mutual aid, and civic responsibility in Western Pennsylvania communities.",Faith and Community Dialogues on Protective Roles,Conservative Identity Cultivation Through Protective Masculinity Narratives,Jewish Community Center of Greater Pittsburgh,"5738 Forbes Avenue, Pittsburgh, PA 15217",https://jccpgh.org/center-for-loving-kindness/,info@jccpgh.org,
Center for Lovingkindness and Civic Engagement,"Based at the JCC, the Center for Lovingkindness hosts interfaith and civic dialogues in synagogues, churches, and community centers that reframe “protection” as caregiving, neighborliness, and civic stewardship. Clergy and lay partners co-design programs like community conversations, service-learning, and leadership development that emphasize nonviolent leadership and mutual responsibility. These gatherings build belonging and trust across Western Pennsylvania’s neighborhoods through shared v...",Faith and Community Dialogues on Protective Roles,Conservative Identity Cultivation Through Protective Masculinity Narratives,Jewish Community Center of Greater Pittsburgh,"5738 Forbes Avenue, Pittsburgh, PA 15217",https://jccpgh.org/center-for-lovingkindness/,info@jccpgh.org,
Center for Lovingkindness: Conversations for the Common Good,"The JCC’s Center for Lovingkindness convenes structured dialogues that bring together residents across ideological, religious, and political lines to address neighborhood-level challenges like safety, youth opportunity, and community trust. Meetings are facilitated with agreed-upon ground rules, emphasize relationships and listening across differences, and aim to produce concrete collaborations and commitments that benefit local schools, social services, and public spaces.",Cross-Party Civic Dialogue Series,Local Republican Party Organizations Operating Brick-and-Mortar Community Centers,"Jewish Community Center of Greater Pittsburgh, Center for Lovingkindness and Civic Engagement","5738 Forbes Avenue, Pittsburgh, PA 15217",https://jccpgh.org/center-for-lovingkindness,centerforlovingkindness@jccpgh.org,
Center of Life,"Center of Life operates a community hub in Hazelwood offering after-school and summer programs, family supports, workforce-aligned arts and entrepreneurship education, and public events for residents. The organization provides neutral, accessible gathering spaces for meetings and community activities while delivering training and youth development that build local capacity. Its neighborhood-based, nonpartisan center advances the solution by creating a trusted place where people convene, learn...",Community-owned Neutral Hub (co-op of former meeting halls),Local Republican Party Organizations Operating Brick-and-Mortar Community Centers,Center of Life,"161 Hazelwood Avenue, Pittsburgh, PA 15207",https://www.centeroflife.net,info@centeroflife.net,
Center of Life After-School & Summer Programs (KRUNK Movement and Fusion),"Founded by local church leaders and rooted in Hazelwood, Center of Life’s after-school and summer programs blend arts, STEM, and workforce readiness with community values. Youth develop project management and teamwork skills while producing performances tied to neighborhood issues and history, and participate in youth leadership groups that shape programming and community partnerships with schools, churches, and nonprofits. This embodies the solution by anchoring civic and vocational learning...",Youth Civic and Vocational Programs Anchored in Community Values,Megachurches Replacing Ethnic Parishes with Conservative Christian Nationalism,Center of Life,"161 Hazelwood Avenue, Pittsburgh, PA 15207",https://centeroflife.org,info@centeroflife.net,
Ceramics Cooperative Studio,"Union Project’s cooperative studio model empowers members to self-organize open studios, peer learning circles, and special interest groups around ceramics and craft. The organization provides affordable access to space, equipment, and staff facilitation so working adults can build community and run their own interest-driven clubs outside of political contexts.",Worker-led Social Clubs and Interest Groups,Gun Clubs as Primary Social Hubs with Political Messaging,Union Project,"801 N Negley Avenue, Pittsburgh, PA 15206",https://www.unionproject.org,info@unionproject.org,
Ceramics at Union Project,"Union Project’s ceramics studio offers classes, open studios, and community clay workshops that welcome teens and adults to learn side-by-side with professional teaching artists. By pairing new learners with experienced makers and hosting inclusive events in a neighborhood-based arts space, the program creates intergenerational mentorship and civic connections through craft.",Intergenerational Programs and Apprenticeships,Gun Clubs as Primary Social Hubs with Political Messaging,Union Project,"801 North Negley Avenue, Pittsburgh, PA 15206",https://www.unionproject.org,info@unionproject.org,
Citizen Police Review Board Mediation Program,"This program offers confidential mediation between Pittsburgh residents and police officers following complaints or conflicts, facilitated by trained neutral mediators. By creating a safe space for dialogue and mutual understanding, it de-escalates community–police tensions, helps resolve disputes without litigation, and supports more constructive, trusting relationships within neighborhoods.",Neighborhood Mediation and Peer Conflict Resolution Teams,Local Republican Party Organizations Operating Brick-and-Mortar Community Centers,City of Pittsburgh Citizen Police Review Board,"816 Fifth Avenue, Suite 400, Pittsburgh, PA 15219",https://cprbpgh.org,,
City of Asylum Public Programming at Alphabet City,"City of Asylum hosts free community events at Alphabet City several nights each week—open mics, author talks, multilingual readings, jazz jams, and workshops—that are open to all residents. These gatherings are funded by corporate and local business sponsors alongside foundation support, and are frequently co-produced with neighborhood groups, universities, and arts organizations. The sponsorships underwrite recurring, welcoming community nights that create a nonpartisan place to connect afte...",Public-Private Sponsorship of Community Nights,Gun Clubs as Primary Social Hubs with Political Messaging,City of Asylum Pittsburgh,"40 W North Avenue, Pittsburgh, PA 15212",https://www.cityofasylum.org,info@cityofasylum.org,
City of Pittsburgh Farmers Markets,"Multiple weekly neighborhood farmers markets organized by the City’s Office of Special Events, featuring produce, prepared foods, community resource tables, and occasional live entertainment. These open, family-friendly gatherings in public parks and squares provide neutral spaces for residents to mingle, support local vendors, and connect with neighbors.","Inclusive Public Events (Fairs, Markets, Block Parties)",Local Republican Party Organizations Operating Brick-and-Mortar Community Centers,City of Pittsburgh Office of Special Events (CITIPARKS),"414 Grant Street, Pittsburgh, PA 15219",https://pittsburghpa.gov/events/farmersmarkets,specialevents@pittsburghpa.gov,
City of Pittsburgh Office of Special Events – Community Events Calendar,"The Office of Special Events curates a centralized, nonpartisan calendar of free and low-cost civic and social activities—such as concerts, movies in parks, farmers markets, volunteer days, and neighborhood gatherings—open to all residents. The city promotes these events widely through its website, newsletters, and on-the-ground signage, creating a visible, inclusive alternative hub where people can connect across neighborhoods outside of partisan environments.",Local Inclusive Events Calendar and Outreach Hub,Gun Clubs as Primary Social Hubs with Political Messaging,"City of Pittsburgh, Office of Special Events","414 Grant Street, Pittsburgh, PA 15219",https://pittsburghpa.gov/events,specialevents@pittsburghpa.gov,
Civic Leadership Academy,"The City of Pittsburgh’s Civic Leadership Academy is a free cohort-based course that trains residents in how local government works and how to effectively engage with it. Participants learn practical civic skills like running effective meetings, public speaking, and navigating city departments and boards, creating a pipeline of informed neighborhood leaders who can organize and facilitate community efforts year-round.",Civic Leadership and Local Government Training,Conservative Identity Cultivation Through Protective Masculinity Narratives,"City of Pittsburgh, Office of Community Affairs","414 Grant Street, Pittsburgh, PA 15219",https://pittsburghpa.gov/oca/cla,,
Civic Leadership Academy,"The City of Pittsburgh’s Civic Leadership Academy is a free, cohort-based course that teaches residents how local government works and how to lead in their neighborhoods. Participants build skills in public speaking, policy literacy, and community problem-solving while meeting department directors and learning pathways to serve on city boards and commissions. Graduates—many from deindustrialized neighborhoods—gain mentorship and connections to lead civic campaigns and take on public roles.",Civic Leadership and Local Government Training,Conservative Identity Cultivation Through Protective Masculinity Narratives,City of Pittsburgh Office of Community Affairs,"414 Grant Street, Pittsburgh, PA 15219",https://pittsburghpa.gov/oca/cla,oca@pittsburghpa.gov,
CivicCLP,"CivicCLP is Carnegie Library of Pittsburgh’s ongoing, nonpartisan civic engagement series that partners with community organizations, universities, and local government to host voter education, issue forums, workshops on how local government works, and candidate conversations across library branches. By using neighborhood libraries as trusted, accessible venues and collaborating with groups like the county elections office and the League of Women Voters, CivicCLP provides reliable physical sp...",Nonpartisan Civic Education and Issue Forums,Megachurches Replacing Ethnic Parishes with Conservative Christian Nationalism,Carnegie Library of Pittsburgh,"4400 Forbes Avenue, Pittsburgh, PA 15213",https://www.carnegielibrary.org,info@carnegielibrary.org,
CivicCLP,"CivicCLP is a year-round series from Carnegie Library of Pittsburgh that hosts nonpartisan civic education programs, community forums, and skills workshops at library branches across the city. The library regularly partners with schools, universities, and community organizations to co-host voter information sessions, government 101 workshops, and dialogues, providing a neutral, reliable physical space for civic life in multiple neighborhoods.",Nonpartisan Civic Education & Voter Help Desk,Local Republican Party Organizations Operating Brick-and-Mortar Community Centers,Carnegie Library of Pittsburgh,"4400 Forbes Avenue, Pittsburgh, PA 15213",https://www.carnegielibrary.org/series/civicclp/,info@carnegielibrary.org,
CivicCLP (Carnegie Library of Pittsburgh),"CivicCLP is the library’s nonpartisan civic education initiative that maintains ongoing information desks and reference support to help residents understand local government, contact public officials, attend meetings, and participate in community decision-making. Librarians provide voter registration forms, deadline and polling guidance, and neutral election resources on-site and online—functioning as a regular help desk where people can get unbiased, practical assistance to engage locally.",Nonpartisan Civic Education & Voter Help Desk,Local Republican Party Organizations Operating Brick-and-Mortar Community Centers,Carnegie Library of Pittsburgh,"4400 Forbes Avenue, Pittsburgh, PA 15213",https://www.carnegielibrary.org,info@carnegielibrary.org,
CivicCLP (Community & Civic Engagement),"Carnegie Library of Pittsburgh’s CivicCLP hosts ongoing Community Conversations and issue forums at library branches, providing neutral, accessible spaces for residents to discuss local priorities like public safety, schools, and work opportunities. Staff and partner facilitators are trained in civil dialogue methods, set ground rules, and guide small-group discussions so neighbors with differing views can listen and problem-solve together. This recurring series reduces polarization by streng...",Community Dialogue and Trust-building Series,Gun Clubs as Primary Social Hubs with Political Messaging,Carnegie Library of Pittsburgh,"4400 Forbes Avenue, Pittsburgh, PA 15213",https://www.carnegielibrary.org,info@carnegielibrary.org,
CivicCLP Candidate & Issue Forums,"Through its CivicCLP initiative, the Carnegie Library of Pittsburgh hosts nonpartisan Meet the Candidates nights and issue forums across multiple branch libraries in neighborhoods throughout the city. As a neutral public institution, the library enforces clear forum rules (equal time for all candidates, no endorsements or campaigning on site) and uses trained librarians and community partners as moderators. By rotating events among branches, CivicCLP provides accessible, neutral venues for ci...",Nonpartisan Civic Forum Rotation,Gun Clubs as Primary Social Hubs with Political Messaging,Carnegie Library of Pittsburgh,"4400 Forbes Avenue, Pittsburgh, PA 15213",https://www.carnegielibrary.org,info@carnegielibrary.org,
CivicCLP Conversation Series,"Carnegie Library of Pittsburgh hosts facilitated, ground-rules-based small-group conversations that bring together residents with differing viewpoints to discuss local issues like public safety, neighborhood development, jobs, and education. Librarians and trained partners convene neutral, non-campaign spaces and use structured dialogue methods so participants can listen, find common ground, and identify practical next steps for community problem-solving.",Cross-Party Civic Dialogue Series,Local Republican Party Organizations Operating Brick-and-Mortar Community Centers,Carnegie Library of Pittsburgh,"4400 Forbes Avenue, Pittsburgh, PA 15213",https://www.carnegielibrary.org,info@carnegielibrary.org,
CivicCLP: Candidate and Issue Forums,"CivicCLP organizes nonpartisan candidate and civic issue forums across Carnegie Library branches and partner libraries throughout Allegheny County. Events are held in neutral public library spaces, rotate among neighborhoods to broaden access, and follow published rules such as equal speaking time, structured Q&A, and no organizational endorsements. Librarians and trained community moderators facilitate civil, fact-focused dialogue, directly implementing a rotating, neutral forum model that d...",Nonpartisan Civic Forum Rotation,Gun Clubs as Primary Social Hubs with Political Messaging,Carnegie Library of Pittsburgh,"4400 Forbes Avenue, Pittsburgh, PA 15213",https://www.carnegielibrary.org,info@carnegielibrary.org,
CivicCLP: Civic Saturday and Community Conversations,"Carnegie Library of Pittsburgh’s CivicCLP hosts facilitated, nonpartisan gatherings such as Civic Saturday and Community Conversations where neighbors with differing viewpoints practice listening, follow shared ground rules, and discuss local issues. Sessions often focus on practical community concerns (public safety, education, neighborhood development) and use trained facilitators and clear participation guidelines to move discussions toward shared understanding and actionable next steps ra...",Cross-Party Civic Dialogue Series,Local Republican Party Organizations Operating Brick-and-Mortar Community Centers,Carnegie Library of Pittsburgh,"4400 Forbes Avenue, Pittsburgh, PA 15213",https://www.carnegielibrary.org,info@carnegielibrary.org,
CivicCLP: Community Conversations,"Carnegie Library of Pittsburgh’s CivicCLP series convenes recurring, professionally facilitated community conversations on local issues like neighborhood safety, schools, work and workforce development, and civic life. Trained moderators use dialogue best practices to help residents with diverse viewpoints listen to one another, surface shared concerns, and build trust and relationships across neighborhoods.",Community Dialogue and Trust-building Series,Gun Clubs as Primary Social Hubs with Political Messaging,Carnegie Library of Pittsburgh,"4400 Forbes Avenue, Pittsburgh, PA 15213",https://www.carnegielibrary.org,info@carnegielibrary.org,
CivicCLP: Nonpartisan Candidate & Issue Forums,"Carnegie Library of Pittsburgh’s CivicCLP series convenes candidate nights and civic issue forums across multiple branch libraries—neutral public spaces distributed throughout the city. The library’s nonpartisan policy, equal-time mic protocols, and use of trained staff or community moderators ensure fair treatment and no organizational endorsements, rotating venues to broaden participation and reduce reliance on any one organization’s space.",Nonpartisan Civic Forum Rotation,Gun Clubs as Primary Social Hubs with Political Messaging,Carnegie Library of Pittsburgh,"4400 Forbes Avenue, Pittsburgh, PA 15213",https://www.carnegielibrary.org,info@carnegielibrary.org,
CivicCLP: Nonpartisan Civic Information & Forums,"Through its CivicCLP series, Carnegie Library of Pittsburgh hosts regular, nonpartisan issue forums and voter education events in neighborhood library branches and community spaces across the city and county. Events are facilitated by neutral librarians or trained moderators, provide accessible voter information and translated materials, and bring in local policymakers and community experts to discuss housing, health care, schools, and the local economy so residents can ask questions and make...",Nonpartisan Civic Education and Issue Forums,Megachurches Replacing Ethnic Parishes with Conservative Christian Nationalism,Carnegie Library of Pittsburgh,"4400 Forbes Avenue, Pittsburgh, PA 15213",https://www.carnegielibrary.org,info@carnegielibrary.org,
College & Career Readiness (CCR) Program,"The CCR Program offers after-school and summer support including tutoring, postsecondary and career exploration, and job-readiness training for neighborhood youth. Working with Pittsburgh Public Schools, local employers, unions, and the City/County Learn & Earn program, CCR engages students in community-based projects that teach organizing, local neighborhood history, and civic participation. Youth gain practical skills and a voice in community priorities through partnerships with resident gr...",Youth Civic and Vocational Programs Anchored in Community Values,Megachurches Replacing Ethnic Parishes with Conservative Christian Nationalism,Bloomfield-Garfield Corporation,"5321 Penn Avenue, Pittsburgh, PA 15224",https://bloomfield-garfield.org,bgc@bloomfield-garfield.org,
Community Accompaniment & Rapid Response Network,"Casa San José mobilizes trained volunteers to accompany immigrant neighbors to medical and legal appointments, provide transportation, emergency assistance, and help families access childcare and job referrals. This mutual aid network connects parish groups, students, and community members across the region to offer practical, nonpartisan support that builds trust and belonging.",Mutual Aid and Neighbor Networks,Megachurches Replacing Ethnic Parishes with Conservative Christian Nationalism,Casa San José (a program of the Sisters of St. Joseph of Baden),"2116 Broadway Avenue, Pittsburgh, PA 15216",https://www.casasanjose.org,info@casasanjose.org,
Community Arts & Ceramics Cooperative,"Union Project offers a member-led ceramics cooperative and subsidized community arts space where residents and workers form clubs, studio groups, and regular meetups centered on creative practice. By providing accessible space, shared equipment, and organizational support, it helps interest-based, worker-run groups (e.g., pottery, arts, and craft circles) flourish as inclusive social hubs.",Worker-led Social Clubs and Interest Groups,Gun Clubs as Primary Social Hubs with Political Messaging,Union Project,"801 N Negley Avenue, Pittsburgh, PA 15206",https://www.unionproject.org,info@unionproject.org,
Community Conversations,"South Hills Interfaith Movement (SHIM) hosts ongoing Community Conversations that bring together immigrant families, long-time residents, school representatives, and service providers in the South Hills to discuss concerns such as school experiences, neighborhood safety, and employment needs. Trained facilitators guide multilingual, small-group dialogues to ensure equitable participation, active listening, and the development of shared action steps. The series builds understanding across diff...",Community Dialogue and Trust-building Series,Gun Clubs as Primary Social Hubs with Political Messaging,South Hills Interfaith Movement (SHIM),"5301 Park Avenue, Bethel Park, PA 15102",https://shimcares.org,info@shimcares.org,
Community Conversations & Membership Meetings,"Lawrenceville United convenes recurring community conversations and open membership meetings where residents set agendas, surface neighborhood priorities, and co-design projects with staff and partners. Resident-led committees and an elected, term-based board ensure leadership opportunities rotate and that decision-making power is shared broadly across the neighborhood.",Neighborhood Assemblies and Listening Sessions,Local Republican Party Organizations Operating Brick-and-Mortar Community Centers,Lawrenceville United,"4615 Plummer Street, Pittsburgh, PA 15201",https://www.lunited.org,info@lunited.org,
Community Conversations & Public Safety Meetings,"Lawrenceville United hosts ongoing community conversations and monthly public safety meetings facilitated by trained community organizers to address quality-of-life issues, school transitions, and neighborhood development. These dialogues center on shared concerns—like safety, traffic, housing, and school-community partnerships—and use structured facilitation and ground rules to build trust between residents, public agencies, and institutions. The series produces action items and follow-ups t...",Community Dialogue and Trust-building Series,Gun Clubs as Primary Social Hubs with Political Messaging,Lawrenceville United,"4614 Butler Street, Pittsburgh, PA 15201",https://www.lunited.org,info@lunited.org,
Community Development & Zoning 101 Series,"Lawrenceville United hosts recurring workshops that teach residents how Pittsburgh’s development review, zoning, and planning processes work, and how to effectively participate through Development Activities Meetings, Zoning Board of Adjustment hearings, and public comment. The series provides practical tools—reading site plans, tracking applications, and preparing testimony—plus support for residents seeking appointment to community advisory roles. This builds neighborhood capacity to influe...",Civic Leadership and Local Government Training,Conservative Identity Cultivation Through Protective Masculinity Narratives,Lawrenceville United,"3429 Butler Street, Pittsburgh, PA 15201",https://www.lunited.org,info@lunited.org,
Community Distribution Volunteer Program,"Greater Pittsburgh Community Food Bank hosts regular mass food distributions and warehouse volunteer shifts that bring together residents from many neighborhoods, workplaces, campuses, and civic groups to sort, pack, and deliver food across Southwestern Pennsylvania. These nonpartisan service days mix people who might not otherwise meet, fostering trust and shared purpose while addressing hunger.",Intergroup Volunteer Service Projects,Local Republican Party Organizations Operating Brick-and-Mortar Community Centers,Greater Pittsburgh Community Food Bank,"1 North Linden Street, Duquesne, PA 15110",https://www.pittsburghfoodbank.org,info@pittsburghfoodbank.org,
Community Engagement Center (CEC) Community Dialogues – Homewood,"The University of Pittsburgh’s Community Engagement Center in Homewood hosts regular, facilitated community dialogues and forums on topics residents identify—public safety, youth programming, education, and workforce pathways. Trained facilitators from the CEC and partner organizations create structured, inclusive conversations that build trust between neighbors and institutions and move shared concerns toward collaborative action.",Community Dialogue and Trust-building Series,Gun Clubs as Primary Social Hubs with Political Messaging,University of Pittsburgh – Office of Engagement and Community Affairs,"622 N Homewood Avenue, Pittsburgh, PA 15208",https://cec.pitt.edu,,
Community Engagement Center Neighborhood Conversations,"The University of Pittsburgh’s Community Engagement Centers in Homewood and the Hill District host ongoing, facilitated neighborhood conversations where residents, business owners, and local officials work through shared challenges—such as school partnerships, workforce pathways, and public safety—under clear ground rules for respectful, nonpartisan dialogue. Sessions are designed to build relationships across differences and generate actionable ideas that the CECs help advance with community...",Cross-Party Civic Dialogue Series,Local Republican Party Organizations Operating Brick-and-Mortar Community Centers,"University of Pittsburgh, Office of Engagement and Community Affairs","622 North Homewood Avenue, Pittsburgh, PA 15208",https://cec.pitt.edu,cecinfo@pitt.edu,
Community Engagement Center – Homewood,"The Homewood CEC convenes open community assemblies, listening sessions, and advisory council meetings that center neighborhood voices in setting priorities for programs and partnerships. Residents co-design initiatives on workforce, youth, health, and placemaking, using the CEC’s public space as a regular gathering place. Sessions are co-chaired with resident leaders and partner organizations so community members guide agendas and decisions about local projects.",Neighborhood Assemblies and Listening Sessions,Local Republican Party Organizations Operating Brick-and-Mortar Community Centers,University of Pittsburgh Community Engagement Centers,"622 N Homewood Avenue, Pittsburgh, PA 15208",https://cec.pitt.edu/homewood-cec/,,
Community Forge,"Community Forge repurposes a former school into a multi-tenant community hub that co-locates social enterprises, nonprofits, and workforce/entrepreneurship programs with shared event and classroom space. This model brings steady activity and lease revenue while enabling training and small-business development, aligning with the solution of activating large community buildings—like union halls—by housing cooperative cafes, makers, and skill-building programs together.",Community Land Trust for Meeting Spaces,Local Republican Party Organizations Operating Brick-and-Mortar Community Centers,Community Forge,"1256 Franklin Avenue, Pittsburgh, PA 15221",https://www.communityforgepgh.org,info@communityforgepgh.org,
Community Forge,"Community Forge purchased and converted a vacant neighborhood school into a community hub operated with cooperative-style governance. Coworking memberships and affordable room and event rentals fund building operations, while residents and members participate in advisory councils and volunteer days to maintain the space. Though a nonprofit, it implements the cooperative hall approach by combining member participation, shared decision-making, and rental income to sustain a local gathering place.",Community Land Trust for Meeting Spaces,Local Republican Party Organizations Operating Brick-and-Mortar Community Centers,Community Forge,"1256 Franklin Avenue, Wilkinsburg, PA 15221",https://www.communityforge.org,info@communityforge.org,
Community Forge,"Community Forge purchased the former Johnston Elementary School and transformed it into a mission-locked community hub with coworking, classrooms, and affordable event and meeting spaces for residents, nonprofits, and small businesses. By holding title as a nonprofit and prioritizing inclusive community programming, they ensure this landmark remains a neutral, accessible gathering place rather than being converted into an exclusive partisan headquarters.",Community Land Trust for Meeting Spaces,Local Republican Party Organizations Operating Brick-and-Mortar Community Centers,Community Forge,"1256 Franklin Avenue, Wilkinsburg, PA 15221",https://communityforgepgh.org,hello@communityforgepgh.org,
Community Forge,"Community Forge transformed a vacant former school in Wilkinsburg into an affordable coworking and community hub with hot desks, private offices, classrooms, event and meeting rooms, and dependable high-speed internet. It offers on-site support, programming, and introductions that help remote workers, freelancers, and small teams plug into local networks rather than leaving town.",Community-owned Neutral Hub (co-op of former meeting halls),Local Republican Party Organizations Operating Brick-and-Mortar Community Centers,Community Forge,"1256 Franklin Avenue, Wilkinsburg, PA 15221",https://www.forge.community,info@forge.community,
Community Forge,"Community Forge purchased and converted a vacant neighborhood school into a community hub operated with cooperative-style governance. Coworking memberships and affordable room and event rentals fund building operations, while residents and members participate in advisory councils and volunteer days to maintain the space. Though a nonprofit, it implements the cooperative hall approach by combining member participation, shared decision-making, and rental income to sustain a local gathering place.",Community-owned Neutral Hub (co-op of former meeting halls),Local Republican Party Organizations Operating Brick-and-Mortar Community Centers,Community Forge,"1256 Franklin Avenue, Wilkinsburg, PA 15221",https://www.communityforge.org,info@communityforge.org,
Community Forge,"Community Forge transformed a former public school into a community-owned, nonpartisan hub with coworking, classrooms, event spaces, and a gym, prioritizing affordable access for residents and grassroots groups. It hosts youth programs, small-business and workforce development, mutual aid efforts, and neighborhood meetings—providing an inclusive alternative to partisan headquarters. By offering flexible meeting space and training under one roof, it strengthens local social infrastructure and ...",Community-owned Neutral Hub (co-op of former meeting halls),Local Republican Party Organizations Operating Brick-and-Mortar Community Centers,Community Forge,"1256 Franklin Avenue, Wilkinsburg, PA 15221",https://forge.community,info@forge.community,
Community Forge Business Incubator & Shared Space,"Community Forge operates an affordable, community-run innovation hub that provides training, mentorship, and shared facilities for neighborhood entrepreneurs and cooperative teams. By offering accessible workspace and business support in a repurposed public building, they help residents form and stabilize worker- and community-owned enterprises that keep control and benefits within the neighborhood.",Support for Worker and Community-Owned Enterprises,Megachurches Replacing Ethnic Parishes with Conservative Christian Nationalism,Community Forge,"1256 Franklin Avenue, Wilkinsburg, PA 15221",https://communityforgepgh.org,connect@communityforgepgh.org,
Community Forge Campus,"Community Forge operates a former school as a community-driven campus with a gymnasium, classrooms, and event/meeting spaces used for youth sports, arts, workshops, and neighborhood gatherings. By offering low-cost, inclusive programming and room rentals without partisan affiliation, it functions as an alternative social hub that strengthens civic connection in Wilkinsburg and surrounding communities.",Community-owned Inclusive Recreation Centers,Gun Clubs as Primary Social Hubs with Political Messaging,Community Forge,"1256 Franklin Ave, Pittsburgh, PA 15221",https://www.communityforge.org,hello@communityforge.org,
Community Forge Events Calendar & Campus,"Community Forge is a nonprofit community campus that hosts and aggregates partner-led, nonpartisan events—markets, sports, skill-shares, mutual aid distributions, and resource fairs—on a shared digital calendar and through on-site postings. By convening multiple organizations under one roof and promoting their activities online and in the neighborhood, it serves as an accessible outreach hub offering inclusive alternatives to politically affiliated club environments.",Local Inclusive Events Calendar and Outreach Hub,Gun Clubs as Primary Social Hubs with Political Messaging,Community Forge,"1256 Franklin Avenue, Wilkinsburg, PA 15221",https://www.communityforge.org,info@communityforge.org,
Community Forge Shared Spaces & Business Incubator,"Community Forge transforms a former public school into a community-controlled campus that offers affordable offices, classrooms, event space, and coworking for resident-led startups and cooperatives. Through workshops, mentorship, and connections to microgrants and patient capital via partner organizations, the incubator helps teams explore and launch worker-owned enterprises. The shared space model fosters peer learning and mutual aid, building dignified local jobs and durable economic power...",Worker Cooperative Incubator,Local Republican Party Organizations Operating Brick-and-Mortar Community Centers,Community Forge,"1256 Franklin Avenue, Wilkinsburg, PA 15221",https://www.forge.community,info@forge.community,
Community Forge Small Business Incubator,"Community Forge owns and stewards a former public school as a community-controlled campus offering affordable offices, studios, classrooms, and event space for neighborhood entrepreneurs. Through peer mentoring, workshops, and microgrants, the incubator helps residents launch and grow locally owned enterprises—including worker cooperatives—so that ownership, decision-making, and economic benefits stay in the community.",Worker Cooperative Incubator,Local Republican Party Organizations Operating Brick-and-Mortar Community Centers,Community Forge,"1256 Franklin Avenue, Pittsburgh, PA 15221",https://communityforge.org,hello@communityforge.org,
Community Forums and Listening Sessions,"Mon Valley Initiative convenes nonpartisan community forums and listening sessions in municipal buildings, churches, and social halls across the Mon Valley on housing, workforce development, transportation, and local economic issues. Staff and trained volunteers facilitate discussions neutrally, provide accessible and multilingual materials when needed, and invite municipal officials, state legislators, and subject-matter experts. These gatherings enable residents to learn, deliberate, and sh...",Nonpartisan Civic Education and Issue Forums,Megachurches Replacing Ethnic Parishes with Conservative Christian Nationalism,Mon Valley Initiative,"305 East 8th Avenue, Homestead, PA 15120",https://monvalleyinitiative.com,info@monvalleyinitiative.com,
Community Garden Sustainability Fund,"This annual mini-grant program provides small awards to community gardens—often located at churches, schools, and public parks—to improve infrastructure and host free community programming like workshops, potlucks, and volunteer days. The grants help gardens function as neighborhood gathering places where residents can connect around shared stewardship and learning. Funding explicitly supports inclusive, nonpartisan activities that strengthen neighborhood ties and shared public spaces.",Neighborhood Grant Program for Shared Spaces,Gun Clubs as Primary Social Hubs with Political Messaging,Grow Pittsburgh,"6587 Hamilton Avenue, Pittsburgh, PA 15206",https://www.growpittsburgh.org/what-we-do/community-gardens/community-garden-sustainability-fund/,info@growpittsburgh.org,
Community Gun Safety & Free Gun Locks,"Cranberry Township Police provide free gun locks to residents and share safe storage guidance through community outreach and at the Municipal Center. Officers conduct safety talks upon request, centering practical steps for secure storage and responsible ownership led by local law enforcement and community members.",Locally Led Gun Safety and Responsible Ownership Programs,Conservative Identity Cultivation Through Protective Masculinity Narratives,Cranberry Township Police Department,"2525 Rochester Road, Cranberry Township, PA 16066",https://www.cranberrytownship.org/211/Police,,
Community Leadership Program,"Mon Valley Initiative’s Community Leadership Program equips neighborhood and grassroots leaders with skills in organizing, public speaking, meeting facilitation, and nonprofit/board budgeting and oversight. Led by experienced local practitioners, the short course format builds practical, community-rooted leadership capacity in Western Pennsylvania’s deindustrialized towns and neighborhoods.",Civic Leadership and Local Government Training,Conservative Identity Cultivation Through Protective Masculinity Narratives,Mon Valley Initiative,"305 East 8th Avenue, Homestead, PA 15120",https://monvalleyinitiative.com,info@monvalleyinitiative.com,
Community Mediation Program,"The City of Pittsburgh Commission on Human Relations offers free mediation and facilitated dialogue to help residents resolve neighborhood disputes, landlord-tenant conflicts, and community tensions, including those stemming from politically charged issues. Trained mediators help parties communicate, de-escalate, and reach mutually acceptable agreements, preserving relationships and community cohesion.",Neighborhood Mediation and Peer Conflict Resolution Teams,Local Republican Party Organizations Operating Brick-and-Mortar Community Centers,City of Pittsburgh Commission on Human Relations,"414 Grant Street, Pittsburgh, PA 15219",https://pittsburghpa.gov/chr,,
Community Meeting Rooms & Policy,"Carnegie Library of Pittsburgh provides publicly funded meeting rooms that community groups can reserve on an equitable, first-come basis, regardless of viewpoint. Its meeting room policy requires users to include a non-endorsement disclaimer in publicity and to make clear through posted notices that the Library remains politically neutral, preventing any single organization from dominating these civic spaces.",Venue Use Policies for Publicly Funded Spaces,Gun Clubs as Primary Social Hubs with Political Messaging,Carnegie Library of Pittsburgh,"4400 Forbes Avenue, Pittsburgh, PA 15213",https://carnegielibrary.libcal.com/spaces,info@carnegielibrary.org,
Community Meetings & Candidate Forums,"Lawrenceville United hosts monthly neighborhood Community Meetings and periodic nonpartisan Candidate Forums in local churches and community facilities focused on housing, schools, public safety, and the local economy. Neutral moderators set ground rules for respectful dialogue, provide plain-language briefing materials and interpretation as needed, and invite city and county officials, school leaders, and community experts so residents can ask questions and vote based on local priorities rat...",Nonpartisan Civic Education and Issue Forums,Megachurches Replacing Ethnic Parishes with Conservative Christian Nationalism,Lawrenceville United,"5154 Butler Street, Pittsburgh, PA 15201",https://www.lunited.org,info@lunited.org,
Community Meetings and Neighborhood Assemblies,"Lawrenceville United hosts monthly community-wide meetings, issue-focused assemblies, and block-level gatherings where neighbors surface priorities, discuss development, and co-design projects like traffic calming, greenspace, and safety initiatives. Agendas are set with resident input and committees are resident-led, allowing neighbors to chair discussions and steward follow-up actions. This rotating leadership model builds trust and ensures decisions reflect the will of people living on eac...",Neighborhood Assemblies and Listening Sessions,Local Republican Party Organizations Operating Brick-and-Mortar Community Centers,Lawrenceville United,"4849 Butler Street, Pittsburgh, PA 15201",https://www.lunited.org,info@lunited.org,
Community Organizing Program,"Casa San José’s Community Organizing Program mobilizes Latino immigrants alongside unions and worker centers to win living wages and protect worker rights across the Pittsburgh region. Staff and volunteer faith leaders host know-your-rights trainings and wage-theft clinics in parish halls and church community rooms, and co-sponsor solidarity vigils and campaigns with labor coalitions. By rooting advocacy in Catholic social teaching and congregational relationships, the program ties faith lang...",Faith-Labor Partnership Programs,Megachurches Replacing Ethnic Parishes with Conservative Christian Nationalism,Casa San José,"2116 Broadway Avenue, Pittsburgh, PA 15216",https://www.casasanjose.org,info@casasanjose.org,
Community Organizing and Advocacy,"Casa San José’s Community Organizing and Advocacy program hosts regular, nonpartisan town halls and issue forums in parish halls and neighborhood community centers across Allegheny County. Sessions are bilingual (Spanish/English) with interpretation for additional languages, use neutral facilitators, and invite city/county officials, school district representatives, and community experts to address housing, healthcare access, education, and workers’ rights. These events help residents ask inf...",Nonpartisan Civic Education and Issue Forums,Megachurches Replacing Ethnic Parishes with Conservative Christian Nationalism,Casa San José,"2116 Broadway Avenue, Pittsburgh, PA 15216",https://casasanjose.org,info@casasanjose.org,
Community Relations Council (CRC) – Interfaith & Civic Coalition-Building,"The CRC of the Jewish Federation of Greater Pittsburgh convenes interfaith and civic partners—including Christian, Muslim, and Jewish leaders, neighborhood organizations, and nonprofits—to host joint events and issue nonpartisan statements on community priorities such as safety, education, and inclusion. It regularly coordinates cross-congregational dialogues, public forums, and collaborative action planning with groups like Christian Associates and the Islamic Center of Pittsburgh to strengt...",Interfaith and Civic Councils,Megachurches Replacing Ethnic Parishes with Conservative Christian Nationalism,Jewish Federation of Greater Pittsburgh,"2000 Technology Drive, Pittsburgh, PA 15219",https://jewishpgh.org/community-relations,crc@jfedpgh.org,
Community Rentals & Shared Calendar,"Union Project operates community spaces (e.g., the Great Hall and meeting rooms) with a transparent, staff-managed booking process and a calendar that prioritizes broad community use. Sliding-scale rentals and equitable scheduling practices make space regularly available to neighborhood groups, youth programs, arts organizations, and nonpartisan civic initiatives. By distributing reservations across different days and times, they prevent repeated exclusive use and support rotating access amon...",Shared Scheduling and Space-Rotation Program,Local Republican Party Organizations Operating Brick-and-Mortar Community Centers,Union Project,"801 North Negley Avenue, Pittsburgh, PA 15206",https://www.unionproject.org,info@unionproject.org,
Community Rooms & Event Spaces,"Braddock Carnegie Library Association offers community rooms and event spaces scheduled via a shared calendar, available to neighborhood groups, arts organizations, and nonpartisan civic initiatives. First‑come, time‑limited reservations and staff facilitation rotate access and prevent any single organization from dominating the venue.",Shared Scheduling and Space-Rotation Program,Local Republican Party Organizations Operating Brick-and-Mortar Community Centers,Braddock Carnegie Library Association,"419 Library Street, Braddock, PA 15104",https://www.braddockcarnegielibrary.org,,
Community Space Rentals,"Union Project provides affordable event and meeting rooms with a publicly visible booking calendar and content‑neutral access for community users. Policies limit recurring reservations and prioritize multi‑group use, rotating access among youth, arts, neighborhood, and nonpartisan civic organizations so no single group dominates the schedule.",Shared Scheduling and Space-Rotation Program,Local Republican Party Organizations Operating Brick-and-Mortar Community Centers,Union Project,"801 N Negley Avenue, Pittsburgh, PA 15206",https://www.unionproject.org,info@unionproject.org,
Community Space Rentals & Calendar,"Union Project operates a community-managed venue with multiple rooms that neighborhood groups, youth programs, arts organizations, and nonpartisan civic groups can reserve. Staff maintain a public events calendar and apply equitable-use guidelines (time caps, sliding-scale rates, and priority for community-serving events) so bookings rotate among different users and no single organization gains long-term exclusive control.",Shared Scheduling and Space-Rotation Program,Local Republican Party Organizations Operating Brick-and-Mortar Community Centers,Union Project,"801 North Negley Avenue, Pittsburgh, PA 15206",https://www.unionproject.org/host,info@unionproject.org,
Community Space Reservations,"The Kingsley Association offers multi-purpose rooms and event spaces that community members and organizations can reserve via a staff-coordinated scheduling system. Their policies emphasize equitable, community-serving access for youth programs, arts and culture activities, and nonpartisan civic groups, distributing time slots across many users. This shared scheduling approach curbs the possibility of any single organization dominating the facility while keeping it a trusted neighborhood hub.",Shared Scheduling and Space-Rotation Program,Local Republican Party Organizations Operating Brick-and-Mortar Community Centers,The Kingsley Association,"6435 Frankstown Avenue, Pittsburgh, PA 15206",https://kingsleyassociation.org,info@kingsleyassociation.org,
Community Town Halls & Riders’ Forums,"Pittsburghers for Public Transit organizes nonpartisan riders’ forums and neighborhood town halls in church basements, union halls, and community rooms across Western Pennsylvania. Meetings are moderated by trained facilitators, include translated materials and interpretation to support immigrant and disability communities, and feature transit agency officials, county leaders, and policy experts. These forums help residents understand proposals, ask questions, and advocate for transit policy ...",Nonpartisan Civic Education and Issue Forums,Megachurches Replacing Ethnic Parishes with Conservative Christian Nationalism,Pittsburghers for Public Transit,"5119 Penn Avenue, Pittsburgh, PA 15224",https://www.pittsburghforpublictransit.org,info@pittsburghforpublictransit.org,
Community Use of School Facilities,"Pittsburgh Public Schools permits community use of school auditoriums, gyms, and cafeterias under a board policy that provides equitable, viewpoint-neutral access to publicly funded spaces. The policy framework requires applicants to avoid implying district endorsement in publicity and to use standard non-endorsement language and notices, helping maintain political neutrality and preventing any group from monopolizing facilities.",Venue Use Policies for Publicly Funded Spaces,Gun Clubs as Primary Social Hubs with Political Messaging,Pittsburgh Public Schools,"341 South Bellefield Avenue, Pittsburgh, PA 15213",https://www.pghschools.org,,
Community Use of School Facilities (Policy 707),"Pittsburgh Public Schools makes school buildings available to community organizations when not in use for instruction under a viewpoint-neutral framework. The policy uses standardized application and scheduling procedures to manage demand, and requires outside groups to use non-endorsement language in communications, maintaining political neutrality. Time-limited reservations and priority tiers promote fair access and prevent any one group from monopolizing public facilities.",Venue Use Policies for Publicly Funded Spaces,Gun Clubs as Primary Social Hubs with Political Messaging,Pittsburgh Public Schools,"341 S Bellefield Avenue, Pittsburgh, PA 15213",https://www.pghschools.org,,
Congress of Neighboring Communities (CONNECT),"CONNECT convenes and facilitates collaboration among the City of Pittsburgh and its adjacent municipalities through neutral meeting facilitation, working groups, and applied policy research. Housed at the University of Pittsburgh, it provides structured agendas, facilitation training opportunities, and student/faculty technical assistance that help local leaders design inclusive processes and evaluate outcomes. This university–community partnership strengthens initiatives so they can scale re...",University–Community Partnership for Facilitation and Evaluation,Local Republican Party Organizations Operating Brick-and-Mortar Community Centers,University of Pittsburgh Graduate School of Public and International Affairs (GSPIA),"230 S Bouquet Street, Pittsburgh, PA 15260",https://www.connect.pitt.edu,connect@pitt.edu,
Contemporary Craft Community Engagement and Exhibitions,"Contemporary Craft presents exhibitions and community art projects that elevate the stories of regional makers and the role of craft traditions connected to Western Pennsylvania’s industrial past. Through hands-on workshops and partnerships with local groups, the organization fosters public art and dialogue that center care, repair, and skilled making as vital forms of protection and responsibility. This programming reframes masculine identity around craftsmanship, mentorship, and civic work ...",Oral History and Public Art Projects Celebrating Local Identity,Conservative Identity Cultivation Through Protective Masculinity Narratives,Contemporary Craft,"5645 Butler Street, Pittsburgh, PA 15201",https://contemporarycraft.org,info@contemporarycraft.org,
Cooperative Business Development Fund (CBDF),"The Urban Redevelopment Authority of Pittsburgh’s CBDF provides seed financing and technical assistance to help start and grow cooperative enterprises, including worker-owned businesses. It offers early-stage capital and connects entrepreneurs with cooperative development experts to structure governance, finance, and operations so ownership and economic power remain local.",Worker Cooperative Incubator,Local Republican Party Organizations Operating Brick-and-Mortar Community Centers,Urban Redevelopment Authority of Pittsburgh,"412 Boulevard of the Allies, Suite 901, Pittsburgh, PA 15219",https://www.ura.org/programs/cooperative-business-development-fund,info@ura.org,
Cooperative Marketplace & Enterprise Development,"Ujamaa Collective is a cooperative that supports Black women makers, farmers, and entrepreneurs with shared retail space, supply-chain access, and business training to grow worker-owned and member-led enterprises. By fostering cooperative ownership and small-scale production, it builds local wealth and community control—concrete pathways for families to reclaim economic authority through collective enterprise.",Worker Cooperatives and Apprenticeship Programs,Conservative Identity Cultivation Through Protective Masculinity Narratives,Ujamaa Collective,"1901 Centre Avenue, Suite 201, Pittsburgh, PA 15219",https://www.ujamaacollective.org,info@ujamaacollective.org,
Corporate & Adult Leagues and Events,"RMU Island Sports Center offers adult leagues and corporate events (e.g., evening hockey leagues and group rentals) that companies across the region use to sponsor after-work teams and social outings. These neutral, nonpartisan activities at a nearby venue help employers create regular, structured opportunities for coworkers to build camaraderie outside of work hours.",Employer-sponsored After-work Social Programs,Gun Clubs as Primary Social Hubs with Political Messaging,Robert Morris University Island Sports Center,"7600 Grand Avenue, Pittsburgh, PA 15225",https://www.rmuislandsports.com,,
Corporate Wellness Partnerships,"The YMCA of Greater Pittsburgh partners with employers to offer corporate memberships, on-site and branch-based wellness classes, and company fitness challenges scheduled after work. These partnerships help companies host neutral, inclusive activities—group exercise, sports leagues, cooking classes, and stress-reduction sessions—at YMCA branches near workplaces or directly at the workplace, giving employees regular, nonpartisan places to socialize. The Y handles programming and logistics whil...",Employer-sponsored After-work Social Programs,Gun Clubs as Primary Social Hubs with Political Messaging,YMCA of Greater Pittsburgh,"420 Fort Duquesne Boulevard, Suite 625, Pittsburgh, PA 15222",https://www.ymcapgh.org,info@ymcapgh.org,
Courageous Conversations: Racial Justice Community Dialogues,"YWCA Westmoreland County runs a recurring dialogue series with trained facilitators that brings together community members, educators, and local leaders to discuss issues of equity, safety, and opportunity in schools, workplaces, and neighborhoods. Sessions use evidence-based dialogue frameworks to foster listening across differences, reduce polarization, and strengthen trust. Participants identify practical steps and partnerships that continue beyond the sessions to improve community well-be...",Community Dialogue and Trust-building Series,Gun Clubs as Primary Social Hubs with Political Messaging,YWCA Westmoreland County,"424 North Main Street, Greensburg, PA 15601",https://www.ywcawestmoreland.org,info@ywcawestmoreland.org,
Cranberry Township Citizens Academy,"This evening program introduces residents to how township government operates, covering budgeting, public safety, public works, development review, and the role of volunteer boards and commissions. Participants meet officials, learn how to apply to committees, and practice engaging in hearings and council sessions, gaining practical skills to influence zoning and community decisions.",Civic Leadership and Local Government Training,Conservative Identity Cultivation Through Protective Masculinity Narratives,Cranberry Township (Butler County),"2525 Rochester Road, Cranberry Township, PA 16066",https://www.cranberrytownship.org,CustomerService@cranberrytownship.org,
Cranberry Township Volunteer Fire Company,"CTVFC is an all-volunteer department providing fire suppression, rescue, and public safety education across Cranberry Township. It recruits and trains local residents as firefighters and support personnel, offering respected protector roles that directly safeguard families and neighborhoods while building teamwork and civic pride.","Community Sports, Search & Rescue, and Service Teams",Conservative Identity Cultivation Through Protective Masculinity Narratives,Cranberry Township Volunteer Fire Company,"1629 Route 19, Cranberry Township, PA 16066",https://www.ctvfc.org,,
Creative Business Accelerator,"Bridgeway Capital’s Creative Business Accelerator delivers hands-on coaching, mentorship, and market access support for early-stage makers and small businesses, including guidance on financial management and bookkeeping. Coupled with Bridgeway’s flexible microloans and growth capital—and access to partner maker spaces and shared equipment—entrepreneurs receive both technical assistance and seed financing to build job-creating enterprises across Western Pennsylvania.",Support for Worker and Community-Owned Enterprises,Megachurches Replacing Ethnic Parishes with Conservative Christian Nationalism,Bridgeway Capital,"500 Grant Street, Suite 4200, Pittsburgh, PA 15219",https://www.bridgewaycapital.org,info@bridgewaycapital.org,
Creative Business Accelerator at 7800 Susquehanna,"Bridgeway Capital’s Creative Business Accelerator provides affordable production and studio space inside the mission-driven, community-controlled building at 7800 Susquehanna Street. It pairs seed funding through flexible loans/grants with hands-on technical assistance and peer mentoring via the Monmade network and cohort-based programming. The Accelerator actively supports cooperative and worker-owned business models to create dignified local jobs and anchor economic power in neighborhoods i...",Worker Cooperative Incubator,Local Republican Party Organizations Operating Brick-and-Mortar Community Centers,Bridgeway Capital,"7800 Susquehanna Street, Pittsburgh, PA 15208",https://www.bridgewaycapital.org/creative-business-accelerator/,info@bridgewaycapital.org,
Creative.Life.Support at Mr. Smalls Theatre,"Creative.Life.Support operates out of the deconsecrated St. Ann Catholic Church in Millvale (now Mr. Smalls Theatre), converting the former parish into a community arts and education hub. The initiative provides free or low-cost music education, recording opportunities, mentorship, and cultural programming for youth and adults, while the venue offers accessible space for community meetings and neighborhood events in partnership with local groups like the Millvale Community Development Foundat...",Reuse Closed Parish Buildings as Community Hubs,Megachurches Replacing Ethnic Parishes with Conservative Christian Nationalism,Creative.Life.Support,"400 Lincoln Avenue, Millvale, PA 15209",https://www.creativelifesupport.com,info@mrsmalls.com,
Crisis Response & Outreach,"Center for Victims deploys trained, unarmed advocates to crime scenes and affected neighborhoods to provide immediate crisis counseling, de‑escalation, safety planning, and wellness checks, often in coordination with local police and EMS. Their team supports victims and communities to prevent further harm and connect people to services, emphasizing community care over armed self‑defense. This embodies the solution by pairing neighborhood‑level responders with public safety partners without re...",Neighborhood Safety Teams with Non‑armed Community Responders,Conservative Identity Cultivation Through Protective Masculinity Narratives,Center for Victims,"3433 East Carson Street, Suite 300, Pittsburgh, PA 15203",https://www.centerforvictims.org,info@centerforvictims.org,
Crossing Fences,"Crossing Fences is an intergenerational oral history program from SLB Radio Productions that pairs middle- and high-school students with adult mentors and elders in their own neighborhoods to record stories about work, identity, and community. Projects are hosted in partnership with schools, libraries, and community groups; students learn interviewing, audio recording, and photo digitization to create online galleries, podcasts, and traveling exhibits. By capturing memories of shuttered ethni...",Oral History and Public Art Projects Celebrating Local Identity,Conservative Identity Cultivation Through Protective Masculinity Narratives,"SLB Radio Productions, Inc.","10 Children's Way, Suite 300, Pittsburgh, PA 15212",https://neighborhoodvoices.org/crossingfences,info@slbradio.org,
Crossing Fences,"Crossing Fences pairs teen boys with adult men from their neighborhoods to create recorded oral histories, guided by media professionals who teach interviewing, audio production, and storytelling. Workshops and recording sessions happen in neutral community spaces (libraries, rec centers, and SLB’s studio), building respectful cross‑age relationships while preserving local stories of work, family, and civic life. The project strengthens civic ties by sharing these intergenerational narratives...",Intergenerational Programs and Apprenticeships,Gun Clubs as Primary Social Hubs with Political Messaging,"SLB Radio Productions, Inc.","10 Children's Way, Pittsburgh, PA 15212",https://www.slbradio.org,info@slbradio.org,
Days of Service (Pittsburgh),"Repair the World Pittsburgh convenes neighborhood cleanups, food distribution events, and community beautification projects in partnership with diverse congregations, schools, and civic groups. These volunteer days are designed to be welcoming and nonpartisan, intentionally mixing community members from different neighborhoods and beliefs so people with different political views work shoulder-to-shoulder on shared community needs.",Intergroup Volunteer Service Projects,Local Republican Party Organizations Operating Brick-and-Mortar Community Centers,Repair the World Pittsburgh,"6022 Broad Street, Pittsburgh, PA 15206",https://werepair.org/city/pittsburgh,pittsburgh@werepair.org,
Deliberative Dialogue Program,"Allegheny College convenes structured, facilitated dialogues using National Issues Forums–style materials to help students and community members in Meadville and Crawford County engage across political and ideological lines. Discussions focus on locally relevant topics—such as economic opportunity, education, and public safety—and emphasize listening, shared facts, and problem-solving rather than campaigning.",Cross-Party Civic Dialogue Series,Local Republican Party Organizations Operating Brick-and-Mortar Community Centers,Allegheny College Center for Community Engagement,"520 North Main Street, Meadville, PA 16335",https://sites.allegheny.edu/ccel,ccel@allegheny.edu,
Detre Library & Archives Oral History Program,"The Heinz History Center’s Detre Library & Archives records and preserves interviews with Western Pennsylvania residents, including veterans of the steel and coal industries and immigrant families whose labor shaped the region. Through exhibits and regular public programs, the Center invites community members to share and hear stories together, creating intergenerational dialogue between longtime residents and newcomers. These collective narratives help residents see their experiences reflect...",Local Storytelling and Shared History Project,Local Republican Party Organizations Operating Brick-and-Mortar Community Centers,Senator John Heinz History Center,"1212 Smallman Street, Pittsburgh, PA 15222",https://www.heinzhistorycenter.org/collections/detre-library-archives,info@heinzhistorycenter.org,
Development Review Panel (DRP) and Community Conversations,"The Hill CDC’s DRP and community conversations serve as neighborhood assemblies where residents review development proposals, identify priorities, and negotiate community benefits before projects advance. The DRP is composed of community members serving defined terms, and meetings are open with structured listening that enables residents to co-design outcomes affecting their blocks.",Neighborhood Assemblies and Listening Sessions,Local Republican Party Organizations Operating Brick-and-Mortar Community Centers,Hill Community Development Corporation,"2015 Centre Avenue, Suite 100, Pittsburgh, PA 15219",https://www.hilldistrict.org,info@hilldistrict.org,
Disaster Action Team (DAT) and Disaster Services Volunteer Program,"The Red Cross Greater Pennsylvania Region’s Pittsburgh office mobilizes volunteers for local disaster response, shelter operations, family reunification, and home fire safety initiatives like smoke alarm installations. These service teams provide clear, mission-driven ways to protect neighbors during crises, reinforcing a constructive caretaker role and community trust in local institutions.","Community Sports, Search & Rescue, and Service Teams",Conservative Identity Cultivation Through Protective Masculinity Narratives,American Red Cross of Greater Pennsylvania,"2801 Liberty Avenue, Pittsburgh, PA 15222",https://www.redcross.org/local/pennsylvania/greater-pennsylvania.html,,
Disaster Action Team (Greater Pennsylvania Region),"The American Red Cross Disaster Action Team mobilizes trained volunteers to respond to home fires and other local emergencies, provide immediate relief, and support shelters and recovery. These on-call service roles formalize community protection, allowing residents to act as recognized responders who safeguard neighbors in times of crisis.","Community Sports, Search & Rescue, and Service Teams",Conservative Identity Cultivation Through Protective Masculinity Narratives,"American Red Cross, Greater Pennsylvania Region","2801 Liberty Avenue, Pittsburgh, PA 15222",https://www.redcross.org/local/pennsylvania/greater-pennsylvania/volunteer.html,,
Dollar Bank Three Rivers Arts Festival,"This long-running, free multi-day arts and music festival activates Downtown and Point State Park with performances, artist markets, and food vendors representing diverse traditions. As an accessible, family-friendly celebration of culture in a central civic space, it functions like a large community block party where residents from across Western Pennsylvania can connect in a welcoming, nonpartisan environment.",Cultural Festivals and Neighborhood Block Parties,Gun Clubs as Primary Social Hubs with Political Messaging,Pittsburgh Cultural Trust,"803 Liberty Avenue, Pittsburgh, PA 15222",https://traf.trustarts.org,info@trustarts.org,
Dollar Bank Three Rivers Arts Festival,"A free, 10-day cultural festival featuring live music, artist markets, food vendors, and community arts programming across Downtown Pittsburgh and Point State Park. By bringing diverse performers, artisans, and families together in public spaces, the festival creates a welcoming, neutral environment where neighbors from different viewpoints can connect around shared cultural experiences.",Cultural Festivals and Neighborhood Block Parties,Gun Clubs as Primary Social Hubs with Political Messaging,Pittsburgh Cultural Trust,"803 Liberty Avenue, Pittsburgh, PA 15222",https://trustarts.org/traf,info@trustarts.org,
Dollar Bank Three Rivers Arts Festival,"This long-running, free multi-day arts and music festival activates Downtown and Point State Park with performances, artist markets, and food vendors representing diverse traditions. As an accessible, family-friendly celebration of culture in a central civic space, it functions like a large community block party where residents from across Western Pennsylvania can connect in a welcoming, nonpartisan environment.","Inclusive Public Events (Fairs, Markets, Block Parties)",Local Republican Party Organizations Operating Brick-and-Mortar Community Centers,Pittsburgh Cultural Trust,"803 Liberty Avenue, Pittsburgh, PA 15222",https://traf.trustarts.org,info@trustarts.org,
Donora Historical Society & Smog Museum Programs,"The Donora Historical Society & Smog Museum preserves the story of the steel and zinc works and the 1948 smog disaster through curated exhibits, talks, and a growing collection of oral histories. Its public programming—including Cement City Walking Tours—connects industrial labor, craftsmanship, and public health, emphasizing care for neighbors and civic action as vital forms of protection. By elevating workers’ and families’ voices, the museum celebrates local identity while broadening narra...",Oral History and Public Art Projects Celebrating Local Identity,Conservative Identity Cultivation Through Protective Masculinity Narratives,Donora Historical Society & Smog Museum,"595 McKean Avenue, Donora, PA 15033",https://www.donorahistoricalsociety.org,donorahistoricalsociety@gmail.com,
Drive-Up Food Distributions,"Greater Pittsburgh Community Food Bank’s drive-up and neighborhood distributions regularly partner with local unions and labor councils that field and lead volunteer teams alongside residents, faith communities, and neighborhood groups. These visible, nonpartisan service events allow union members to work shoulder-to-shoulder with neighbors to fight hunger, demonstrating local commitment and strengthening community relationships.",Intergroup Volunteer Service Projects,Local Republican Party Organizations Operating Brick-and-Mortar Community Centers,Greater Pittsburgh Community Food Bank,"1 North Linden Street, Duquesne, PA 15110",https://www.pittsburghfoodbank.org,info@pittsburghfoodbank.org,
EIC Workforce Development & Apprenticeship Training,"The Energy Innovation Center runs pre-apprenticeship and apprenticeship-readiness programs in the building and energy trades in collaboration with unions, employers, and veteran tradespeople who serve as instructors and mentors. Located in the restored historic Connelley Trade School building, the EIC uses a landmark community asset to deliver hands-on training tied to real employer demand and pathways into registered apprenticeships. This approach connects youth and young adults with journey...","Youth Skills, Apprenticeship and Mentorship Programs",Local Republican Party Organizations Operating Brick-and-Mortar Community Centers,Energy Innovation Center (EIC),"1435 Bedford Avenue, Pittsburgh, PA 15219",https://www.eicpittsburgh.org,info@eicpittsburgh.org,
East End Cooperative Ministry,"EECM, founded by a coalition of congregations, continues to host interfaith partner meetings and service-learning dialogues that connect shared ethical teachings—care for the poor, community solidarity, and hospitality—to practical action. These conversations inform collaborative programs such as hunger relief, housing stabilization and shelter services, and youth development across Pittsburgh’s East End, aligning civic work with common moral purpose.",Interfaith Dialogue Series on Social Teaching and Common Values,Megachurches Replacing Ethnic Parishes with Conservative Christian Nationalism,East End Cooperative Ministry,"6140 Station Street, Pittsburgh, PA 15206",https://www.eecm.org,info@eecm.org,
East End Cooperative Ministry (EECM),"EECM is a longstanding interfaith coalition of congregations in Pittsburgh’s East End that brings together churches, synagogues, mosques, neighborhood groups, and service nonprofits to identify community priorities and coordinate outreach. It hosts joint service projects and partnerships, aligns program plans across member congregations, and engages in nonpartisan public education on local needs such as food access, housing, youth programs, and safety.",Interfaith and Civic Councils,Megachurches Replacing Ethnic Parishes with Conservative Christian Nationalism,East End Cooperative Ministry,"6140 Station Street, Pittsburgh, PA 15206",https://eecm.org,info@eecm.org,
East End Cooperative Ministry (EECM) Community Services,"EECM was founded by a coalition of East End congregations and continues to formalize space-sharing agreements with churches and synagogues to host food distributions, after-school tutoring, and community meals accessible to all neighbors. By rotating programs and drives through partner congregational facilities while operating a central community house, EECM builds practical, cross-congregational collaboration and trust. This interfaith model expands service capacity beyond any single church ...",Shared Use Agreements for Community Services,Megachurches Replacing Ethnic Parishes with Conservative Christian Nationalism,East End Cooperative Ministry,"6140 Station Street, Pittsburgh, PA 15206",https://eecm.org,info@eecm.org,
East End Cooperative Ministry – Interfaith Collaborative,"Founded by a coalition of East End congregations, EECM brings together churches, synagogues, and other community partners with neighborhood groups and nonprofits to address shared priorities including hunger, housing stability, youth development, and public safety. EECM hosts recurring partner meetings and joint programs at community and faith sites, coordinating nonpartisan initiatives and service plans that align congregational resources with local needs.",Interfaith and Civic Councils,Megachurches Replacing Ethnic Parishes with Conservative Christian Nationalism,East End Cooperative Ministry,"6140 Station Street, Pittsburgh, PA 15206",https://eecm.org,info@eecm.org,
East End Food Co-op,"East End Food Co-op is a member-owned grocery cooperative where thousands of local member-owners democratically govern the store and its community space. The co-op sustains a permanent brick-and-mortar location with classes, forums, and partnerships that foster routine, year-round engagement. By using cooperative ownership and member investment, it maintains a community-controlled space that serves residents’ needs beyond election cycles.",Support for Worker and Community-Owned Enterprises,Megachurches Replacing Ethnic Parishes with Conservative Christian Nationalism,East End Food Co-op,"7516 Meade Street, Pittsburgh, PA 15208",https://www.eastendfood.coop,info@eastendfood.coop,
Elsie Hillman Civic Forum,"The Elsie Hillman Civic Forum convenes nonpartisan public policy forums, town halls, and dialogues on regional issues, held at campus venues and community locations accessible to the public. Sessions are neutrally facilitated and feature policymakers, researchers, and community leaders; materials are designed for broad audiences with language access and accessibility supports, helping residents learn about local policy choices beyond partisan framing and engage elected officials directly.",Nonpartisan Civic Education and Issue Forums,Megachurches Replacing Ethnic Parishes with Conservative Christian Nationalism,University of Pittsburgh Institute of Politics,"4200 Fifth Avenue, Pittsburgh, PA 15260",https://www.iop.pitt.edu/elsie,iop@pitt.edu,
Employee Resource Group (ERG) Network,"Vibrant Pittsburgh convenes and supports ERGs across member employers, providing toolkits and hosting after-work, nonpartisan social mixers and interest-based meetups throughout the region. By helping employers organize neutral, inclusive activities at workplaces and nearby third spaces, the ERG Network creates consistent opportunities for workers to connect, build trust, and socialize outside of politics. Employers sponsor the groups and events, while Vibrant Pittsburgh facilitates coordinat...",Employer-sponsored After-work Social Programs,Gun Clubs as Primary Social Hubs with Political Messaging,Vibrant Pittsburgh,"650 Smithfield Street, Suite 1180, Pittsburgh, PA 15222",https://vibrantpittsburgh.org,info@vibrantpittsburgh.org,
Employee Resource Groups (ERGs) at Cranberry HQ,"Westinghouse’s ERGs host recurring after-work gatherings—networking socials, cultural celebrations, hobby groups, and volunteer outings—on campus and at nearby venues. Sponsored by the employer and open to employees across departments, these nonpartisan activities create neutral spaces for coworkers to socialize after work, mirroring the solution’s emphasis on employer-backed social programs.",Employer-sponsored After-work Social Programs,Gun Clubs as Primary Social Hubs with Political Messaging,Westinghouse Electric Company,"1000 Westinghouse Drive, Cranberry Township, PA 16066",https://www.westinghousenuclear.com/careers/employee-resource-groups,,
Employment Institute (Building Trades & Automotive Tracks),"Auberle’s Employment Institute provides pre-apprenticeship and industry-recognized certifications in fields like building trades and automotive service, with hands-on training, coaching, and paid work experiences. The program’s supportive, workshop-style learning environment emphasizes mentorship, teamwork, and real projects that build confidence and community ties. It creates pathways for men to gain status and purpose through practical skills and employment rather than identity centered on ...",Men’s Community Workshops and Skill Centers,Conservative Identity Cultivation Through Protective Masculinity Narratives,Auberle,"1101 Hartman Street, McKeesport, PA 15132",https://www.auberle.org,info@auberle.org,
Energy Innovation Center,"Housed in the rehabilitated former Connelley Trade School, the Energy Innovation Center operates as a nonpartisan community and workforce hub with extensive training labs, classrooms, and event/meeting spaces. It partners with unions, employers, and nonprofits to deliver job training and certification programs while making neutral gathering spaces available for community use. This adaptive reuse creates a community-oriented alternative to partisan venues where residents can build skills and s...",Community-owned Neutral Hub (co-op of former meeting halls),Local Republican Party Organizations Operating Brick-and-Mortar Community Centers,Energy Innovation Center Institute,"1435 Bedford Avenue, Pittsburgh, PA 15219",https://www.eicpittsburgh.org,info@eicpittsburgh.org,
Energy Innovation Center Institute – Workforce Development,"The Energy Innovation Center Institute delivers pre-apprenticeship and apprenticeship-aligned training in building operations, energy efficiency, building automation, and emerging green-energy fields. In partnership with unions and employers, it connects local residents to registered apprenticeships and living-wage jobs that revitalize regional industry while advancing clean-energy skills.",Worker Cooperatives and Apprenticeship Programs,Conservative Identity Cultivation Through Protective Masculinity Narratives,Energy Innovation Center Institute,"1435 Bedford Avenue, Pittsburgh, PA 15219",https://www.eicpittsburgh.org,,
Energy Innovation Center Workforce Development,"Pittsburgh Gateways Corporation operates workforce programs at the Energy Innovation Center that train residents for high-demand careers in building trades and the clean energy economy, including energy efficiency, HVAC, and related green technologies. Programs are developed with unions and employers, offering pre-apprenticeship and industry-recognized training that leads to registered apprenticeships and employment. This creates a talent pipeline that revitalizes local industry while enablin...",Worker Cooperatives and Apprenticeship Programs,Conservative Identity Cultivation Through Protective Masculinity Narratives,Pittsburgh Gateways Corporation,"1435 Bedford Avenue, Pittsburgh, PA 15219",https://www.pghgateways.org,info@pghgateways.org,
Energy Innovation Center – Workforce Development & Trades Programs,"The Energy Innovation Center hosts pre-apprenticeship and credentialed training in the building trades (HVAC, electrical, carpentry, building operations) in industry-grade labs. Cohort-based classes connect participants with master tradespeople and union pathways, fostering peer support, mentoring, and collaborative projects. This workshop-style environment offers men a constructive identity as skilled providers and community contributors anchored in tangible craft and teamwork.",Men’s Community Workshops and Skill Centers,Conservative Identity Cultivation Through Protective Masculinity Narratives,Energy Innovation Center Institute,"1435 Bedford Avenue, Pittsburgh, PA 15219",https://www.eicpittsburgh.org,info@eicpittsburgh.org,
Erie Reader,"Erie Reader is an independent alt-weekly that publishes in-depth features, newsletters, and podcasts highlighting local leaders, worker perspectives, neighborhood revitalization, and cross-sector collaborations in Northwestern Pennsylvania. Its solutions-focused reporting elevates community problem-solving—from cooperative and small business development to civic partnerships and inclusive cultural institutions, including faith-based efforts. This community media approach strengthens civic ide...",Community Media and Storytelling Projects,Megachurches Replacing Ethnic Parishes with Conservative Christian Nationalism,Erie Reader,"1001 State Street, Suite 107, Erie, PA 16501",https://www.eriereader.com,contact@eriereader.com,
Essential Workers Deserve Transit,"This ongoing storytelling and advocacy campaign elevates riders’ and transit workers’ voices—especially nurses, home care aides, grocery clerks, and other essential workers—through videos, testimonies, social media assets, and public art. By co-creating media with workers and riders, the campaign frames these non‑violent roles as the people who keep communities safe and connected, shifting public prestige toward service and community responsibility.",Local Marketing Campaigns Reframing Responsibility and Protection,Conservative Identity Cultivation Through Protective Masculinity Narratives,Pittsburghers for Public Transit,"5119 Penn Avenue, Pittsburgh, PA 15224",https://www.pittsburghforpublictransit.org,info@pittsburghforpublictransit.org,
Etna EcoDistrict Community Conversations,"Etna Community Organization convenes regular, facilitated community conversations as part of the Etna EcoDistrict and neighborhood planning efforts, focusing on topics residents identify—such as safety, mobility, schools, local business, and environmental health. Trained local facilitators use structured dialogue methods to ensure inclusive participation, surface shared values, and build trust among residents, businesses, and municipal partners. Insights from these dialogues directly guide co...",Community Dialogue and Trust-building Series,Gun Clubs as Primary Social Hubs with Political Messaging,Etna Community Organization,"341 Butler Street, Etna, PA 15223",https://www.etnacommunity.org,hello@etnacommunity.org,
Excela Health Trauma Center Injury Prevention – Firearm Safety & Safe Storage,"Excela Health’s Injury Prevention team offers community workshops throughout Westmoreland County that teach firearm safety and secure-storage best practices in a neutral, nonpolitical format. Sessions are held at schools, libraries, and community centers, and include demonstrations of locking devices along with information on accessing local mental-health services and crisis support.",Neutral Firearm Safety and Wellness Workshops,Gun Clubs as Primary Social Hubs with Political Messaging,Excela Health,"532 West Pittsburgh Street, Greensburg, PA 15601",https://www.excelahealth.org/services/trauma-center/injury-prevention,,
FOR Family Support Center,"Focus On Renewal’s Family Support Center provides free parenting classes, home-visiting support, father–child activities, and relationship-strengthening groups for caregivers. Staff connect fathers and male caregivers to job placement and training resources through local partners, reinforcing nurturing roles alongside provider responsibilities to strengthen families and community ties.",Family Resource Centers and Fatherhood Programs,Conservative Identity Cultivation Through Protective Masculinity Narratives,Focus On Renewal,"701 Chartiers Avenue, McKees Rocks, PA 15136",https://www.forstorox.org,,
Fab Lab Carnegie Science Center,"Fab Lab provides community access to digital fabrication tools like 3D printers, laser cutters, and CNC equipment through classes, camps, and open workshop sessions. By bringing residents together to learn fabrication skills and collaborate on creative builds, it fosters hands-on cooperation and community ties outside of politics.",Shared-tools and Makerspaces,Gun Clubs as Primary Social Hubs with Political Messaging,Carnegie Science Center,"1 Allegheny Ave, Pittsburgh, PA 15212",https://carnegiesciencecenter.org/educators/fab-lab/,fablab@carnegiesciencecenter.org,
Facility Rental and Usage Policy,"The Andrew Carnegie Free Library & Music Hall rents publicly supported spaces (library rooms and the music hall) to diverse civic, cultural, and political groups on a content-neutral basis. Rental terms include non-endorsement clauses requiring that publicity make clear events are not sponsored by the venue, reinforcing political neutrality. Booking procedures and calendar management distribute access fairly to avoid dominance by any single organization.",Venue Use Policies for Publicly Funded Spaces,Gun Clubs as Primary Social Hubs with Political Messaging,Andrew Carnegie Free Library & Music Hall,"300 Beechwood Avenue, Carnegie, PA 15106",https://carnegiecarnegie.org,info@carnegiecarnegie.org,
Facility Rentals & Community Calendar,"The Kingsley Association manages multipurpose rooms, a gym, and classrooms for community meetings and programs using a staff‑coordinated calendar that rotates access across users. Booking guidelines cap consecutive or high‑frequency reservations, maintaining equitable, nonpartisan access for resident councils, youth activities, arts workshops, and civic groups.",Shared Scheduling and Space-Rotation Program,Local Republican Party Organizations Operating Brick-and-Mortar Community Centers,The Kingsley Association,"6435 Frankstown Avenue, Pittsburgh, PA 15206",https://kingsleyassociation.org,,
Family Group Decision Making,"Auberle facilitates FGDM circles where families and their natural supports meet in a structured, restorative process to resolve conflict and create safety plans. The program trains facilitators and engages community members to mediate disputes collaboratively, promoting nonviolent accountability and stronger neighborhood networks.",Restorative Justice and Community Mediation Training,Conservative Identity Cultivation Through Protective Masculinity Narratives,Auberle,"1101 Hartman Street, McKeesport, PA 15132",https://www.auberle.org,info@auberle.org,
Family Group Decision Making (FGDM),"Pressley Ridge’s FGDM program convenes restorative, family-led conferences that bring together relatives, neighbors, and service providers to address conflict, safety, and planning needs. Trained facilitators coach participants in circle-based dialogue to repair relationships and develop shared solutions, strengthening community responsibility and reducing reliance on punitive systems.",Restorative Justice and Community Mediation Training,Conservative Identity Cultivation Through Protective Masculinity Narratives,Pressley Ridge,"530 Marshall Avenue, Pittsburgh, PA 15214",https://www.pressleyridge.org,info@pressleyridge.org,
Family Resources Family Support & Parenting Education,"Family Resources operates accessible family support and parent education services that welcome dads and father figures, offering parenting classes, home-based coaching, and groups focused on bonding, positive discipline, and healthy co-parenting. As a central family resource hub, it connects fathers to community employment services and social supports and hosts child-focused activities where men can practice nurturing roles. These services help reframe fatherhood as active caregiving alongsid...",Family Resource Centers and Fatherhood Programs,Conservative Identity Cultivation Through Protective Masculinity Narratives,Family Resources,"1425 Forbes Avenue, Pittsburgh, PA 15219",https://familyresourcespgh.org,info@familyresourcespgh.org,
Family Resources Family Support Centers,"Family Resources operates a network of neighborhood Family Support Centers that deliver parenting education, home-based support, and groups tailored for fathers to promote positive father–child engagement. They pair classes with case management, relationship and co-parenting coaching, and connections to job training and placement services so men can succeed as nurturing caregivers and providers.",Family Resource Centers and Fatherhood Programs,Conservative Identity Cultivation Through Protective Masculinity Narratives,Family Resources,"1427 West Liberty Avenue, Pittsburgh, PA 15226",https://www.familyresources.org,info@familyresources.org,
Father Ryan Arts Center,"The Father Ryan Arts Center is a community arts and events hub offering multipurpose classrooms, studios, and meeting rooms for neighborhood groups in a nonpartisan setting. Operated by Focus On Renewal, it hosts after-school programs, adult classes, and social events that bring residents together while providing accessible space for local organizations. By prioritizing community use and inclusive programming, it serves as a neutral gathering place and practical alternative to partisan spaces.",Community-owned Neutral Hub (co-op of former meeting halls),Local Republican Party Organizations Operating Brick-and-Mortar Community Centers,Focus On Renewal (FOR),"420 Chartiers Avenue, McKees Rocks, PA 15136",https://forstorox.org/father-ryan-arts-center/,info@forstorox.org,
Fatherhood Engagement Services,"A Second Chance, Inc. supports fathers involved in kinship care and child welfare with parenting education, co-parenting and relationship support, and navigation of systems that affect family stability. The program connects dads to employment resources and practical supports while creating opportunities for father–child bonding, reframing fatherhood around consistent, nurturing involvement and community responsibility.",Family Resource Centers and Fatherhood Programs,Conservative Identity Cultivation Through Protective Masculinity Narratives,"A Second Chance, Inc.","8350 Frankstown Avenue, Pittsburgh, PA 15221",https://www.asecondchance-kinship.com,info@asecondchance-kinship.com,
Fatherhood Initiative,"CAPMC’s Fatherhood Initiative provides parenting education, case management, and peer support groups that emphasize nurturing father–child relationships and constructive co-parenting. Participants receive referrals and direct assistance for job readiness, training, and placement through CareerLink and community partners, helping men strengthen their roles at home while improving economic security.",Family Resource Centers and Fatherhood Programs,Conservative Identity Cultivation Through Protective Masculinity Narratives,Community Action Partnership of Mercer County,"75 South Dock Street, Sharon, PA 16146",https://www.capmercer.org,info@capmercer.org,
Firearms Training & Safety Certification Courses,"Keystone Shooting Center offers NRA/USCCA-certified classes, new-shooter orientations, and concealed carry/home defense courses led by local instructors including veterans and former law enforcement. Training emphasizes safe handling and secure storage, encourages use of safes and locks, and provides voluntary certifications to normalize responsible, community-minded firearm ownership.",Locally Led Gun Safety and Responsible Ownership Programs,Conservative Identity Cultivation Through Protective Masculinity Narratives,Keystone Shooting Center,"20550 Route 19, Cranberry Township, PA 16066",https://keystoneshootingcenter.com,info@keystoneshootingcenter.com,
First Friday Free Community Night,"Neighborhood North Museum of Play hosts recurring First Friday evening community nights that include hands-on STEAM activities, open play, and skill-share mini-workshops with schools, artists, and clubs. These events are made possible with support from corporate and small-business sponsors, keeping them free and welcoming for families from across Beaver County. This executes the solution by combining business sponsorship with community partnerships to provide regular, inclusive community nights.",Public-Private Sponsorship of Community Nights,Gun Clubs as Primary Social Hubs with Political Messaging,Neighborhood North Museum of Play,"716 14th Street, Beaver Falls, PA 15010",https://www.neighborhoodnorth.com,info@neighborhoodnorth.com,
First Fridays in Uptown,"Mt. Lebanon Partnership hosts free, monthly First Friday evenings in Uptown featuring live performances, family-friendly activities, and coordinated specials from local businesses. Funded by business sponsorships and produced with municipal and community partners, the series creates consistent, welcoming gathering nights that broaden social options and foster a sense of belonging in the business district.",Public-Private Sponsorship of Community Nights,Gun Clubs as Primary Social Hubs with Political Messaging,Mt. Lebanon Partnership,"710 Washington Road, Pittsburgh, PA 15228",https://mtlebopartnership.org,,
First Tee – Pittsburgh (Volunteer Coaching),"First Tee – Pittsburgh runs youth golf programs at the Bob O’Connor Golf Course that rely on trained volunteer coaches to teach life skills, character, and healthy choices alongside golf fundamentals. By inviting adults to invest in and safeguard local youth through consistent coaching and mentorship, it offers a respected, nonpartisan avenue for protective community involvement.","Community Sports, Search & Rescue, and Service Teams",Conservative Identity Cultivation Through Protective Masculinity Narratives,First Tee – Pittsburgh,"5370 Schenley Drive, Pittsburgh, PA 15217",https://firstteepittsburgh.org,info@firstteepittsburgh.org,
Fleet Feet Pittsburgh Corporate Wellness,"Fleet Feet Pittsburgh partners with employers to create after-work run/walk clubs, on-site shoe fittings, and training programs that meet weekly at workplaces or nearby parks. Employers sponsor these recurring, apolitical activities so coworkers can socialize and build healthy routines together outside of political venues, often culminating in local races as team events.",Employer-sponsored After-work Social Programs,Gun Clubs as Primary Social Hubs with Political Messaging,Fleet Feet Pittsburgh,"1751 North Highland Road, Pittsburgh, PA 15241",https://www.fleetfeet.com/s/pittsburgh,pittsburgh@fleetfeet.com,
Food Rescue Hero Campaign,"412 Food Rescue’s ongoing campaign publicly recognizes volunteer drivers, partner school cafeteria teams, community organizers, and local retailers as “Food Rescue Heroes” through stories, social media spotlights, and press features. By branding everyday caregiving—feeding neighbors, reducing waste, and supporting community health—as heroic protection, the campaign reframes responsibility and prestige around nonviolent service roles.",Local Marketing Campaigns Reframing Responsibility and Protection,Conservative Identity Cultivation Through Protective Masculinity Narratives,412 Food Rescue,"6140 Station Street, Pittsburgh, PA 15206",https://412foodrescue.org,info@412foodrescue.org,
Free Public Events at Alphabet City,"City of Asylum hosts year-round free readings, jazz concerts, translation events, and cultural programs at its Alphabet City arts center on the North Side. By spotlighting diverse local and global traditions and keeping events open to all, the series creates a neutral community gathering space that encourages dialogue and connection across political and cultural lines.","Community Arts, Music and Culture Nights",Local Republican Party Organizations Operating Brick-and-Mortar Community Centers,City of Asylum Pittsburgh,"40 W North Avenue, Pittsburgh, PA 15212",https://cityofasylum.org,info@cityofasylum.org,
Free Ride Community Bicycle Shop,"Free Ride is a community bike workshop where participants use shared tools and volunteer support to learn bike maintenance, repair their bikes, or build one through the earn-a-bike program. Open shop sessions and classes create a collaborative environment where people of all ages work side-by-side on practical projects. The shared-tool model builds relationships, confidence, and mutual aid through craft rather than politics.",Shared-tools and Makerspaces,Gun Clubs as Primary Social Hubs with Political Messaging,The Pittsburgh Bicycle Collective (Free Ride),"214 N Lexington Street, Pittsburgh, PA 15208",https://www.freeridepgh.org,info@freeridepgh.org,
Free Ride! Community Bike Shop,"Free Ride is a volunteer-run community bicycle workshop that provides open shop hours, shared tools, and guidance so people can repair and build bikes together. Its earn-a-bike and classes foster peer-to-peer learning and collaborative problem-solving, creating relationships across backgrounds in a practical, nonpartisan setting. By centering shared tools and cooperative craftsmanship, it embodies the makerspace approach to community building.",Shared-tools and Makerspaces,Gun Clubs as Primary Social Hubs with Political Messaging,The Pittsburgh Bicycle Collective (Free Ride),"214 N Lexington Street, Pittsburgh, PA 15208",https://www.freeridepgh.org,info@freeridepgh.org,
Free Store 15104,"Free Store 15104 is a volunteer-run community hub in Braddock that operates year-round to distribute free household goods and clothing while providing a consistent neighborhood gathering point. Rotating volunteer shifts staff open hours, maintain a community bulletin board, and help neighbors connect to local services and signup opportunities. The store leverages donations and partnerships with local businesses and nonprofits to keep costs low, functioning as a low-barrier, physical space for...",Mutual Aid and Neighbor Networks,Megachurches Replacing Ethnic Parishes with Conservative Christian Nationalism,For Good PGH,"420 Braddock Avenue, Braddock, PA 15104",https://www.freestore15104.org,info@freestore15104.org,
Fridays on Butler,"Sharpsburg’s monthly Fridays on Butler activates the business district at night with live music, art, vendors, and community activities programmed in partnership with civic groups and volunteers. The series is supported by sponsorships and in-kind support from local shops, breweries, and employers, creating regular, welcoming community nights that offer inclusive alternatives for residents to gather and socialize.",Public-Private Sponsorship of Community Nights,Gun Clubs as Primary Social Hubs with Political Messaging,Sharpsburg Neighborhood Organization,"1014 N Canal Street, Suite 1, Sharpsburg, PA 15215",https://www.sharpsburgneighborhood.org/fridays-on-butler,info@sharpsburgneighborhood.org,
Frontline Wellness,"NAMI Keystone Pennsylvania’s Frontline Wellness initiative provides first responders and veterans with free peer-led support groups, education, and connections to confidential mental health resources. It complements these supports with resilience skills workshops and family education (including NAMI Homefront), stabilizing home life during high-stress periods and career transitions. Participants are also invited into advocacy and community education efforts, turning lived experience into serv...",Veterans and First‑Responder Peer Networks,Conservative Identity Cultivation Through Protective Masculinity Narratives,NAMI Keystone Pennsylvania,"105 Braunlich Drive, Suite 200, Pittsburgh, PA 15237",https://www.namikeystonepa.org/frontline-wellness/,info@namikeystonepa.org,
Gallery Crawl in the Cultural District,"The Gallery Crawl is a free, multi-venue cultural festival that fills Downtown’s Cultural District with live music, public art, dance, food vendors, and open galleries several times per year. By turning blocks of the neighborhood into a festive, walkable commons, it creates a neutral, community-centered atmosphere where residents from across the region can gather and connect. The Crawl highlights local artists and cultural heritage while fostering belonging and trust in shared public spaces.",Cultural Festivals and Neighborhood Block Parties,Gun Clubs as Primary Social Hubs with Political Messaging,Pittsburgh Cultural Trust,"803 Liberty Avenue, Pittsburgh, PA 15222",https://trustarts.org/crawl,info@trustarts.org,
Gallery Crawl in the Cultural District,"The Pittsburgh Cultural Trust hosts recurring evening crawls where galleries, theaters, and public spaces across Downtown present free exhibitions, live music, dance, and performances. By activating multiple blocks with accessible arts programming and extended hours, the Crawl draws diverse residents into informal, shared spaces where they can meet, socialize, and build connections around local culture.","Community Arts, Music and Culture Nights",Local Republican Party Organizations Operating Brick-and-Mortar Community Centers,Pittsburgh Cultural Trust,"803 Liberty Avenue, Pittsburgh, PA 15222",https://trustarts.org,info@trustarts.org,
Gallery Crawl in the Cultural District,"The Gallery Crawl is a free, multi-venue cultural festival that fills Downtown’s Cultural District with live music, public art, dance, food vendors, and open galleries several times per year. By turning blocks of the neighborhood into a festive, walkable commons, it creates a neutral, community-centered atmosphere where residents from across the region can gather and connect. The Crawl highlights local artists and cultural heritage while fostering belonging and trust in shared public spaces.","Community Arts, Music and Culture Nights",Local Republican Party Organizations Operating Brick-and-Mortar Community Centers,Pittsburgh Cultural Trust,"803 Liberty Avenue, Pittsburgh, PA 15222",https://trustarts.org/crawl,info@trustarts.org,
Gallery Night Erie,"Gallery Night Erie is a recurring evening event where downtown galleries, cultural venues, and businesses host coordinated art openings, performances, and public space activations. Organized by Erie Arts & Culture, it brings residents and visitors together to explore local artists and the city’s creative heritage while animating streets and storefronts. The series strengthens social ties and neighborhood pride, making Erie's urban core more attractive to emerging talent.","Community Arts, Music and Culture Nights",Local Republican Party Organizations Operating Brick-and-Mortar Community Centers,Erie Arts & Culture,"23 West 10th Street, Suite 2, Erie, PA 16501",https://erieartsandculture.org/programs/gallery-night,info@erieartsandculture.org,
Garfield Night Market,"The Garfield Night Market is a seasonal, monthly street market that brings neighbors together with local food, artisan vendors, and live entertainment along a walkable corridor in the Garfield neighborhood. The recurring, block-party-style format creates a safe, welcoming environment for residents to socialize, support local entrepreneurs, and connect across viewpoints in a historically disinvested area.",Cultural Festivals and Neighborhood Block Parties,Gun Clubs as Primary Social Hubs with Political Messaging,Bloomfield-Garfield Corporation,"113 North Pacific Avenue, Pittsburgh, PA 15224",https://bloomfield-garfield.org/initiatives/garfield-night-market/,garfieldnightmarket@gmail.com,
Good Neighbors Volunteer Network & Family Support,"SHIM organizes an interfaith network of volunteers from many South Hills congregations and community groups to provide food deliveries, emergency assistance, transportation to medical and social service appointments, and connections to childcare and employment resources for local families. By engaging neighbors from different backgrounds in hands-on mutual aid, the program strengthens cross-community trust and practical solidarity.",Mutual Aid and Neighbor Networks,Megachurches Replacing Ethnic Parishes with Conservative Christian Nationalism,South Hills Interfaith Movement (SHIM),"5301 Park Avenue, Bethel Park, PA 15102",https://www.shimcares.org,info@shimcares.org,
Greater Hill District Community Meetings & Development Review Panel,"Hill CDC convenes neighborhood-wide community meetings and Development Review Panel sessions where residents define priorities and negotiate community benefits with project sponsors. These open assemblies provide structured listening and decision-making so neighbors can co-design local development, business corridors, and public-space projects that affect the Hill District.",Neighborhood Assemblies and Listening Sessions,Local Republican Party Organizations Operating Brick-and-Mortar Community Centers,Hill Community Development Corporation,"2015 Centre Avenue, Pittsburgh, PA 15219",https://www.hilldistrict.org,info@hilldistrict.org,
Greensburg Night Market,"The Greensburg Night Market is a recurring, family-friendly street market featuring dozens of local makers, food trucks, musicians, and community organizations throughout Downtown Greensburg. Open to everyone and held in central public corridors, it provides a neutral space for neighbors to gather, shop local, and connect through shared experiences.","Inclusive Public Events (Fairs, Markets, Block Parties)",Local Republican Party Organizations Operating Brick-and-Mortar Community Centers,Downtown Greensburg Project,"136 South Pennsylvania Avenue, Greensburg, PA 15601",https://downtowngreensburgpa.us/greensburg-night-market/,downtowngreensburg@gmail.com,
Greensburg Night Market,"A recurring downtown evening market with dozens of local makers, farms, food trucks, and live music organized by Westmoreland Cultural Trust. By animating Main Street with vendors, performances, and family-friendly activities in a central, neutral setting, the event fosters informal social interactions and strengthens community ties. The market is free and open to all.","Inclusive Public Events (Fairs, Markets, Block Parties)",Local Republican Party Organizations Operating Brick-and-Mortar Community Centers,Westmoreland Cultural Trust,"102 North Main Street, Suite 232, Greensburg, PA 15601",https://westmorelandculturaltrust.org/greensburgnightmarket/,info@westmorelandculturaltrust.org,
Grounded Stories: Community Stewards Campaign,"Grounded documents and promotes the work of community stewards—gardeners, coaches, nurses, teachers, and block leaders—who transform vacant lots and public spaces into safe, welcoming places. Through blogs, videos, social media spotlights, and on-site signage honoring these caretakers, the campaign elevates service-oriented identities and shows how care, craft, and collaboration protect neighborhoods. This positive marketing shifts prestige away from armed posturing toward non-violent steward...",Local Marketing Campaigns Reframing Responsibility and Protection,Conservative Identity Cultivation Through Protective Masculinity Narratives,Grounded Strategies,"6587 Hamilton Avenue, Suite 2W, Pittsburgh, PA 15206",https://groundedpgh.org,info@groundedpgh.org,
HOPE Chaplaincy and Volunteer Training,"Foundation of HOPE trains clergy, chaplains, and congregational volunteers to provide nonsectarian, trauma-informed pastoral care and reentry support in Allegheny County Jail and the broader community. Its short trainings cover conflict mediation, restorative practices, and community partnership skills that congregations can use to support returning neighbors and strengthen local wellbeing. By centering dignity, reconciliation, and practical service, these nonpartisan trainings help faith com...",Congregational Civic Leadership Training,Megachurches Replacing Ethnic Parishes with Conservative Christian Nationalism,Foundation of HOPE,"540 Suismon Street, Pittsburgh, PA 15212",https://foundationofhope.org,info@foundationofhope.org,
HOPE Volunteer & Mentor Training,"Foundation of HOPE trains volunteers, mentors, and chaplaincy teams—often drawn from local congregations—in restorative practices, conflict mediation, and trauma-aware engagement with returning citizens and families. The nonpartisan training equips congregational leaders to lead inclusive ministries and community partnerships that improve neighborhood safety, reduce conflict, and foster social cohesion. Graduates take these skills back to their faith communities to organize supportive outreac...",Congregational Civic Leadership Training,Megachurches Replacing Ethnic Parishes with Conservative Christian Nationalism,Foundation of HOPE,"540 Suismon St, Pittsburgh, PA 15212",https://foundationofhope.org,hope@foundationofhope.org,
HackPGH Community Workshop,"HackPGH is Pittsburgh’s community makerspace and hackerspace providing shared tools, shop space, and training in areas like woodworking, metalworking, electronics, and fabrication. Regular open hack nights and classes invite residents to collaborate on projects and exchange skills in a welcoming, apolitical environment. The space strengthens social ties by centering cooperation and hands-on problem solving.",Shared-tools and Makerspaces,Gun Clubs as Primary Social Hubs with Political Messaging,HackPGH,"1936 Fifth Avenue, Pittsburgh, PA 15219",https://www.hackpgh.org,info@hackpgh.org,
HackPGH Makerspace and Classes,"HackPGH is a member-run makerspace offering a wood shop, metal shop, electronics lab, and peer-led classes in welding, machining, CNC, and 3D printing. Open build nights and collaborative projects create a social environment where members mentor one another, share tools, and take on practical challenges together. This community workshop model helps men channel protective and provider instincts into constructive making and repair, cultivating confidence and recognition through tangible skills ...",Men’s Community Workshops and Skill Centers,Conservative Identity Cultivation Through Protective Masculinity Narratives,HackPGH,"1936 Fifth Ave, Pittsburgh, PA 15219",https://www.hackpgh.org,info@hackpgh.org,
Hazelwood Initiative Community Meetings & Development Activities Meetings,"Hazelwood Initiative hosts monthly community meetings and RCO Development Activities Meetings where residents set neighborhood priorities and provide direct input on development and main-street projects. These open forums function as listening sessions and co-design spaces, enabling neighbors to shape housing, business, and public realm initiatives in Greater Hazelwood.",Neighborhood Assemblies and Listening Sessions,Local Republican Party Organizations Operating Brick-and-Mortar Community Centers,"Hazelwood Initiative, Inc.","4901 Second Avenue, Pittsburgh, PA 15207",https://www.hazelwoodinitiative.org,info@hazelwoodinitiative.org,
Hazelwood Stories,"Hazelwood Stories collects and publishes residents’ accounts of the neighborhood’s steel-era legacy and its ongoing revitalization through multimedia profiles, exhibits, and walking tours that often connect to local public art. By featuring caregivers, volunteers, and skilled tradespeople, the project uplifts care, civic work, and craftsmanship as core to community protection and pride.",Oral History and Public Art Projects Celebrating Local Identity,Conservative Identity Cultivation Through Protective Masculinity Narratives,"Hazelwood Initiative, Inc.","4901 Second Avenue, Pittsburgh, PA 15207",https://www.hazelwoodinitiative.org/hazelwood-stories,info@hazelwoodinitiative.org,
Healthy Start Male Initiative,"Healthy Start, Inc.’s Male Initiative engages fathers and father figures through evidence-based parenting classes, case management, and peer support that emphasize nurturing caregiving, healthy relationships, and co-parenting. Staff help dads access benefits, employment referrals, and child-support/legal navigation, and host family activities that strengthen father–child bonds. By offering a welcoming family resource hub, the program promotes an identity of engaged, caring fatherhood alongsid...",Family Resource Centers and Fatherhood Programs,Conservative Identity Cultivation Through Protective Masculinity Narratives,"Healthy Start, Inc.","400 N Lexington Avenue, Pittsburgh, PA 15208",https://www.hsipgh.org,info@hsipgh.org,
Hello Neighbor Mentorship Program,"Hello Neighbor’s flagship mentorship program pairs local volunteers—often educators, healthcare workers, coaches, and civic leaders—with refugee and immigrant families, then shares co-created stories, videos, and public narratives that highlight mentors and families as community builders. These ongoing media pieces and events reframe protection and responsibility as welcoming, advocacy, and mutual aid, presenting non‑violent service as a prestigious and meaningful role in Western Pennsylvania.",Local Marketing Campaigns Reframing Responsibility and Protection,Conservative Identity Cultivation Through Protective Masculinity Narratives,Hello Neighbor,"6425 Living Place, Suite 200, Pittsburgh, PA 15206",https://www.helloneighbor.us,hello@helloneighbor.us,
"Heritage Arts, Oral History, and Festivals","Rivers of Steel engages former mill towns across Western Pennsylvania with industrial heritage tours, community oral-history initiatives, and arts programs (including the Festival of Combustion) that highlight the multicultural traditions of steelworkers and their ethnic parishes. These intergenerational activities restore local pride, preserve shared stories, and offer neutral cultural spaces for residents to gather beyond partisan identities.",Cultural Heritage and Intergenerational Programs,Megachurches Replacing Ethnic Parishes with Conservative Christian Nationalism,Rivers of Steel National Heritage Area,"623 East 8th Avenue, Homestead, PA 15120",https://riversofsteel.com,info@riversofsteel.com,
High School Urban Farming Apprenticeship,"Grow Pittsburgh’s paid apprenticeship places high school youth alongside experienced adult farmers at community production sites, where they learn horticulture, tool use, and leadership through hands-on mentoring. Apprentices work intergenerationally with staff, volunteers, and neighbors at farm stands and community workdays, strengthening cross-age relationships and civic ties in neutral garden and farm settings.",Intergenerational Programs and Apprenticeships,Gun Clubs as Primary Social Hubs with Political Messaging,Grow Pittsburgh,"6587 Hamilton Avenue, Suite 2W, Pittsburgh, PA 15206",https://www.growpittsburgh.org,info@growpittsburgh.org,
Homewood Community Engagement Center,"The Homewood CEC provides free gathering space, staff support, and connections to university resources for resident-led clubs and interest groups, including arts circles, music ensembles, crafts, and health and fitness meetups. By facilitating meeting logistics, promoting activities, and partnering with local leaders, the CEC helps workers and neighbors form sustainable, interest-based social networks.",Worker-led Social Clubs and Interest Groups,Gun Clubs as Primary Social Hubs with Political Messaging,University of Pittsburgh,"622 N Homewood Avenue, Pittsburgh, PA 15208",https://cec.pitt.edu/homewood,cecinfo@pitt.edu,
Homewood Comprehensive Community Plan Meetings & Block Club Network,"Operation Better Block organizes resident-led planning meetings and supports a network of block clubs that convene open listening sessions across Homewood. Through these assemblies, neighbors identify block-by-block priorities and co-design projects—such as vacant lot reuse, safety improvements, and housing strategies—ensuring residents directly influence decisions on their streets.",Neighborhood Assemblies and Listening Sessions,Local Republican Party Organizations Operating Brick-and-Mortar Community Centers,"Operation Better Block, Inc.","801 North Homewood Avenue, Pittsburgh, PA 15208",https://www.obbinc.org,info@obbinc.org,
Industrial Manufacturing Technician (IMT) Registered Apprenticeship,"Catalyst Connection operates and supports registered apprenticeships like the IMT program, aligning training with employer demand and providing structured on-the-job learning plus classroom instruction. Working with manufacturers and training providers, it enables workers to earn while they learn and gain credentials that are portable across multiple firms. This coordinated model diversifies career options, reduces dependence on any one employer, and strengthens worker agency in the regional ...","Youth Skills, Apprenticeship and Mentorship Programs",Local Republican Party Organizations Operating Brick-and-Mortar Community Centers,Catalyst Connection,"4501 Lytle Street, Suite 301, Pittsburgh, PA 15207",https://www.catalystconnection.org,info@catalystconnection.org,
Injury Prevention Program – Firearm Safety & Safe Storage Education,"UPMC Children’s Injury Prevention staff deliver nonpolitical, community workshops on safe firearm storage, handling, and child access prevention at neutral venues like schools, libraries, and community centers. Sessions pair practical demonstrations (e.g., using cable locks/lockboxes) with information on local mental-health services and crisis resources, and they frequently distribute free gun locks through partnerships, aligning with a neutral safety-and-wellness approach.",Neutral Firearm Safety and Wellness Workshops,Gun Clubs as Primary Social Hubs with Political Messaging,UPMC Children's Hospital of Pittsburgh,"4401 Penn Avenue, Pittsburgh, PA 15224",https://www.chp.edu/injury-prevention,injuryprevention@chp.edu,
Injury Prevention Program – Firearm Safety Education,"UPMC Children’s Hospital’s Injury Prevention team conducts community-based firearm safety presentations that emphasize secure storage, safe handling, and child-access prevention in neutral spaces like schools, libraries, and recreation centers. Sessions often include live demonstrations with cable locks or lockboxes and distribute materials on the 988 Lifeline and local behavioral health services. The education is nonpolitical and family-centered, aiming to reduce unintentional injuries and s...",Neutral Firearm Safety and Wellness Workshops,Gun Clubs as Primary Social Hubs with Political Messaging,UPMC Children’s Hospital of Pittsburgh,"4401 Penn Avenue, Pittsburgh, PA 15224",https://www.chp.edu/injury-prevention,injuryprevention@chp.edu,
Injury Prevention Program – Firearm Safety Education,"UPMC Children’s Hospital of Pittsburgh’s Injury Prevention team offers neutral, community-based workshops on firearm safety and secure storage, often hosted at schools, libraries, and faith-based or civic venues. Sessions include hands-on demonstrations of safe-storage options, distribution of free gun locks when available, and connections to local mental-health resources and crisis services, with a deliberate nonpolitical, safety-first approach.",Neutral Firearm Safety and Wellness Workshops,Gun Clubs as Primary Social Hubs with Political Messaging,UPMC Children’s Hospital of Pittsburgh,"4401 Penn Avenue, Pittsburgh, PA 15224",https://www.chp.edu/our-services/injury-prevention,injuryprevention@chp.edu,
Injury Prevention Program: Firearm Safety and Safe Storage,"UPMC Children’s Hospital of Pittsburgh’s Injury Prevention team provides firearm safety education and free gun locks to families and caregivers, with counseling on secure storage practices during clinic visits and community events. Staff collaborate with local police and community partners to normalize responsible gun ownership, separating safety-focused stewardship from politics or identity signaling.",Locally Led Gun Safety and Responsible Ownership Programs,Conservative Identity Cultivation Through Protective Masculinity Narratives,UPMC Children’s Hospital of Pittsburgh,"4401 Penn Ave, Pittsburgh, PA 15224",https://www.chp.edu/injury-prevention,injuryprevention@chp.edu,
Injury Prevention – Firearm Safety and Safe Storage Education (Safe Kids Allegheny County),"UPMC Children’s Hospital of Pittsburgh’s Injury Prevention team leads community education on firearm safety and secure storage, often in partnership with schools, churches, pediatric practices, and local law enforcement. They provide evidence-based guidance and distribute or connect families to free gun locks, reinforcing responsible ownership norms to reduce unintentional injury and youth access.",Locally Led Gun Safety and Responsible Ownership Programs,Conservative Identity Cultivation Through Protective Masculinity Narratives,UPMC Children’s Hospital of Pittsburgh – Injury Prevention Department / Safe Kids Allegheny County,"4401 Penn Avenue, Pittsburgh, PA 15224",https://www.chp.edu/injury-prevention,,
InsideOut Dad (Allegheny County Jail Collaborative),"InsideOut Dad is an evidence-based parenting and relationship program delivered to incarcerated fathers through the Allegheny County Jail Collaborative. It fosters nurturing parenting identities, teaches healthy relationships and co-parenting, and connects fathers to reentry supports—including employment assistance and family resource centers—so they can reunite with their families and contribute positively to community life.",Family Resource Centers and Fatherhood Programs,Conservative Identity Cultivation Through Protective Masculinity Narratives,Allegheny County Jail Collaborative,"950 Second Avenue, Pittsburgh, PA 15219",https://jailcollaborative.org,,
Institute of Politics Public Forums & Debates,"The Institute of Politics convenes nonpartisan public forums, candidate conversations, and policy debates featuring contenders for local and regional offices. Programs rotate across campus spaces and community venues in Western Pennsylvania, with strict moderator guidelines that provide equal speaking time, transparent question selection, and no institutional endorsements. By moving events into neutral, rotating locations and using community and academic moderators, the series broadens civic ...",Nonpartisan Civic Forum Rotation,Gun Clubs as Primary Social Hubs with Political Messaging,University of Pittsburgh Institute of Politics,"230 S Bouquet Street, Pittsburgh, PA 15260",https://www.iop.pitt.edu,iop@pitt.edu,
Interfaith Outreach,"The Islamic Center of Pittsburgh’s Interfaith Outreach hosts Islam 101 talks, speaker exchanges, open houses, and joint service projects with churches and synagogues to foster shared, nonviolent understandings of what it means to protect and care for community. These clergy- and volunteer-led dialogues emphasize protective roles as hospitality, mutual aid, and civic engagement, creating space for men and women to lead through service and relationship-building rather than armed postures.",Faith and Community Dialogues on Protective Roles,Conservative Identity Cultivation Through Protective Masculinity Narratives,Islamic Center of Pittsburgh,"4100 Bigelow Boulevard, Pittsburgh, PA 15213",https://icp-pgh.org,info@icp-pgh.org,
Intro to the Trades Pre-Apprenticeship,"The Energy Innovation Center Institute runs pre-apprenticeship and workforce programs in the historic Connelley Trade School building, partnering with regional building trades and employers. Participants learn foundational construction and energy-sector skills from union instructors and industry mentors, then transition to registered apprenticeships or direct employment. The program repurposes a community asset as a training hub that links youth to marketable, locally relevant trades careers.","Youth Skills, Apprenticeship and Mentorship Programs",Local Republican Party Organizations Operating Brick-and-Mortar Community Centers,"Energy Innovation Center Institute, Inc.","1435 Bedford Avenue, Pittsburgh, PA 15219",https://eicpittsburgh.org,info@eicpittsburgh.org,
Introduction to the Trades,"The Builders Guild of Western Pennsylvania’s Introduction to the Trades outreach brings multi-trade union apprenticeship coordinators into neighborhoods to present pathways into union careers with living wages and benefits. In Western PA, the Guild collaborates with congregations and faith-based nonprofits to hold worker-friendly hiring fairs and apprenticeship information sessions in church halls, and partners with worker centers to provide jobsite safety and worker rights education. These o...",Faith-Labor Partnership Programs,Megachurches Replacing Ethnic Parishes with Conservative Christian Nationalism,Builders Guild of Western Pennsylvania,"5650 Forward Avenue, Suite 110, Pittsburgh, PA 15217",https://www.buildersguild.org,,
Islam 101 Presentations,"The Islamic Center of Pittsburgh offers ongoing Islam 101 presentations and interfaith dialogues that bring together congregations and community groups to foster mutual understanding and cooperative community care. Working with clergy and laity, ICP co-designs forums that reframe “protecting our families” as nonviolent leadership, neighbor support, and joint civic projects such as refugee assistance and food security. These dialogues channel protective identities into collaborative stewardshi...",Faith and Community Dialogues on Protective Roles,Conservative Identity Cultivation Through Protective Masculinity Narratives,Islamic Center of Pittsburgh,"4100 Bigelow Boulevard, Pittsburgh, PA 15213",https://www.icp-pgh.org,info@icp-pgh.org,
Islamic Center of Pittsburgh Interfaith Outreach,"The Islamic Center of Pittsburgh hosts recurring interfaith dialogues, open houses, and interfaith iftars that bring together Muslim, Christian, Jewish, and other community leaders to discuss shared values of justice, compassion, and the dignity of work. These gatherings regularly lead to joint service efforts—such as refugee resettlement support, food distribution, and neighborhood relief—linking moral dialogue to coordinated local initiatives.",Interfaith Dialogue Series on Social Teaching and Common Values,Megachurches Replacing Ethnic Parishes with Conservative Christian Nationalism,Islamic Center of Pittsburgh,"4100 Bigelow Boulevard, Pittsburgh, PA 15213",https://www.icp-pgh.org,info@icp-pgh.org,
Islamic Center of Pittsburgh – Interfaith Initiatives,"The Islamic Center of Pittsburgh leads ongoing interfaith outreach that brings pastors, rabbis, imams, lay leaders, neighborhood groups, and nonprofits together for dialogues, joint service projects, and coordinated community responses. Through regular meetings, pulpit exchanges, and public, nonpartisan statements on inclusion and community safety, ICP helps partner congregations develop shared action plans and host rotating events that address local needs across Pittsburgh.",Interfaith and Civic Councils,Megachurches Replacing Ethnic Parishes with Conservative Christian Nationalism,Islamic Center of Pittsburgh,"4100 Bigelow Boulevard, Pittsburgh, PA 15213",https://www.icp-pgh.org,info@icp-pgh.org,
Italian American Program,"The Italian American Program at the Heinz History Center documents and shares the history of Italian immigrants and their descendants in Western Pennsylvania through oral histories, community-sourced photographs, and exhibits. Staff and volunteers collaborate with schools, parishes, and former social clubs to train students to interview elders, digitize family and club memorabilia, and curate displays for the museum and neighborhood venues. This work preserves the legacy of ethnic association...",Oral History and Public Art Projects Celebrating Local Identity,Conservative Identity Cultivation Through Protective Masculinity Narratives,Senator John Heinz History Center,"1212 Smallman Street, Pittsburgh, PA 15222",https://www.heinzhistorycenter.org/italian-american-program,info@heinzhistorycenter.org,
Italian American Program,"Housed at the Heinz History Center, the Italian American Program preserves and shares the stories, artifacts, and traditions of Western Pennsylvania’s Italian immigrant and parish communities through exhibits, community archiving days, oral-history collection, and public programs. Its intergenerational events and heritage workshops create inclusive, nonpartisan spaces where families explore language, foodways, faith traditions, and arts that strengthen pride and cross-generational bonds.",Cultural Heritage and Intergenerational Programs,Megachurches Replacing Ethnic Parishes with Conservative Christian Nationalism,Senator John Heinz History Center,"1212 Smallman Street, Pittsburgh, PA 15222",https://www.heinzhistorycenter.org,info@heinzhistorycenter.org,
Italian American Program,"The Italian American Program at the Heinz History Center documents and shares the history of Italian immigrants and their descendants in Western Pennsylvania through oral histories, community-sourced photographs, and exhibits. Staff and volunteers collaborate with schools, parishes, and former social clubs to train students to interview elders, digitize family and club memorabilia, and curate displays for the museum and neighborhood venues. This work preserves the legacy of ethnic association...",Local Storytelling and Shared History Project,Local Republican Party Organizations Operating Brick-and-Mortar Community Centers,Senator John Heinz History Center,"1212 Smallman Street, Pittsburgh, PA 15222",https://www.heinzhistorycenter.org/italian-american-program,info@heinzhistorycenter.org,
JCC Corporate Wellness Partnerships,"The JCC partners with employers to host after-work group fitness classes, recreational leagues, and team wellness challenges at JCC facilities or on-site at workplaces. These employer-sponsored, nonpartisan activities create regular social opportunities—like pickup games or yoga classes—that help coworkers connect in welcoming, neutral environments.",Employer-sponsored After-work Social Programs,Gun Clubs as Primary Social Hubs with Political Messaging,Jewish Community Center of Greater Pittsburgh,"5738 Forbes Avenue, Pittsburgh, PA 15217",https://jccpgh.org,info@jccpgh.org,
JCRC Nonpartisan Candidate Forums,"The Jewish Community Relations Council (JCRC) of the Jewish Federation of Greater Pittsburgh hosts nonpartisan forums for local offices and school boards at rotating neutral venues, including the Squirrel Hill and South Hills JCCs and partner community spaces. The JCRC publishes ground rules that prohibit endorsements, require equal speaking time, and utilize community moderators, creating balanced civic conversations outside any single organization’s orbit.",Nonpartisan Civic Forum Rotation,Gun Clubs as Primary Social Hubs with Political Messaging,Jewish Federation of Greater Pittsburgh – Jewish Community Relations Council (JCRC),"2000 Technology Drive, Pittsburgh, PA 15219",https://jewishpgh.org/jcrc,info@jewishpgh.org,
JES Community Conversations and Civic Leadership Forums,"The Jefferson Educational Society convenes ongoing public forums and small-group community conversations that invite residents across the political spectrum to deliberate on Erie-region challenges like jobs, revitalization, and public education. Sessions are moderated with agreed-upon norms for respectful dialogue and are designed to surface common ground and community projects, connecting participants to partners and resources to act on shared solutions.",Cross-Party Civic Dialogue Series,Local Republican Party Organizations Operating Brick-and-Mortar Community Centers,Jefferson Educational Society,"3207 State Street, Erie, PA 16508",https://www.jeserie.org,info@jeserie.org,
Jefferson Civic Leadership Academy Community Dialogues,"Through its Civic Leadership Academy, the Jefferson Educational Society facilitates moderated, ground-rules-based discussions among emerging leaders and residents from across Erie County to address local challenges like jobs, schools, and neighborhood revitalization. Sessions focus on building cross-partisan relationships and producing practical, community-driven action steps rather than promoting candidates or campaigns.",Cross-Party Civic Dialogue Series,Local Republican Party Organizations Operating Brick-and-Mortar Community Centers,Jefferson Educational Society,"3207 State Street, Erie, PA 16508",https://www.jeserie.org,info@jeserie.org,
Jewish Community Relations Council of Greater Pittsburgh (JCRC),"The JCRC convenes an interfaith and civic council of clergy, congregations, labor and nonprofit partners to advance nonpartisan community priorities, issue joint statements, and coordinate advocacy on safety, education, and public services. It facilitates regular dialogues and coalition meetings among synagogues, churches, mosques, neighborhood organizations, and unions, and organizes shared action plans and public events that build trust and solidarity across Western Pennsylvania.",Interfaith and Civic Councils,Megachurches Replacing Ethnic Parishes with Conservative Christian Nationalism,Jewish Federation of Greater Pittsburgh,"2000 Technology Drive, Pittsburgh, PA 15219",https://jewishpgh.org/jcrc,info@jfedpgh.org,
Junior Green Corps,"Operation Better Block’s Junior Green Corps is an after-school and summer initiative for Homewood teens that blends workforce skills (urban ecology, landscaping, green infrastructure) with civic education and community organizing. Youth research neighborhood history, survey residents, and present recommendations to community development corporations, city planners, and neighborhood planning committees, ensuring young people help shape local priorities. Run by a longstanding community nonprofi...",Youth Civic and Vocational Programs Anchored in Community Values,Megachurches Replacing Ethnic Parishes with Conservative Christian Nationalism,"Operation Better Block, Inc.","801 N Homewood Avenue, Pittsburgh, PA 15208",https://www.obbinc.org,info@obbinc.org,
KRUNK Movement and Youth Leadership,"Center of Life’s KRUNK Movement and related youth leadership programs in Hazelwood use music, media, and project-based learning to teach organizing, civic engagement, and job skills after school and in the summer. Founded by a neighborhood pastor and working closely with Pittsburgh Public Schools, churches, and nonprofits, youth create performances and campaigns about local issues and contribute to neighborhood planning efforts with community partners. These programs build pathways to employm...",Youth Civic and Vocational Programs Anchored in Community Values,Megachurches Replacing Ethnic Parishes with Conservative Christian Nationalism,Center of Life,"161 Hazelwood Avenue, Pittsburgh, PA 15207",https://centeroflifepgh.org,info@centeroflifepgh.org,
Kelly Strayhorn Theater,"Kelly Strayhorn Theater is a community-led nonprofit that stewards a historic performance venue as a civic gathering place, offering subsidized rehearsal, performance, and event space for residents, artists, and local organizations. By maintaining nonprofit ownership and mission-driven space access, KST preserves the building as an inclusive community meeting space rather than allowing it to become a politically exclusive headquarters.",Community Land Trust for Meeting Spaces,Local Republican Party Organizations Operating Brick-and-Mortar Community Centers,Kelly Strayhorn Theater,"5941 Penn Avenue, Pittsburgh, PA 15206",https://kelly-strayhorn.org,info@kelly-strayhorn.org,
Kingsley Association Community Center,"The Kingsley Association operates a neighborhood community center with fitness, aquatics, youth and senior programs, open gym, and meeting rooms for local groups. As a longstanding, independent nonprofit, it offers employer-neutral spaces and hosts community events and leagues that help residents and workers connect beyond company-sponsored activities.",Community Land Trust for Meeting Spaces,Local Republican Party Organizations Operating Brick-and-Mortar Community Centers,The Kingsley Association,"6435 Frankstown Avenue, Pittsburgh, PA 15206",https://www.kingsleyassociation.org,info@kingsleyassociation.org,
Kingsley Association Family Support Center,"The Kingsley Association’s Family Support Center provides parenting education, parent–child activities, and father engagement groups that encourage men to take active, nurturing roles in their children’s lives. Case managers connect dads to employment resources and training while relationship and co-parenting workshops build healthy family dynamics and community ties.",Family Resource Centers and Fatherhood Programs,Conservative Identity Cultivation Through Protective Masculinity Narratives,The Kingsley Association,"6435 Frankstown Avenue, Pittsburgh, PA 15206",https://kingsleyassociation.org,info@kingsleyassociation.org,
Kingsley Center,"The Kingsley Center is a community-driven hub offering youth and family programming, fitness and wellness activities, arts workshops, and reservable rooms for neighborhood meetings. Its sliding-scale and low-cost programs welcome all residents regardless of affiliation, providing inclusive social and recreational spaces that strengthen trust and voice in local decision-making.",Community-owned Inclusive Recreation Centers,Gun Clubs as Primary Social Hubs with Political Messaging,The Kingsley Association,"6435 Frankstown Avenue, Pittsburgh, PA 15206",https://www.kingsleyassociation.org,info@kingsleyassociation.org,
Kingsley Family Support Center – Father Engagement,"The Kingsley Association’s Family Support Center provides neighborhood-based parenting education, case management, and wellness programming with intentional outreach to fathers and male caregivers. The center hosts support circles and parent–child activities for dads and connects participants to workforce partners and training opportunities. By pairing relationship and parenting support with employment referrals in an accessible community space, the program promotes nurturing fatherhood and s...",Family Resource Centers and Fatherhood Programs,Conservative Identity Cultivation Through Protective Masculinity Narratives,The Kingsley Association,"6435 Frankstown Avenue, Pittsburgh, PA 15206",https://kingsleyassociation.org,info@kingsleyassociation.org,
Laity Academy and Conflict Transformation Training,"This conference-wide program offers short, skills-based trainings for lay servants and congregational leaders on community engagement, inclusive leadership, and resolving congregational conflict. Sessions emphasize nonpartisan civic involvement, listening campaigns, and collaborative outreach so churches can lead neighborhood-focused ministries that build trust and social cohesion across differences.",Congregational Civic Leadership Training,Megachurches Replacing Ethnic Parishes with Conservative Christian Nationalism,Western Pennsylvania Conference of The United Methodist Church,"1204 Freedom Road, Cranberry Township, PA 16066",https://www.wpaumc.org,info@wpaumc.org,
Launch Grants & Fiscal Sponsorship,"New Sun Rising’s Launch program provides seed funding, coaching, and fiscal sponsorship to resident-led and worker-led projects so people can form interest-based clubs and activities in their own neighborhoods. By covering early costs (materials, space, insurance) and helping groups organize meetings and events, the program enables social life to grow around hobbies like music, arts, food, and recreation rather than single-issue organizations.",Worker-led Social Clubs and Interest Groups,Gun Clubs as Primary Social Hubs with Political Messaging,New Sun Rising,"112 Sherman Street, Millvale, PA 15209",https://www.newsunrising.org,info@newsunrising.org,
Launch Incubator & Vibrancy Funds,"New Sun Rising provides cohort-based training, technical assistance, and small grants to help residents start and grow community-serving enterprises, including cooperatives and worker-owned ventures. They also offer shared workspace and fiscal sponsorship, lowering barriers to local ownership so neighborhood businesses like cafés, makers, and repair shops can be rooted in the communities they serve.",Support for Worker and Community-Owned Enterprises,Megachurches Replacing Ethnic Parishes with Conservative Christian Nationalism,New Sun Rising,"112 Sherman Street, Millvale, PA 15209",https://www.newsunrising.org,info@newsunrising.org,
Launch Incubator at the Millvale Food + Energy Hub,"New Sun Rising’s Launch Incubator operates out of the community-controlled Millvale Food + Energy Hub, offering residents affordable workspace, shared amenities, and a place to gather and collaborate. The program provides seed funding through catalytic grants and fiscal sponsorship, alongside mentorship, cohort learning, and peer networks that include cooperative and worker-ownership pathways. By rooting enterprises in a neighborhood-owned hub, the incubator strengthens local employment and k...",Worker Cooperative Incubator,Local Republican Party Organizations Operating Brick-and-Mortar Community Centers,New Sun Rising,"112 East Sherman Street, Millvale, PA 15209",https://www.newsunrising.org,info@newsunrising.org,
Launch Millvale,"Launch Millvale is New Sun Rising’s place-based business incubation program hosted at the Millvale Food + Energy Hub. It provides cohort-based training, mentorship, and early-stage funding to resident-led ventures, including cooperatives and social enterprises, and offers shared workspace and equipment in a repurposed community facility. By combining capacity-building with small grants and affordable space, the program helps neighborhoods create and grow worker- and community-owned enterprises.",Support for Worker and Community-Owned Enterprises,Megachurches Replacing Ethnic Parishes with Conservative Christian Nationalism,New Sun Rising,"112 E Sherman Street, Millvale, PA 15209",https://www.newsunrising.org,info@newsunrising.org,
Lawrenceville Farmers Market,"This weekly community market brings together local farmers, prepared-food vendors, community organizations, and family activities in a welcoming, outdoor setting. With live music, nutrition programming, and spaces designed for neighbors to linger and talk, the market functions as an inclusive public gathering place that strengthens social ties.","Inclusive Public Events (Fairs, Markets, Block Parties)",Local Republican Party Organizations Operating Brick-and-Mortar Community Centers,Lawrenceville United,"4614 Butler Street, Pittsburgh, PA 15201",https://www.lunited.org/lawrenceville-farmers-market,info@lunited.org,
Lawrenceville Night Market + Concert Series,"This recurring evening market and free concert series brings residents together on Butler Street with music, food, games, and community resource tables. Funded through sponsorships from neighborhood businesses and larger corporate partners, Lawrenceville Corporation partners with local merchants and community groups to host inclusive, family-friendly nights that diversify social options and strengthen neighborhood trust.",Public-Private Sponsorship of Community Nights,Gun Clubs as Primary Social Hubs with Political Messaging,Lawrenceville Corporation,"100 43rd Street, Suite 106, Pittsburgh, PA 15201",https://www.lawrencevillecorp.com/night-market,info@lawrencevillecorp.com,
Lawrenceville United Community Calendar & Resource Hub,"Lawrenceville United maintains a neighborhood-wide community calendar and weekly e-newsletter that promote nonpartisan events—public safety meetings, block parties, volunteer days, workshops, and resource distributions—organized by LU and local partners. The organization also posts physical flyers and shares information through its office and partner sites, serving as a trusted outreach hub that helps residents find inclusive, community-building alternatives to partisan social venues.",Local Inclusive Events Calendar and Outreach Hub,Gun Clubs as Primary Social Hubs with Political Messaging,Lawrenceville United,"4844 Butler Street, Pittsburgh, PA 15201",https://www.lunited.org,info@lunited.org,
Lawrenceville United – Community Calendar and Neighborhood Outreach,"Lawrenceville United maintains a public, nonpartisan community calendar that aggregates neighborhood meetings, clean-ups, block parties, resource events, and partner programs, making it simple for residents to find inclusive ways to connect. The organization pairs its digital listings with physical outreach—flyers, posters, and information tables at local venues—creating an accessible hub that strengthens community ties outside of partisan spaces.",Local Inclusive Events Calendar and Outreach Hub,Gun Clubs as Primary Social Hubs with Political Messaging,Lawrenceville United,"4627 Butler Street, Pittsburgh, PA 15201",https://www.lunited.org/events,info@lunited.org,
Lay Servant Ministries and Conflict Transformation Training,"The Conference offers Lay Servant Ministries courses and conflict transformation workshops that equip clergy and lay leaders with practical skills in community organizing, facilitation, and peacemaking. Sessions emphasize nonpartisan civic engagement, active listening, and leading inclusive worship and outreach focused on the common good of local neighborhoods. Participants are supported to develop congregation-based initiatives that build social solidarity over single-issue politics.",Congregational Civic Leadership Training,Megachurches Replacing Ethnic Parishes with Conservative Christian Nationalism,Western Pennsylvania Conference of the United Methodist Church,"1204 Freedom Road, Cranberry Township, PA 16066",https://www.wpaumc.org,info@wpaumc.org,
Learn & Earn,"Learn & Earn is a paid summer employment program that provides job readiness training and real-world work experience for thousands of teens across Allegheny County, placing them with municipalities, community nonprofits, libraries, and schools. Youth develop workplace skills, financial literacy, and civic awareness through community-serving projects that connect them to neighborhood priorities and institutions. The cross-sector partnership (Partner4Work with the City of Pittsburgh and Alleghe...",Youth Civic and Vocational Programs Anchored in Community Values,Megachurches Replacing Ethnic Parishes with Conservative Christian Nationalism,Partner4Work (in partnership with the City of Pittsburgh and Allegheny County),"650 Smithfield Street, Suite 2600, Pittsburgh, PA 15222",https://www.partner4work.org/programs/learn-earn/,info@partner4work.org,
Learn & Earn,"Learn & Earn places youth ages 14–24 in paid summer jobs and pre-apprenticeship experiences at nonprofits, municipalities, and businesses throughout Allegheny County. Adult supervisors serve as mentors, and participants receive job-readiness training and career workshops hosted in schools and community centers. The program builds cross-age relationships and civic attachment by connecting young people to local employers and public-serving organizations.",Intergenerational Programs and Apprenticeships,Gun Clubs as Primary Social Hubs with Political Messaging,Partner4Work,"650 Smithfield Street, Suite 2600, Pittsburgh, PA 15222",https://www.partner4work.org,info@partner4work.org,
Learn & Earn Summer Youth Employment,"Learn & Earn is Allegheny County and the City of Pittsburgh’s summer youth employment program led by Partner4Work, placing teens and young adults in paid roles at nonprofits, schools, municipal departments, and local businesses while providing job-readiness training and financial literacy. Many host sites are community-based or faith-rooted organizations, and placements often include service projects that teach local history, neighborhood organizing, and how city government works. By engaging...",Youth Civic and Vocational Programs Anchored in Community Values,Megachurches Replacing Ethnic Parishes with Conservative Christian Nationalism,Partner4Work (in partnership with Allegheny County and the City of Pittsburgh),"650 Smithfield Street, Suite 2400, Pittsburgh, PA 15222",https://www.partner4work.org/programs/learn-earn,info@partner4work.org,
Learn & Earn Summer Youth Employment,"Learn & Earn provides paid summer jobs and work-readiness training for teens across Allegheny County through placements with nonprofits, municipal departments, libraries, and community groups. The program includes job readiness workshops, financial literacy, and exposure to civic workplaces, often pairing youth with community improvement and local history projects. It is jointly administered by Partner4Work with the City of Pittsburgh and Allegheny County, aligning schools, government, and no...",Youth Civic and Vocational Programs Anchored in Community Values,Megachurches Replacing Ethnic Parishes with Conservative Christian Nationalism,Partner4Work (in partnership with the City of Pittsburgh and Allegheny County),"650 Smithfield Street, Suite 2600, Pittsburgh, PA 15222",https://www.partner4work.org/programs/learn-and-earn,info@partner4work.org,
Learn & Earn Summer Youth Employment Program,"Learn & Earn provides paid summer jobs for young people ages 14–24 with local nonprofits, businesses, and government agencies across Allegheny County and the City of Pittsburgh. Participants earn wages while gaining work readiness training, mentoring, and on-the-job experience that builds local professional networks, encouraging them to stay in or return to the region.","Youth Skills, Apprenticeship and Mentorship Programs",Local Republican Party Organizations Operating Brick-and-Mortar Community Centers,Partner4Work,"650 Smithfield Street, Suite 2600, Pittsburgh, PA 15222",https://www.partner4work.org,info@partner4work.org,
Learning Party,"Assemble’s Learning Party is a recurring, free/pay-what-you-can community night where neighbors explore STEAM topics through hands-on skill-shares, demos, and show-and-tell segments led by makers and educators. The series is supported by sponsorships and in-kind contributions from local businesses and creative/tech firms, alongside partnerships with schools and community groups. This public-private model directly connects business resources to inclusive, intergenerational gatherings that are ...",Public-Private Sponsorship of Community Nights,Gun Clubs as Primary Social Hubs with Political Messaging,Assemble,"4824 Penn Avenue, Pittsburgh, PA 15224",https://www.assemblepgh.org,info@assemblepgh.org,
Legislative Information Center (City Clerk’s Office),"The Legislative Information Center provides a public, nonpartisan help desk where residents can learn how City Council works, access legislation and records, register to speak at meetings, and get guidance on engaging with city departments and boards. Staff offer in‑person assistance to navigate local government processes and connect people with opportunities for civic participation.",Nonpartisan Civic Education & Voter Help Desk,Local Republican Party Organizations Operating Brick-and-Mortar Community Centers,"City of Pittsburgh, Office of the City Clerk","414 Grant Street, Pittsburgh, PA 15219",https://pittsburghpa.gov/clerk/,cityclerksoffice@pittsburghpa.gov,
Let’s Move Pittsburgh Seed Fund,"Let’s Move Pittsburgh awards microgrants and offers guidance to launch community health and wellness activities, such as walking groups, gardening clubs, and cooking collectives. This seed funding and technical assistance enables workers and residents to form and sustain interest-based social clubs that meet regularly in neighborhood spaces.",Worker-led Social Clubs and Interest Groups,Gun Clubs as Primary Social Hubs with Political Messaging,Phipps Conservatory and Botanical Gardens,"1 Schenley Drive, Pittsburgh, PA 15213",https://www.phipps.conservatory.org/lets-move-pittsburgh,letsmove@phipps.conservatory.org,
Love My Neighbor!,"Neighborhood Allies’ Love My Neighbor! program supports resident-led projects and includes facilitated community conversations to surface neighborhood priorities around safety, housing, jobs, and public spaces. Trained local facilitators and community ambassadors lead recurring listening sessions and small-group dialogues that help neighbors build relationships, identify shared goals, and coordinate action with local partners. This resident-centered approach strengthens trust within and acros...",Community Dialogue and Trust-building Series,Gun Clubs as Primary Social Hubs with Political Messaging,Neighborhood Allies,"5149 Penn Avenue, Pittsburgh, PA 15224",https://neighborhoodallies.org,info@neighborhoodallies.org,
Love My Neighbor! Grants,"Love My Neighbor! provides microgrants and coaching to resident leaders to start and grow neighborhood clubs and interest groups such as walking clubs, cooking circles, music meetups, and hobby gatherings. The program supplies seed funding, facilitation support, and connections to meeting spaces so workers and neighbors can organize social life around shared interests rather than single-issue organizations.",Worker-led Social Clubs and Interest Groups,Gun Clubs as Primary Social Hubs with Political Messaging,Neighborhood Allies,"429 Forbes Avenue, Suite 1900, Pittsburgh, PA 15219",https://neighborhoodallies.org,info@neighborhoodallies.org,
Love My Neighbor! Microgrants,"Love My Neighbor! funds resident-led storytelling, photo, video, and neighborhood branding projects that elevate local teachers, nurses, coaches, organizers, and tradespeople as community protectors and pillars. Grantees produce community-created media—such as short documentaries, portrait campaigns, newsletters, and social content—that reframes prestige around caregiving, mentoring, and place-keeping rather than armed protection. By celebrating everyday service roles and broadcasting those n...",Local Marketing Campaigns Reframing Responsibility and Protection,Conservative Identity Cultivation Through Protective Masculinity Narratives,Neighborhood Allies,"5149 Penn Avenue, Pittsburgh, PA 15224",https://neighborhoodallies.org,info@neighborhoodallies.org,
Love Your Block,"The City of Pittsburgh’s Love Your Block program provides small grants and in-kind support to resident groups and nonprofits to host community-building projects in shared public spaces—such as parks, community gardens, sidewalks, and adjacent storefront areas. Funding helps cover materials and logistics for free neighborhood cleanups, block gatherings, little libraries, and other apolitical activities that strengthen social connection and encourage inclusive use of common spaces.",Neighborhood Grant Program for Shared Spaces,Gun Clubs as Primary Social Hubs with Political Messaging,"City of Pittsburgh, Office of Community Affairs","414 Grant Street, Pittsburgh, PA 15219",https://pittsburghpa.gov/oca,servepgh@pittsburghpa.gov,
Love Your Block,"The City of Pittsburgh’s Love Your Block program funds and coordinates neighborhood-led cleanups, vacant lot restorations, and small home repairs where residents and volunteers collaborate on block improvement projects. Because projects are open to all and centered on hands-on teamwork, they bring together neighbors across political lines to solve visible problems and strengthen trust in local institutions.",Intergroup Volunteer Service Projects,Local Republican Party Organizations Operating Brick-and-Mortar Community Centers,"City of Pittsburgh, ServePGH","414 Grant Street, Pittsburgh, PA 15219",https://pittsburghpa.gov/servepgh/loveyourblock,servepgh@pittsburghpa.gov,
Love Your Block Mini-Grants,"Love Your Block awards small grants and in-kind support to resident groups and community organizations to activate shared spaces—such as parks, community gardens, libraries, and faith-based sites—with cleanups, social events, and neighbor-led projects. The program reduces barriers to using local venues, supplies, and services so people can gather for constructive, nonpolitical activities that foster pride and connectedness. These microgrants help transform everyday neighborhood spaces into we...",Neighborhood Grant Program for Shared Spaces,Gun Clubs as Primary Social Hubs with Political Messaging,"City of Pittsburgh, Office of Neighborhood Services","414 Grant Street, Pittsburgh, PA 15219",https://pittsburghpa.gov/ons,loveyourblock@pittsburghpa.gov,
Love Your Block Pittsburgh,"Love Your Block provides small matching grants and support to resident groups and community organizations to strengthen neighborhood connections through cleanups, block events, and projects hosted in shared spaces. Funds often cover supplies, permits, and stipends so churches, libraries, parks, and storefronts can offer free or low-cost gatherings and activities focused on bringing neighbors together rather than politics.",Neighborhood Grant Program for Shared Spaces,Gun Clubs as Primary Social Hubs with Political Messaging,"City of Pittsburgh, Office of Community Affairs (ServePGH)","414 Grant Street, Pittsburgh, PA 15219",https://pittsburghpa.gov/servepgh/loveyourblock,servepgh@pittsburghpa.gov,
MAKESHOP at Children’s Museum of Pittsburgh,"MAKESHOP is a public makerspace where families, teens, and adults collaborate with teaching artists to sew, woodwork, tinker with electronics, and prototype using real tools. The space emphasizes cooperative problem-solving and shared craft experiences that strengthen community bonds in an accessible, nonpartisan setting.",Shared-tools and Makerspaces,Gun Clubs as Primary Social Hubs with Political Messaging,Children’s Museum of Pittsburgh,"10 Children's Way, Pittsburgh, PA 15212",https://pittsburghkids.org,info@pittsburghkids.org,
MANUFACTURING 2000 (M2K),"New Century Careers’ M2K is a pre-apprenticeship machinist training program that prepares young adults for entry into manufacturing careers and registered apprenticeships with regional employers. Instruction is delivered by experienced tradespeople who mentor students on shop safety, CNC operation, and employability skills, then place them with partner manufacturers. By partnering directly with local companies and training in a community-based facility, the program creates clear, marketable s...",Worker Cooperatives and Apprenticeship Programs,Conservative Identity Cultivation Through Protective Masculinity Narratives,New Century Careers,"305 East Carson Street, Pittsburgh, PA 15203",https://www.ncsquared.com,info@ncsquared.com,
MANUFACTURING 2000 (M2K),"New Century Careers’ M2K is a pre-apprenticeship machinist training program that prepares young adults for entry into manufacturing careers and registered apprenticeships with regional employers. Instruction is delivered by experienced tradespeople who mentor students on shop safety, CNC operation, and employability skills, then place them with partner manufacturers. By partnering directly with local companies and training in a community-based facility, the program creates clear, marketable s...",Men’s Community Workshops and Skill Centers,Conservative Identity Cultivation Through Protective Masculinity Narratives,New Century Careers,"305 East Carson Street, Pittsburgh, PA 15203",https://www.ncsquared.com,info@ncsquared.com,
MANUFACTURING 2000 (M2K),"New Century Careers’ M2K is a pre-apprenticeship machinist training program that prepares young adults for entry into manufacturing careers and registered apprenticeships with regional employers. Instruction is delivered by experienced tradespeople who mentor students on shop safety, CNC operation, and employability skills, then place them with partner manufacturers. By partnering directly with local companies and training in a community-based facility, the program creates clear, marketable s...","Youth Skills, Apprenticeship and Mentorship Programs",Local Republican Party Organizations Operating Brick-and-Mortar Community Centers,New Century Careers,"305 East Carson Street, Pittsburgh, PA 15203",https://www.ncsquared.com,info@ncsquared.com,
MCG Youth & Arts,"MCG Youth & Arts provides free after-school and summer studio courses in ceramics, photography, design, and more where professional artists and industry mentors guide high school students. These intergenerational studios function like apprenticeships, pairing teens with adult practitioners on projects, exhibits, and service learning. Hosted in a neutral community campus, they build cross-age relationships and civic pride among youth and mentors.",Intergenerational Programs and Apprenticeships,Gun Clubs as Primary Social Hubs with Political Messaging,Manchester Bidwell Corporation,"1815 Metropolitan Street, Pittsburgh, PA 15233",https://mcgyouthandarts.org,info@manchesterbidwell.org,
Management Assistance Grants and Capacity Building,"The Forbes Funds strengthens community-based organizations through small Management Assistance Grants that fund expert facilitation, strategic planning, board development, and evaluation consulting. Through its trainings and peer-learning cohorts, organizations gain facilitation skills and outcome-measurement practices that improve program quality, inclusivity, and readiness to scale.",University–Community Partnership for Facilitation and Evaluation,Local Republican Party Organizations Operating Brick-and-Mortar Community Centers,The Forbes Funds (supporting organization of The Pittsburgh Foundation),"5 PPG Place, Suite 250, Pittsburgh, PA 15222",https://forbesfunds.org,info@forbesfunds.org,
Manufacturing 2000 (M2K) Pre-Apprenticeship,"New Century Careers’ M2K is a no-cost machining and advanced manufacturing pre-apprenticeship that equips adults for immediate employment and registered apprenticeships in regional shops. The program offers hands-on training, career coaching, and direct employer referrals to restore pathways to meaningful, family-sustaining work in communities hit by industrial decline. Graduates earn industry credentials and are placed into paid roles that provide structure and purpose, supporting recovery a...","Youth Skills, Apprenticeship and Mentorship Programs",Local Republican Party Organizations Operating Brick-and-Mortar Community Centers,New Century Careers,"305 East Carson Street, Pittsburgh, PA 15203",https://www.ncsquared.com,info@ncsquared.com,
Manufacturing Apprenticeship Programs,"Catalyst Connection sponsors and coordinates registered apprenticeships and pre-apprenticeships in occupations like CNC machining, mechatronics, and industrial manufacturing technician with small and mid-sized manufacturers across the region. Apprentices are hired by employer partners, earn wages while training, and receive related technical instruction arranged by Catalyst; employers commit apprenticeship slots and provide workplace supervisors. The program delivers paid, structured pathways...",Worker Cooperatives and Apprenticeship Programs,Conservative Identity Cultivation Through Protective Masculinity Narratives,Catalyst Connection,"4501 Lytle Street, Suite 200, Pittsburgh, PA 15207",https://www.catalystconnection.org,info@catalystconnection.org,
Manufacturing Assistance Center (MAC) Pre-Apprenticeship,"MAC offers NIMS-aligned machining and advanced manufacturing training, recognized as a pre-apprenticeship that leads directly into registered apprenticeships and employment with regional manufacturers. Located in Homewood, it equips residents with high-demand skills and paid on-ramps to career ladders in modern manufacturing.",Worker Cooperatives and Apprenticeship Programs,Conservative Identity Cultivation Through Protective Masculinity Narratives,University of Pittsburgh Swanson School of Engineering,"7800 Susquehanna Street, Pittsburgh, PA 15208",https://www.engineering.pitt.edu/MAC,,
Masonry and Carpentry Training Program,"Trade Institute of Pittsburgh provides hands-on masonry and carpentry training led by seasoned tradespeople who mentor students through real projects in a repurposed industrial facility. The program connects graduates to local contractors and union apprenticeships, building marketable skills and direct work pathways. By leveraging employer partnerships and craft mentorship, it offers young people a practical bridge into family-sustaining trades careers.","Youth Skills, Apprenticeship and Mentorship Programs",Local Republican Party Organizations Operating Brick-and-Mortar Community Centers,Trade Institute of Pittsburgh,"7800 Susquehanna Street, Pittsburgh, PA 15208",https://www.tipgh.org,info@tipgh.org,
Mayor's Youth Council,"The City of Pittsburgh’s Mayor’s Youth Council brings together high school students from across the city to learn civic processes, develop organizing and leadership skills, and advise the Mayor and City departments on youth priorities. Members participate in service projects, policy discussions, and local government meetings, ensuring young people have a direct voice in shaping community priorities. This directly implements the solution by creating a youth advisory body that engages with loca...",Youth Civic and Vocational Programs Anchored in Community Values,Megachurches Replacing Ethnic Parishes with Conservative Christian Nationalism,"City of Pittsburgh, Office of Community Affairs","414 Grant Street, Pittsburgh, PA 15219",https://pittsburghpa.gov/oca/mayors-youth-council,OCA@pittsburghpa.gov,
Mayor’s Youth Council,"The Mayor’s Youth Council convenes high school students from across the city to learn local government, develop policy recommendations, and advise the Mayor’s Office on youth priorities. Members receive civic education, organize community projects with partner schools and nonprofits, and present proposals to municipal leaders—ensuring youth voices shape public decisions. This directly fulfills the solution’s call for youth boards that help guide local governance.",Youth Civic and Vocational Programs Anchored in Community Values,Megachurches Replacing Ethnic Parishes with Conservative Christian Nationalism,"City of Pittsburgh, Office of the Mayor","414 Grant Street, Pittsburgh, PA 15219",https://pittsburghpa.gov/mayor/youth-council,mayors.office@pittsburghpa.gov,
McKeesport Regional History & Heritage Center,"The Center maintains archives and exhibits on the National Tube Works and the region’s steel and labor history, collecting artifacts, documents, and oral histories from union members and retirees. It collaborates with community groups to produce storytelling exhibits and programs that interpret shop-floor life and neighborhood union culture, drawing visitors to the site. These efforts position the Center and partners to pursue cultural grants and generate support for preserving local heritage...",Cultural Heritage and Intergenerational Programs,Megachurches Replacing Ethnic Parishes with Conservative Christian Nationalism,McKeesport Regional History & Heritage Center,"1832 Arboretum Drive, McKeesport, PA 15132",https://www.mckeesportheritage.org,info@mckeesportheritage.org,
Mediation Clinic,"Pitt Law’s Mediation Clinic trains mediators and provides no-cost or low-cost mediation in local magisterial district courts, focusing on landlord-tenant and small-claims disputes that frequently arise between neighbors. Supervised student mediators help parties communicate, de-escalate conflict, and craft durable agreements that prevent further polarization and preserve community relationships.",Neighborhood Mediation and Peer Conflict Resolution Teams,Local Republican Party Organizations Operating Brick-and-Mortar Community Centers,University of Pittsburgh School of Law,"3900 Forbes Avenue, Pittsburgh, PA 15260",https://www.law.pitt.edu/clinics/mediation,,
Mediation and Community Relations Program,"The Pittsburgh Commission on Human Relations offers no-cost mediation to resolve neighborhood conflicts, bias-related incidents, and disputes involving housing, employment, and public accommodations. Staff mediators also provide outreach and training to community groups on conflict de-escalation and dialogue, helping neighborhoods manage politically charged tensions and rebuild trust.",Neighborhood Mediation and Peer Conflict Resolution Teams,Local Republican Party Organizations Operating Brick-and-Mortar Community Centers,City of Pittsburgh Commission on Human Relations,"414 Grant Street, Suite 908, Pittsburgh, PA 15219",https://pittsburghpa.gov/chr,human.relations@pittsburghpa.gov,
Meeting & Community Room Policy,"Butler Area Public Library’s policy opens its publicly funded community rooms to a wide range of groups on a fair, content-neutral basis. It requires that outside publicity and event signage clearly state that use of the Library’s space does not imply Library sponsorship or endorsement, maintaining political neutrality. Booking parameters and calendar management promote equitable access so recurring meetings by one group cannot crowd out other civic users.",Venue Use Policies for Publicly Funded Spaces,Gun Clubs as Primary Social Hubs with Political Messaging,Butler Area Public Library,"218 North McKean Street, Butler, PA 16001",https://www.butlerlibrary.info,info@butlerlibrary.info,
Meeting Room Policy,"Meadville Public Library provides publicly funded meeting spaces to community groups using content-neutral, first-come, first-served rules that safeguard equal access. The policy requires disclaimers in publicity and posted notices clarifying that the Library does not sponsor or endorse meetings, upholding political neutrality during civic events. Reservation procedures and limits are used to ensure broad community use and to prevent monopolization by any single organization.",Venue Use Policies for Publicly Funded Spaces,Gun Clubs as Primary Social Hubs with Political Messaging,Meadville Public Library,"848 North Main Street, Meadville, PA 16335",https://meadvillelibrary.org,info@meadvillelibrary.org,
Meeting Room Reservations,"Millvale Community Library offers meeting rooms that can be reserved by the public through a request process and shared calendar, with policies emphasizing equitable, first-come scheduling. As a neutral civic space, the library regularly hosts youth, arts, and neighborhood groups and maintains fair-use rules that rotate access and prevent any single organization from monopolizing the rooms.",Shared Scheduling and Space-Rotation Program,Local Republican Party Organizations Operating Brick-and-Mortar Community Centers,Millvale Community Library,"213 Grant Avenue, Millvale, PA 15209",https://www.millvalelibrary.org,info@millvalelibrary.org,
Meeting Room Reservations,"Carnegie Library of Pittsburgh offers free and low-cost meeting rooms at branches across the city, scheduled through a shared, public reservation system on a first-come, first-served basis. Fair‑use guidelines, time‑limited bookings, and staff-managed calendars ensure rotating access for neighborhood groups, youth programs, arts organizations, and nonpartisan civic groups so no single organization monopolizes space.",Shared Scheduling and Space-Rotation Program,Local Republican Party Organizations Operating Brick-and-Mortar Community Centers,Carnegie Library of Pittsburgh,"4400 Forbes Avenue, Pittsburgh, PA 15213",https://www.carnegielibrary.org,info@carnegielibrary.org,
Meeting Room Use Policy,"Shaler North Hills Library provides community-developed guidelines for public use of its taxpayer-supported meeting rooms on an equal-access, viewpoint-neutral basis. The policy requires that all promotional materials include a statement that the Library does not sponsor or endorse the event, and staff may post signage noting the Library’s neutrality during civic gatherings. Reservation limits and scheduling rules distribute access fairly and prevent any single organization from monopolizing ...",Venue Use Policies for Publicly Funded Spaces,Gun Clubs as Primary Social Hubs with Political Messaging,Shaler North Hills Library,"1822 Mt. Royal Boulevard, Glenshaw, PA 15116",https://www.shalerlibrary.org,shalerref@einetwork.net,
Meeting Room Use Policy,"Mt. Lebanon Public Library offers reservable public meeting rooms for civic, educational, and community groups on a viewpoint-neutral, nondiscriminatory basis. Its policy requires that all promotional materials and on-site signage include a standard disclaimer that use of library facilities does not constitute library sponsorship or endorsement, ensuring political neutrality and fair access.",Venue Use Policies for Publicly Funded Spaces,Gun Clubs as Primary Social Hubs with Political Messaging,Mt. Lebanon Public Library,"16 Castle Shannon Boulevard, Pittsburgh, PA 15228",https://www.mtlebanonlibrary.org,,
Meeting Room Use Policy,"Mt. Lebanon Public Library offers meeting rooms to local organizations and residents on an equal, first-come basis regardless of viewpoint. The policy includes a non-endorsement statement and requires groups to include disclaimer language in publicity, upholding political neutrality for civic events. Reservations are time-limited and subject to availability to ensure broad community access and prevent any one group from dominating this publicly funded space.",Venue Use Policies for Publicly Funded Spaces,Gun Clubs as Primary Social Hubs with Political Messaging,Mt. Lebanon Public Library,"16 Castle Shannon Boulevard, Mt. Lebanon, PA 15228",https://mtlebanonlibrary.org,,
Meeting Rooms & Event Spaces Policy,"Carnegie Library of Pittsburgh opens publicly funded meeting rooms to community groups on a content-neutral, first-come, first-served basis. Its policy requires publicity to include a disclaimer that the Library does not endorse viewpoints expressed and allows staff to post neutral-use notices at events, reinforcing political neutrality. Time, place, and manner rules ensure equitable access across organizations so no single group can dominate use of these civic spaces.",Venue Use Policies for Publicly Funded Spaces,Gun Clubs as Primary Social Hubs with Political Messaging,Carnegie Library of Pittsburgh,"4400 Forbes Avenue, Pittsburgh, PA 15213",https://www.carnegielibrary.org,info@carnegielibrary.org,
Meeting Rooms & Public Event Spaces,"Carnegie Library of Pittsburgh provides publicly bookable meeting rooms managed through a shared reservation system, enabling neighborhood groups, youth programs, arts organizations, and nonpartisan civic groups to gather at no or low cost. Content‑neutral room policies and staff-managed scheduling distribute limited time slots among many users, reducing the chance that any single organization monopolizes the space. This rotating, community-centered access aligns with the solution by offering...",Shared Scheduling and Space-Rotation Program,Local Republican Party Organizations Operating Brick-and-Mortar Community Centers,Carnegie Library of Pittsburgh,"4400 Forbes Avenue, Pittsburgh, PA 15213",https://www.carnegielibrary.org,info@carnegielibrary.org,
Meeting Rooms Policy,"Carnegie Library of Pittsburgh provides public meeting rooms to community groups on an equitable, content-neutral, first-come basis. Its policy states that room use does not constitute Library endorsement and requires groups to use non-endorsement disclaimer language in publicity, reinforcing political neutrality. Reservation rules and time limits help ensure broad access so no single organization can dominate publicly funded space.",Venue Use Policies for Publicly Funded Spaces,Gun Clubs as Primary Social Hubs with Political Messaging,Carnegie Library of Pittsburgh,"4400 Forbes Avenue, Pittsburgh, PA 15213",https://www.carnegielibrary.org,info@carnegielibrary.org,
Metal Arts Workshops at Carrie Blast Furnaces,"Rivers of Steel hosts community metal arts workshops—iron casting, blacksmithing, and welding—where teens (with guardians) and adults learn side‑by‑side from master artisans on the historic Carrie Blast Furnaces site. These intergenerational classes blend hands‑on craft training with storytelling about the region’s industrial heritage, building cross‑age relationships rooted in shared place and pride. Public pours, tours, and exhibitions create civic gathering opportunities in a neutral cultu...",Intergenerational Programs and Apprenticeships,Gun Clubs as Primary Social Hubs with Political Messaging,Rivers of Steel Heritage Corporation,"623 East 8th Avenue, Homestead, PA 15120",https://riversofsteel.com,info@riversofsteel.com,
Metro-Urban Institute,"The Metro-Urban Institute at Pittsburgh Theological Seminary offers short courses, workshops, and certificates for clergy and lay leaders in community organizing, public theology, and urban ministry. Sessions emphasize conflict transformation, partnership with neighborhood stakeholders, and inclusive worship and outreach that prioritize local wellbeing and cross-racial solidarity. These nonpartisan trainings equip congregations to lead collaborative, place-based initiatives instead of single-...",Congregational Civic Leadership Training,Megachurches Replacing Ethnic Parishes with Conservative Christian Nationalism,Pittsburgh Theological Seminary,"616 N Highland Avenue, Pittsburgh, PA 15206",https://www.pts.edu/metro-urban-institute,,
Metro-Urban Institute (MUI),"MUI equips clergy, lay leaders, and active congregants with practical training in urban ministry, nonpartisan community organizing, and conflict transformation through short courses, workshops, and certificate programs. Participants learn facilitation, asset-based community development, and coalition-building to design inclusive worship and outreach that strengthen neighborhood wellbeing and social solidarity rather than partisan mobilization.",Congregational Civic Leadership Training,Megachurches Replacing Ethnic Parishes with Conservative Christian Nationalism,Pittsburgh Theological Seminary,"616 N Highland Avenue, Pittsburgh, PA 15206",https://www.pts.edu/metro-urban-institute,info@pts.edu,
Metro-Urban Institute – Urban Ministry and Community Organizing Workshops,"Through the Metro-Urban Institute, the Seminary provides certificate courses and short workshops that train clergy and lay leaders in asset-based community development, conflict mediation, and congregation-based organizing. The programming is explicitly nonpartisan and equips faith leaders to design inclusive services and neighborhood partnerships that prioritize wellbeing, voice, and trust in deindustrialized communities. Alumni apply these tools to lead collaborative, cross-institutional in...",Congregational Civic Leadership Training,Megachurches Replacing Ethnic Parishes with Conservative Christian Nationalism,Pittsburgh Theological Seminary,"616 N Highland Ave, Pittsburgh, PA 15206",https://www.pts.edu/Metro-Urban-Institute,info@pts.edu,
Millvale Community Library Events & Community Hub,"Millvale Community Library provides a public events calendar and on-site bulletin boards highlighting nonpartisan programs for all ages—arts, education, mutual aid, and civic meetings—along with partner-hosted gatherings. As a walkable, welcoming space with free internet and regular foot traffic, the library operates as a physical and digital outreach hub that makes inclusive social and civic opportunities easy to find for residents of Millvale and nearby river towns.",Local Inclusive Events Calendar and Outreach Hub,Gun Clubs as Primary Social Hubs with Political Messaging,Millvale Community Library,"213 Grant Avenue, Millvale, PA 15209",https://www.millvalelibrary.org,info@millvalelibrary.org,
Millvale Community Library Tool Library,"The Millvale Community Library operates a Tool Library where patrons can borrow a wide range of tools for home repair, gardening, and community projects. Through lending, orientations, and skill-sharing workshops, it brings residents together to solve practical problems and learn from one another. This shared-tools model implements the solution by creating a collaborative, welcoming space focused on making rather than politics.",Shared-tools and Makerspaces,Gun Clubs as Primary Social Hubs with Political Messaging,Millvale Community Library,"213 Grant Avenue, Millvale, PA 15209",https://www.millvalelibrary.org,info@millvalelibrary.org,
Millvale EcoDistrict Community Forums,"As part of the Millvale EcoDistrict effort, the Millvale Community Library convenes open community forums and listening sessions where residents identify priorities around food, water, energy, air, and mobility. These assemblies invite neighbors to co-design local projects—such as gardens, stormwater installations, and public programming—so community members directly shape improvements block by block.",Neighborhood Assemblies and Listening Sessions,Local Republican Party Organizations Operating Brick-and-Mortar Community Centers,Millvale Community Library,"213 Grant Avenue, Millvale, PA 15209",https://www.millvalelibrary.org,info@millvalelibrary.org,
Millvale Food + Energy Hub,"New Sun Rising acquired and rehabilitated the former Millvale Moose Lodge into a community-serving hub that provides public gathering areas, affordable space for mission-aligned tenants, and regular civic programming. Through nonprofit ownership, partner agreements, and values-based space access, the building is held in trust-like stewardship for the community so it remains a shared meeting place rather than a politically exclusive site.",Community Land Trust for Meeting Spaces,Local Republican Party Organizations Operating Brick-and-Mortar Community Centers,New Sun Rising,"112 East Sherman Street, Millvale, PA 15209",https://www.newsunrising.org/portfolio/millvale-food-energy-hub/,info@newsunrising.org,
Millvale Food + Energy Hub,"This former social hall was reactivated as a multi-use hub that houses a shared commercial kitchen, community event space, and tenants such as a cafe and food-rescue/production programs. Managed by New Sun Rising, it offers affordable rentals and partnerships for nonprofits and small businesses, while delivering workforce development in the food sector and hosting public gatherings that keep the facility vibrant and financially sustainable.",Community Land Trust for Meeting Spaces,Local Republican Party Organizations Operating Brick-and-Mortar Community Centers,New Sun Rising,"112 E Sherman St, Millvale, PA 15209",https://www.newsunrising.org/what-we-do/hubs/millvale-food-energy-hub/,info@newsunrising.org,
Millvale Food + Energy Hub,"The Hub provides gathering spaces, coworking, and meeting rooms with high-speed Wi‑Fi and video-conferencing equipment for neighborhood groups and project teams. New Sun Rising’s program cohorts coordinate year-round through online collaboration platforms while the organization convenes pop-up meetings and listening sessions in Millvale, Etna, and Sharpsburg to keep engagement local. On-site bulletin boards and digital calendars tie together remote collaboration with face-to-face check-ins, i...",Community Land Trust for Meeting Spaces,Local Republican Party Organizations Operating Brick-and-Mortar Community Centers,New Sun Rising,"112 Sherman Street, Millvale, PA 15209",https://www.newsunrising.org,info@newsunrising.org,
Millvale Food + Energy Hub,"New Sun Rising rehabilitated a long-vacant building into a net-positive community hub featuring a shared commercial kitchen, classroom and meeting spaces, and offices for mission-driven tenants. The Hub uses community partnerships, volunteer support, and an online booking system to provide affordable rentals for neighborhood groups, classes, and civic meetings while sharing management responsibilities among tenants and volunteers. This approach mirrors the solution by transforming an idle hal...",Community-owned Neutral Hub (co-op of former meeting halls),Local Republican Party Organizations Operating Brick-and-Mortar Community Centers,New Sun Rising,"112 E Sherman St, Millvale, PA 15209",https://www.newsunrising.org/project/food-energy-hub/,info@newsunrising.org,
Millvale Food + Energy Hub,"The Hub provides gathering spaces, coworking, and meeting rooms with high-speed Wi‑Fi and video-conferencing equipment for neighborhood groups and project teams. New Sun Rising’s program cohorts coordinate year-round through online collaboration platforms while the organization convenes pop-up meetings and listening sessions in Millvale, Etna, and Sharpsburg to keep engagement local. On-site bulletin boards and digital calendars tie together remote collaboration with face-to-face check-ins, i...",Community-owned Neutral Hub (co-op of former meeting halls),Local Republican Party Organizations Operating Brick-and-Mortar Community Centers,New Sun Rising,"112 Sherman Street, Millvale, PA 15209",https://www.newsunrising.org,info@newsunrising.org,
Millvale Food + Energy Hub,"The Millvale Food + Energy Hub provides shared community spaces—including meeting rooms, a community kitchen, and common areas—used by neighborhood volunteers, civic groups, and worker allies to exchange information and coordinate projects. By offering an accessible, community-run gathering place, the Hub functions as a local drop-in center where residents and organizers plan initiatives and strengthen neighborhood networks.",Community-owned Neutral Hub (co-op of former meeting halls),Local Republican Party Organizations Operating Brick-and-Mortar Community Centers,New Sun Rising,"112 East Sherman Street, Millvale, PA 15209",https://www.newsunrising.org/project/the-millvale-food-energy-hub/,info@newsunrising.org,
Millvale Food + Energy Hub Entrepreneur Support,"New Sun Rising operates the Millvale Food + Energy Hub, a community-controlled building that provides affordable workspace, commercial kitchen access, and gathering space for resident-led enterprises. Through Launch and Grow cohort programs, peer mentoring, and catalytic grants, the Hub helps start and strengthen cooperative and worker-owned businesses in the local food and sustainability sectors, anchoring dignified jobs in the community.",Worker Cooperative Incubator,Local Republican Party Organizations Operating Brick-and-Mortar Community Centers,New Sun Rising,"112 Evergreen Avenue, Millvale, PA 15209",https://www.newsunrising.org/project/food-energy-hub/,info@newsunrising.org,
Millvale Food + Energy Hub – Community Event Space,"New Sun Rising manages shared event and meeting spaces at the Millvale Food + Energy Hub using a centralized community calendar and transparent booking guidelines. The policy prioritizes community benefit, offers sliding-scale pricing, and sets fair-use expectations so neighborhood groups, youth programs, arts organizations, and nonpartisan civic associations receive rotating, regular access rather than long-term exclusive bookings.",Shared Scheduling and Space-Rotation Program,Local Republican Party Organizations Operating Brick-and-Mortar Community Centers,New Sun Rising,"112 Sherman Street, Millvale, PA 15209",https://www.newsunrising.org/project/millvale-food-energy-hub/,info@newsunrising.org,
Millvale Food + Energy Hub – Event & Meeting Space,"New Sun Rising’s Millvale Food + Energy Hub operates shared community rooms, a kitchen, and event areas that local groups reserve through a coordinated calendar. The hub uses equitable booking rules, rotating time slots, and nonprofit discounts to ensure neighborhood groups, youth programs, arts collectives, and nonpartisan civic initiatives all have regular, fair access without monopolization by any single organization.",Shared Scheduling and Space-Rotation Program,Local Republican Party Organizations Operating Brick-and-Mortar Community Centers,New Sun Rising,"112 E Sherman Street, Millvale, PA 15209",https://www.newsunrising.org,info@newsunrising.org,
Millvale Music Festival,"The Millvale Music Festival is a free, multi-venue neighborhood event featuring local bands, artisans, and food vendors throughout the streets and storefronts of Millvale. By turning the town into a walkable festival and community block party, it creates inclusive, low-cost spaces for residents and visitors to gather, celebrate regional culture, and strengthen social ties across different backgrounds.",Cultural Festivals and Neighborhood Block Parties,Gun Clubs as Primary Social Hubs with Political Messaging,Millvale Community Development Corporation,"501 Lincoln Avenue, Millvale, PA 15209",https://millvalemusic.org,millvalemusic@gmail.com,
Millvale Music Festival,"An annual, free music and arts festival that activates stages across the river town of Millvale with hundreds of bands, local food vendors, and artisan markets. The event turns streets and public venues into a town-wide block party, celebrating local culture and providing inclusive, neutral gathering spaces that strengthen community ties in a post-industrial neighborhood.",Cultural Festivals and Neighborhood Block Parties,Gun Clubs as Primary Social Hubs with Political Messaging,Millvale Community Development Corporation,"501 Lincoln Avenue, Millvale, PA 15209",https://www.millvalemusic.org,info@millvalemusic.org,
Millvale Tool Lending Library,"The Millvale Tool Lending Library lets residents borrow hand and power tools for home repair, gardening, and community projects, reducing cost barriers and encouraging neighbors to work together. It also hosts workshops that teach practical skills, creating a cooperative, apolitical space centered on making and maintaining shared places.",Shared-tools and Makerspaces,Gun Clubs as Primary Social Hubs with Political Messaging,Millvale Community Library,"213 Grant Ave, Millvale, PA 15209",https://millvalelibrary.org/tool-library/,info@millvalelibrary.org,
Millvale Tool Lending Library,"The Millvale Tool Lending Library lets residents borrow hand and power tools at low or no cost and offers occasional skill-building workshops. By lowering barriers to home repair and community projects, neighbors work together, share resources, and learn practical skills. This tool-sharing model fosters cooperation and trust through hands-on, non-political community improvement.",Shared-tools and Makerspaces,Gun Clubs as Primary Social Hubs with Political Messaging,Millvale Community Library,"213 Grant Avenue, Millvale, PA 15209",https://www.millvalelibrary.org/tool-lending-library,info@millvalelibrary.org,
Millvale Tool Lending Library,"The Millvale Tool Lending Library, a program of the Millvale Community Library, lets residents borrow woodworking and home-repair tools and learn through hands-on workshops. The library also provides free community programs and reservable meeting rooms, creating a low-cost, welcoming place to gather and make things together. This inclusive, nonpartisan resource supports practical recreation and community building without requiring any political or private club membership.",Worker-led Social Clubs and Interest Groups,Gun Clubs as Primary Social Hubs with Political Messaging,Millvale Community Library,"213 Grant Avenue, Millvale, PA 15209",https://www.millvalelibrary.org,info@millvalelibrary.org,
Millvale Tool Lending Library,"The Millvale Tool Lending Library, a program of the Millvale Community Library, lets residents borrow woodworking and home-repair tools and learn through hands-on workshops. The library also provides free community programs and reservable meeting rooms, creating a low-cost, welcoming place to gather and make things together. This inclusive, nonpartisan resource supports practical recreation and community building without requiring any political or private club membership.",Community-owned Inclusive Recreation Centers,Gun Clubs as Primary Social Hubs with Political Messaging,Millvale Community Library,"213 Grant Avenue, Millvale, PA 15209",https://www.millvalelibrary.org,info@millvalelibrary.org,
Monthly Community Meetings & Listening Sessions,"Sharpsburg Neighborhood Organization hosts open community meetings and issue-focused listening sessions where residents propose agenda items, prioritize neighborhood concerns, and collaboratively shape plans and projects. Resident-led committees and volunteer chairs help distribute leadership and ensure that decision-making reflects the broader community.",Neighborhood Assemblies and Listening Sessions,Local Republican Party Organizations Operating Brick-and-Mortar Community Centers,Sharpsburg Neighborhood Organization,"706 Main Street, Suite 1, Sharpsburg, PA 15215",https://www.sharpsburgneighborhood.org,info@sharpsburgneighborhood.org,
National Carpatho-Rusyn Cultural and Educational Center,"Housed in a restored former parish social hall in Munhall, the center serves as a community hub welcoming both Rusyn descendants and interested residents. It offers Rusyn language classes, genealogy workshops, folk-art sessions (such as pysanky and embroidery), and public cultural nights that keep heritage alive in an open, neighborhood-facing format. Operated by the volunteer-led Carpatho-Rusyn Society, it relies on memberships, small events, and sponsorships with local governance—closely ma...",Cultural Heritage and Intergenerational Programs,Megachurches Replacing Ethnic Parishes with Conservative Christian Nationalism,Carpatho-Rusyn Society,"915 Dickson Street, Munhall, PA 15120",https://www.c-rs.org,info@c-rs.org,
Nationality Rooms Cultural Festivals and Heritage Language Classes,"Rooted in the Nationality Rooms of the Cathedral of Learning, this program convenes community committees to host multicultural festivals, tours, and heritage language classes that celebrate the region’s immigrant parish traditions. Public events and youth activities connect elders and young people around stories, arts, and customs, creating inclusive, apolitical spaces for learning, dialogue, and mutual support.",Cultural Heritage and Intergenerational Programs,Megachurches Replacing Ethnic Parishes with Conservative Christian Nationalism,"Nationality Rooms & Intercultural Exchange Programs, University of Pittsburgh","4200 Fifth Avenue, Pittsburgh, PA 15260",https://www.nationalityrooms.pitt.edu,nationalityrooms@pitt.edu,
Neighbor Nights at Community Forge,"Neighbor Nights are recurring evening gatherings at Community Forge featuring potlucks, resource tables, youth activities, and open-mic-style skill-shares that bring neighbors together across backgrounds. The events are co-produced with local community groups and sustained through sponsorships and in-kind support from nearby businesses (food, supplies, and mini-grants), allowing them to remain free and accessible. This public-private partnership model creates a welcoming third space for resid...",Public-Private Sponsorship of Community Nights,Gun Clubs as Primary Social Hubs with Political Messaging,Community Forge,"1256 Franklin Avenue, Pittsburgh, PA 15221",https://www.communityforgepgh.com,hello@communityforgepgh.com,
Neighbor to Neighbor & Community Response Team,"Lawrenceville United coordinates a neighborhood-based mutual aid network that pairs residents with volunteer block captains and helpers for check-ins, food and supply deliveries, emergency assistance, and rides to medical or social service appointments. The program builds practical solidarity across political and faith lines by mobilizing neighbors to support one another directly, and connects households to childcare resources and local employment referrals through community navigators.",Mutual Aid and Neighbor Networks,Megachurches Replacing Ethnic Parishes with Conservative Christian Nationalism,Lawrenceville United,"4623 Plummer Street, Pittsburgh, PA 15201",https://www.lunited.org,info@lunited.org,
Neighbor to Neighbor (N2N) Grants,"N2N provides micro-grants to residents, block clubs, and community partners in Lawrenceville to host connection-focused projects such as block parties, potlucks, concerts, and meetups in shared spaces. Funding helps cover costs for using parks, church halls, library rooms, or local storefronts so events are free or low-cost and accessible, fostering trust and belonging without political messaging.",Neighborhood Grant Program for Shared Spaces,Gun Clubs as Primary Social Hubs with Political Messaging,Lawrenceville United,"4615 Plummer Street, Pittsburgh, PA 15201",https://www.lunited.org,info@lunited.org,
Neighbor-to-Neighbor (N2N) – One Northside,"N2N provides small grants and support for residents to host recurring block-level dinners and dialogues that bring Northside neighbors together around shared priorities such as safety, schools, employment, and community projects. Hosts receive guidance and facilitation tools, and many are trained local facilitators who lead respectful conversations that bridge differences and build social cohesion. The program documents outcomes and connects groups to resources, sustaining trust and collabora...",Community Dialogue and Trust-building Series,Gun Clubs as Primary Social Hubs with Political Messaging,New Sun Rising (in partnership with The Buhl Foundation’s One Northside),"851 River Avenue, Pittsburgh, PA 15212",https://www.newsunrising.org/program/neighbor-to-neighbor,info@newsunrising.org,
Neighbor-to-Neighbor Grants,"Lawrenceville United’s Neighbor-to-Neighbor Grants provide small grants to residents and community groups to host inclusive, relationship-building activities—such as block parties, community dinners, classes, and pop-up events—in neighborhood shared spaces like parks, libraries, churches, and storefronts. Funds can cover space rentals, supplies, and outreach so participation is free or low-cost and nonpartisan, directly implementing a neighborhood grant model that turns local third places int...",Neighborhood Grant Program for Shared Spaces,Gun Clubs as Primary Social Hubs with Political Messaging,Lawrenceville United,"3429 Butler Street, Pittsburgh, PA 15201",https://www.lunited.org,info@LUnited.org,
Neighborhood Stories Initiative,"The History Center’s Neighborhood Stories hosts community oral-history events where residents of all ages bring photos and artifacts, record stories, and learn preservation skills together. These intergenerational workshops, held in libraries and community venues across Western Pennsylvania, connect youth and adults through shared heritage and civic memory.",Intergenerational Programs and Apprenticeships,Gun Clubs as Primary Social Hubs with Political Messaging,Senator John Heinz History Center,"1212 Smallman Street, Pittsburgh, PA 15222",https://www.heinzhistorycenter.org,info@heinzhistorycenter.org,
Neighborhood Voices,"Neighborhood Voices is a multimedia project that records and shares first-person stories from residents across Western Pennsylvania, with a strong emphasis on youth and underrepresented voices. Through radio segments, podcasts, and online features produced by SLB Radio, it uplifts everyday civic contributors, neighborhood organizers, and nonpartisan community initiatives. By putting local people at the center of the narrative, it reframes community identity around shared values and common gro...",Community Media for Inclusive Storytelling,Gun Clubs as Primary Social Hubs with Political Messaging,"SLB Radio Productions, Inc.","10 Children's Way, Suite 300, Pittsburgh, PA 15212",https://neighborhoodvoices.org,info@slbradio.org,
Neighborhood Voices,"Neighborhood Voices is a multimedia project that records and shares first-person stories from residents across Western Pennsylvania, with a strong emphasis on youth and underrepresented voices. Through radio segments, podcasts, and online features produced by SLB Radio, it uplifts everyday civic contributors, neighborhood organizers, and nonpartisan community initiatives. By putting local people at the center of the narrative, it reframes community identity around shared values and common gro...",Local Storytelling and Shared History Project,Local Republican Party Organizations Operating Brick-and-Mortar Community Centers,"SLB Radio Productions, Inc.","10 Children's Way, Suite 300, Pittsburgh, PA 15212",https://neighborhoodvoices.org,info@slbradio.org,
Network of Hope Community Services,"Network of Hope, an outreach connected with the megachurch Allison Park Church, opens its campuses for community food distributions, after-school mentoring, and resource events, and also partners with other congregations to host programs in their buildings. Formal MOUs and event agreements enable congregations of different traditions to share facilities so services are offered where neighbors live. This shared-use model leverages large church spaces while building cross-congregational trust a...",Shared Use Agreements for Community Services,Megachurches Replacing Ethnic Parishes with Conservative Christian Nationalism,"Network of Hope, Inc. (Allison Park Church)","2326 Duncan Avenue, Allison Park, PA 15101",https://www.networkofhope.org,info@networkofhope.org,
New Sun Rising – Capacity Building & Vibrancy Funds,"New Sun Rising supports community projects and social enterprises with cohort-based training in inclusive facilitation, project management, and outcomes measurement, alongside fiscal sponsorship services. Its Vibrancy Funds provide microgrants and small awards that help neighborhood initiatives pilot, evaluate, and responsibly scale programs throughout Western Pennsylvania.",University–Community Partnership for Facilitation and Evaluation,Local Republican Party Organizations Operating Brick-and-Mortar Community Centers,New Sun Rising,"112 Sherman Street, Millvale, PA 15209",https://www.newsunrising.org,info@newsunrising.org,
Newly Elected Officials Course (NEOC),"The Local Government Academy’s NEOC provides comprehensive training on municipal governance—sunshine laws, budgeting, ethics, land use, and public meetings—to prepare residents who have run for or been elected to local office, as well as those considering service on boards and authorities. LGA also offers public workshops and webinars on planning, zoning, and good governance that help community members understand how to impact local decisions. By equipping people to serve effectively and tran...",Civic Leadership and Local Government Training,Conservative Identity Cultivation Through Protective Masculinity Narratives,Local Government Academy,"1501 Preble Avenue, Suite 202, Pittsburgh, PA 15233",https://localgovernmentacademy.org,info@localgovernmentacademy.org,
Nurturing Fathers Program,"Westmoreland Community Action offers the Nurturing Fathers Program, using evidence-based parenting curricula to help dads build positive parenting skills, co-parenting communication, and healthy relationship practices. The program also links participants to employment services and job placement assistance through WCA and PA CareerLink partners, promoting engaged, nurturing fatherhood alongside economic stability.",Family Resource Centers and Fatherhood Programs,Conservative Identity Cultivation Through Protective Masculinity Narratives,Westmoreland Community Action,"226 South Main Street, Greensburg, PA 15601",https://www.westmorelandca.org,info@westmorelandca.org,
Office for Military and Veteran Students (OMVS),"Duquesne University’s OMVS builds a peer community for student veterans through mentoring, a Student Veterans Association, and cohort-based transition support that includes career coaching and employer networking. The office connects veterans and eligible family members to counseling and wellness resources, including referrals for VA benefits and mental health services. Student-led service projects and volunteering provide regular outlets for civic engagement and leadership development that r...",Veterans and First‑Responder Peer Networks,Conservative Identity Cultivation Through Protective Masculinity Narratives,Duquesne University,"600 Forbes Avenue, Pittsburgh, PA 15282",https://www.duq.edu/admissions-and-aid/military-and-veterans,military@duq.edu,
One Northside Community Conversations,"One Northside, a Buhl Foundation initiative, organizes ongoing, facilitated conversations with residents from the Northside’s 18 neighborhoods to discuss shared concerns such as school quality, community safety, employment, and neighborhood development. Using trained facilitators and structured dialogue tools, these sessions help neighbors build relationships across lines of difference and develop trust-based, resident-led priorities.",Community Dialogue and Trust-building Series,Gun Clubs as Primary Social Hubs with Political Messaging,The Buhl Foundation / One Northside,"5 Allegheny Center, Suite 509, Pittsburgh, PA 15212",https://www.onenorthsidepgh.org,info@buhlfoundation.org,
One Northside Mini-Grants,"Administered by New Sun Rising, the One Northside Mini-Grants program awards microgrants to Northside residents and grassroots groups to activate shared spaces—such as church halls, branch libraries, parks, and small business storefronts—with free or low-cost community programming. Grants typically support supplies, small stipends, and space costs for gatherings that build social ties and neighborhood pride without political advocacy, aligning precisely with a neighborhood grants approach for...",Worker-led Social Clubs and Interest Groups,Gun Clubs as Primary Social Hubs with Political Messaging,New Sun Rising,"112 Sherman Street, Millvale, PA 15209",https://www.newsunrising.org,info@newsunrising.org,
One Northside Mini-Grants,"Administered by New Sun Rising, this program provides seed funding and coaching for Northside residents to launch their own clubs, teams, and interest-based groups (e.g., gardening collectives, music meetups, neighborhood sports, maker circles). Grants help cover startup costs like supplies, facilitation, and space, while staff provide technical assistance and connections to venues—enabling worker- and resident-led social life to form around shared interests rather than single-issue politics.",Worker-led Social Clubs and Interest Groups,Gun Clubs as Primary Social Hubs with Political Messaging,New Sun Rising,"100 South Commons, Suite 102, Pittsburgh, PA 15212",https://www.newsunrising.org/program/one-northside-mini-grants/,info@newsunrising.org,
One Northside Mini-Grants,"Administered by New Sun Rising, the One Northside Mini-Grants program awards microgrants to Northside residents and grassroots groups to activate shared spaces—such as church halls, branch libraries, parks, and small business storefronts—with free or low-cost community programming. Grants typically support supplies, small stipends, and space costs for gatherings that build social ties and neighborhood pride without political advocacy, aligning precisely with a neighborhood grants approach for...",Neighborhood Grant Program for Shared Spaces,Gun Clubs as Primary Social Hubs with Political Messaging,New Sun Rising,"112 Sherman Street, Millvale, PA 15209",https://www.newsunrising.org,info@newsunrising.org,
One Northside Mini-Grants (Love My Neighbor!),"This resident-led mini-grant program funds small projects that bring neighbors together in nonpartisan ways across Pittsburgh’s Northside. Grants typically support free or low-cost gatherings like block dinners, intergenerational classes, cultural events, and meet-ups hosted in shared spaces such as churches, libraries, parks, and storefronts. By underwriting the cost of space, supplies, and facilitation, the program helps create welcoming community hubs focused on connection and belonging ra...",Neighborhood Grant Program for Shared Spaces,Gun Clubs as Primary Social Hubs with Political Messaging,New Sun Rising,"112 Sherman Street, Millvale, PA 15209",https://www.newsunrising.org,info@newsunrising.org,
Open Hack Nights & Member-Led Groups,"HackPGH operates a community workshop where members organize and run interest-based clubs and peer learning groups in areas like electronics, CNC, 3D printing, and woodworking. Regular Open Hack Nights and a shared shop provide the meeting facilitation, tools, and space necessary for worker-led social groups to gather after hours around practical hobbies rather than political issues.",Worker-led Social Clubs and Interest Groups,Gun Clubs as Primary Social Hubs with Political Messaging,HackPGH,"1936 Fifth Avenue, Pittsburgh, PA 15219",https://www.hackpgh.org,info@hackpgh.org,
Open Project Night,"Open Project Night is a recurring, open-agenda forum where residents, small groups, and local leaders pitch neighborhood ideas and invite others to collaborate. Participants co-design projects on the spot, form working teams, and receive facilitation and resources to move community priorities forward. Facilitation and project leadership rotate among community members, ensuring broad resident influence over initiatives that affect their block and town.",Neighborhood Assemblies and Listening Sessions,Local Republican Party Organizations Operating Brick-and-Mortar Community Centers,New Sun Rising,"112 E Sherman Street, Millvale, PA 15209",https://www.newsunrising.org,info@newsunrising.org,
OpenStreetsPGH,"OpenStreetsPGH is a series of recurring, car-free street festivals that rotate through multiple Pittsburgh neighborhoods, turning major corridors into safe, pedestrian-friendly spaces filled with music, food, fitness classes, and local vendors. By inviting families and residents from across the region to gather in neutral public space, the events create low-barrier opportunities for people with differing viewpoints to mingle, celebrate local culture, and build a sense of belonging in deindust...",Cultural Festivals and Neighborhood Block Parties,Gun Clubs as Primary Social Hubs with Political Messaging,Bike Pittsburgh,"188 43rd Street, Pittsburgh, PA 15201",https://openstreetspgh.org,info@bikepgh.org,
OpenStreetsPGH,"A recurring series of car-free street festivals that rotate through Pittsburgh neighborhoods, with music, fitness classes, local vendors, and family activities. By transforming major corridors into block-party-style public spaces, it invites residents from across the region to mingle, experience local culture, and build community in a nonpartisan, welcoming setting.",Cultural Festivals and Neighborhood Block Parties,Gun Clubs as Primary Social Hubs with Political Messaging,Bike Pittsburgh (BikePGH),"188 43rd Street, Suite 1, Pittsburgh, PA 15201",https://www.bikepgh.org/events/openstreetspgh/,info@bikepgh.org,
OpenStreetsPGH,"OpenStreetsPGH temporarily closes miles of city streets to car traffic several times a year and fills them with free activities, local performers, markets, and community programming. By reclaiming public space for people, the initiative showcases neighborhood character, supports small vendors and artists, and creates shared experiences that connect residents across communities. These recurring public space activations cultivate vibrancy and social cohesion that help retain young people and em...","Inclusive Public Events (Fairs, Markets, Block Parties)",Local Republican Party Organizations Operating Brick-and-Mortar Community Centers,Bike Pittsburgh (BikePGH),"188 43rd Street, Suite 300, Pittsburgh, PA 15201",https://openstreetspgh.org,info@bikepgh.org,
OpenStreetsPGH,"OpenStreetsPGH is a series of recurring, car-free street festivals that rotate through multiple Pittsburgh neighborhoods, turning major corridors into safe, pedestrian-friendly spaces filled with music, food, fitness classes, and local vendors. By inviting families and residents from across the region to gather in neutral public space, the events create low-barrier opportunities for people with differing viewpoints to mingle, celebrate local culture, and build a sense of belonging in deindust...","Inclusive Public Events (Fairs, Markets, Block Parties)",Local Republican Party Organizations Operating Brick-and-Mortar Community Centers,Bike Pittsburgh,"188 43rd Street, Pittsburgh, PA 15201",https://openstreetspgh.org,info@bikepgh.org,
Oral History Program,"The McKeesport Regional History & Heritage Center collects, preserves, and presents oral histories from steelworkers, mill families, and neighborhood residents. These stories are featured in exhibits, public talks, and community programs that invite youth and newcomers to learn directly from longtime locals. By elevating personal narratives of work and community life, the program strengthens intergenerational understanding and shared civic identity in a former steel town.",Local Storytelling and Shared History Project,Local Republican Party Organizations Operating Brick-and-Mortar Community Centers,McKeesport Regional History & Heritage Center,"1832 Arboretum Drive, McKeesport, PA 15132",https://www.mckeesportheritage.org,info@mckeesportheritage.org,
Oral History and Exhibitions Program,"The McKeesport Regional History & Heritage Center maintains museum exhibits on National Tube and other regional industries and actively gathers oral histories from steelworkers, union leaders, and their families. Through programs, walking tours, and pop-up displays in neighborhoods, the Center turns these stories into public history that honors craft, caregiving, and neighborhood stewardship. This approach helps residents see protection as community-building work and craftsmanship, expanding ...",Oral History and Public Art Projects Celebrating Local Identity,Conservative Identity Cultivation Through Protective Masculinity Narratives,McKeesport Regional History & Heritage Center,"1832 Arboretum Drive, McKeesport, PA 15132",https://www.mckeesportheritage.org,info@mckeesportheritage.org,
Ormsby Recreation Center,"Operated by the City of Pittsburgh, Ormsby Recreation Center provides free or low-cost open gym time, fitness and youth sports leagues, arts and enrichment activities, and multipurpose rooms for neighborhood meetings. As a public, nonpartisan facility open to all residents, it serves as an inclusive social and recreational space that complements community-run and nonprofit centers across the region.",Community-owned Inclusive Recreation Centers,Gun Clubs as Primary Social Hubs with Political Messaging,City of Pittsburgh Department of Parks & Recreation (Citiparks),"79 S 22nd Street, Pittsburgh, PA 15203",https://pittsburghpa.gov/citiparks/ormsby,,
Our Neighbors’ Place,"Our Neighbors’ Place is a seasonal warming shelter that rotates among multiple downtown Erie congregations under coordinated agreements managed by EUMA. Host churches open their buildings for overnight shelter, meals, and connection to services, allowing different congregations to share facilities and responsibilities while providing a consistent, community-wide safety net for neighbors experiencing homelessness.",Shared Use Agreements for Community Services,Megachurches Replacing Ethnic Parishes with Conservative Christian Nationalism,Erie United Methodist Alliance (EUMA),"1033 East 26th Street, Erie, PA 16504",https://www.euma-erie.org,info@euma-erie.org,
PACE Capacity-Building Grants & Technical Assistance,"Program to Aid Citizen Enterprise (PACE) strengthens grassroots and Black-led nonprofits across Western Pennsylvania by pairing small capacity-building grants with hands-on coaching. They offer training in facilitation, community engagement, board development, and program evaluation, equipping groups with tools and mini-grants to run inclusive initiatives and build the infrastructure needed for sustainable, scalable impact.",University–Community Partnership for Facilitation and Evaluation,Local Republican Party Organizations Operating Brick-and-Mortar Community Centers,Program to Aid Citizen Enterprise (PACE),"1901 Centre Avenue, Suite 201, Pittsburgh, PA 15219",https://www.pacepgh.org,info@pacepgh.org,
PCTV21 Community Access Television,"PCTV21 provides equipment, training, and airtime for residents and nonprofits to create community media that highlights local volunteers, civic meetings, and neighborhood initiatives. Programs are cablecast and shared online, offering a nonpartisan platform for personal stories and practical information that many neighborhoods lack. This inclusive storytelling helps reframe local identity around participation, service, and shared problem-solving.",Community Media for Inclusive Storytelling,Gun Clubs as Primary Social Hubs with Political Messaging,"Pittsburgh Community Television, Inc.","1300 Western Avenue, Pittsburgh, PA 15233",https://www.pctv21.org,info@pctv21.org,
PCTV21 Community Candidate Forums,"Pittsburgh Community Television organizes and broadcasts neighborhood candidate forums for city council, school board, and county races in collaboration with civic partners across Pittsburgh. Forums rotate among neutral sites—library auditoriums, school spaces, community centers, and the PCTV21 studio—and use standardized moderator guidelines emphasizing equal time, balanced questions, and no endorsements by organizers. This rotating, nonpartisan format diffuses control of local political con...",Nonpartisan Civic Forum Rotation,Gun Clubs as Primary Social Hubs with Political Messaging,Pittsburgh Community Television (PCTV21),"1300 Western Avenue, Pittsburgh, PA 15233",https://www.pctv21.org,info@pctv21.org,
PCTV21 Community Producers Program,"PCTV21 trains and equips residents and nonprofits to create their own TV shows and digital videos that highlight neighborhood problem-solvers, volunteers, and nonpartisan community initiatives. Programs air on cable and online, ensuring inclusive local storytelling that amplifies everyday civic contributors. This approach builds a shared regional identity by giving voice to diverse perspectives across Western Pennsylvania.",Community Media for Inclusive Storytelling,Gun Clubs as Primary Social Hubs with Political Messaging,Pittsburgh Community Television (PCTV21),"1300 Western Avenue, Pittsburgh, PA 15233",https://www.pctv21.org,info@pctv21.org,
PCTV21 Election & Candidate Forums,"Pittsburgh Community Television (PCTV21) regularly co-produces and broadcasts nonpartisan candidate and civic issue forums with community partners across neighborhoods, hosting events in neutral venues such as libraries, schools, and community centers. Forums follow clear ground rules—no endorsements by hosts, equal time for all qualified candidates, and community/journalist moderators—to keep the conversation balanced and accessible, helping diffuse control by any single organization.",Nonpartisan Civic Forum Rotation,Gun Clubs as Primary Social Hubs with Political Messaging,Pittsburgh Community Television (PCTV21),"1300 Western Avenue, Pittsburgh, PA 15233",https://www.pctv21.org,info@pctv21.org,
PCTV21 Public Access Television,"PCTV21 provides training, equipment, and broadcast/streaming platforms for residents to produce their own television and digital programs that highlight neighborhood stories and local problem-solvers. Community producers regularly feature nonpartisan civic initiatives, local volunteers, and grassroots organizations, publishing their content on cable and online channels. This inclusive storytelling model enables communities to define themselves by shared values and practical collaboration.",Community Media for Inclusive Storytelling,Gun Clubs as Primary Social Hubs with Political Messaging,Pittsburgh Community Television (PCTV21),"1300 Western Avenue, Pittsburgh, PA 15233",https://www.pctv21.org,info@pctv21.org,
PCWP Candidate Forums,"The Pennsylvania Center for Women and Politics (PCWP) organizes nonpartisan candidate and issue forums for municipal, county, and judicial races across Allegheny County and Western Pennsylvania. PCWP co-sponsors with partners like the League of Women Voters and local libraries to rotate forums among neutral venues (campuses, libraries, and community centers), and posts ground rules that guarantee equal speaking time, neutral questions, and no host endorsements. Community moderators facilitate...",Nonpartisan Civic Forum Rotation,Gun Clubs as Primary Social Hubs with Political Messaging,Chatham University – Pennsylvania Center for Women and Politics,"1 Woodland Road, Pittsburgh, PA 15232",https://www.chatham.edu/centers/pcwp,pcwp@chatham.edu,
PCWP Candidate Forums,"The Pennsylvania Center for Women and Politics hosts public candidate forums and policy town halls across Allegheny County and the broader region, often co-hosted with libraries, universities, and nonpartisan partners. These forums rotate among neutral community venues, follow standardized ground rules that ensure equal speaking time and civil participation, and are explicitly nonpartisan with no endorsements. Faculty, students, and trained community moderators facilitate Q&A to keep discussi...",Nonpartisan Civic Forum Rotation,Gun Clubs as Primary Social Hubs with Political Messaging,Chatham University — Pennsylvania Center for Women and Politics,"1 Woodland Road, Pittsburgh, PA 15232",https://www.chatham.edu/pcwp,pcwp@chatham.edu,
PHRC Mediation and Community Tension Interventions,"The Pennsylvania Human Relations Commission’s Western Regional Office mediates discrimination and bias-related disputes and deploys community tension interventions when neighborhoods experience conflict. Through facilitated dialogue, conflict resolution services, and training for local groups, the program helps de-escalate politically charged situations and supports inclusive, trust-building processes in Western Pennsylvania communities.",Neighborhood Mediation and Peer Conflict Resolution Teams,Local Republican Party Organizations Operating Brick-and-Mortar Community Centers,Pennsylvania Human Relations Commission (Western Regional Office),"301 Fifth Avenue, Suite 390, Pittsburgh, PA 15222",https://www.phrc.pa.gov,phrc@pa.gov,
PHRC Mediation and Conciliation,"The Pennsylvania Human Relations Commission’s Pittsburgh Regional Office provides mediation and conciliation services that bring community members, organizations, and institutions together to resolve disputes related to discrimination and community conflict. By facilitating constructive dialogue and voluntary agreements, PHRC helps de-escalate tensions and restore trust among neighbors and local groups.",Neighborhood Mediation and Peer Conflict Resolution Teams,Local Republican Party Organizations Operating Brick-and-Mortar Community Centers,Pennsylvania Human Relations Commission – Pittsburgh Regional Office,"301 Fifth Avenue, Suite 390, Pittsburgh, PA 15222",https://www.phrc.pa.gov,RA-PHRC-INFO@pa.gov,
PMPEI Planning and Zoning Training (Western PA Sessions),"The Southwestern Pennsylvania Commission hosts Pennsylvania Municipal Planning Education Institute courses that train planning commissioners, zoning hearing board members, elected officials, and residents. These workshops explain how local planning, zoning, subdivision, and public hearing processes work and teach people how to influence land-use decisions, serve effectively on boards, and engage productively with municipal planners.",Civic Leadership and Local Government Training,Conservative Identity Cultivation Through Protective Masculinity Narratives,Southwestern Pennsylvania Commission (host site for PMPEI),"112 Washington Place, Suite 500, Pittsburgh, PA 15219",https://www.spcregion.org,spc@spcregion.org,
Partner4Work Apprenticeship and Pre-Apprenticeship Programs,"Partner4Work funds and coordinates sector-based pre-apprenticeships and connects residents to registered apprenticeships with unions and employers in advanced manufacturing, construction trades, and related fields. By braiding supportive services with training and placement, the initiative creates clear, community-rooted pathways to skilled, family-sustaining careers.",Worker Cooperatives and Apprenticeship Programs,Conservative Identity Cultivation Through Protective Masculinity Narratives,Partner4Work,"650 Smithfield Street, Suite 2600, Pittsburgh, PA 15222",https://www.partner4work.org,info@partner4work.org,
Patriot House,"Patriot House provides transitional housing and a peer‑support environment for veterans, combining counseling, case management, and connections to VA and community mental health resources. The program includes workforce readiness training, job placement support, and mentorship to aid career transition. Residents engage in service projects and leadership roles that restore purpose and channel protective instincts into community stewardship.",Veterans and First‑Responder Peer Networks,Conservative Identity Cultivation Through Protective Masculinity Narratives,City Mission,"84 W Wheeling Street, Washington, PA 15301",https://www.citymission.org,info@citymission.org,
Peacemaking Ministry,"East Liberty Presbyterian Church’s Peacemaking Ministry organizes interfaith forums, study series, and public conversations that engage clergy and congregants in redefining protective roles as peacemaking, restorative justice, and civic responsibility. These programs elevate nonviolent leadership and community building—partnering with neighboring congregations and organizations to foster belonging, shared problem-solving, and trust across Pittsburgh’s diverse communities.",Faith and Community Dialogues on Protective Roles,Conservative Identity Cultivation Through Protective Masculinity Narratives,East Liberty Presbyterian Church,"116 South Highland Avenue, Pittsburgh, PA 15206",https://www.cathedralofhope.org/ministries/peacemaking/,,
Pennsylvania Game Commission Hunter-Trapper Education (Hosted at North Side Sportsmen's Association),"North Side Sportsmen's Association regularly hosts the Pennsylvania Game Commission’s free Hunter-Trapper Education courses, taught by certified local volunteer instructors. These classes cover firearm handling, range safety, and safe storage practices, offering voluntary certification that normalizes responsible ownership within a community setting led by local gun owners.",Locally Led Gun Safety and Responsible Ownership Programs,Conservative Identity Cultivation Through Protective Masculinity Narratives,North Side Sportsmen's Association in partnership with Pennsylvania Game Commission,"325 Mount Pleasant Road, Warrendale, PA 15086",https://www.nssa.us,,
Pitt Community Engagement Center – Homewood,"The University of Pittsburgh’s Community Engagement Center in Homewood is a university–community partnership that provides resident-led groups and neighborhood organizations with facilitation support, meeting space, and training to run inclusive processes. It connects community partners to university experts and evaluation tools, and helps them access small grants and project support available through Pitt-affiliated initiatives—so local efforts can be well-run and scale responsibly.",University–Community Partnership for Facilitation and Evaluation,Local Republican Party Organizations Operating Brick-and-Mortar Community Centers,"University of Pittsburgh, Office of Engagement and Community Affairs","622 N Homewood Avenue, Pittsburgh, PA 15208",https://cec.pitt.edu,cecinfo@pitt.edu,
Pitt Votes,"Pitt Votes is a nonpartisan initiative that sets up recurring voter help tables and drop-in support across campus, offering registration assistance, ballot education, and neutral information about local government and how to participate in public meetings. It serves as an accessible help desk for students and community members to navigate deadlines, polling locations, and engagement opportunities, building confidence to take part in local civic life.",Nonpartisan Civic Education & Voter Help Desk,Local Republican Party Organizations Operating Brick-and-Mortar Community Centers,University of Pittsburgh,"William Pitt Union, 3959 Fifth Avenue, Pittsburgh, PA 15260",https://www.studentaffairs.pitt.edu/pittvotes,pittvotes@pitt.edu,
Pitt Votes – Voter Engagement Hub,"Pitt Votes operates a nonpartisan voter help desk at the William Pitt Union where students and neighborhood residents can get one‑on‑one assistance with registration, mail‑in ballot applications, and understanding local election procedures. The hub also offers workshops on how local government functions and how to contact officials or testify at meetings, building practical pathways for everyday civic engagement.",Nonpartisan Civic Education & Voter Help Desk,Local Republican Party Organizations Operating Brick-and-Mortar Community Centers,"University of Pittsburgh, Student Affairs (PittServes)","3959 Fifth Avenue, Pittsburgh, PA 15213",https://www.studentaffairs.pitt.edu/pittserves/pittvotes/,pittserves@pitt.edu,
Pittsburgh Bureau of Police – Gun Safety & Safe Storage Outreach,"The Pittsburgh Bureau of Police provides free gun locks and conducts community presentations on safe firearm handling and secure storage through its community engagement efforts. Led by local officers, these voluntary initiatives normalize responsible ownership and risk reduction, emphasizing practical steps families can take to keep firearms secured at home.",Locally Led Gun Safety and Responsible Ownership Programs,Conservative Identity Cultivation Through Protective Masculinity Narratives,"City of Pittsburgh Department of Public Safety, Bureau of Police","1201 Smallman Street, Pittsburgh, PA 15222",https://pittsburghpa.gov/police,,
Pittsburgh Community Emergency Response Team (CERT),"The City of Pittsburgh’s CERT program trains and organizes neighborhood volunteers in disaster preparedness, basic first aid, fire safety, light search and rescue, and team organization. By giving residents structured ways to protect and serve their blocks during emergencies, CERT channels protective instincts into recognized civic roles and strengthens trusted, cooperative response networks.","Community Sports, Search & Rescue, and Service Teams",Conservative Identity Cultivation Through Protective Masculinity Narratives,City of Pittsburgh Office of Emergency Management & Homeland Security,"200 Ross Street, Pittsburgh, PA 15219",https://pittsburghpa.gov/oemhs/cert,oemhs@pittsburghpa.gov,
Pittsburgh Community Television (PCTV),"PCTV operates Pittsburgh’s community media center where residents, faith groups, unions, and nonprofits are trained and supported to produce their own TV shows, podcasts, and social media content. By putting cameras and studios in community hands, PCTV enables storytelling about neighborhood problem‑solving, worker experiences, cooperative enterprises, and interfaith dialogues, countering single‑issue narratives with diverse local voices broadcast on cable and streaming platforms.",Community Media and Storytelling Projects,Megachurches Replacing Ethnic Parishes with Conservative Christian Nationalism,Pittsburgh Community Television (PCTV),"1300 Western Avenue, Pittsburgh, PA 15233",https://www.pctv21.org,info@pctv21.org,
Pittsburgh Community Television (PCTV21),"PCTV21 is Pittsburgh’s public access media hub, training residents to create TV shows, video series, and podcasts that spotlight neighborhood solutions, worker experiences, and local leadership. Community producers regularly feature labor organizers, faith leaders, and grassroots coalitions, providing a counter-narrative to single-issue politics while strengthening civic identity through resident-led storytelling.",Community Media and Storytelling Projects,Megachurches Replacing Ethnic Parishes with Conservative Christian Nationalism,Pittsburgh Community Television,"1300 Western Avenue, Pittsburgh, PA 15233",https://www.pctv21.org,info@pctv21.org,
Pittsburgh Cultural District Real Estate Stewardship,"The Pittsburgh Cultural Trust acquires and manages theaters, galleries, and storefronts across the Cultural District, operating them as accessible venues for performances, festivals, and community events. This nonprofit real estate stewardship model safeguards key properties for public cultural use, preventing their conversion into exclusive or partisan headquarters and maintaining neutral gathering spaces downtown.",Community Land Trust for Meeting Spaces,Local Republican Party Organizations Operating Brick-and-Mortar Community Centers,Pittsburgh Cultural Trust,"803 Liberty Avenue, Pittsburgh, PA 15222",https://trustarts.org,info@trustarts.org,
Pittsburgh Glass Center Classes & Workshops,"Pittsburgh Glass Center’s community education program offers glassblowing, flameworking, and kilnforming classes for teens and adults, including teen intensives and collaborative studio time. Students apprentice with master glass artists and studio technicians, receiving one-on-one mentoring while working on shared projects. The public studios and galleries serve as neutral civic gathering spaces that strengthen cross-age relationships through craft.",Intergenerational Programs and Apprenticeships,Gun Clubs as Primary Social Hubs with Political Messaging,Pittsburgh Glass Center,"5472 Penn Avenue, Pittsburgh, PA 15206",https://www.pittsburghglasscenter.org,info@pittsburghglasscenter.org,
Pittsburgh History Series,"The Pittsburgh History Series is WQED’s long-running documentary and digital storytelling project (including Rick Sebak’s ""NEBBY"") that profiles neighborhoods, local businesses, worker culture, and community institutions. Through films, shorts, and social media features, it showcases practical community problem-solving and the partnerships that sustain regional identity—often featuring labor history, local leaders, and inclusive stories from congregations and civic groups. This solutions-orie...",Community Media and Storytelling Projects,Megachurches Replacing Ethnic Parishes with Conservative Christian Nationalism,WQED Multimedia,"4802 Fifth Avenue, Pittsburgh, PA 15213",https://www.wqed.org,info@wqed.org,
Pittsburgh Mediation Center,"The Pittsburgh Mediation Center provides community-based mediation for neighbor-to-neighbor, landlord–tenant, youth, and family conflicts across Allegheny County. They recruit and train local volunteer mediators and facilitate neutral, structured dialogue to de-escalate tensions, help parties craft mutually agreeable solutions, and preserve relationships and neighborhood cohesion.",Restorative Justice and Community Mediation Training,Conservative Identity Cultivation Through Protective Masculinity Narratives,Center for Victims,"3433 East Carson Street, Suite 300, Pittsburgh, PA 15203",https://www.centerforvictims.org,info@centerforvictims.org,
Pittsburgh Mediation Center,"The Pittsburgh Mediation Center provides community-based mediation for neighbor-to-neighbor, landlord–tenant, youth, and family conflicts across Allegheny County. They recruit and train local volunteer mediators and facilitate neutral, structured dialogue to de-escalate tensions, help parties craft mutually agreeable solutions, and preserve relationships and neighborhood cohesion.",Neighborhood Mediation and Peer Conflict Resolution Teams,Local Republican Party Organizations Operating Brick-and-Mortar Community Centers,Center for Victims,"3433 East Carson Street, Suite 300, Pittsburgh, PA 15203",https://www.centerforvictims.org,info@centerforvictims.org,
Pittsburgh Mediation Center (Training & Community Education),"As part of Center for Victims, the Pittsburgh Mediation Center provides practical trainings in mediation, de-escalation, and restorative practices to community groups, including congregations and faith-based organizations. Workshops help clergy and lay leaders manage congregational conflicts, facilitate difficult conversations, and strengthen inclusive, trauma-informed outreach. These nonpartisan skills directly support faith communities seeking to build social solidarity and neighborhood trust.",Congregational Civic Leadership Training,Megachurches Replacing Ethnic Parishes with Conservative Christian Nationalism,Center for Victims,"3433 East Carson Street, Suite 210, Pittsburgh, PA 15203",https://www.centerforvictims.org,,
Pittsburgh Mercy Emergency Winter Shelter,"Each winter, Pittsburgh Mercy operates an emergency overnight shelter in space provided by Smithfield United Church of Christ under a formal shared-use agreement. The church opens its facilities nightly so that Pittsburgh Mercy staff and volunteers from multiple congregations can provide meals, basic health care, and case management to anyone in need, demonstrating cross-congregational cooperation and community-focused use of religious space.",Shared Use Agreements for Community Services,Megachurches Replacing Ethnic Parishes with Conservative Christian Nationalism,Pittsburgh Mercy,"620 Smithfield Street, Pittsburgh, PA 15222",https://www.pittsburghmercy.org,info@pittsburghmercy.org,
Pittsburgh Office of Special Events Calendar,"The City of Pittsburgh’s events calendar lists free, nonpartisan community activities across neighborhoods—such as concerts, movies, farmers’ markets, wellness programs, and volunteer cleanups—hosted in parks and public spaces. This widely promoted hub provides a digital gateway and on-the-ground outreach at recreation sites, helping residents discover inclusive social options that build community beyond partisan spaces.",Local Inclusive Events Calendar and Outreach Hub,Gun Clubs as Primary Social Hubs with Political Messaging,"City of Pittsburgh, Office of Special Events","414 Grant Street, Pittsburgh, PA 15219",https://pittsburghpa.gov/events,specialevents@pittsburghpa.gov,
Pittsburgh Sports League (PSL) Corporate/Company Teams,"PSL runs year-round adult recreational leagues across Pittsburgh and actively supports company-sponsored teams from local employers. By enabling employers to field after-work teams in neutral venues for sports like soccer, softball, bowling, and volleyball, PSL creates nonpartisan spaces for coworkers to socialize outside work hours. Employers sponsor registration and encourage participation, fostering regular, low-stakes social gatherings unconnected to politics.",Employer-sponsored After-work Social Programs,Gun Clubs as Primary Social Hubs with Political Messaging,PUMP (Pittsburgh Urban Magnet Project),"803 Liberty Avenue, Suite 207, Pittsburgh, PA 15222",https://psl.pump.org,psl@pump.org,
Pittsburgh StorySLAM,"The Moth’s Pittsburgh StorySLAM is a monthly open-mic storytelling night where anyone can share a five-minute true story on a common theme. Hosted at Bottlerocket Social Hall, the event draws a cross-section of Western Pennsylvanians—including former industrial workers, students, and newcomers—creating a recurring forum that cultivates empathy and a shared community narrative through personal storytelling.",Local Storytelling and Shared History Project,Local Republican Party Organizations Operating Brick-and-Mortar Community Centers,The Moth,"1226 Arlington Avenue, Pittsburgh, PA 15210",https://themoth.org/events,info@themoth.org,
Pittsburgh United – Faith–Labor–Community Coalition,"Pittsburgh United is a coalition that brings together labor unions, faith congregations, and community groups to win living-wage policies, equitable development, and worker protections across Western Pennsylvania. The coalition regularly organizes joint prayer/solidarity events in congregations, partners with unions on worker-focused educational forums, and uses faith-rooted messaging to connect economic justice campaigns to the moral commitments of local churches and synagogues.",Faith-Labor Partnership Programs,Megachurches Replacing Ethnic Parishes with Conservative Christian Nationalism,Pittsburgh United,"1 Smithfield Street, Pittsburgh, PA 15222",https://www.pittsburghunited.org,,
Pittsburgh Vet Center,"The Pittsburgh Vet Center offers confidential individual and group counseling for veterans and service members, fostering peer networks that address readjustment, PTSD, and family stress. Counselors and veteran peers connect clients to mental health resources and refer them to education and employment services that support career transition. The center also conducts community outreach that links veterans with volunteer opportunities and local organizations, promoting civic engagement and rein...",Veterans and First‑Responder Peer Networks,Conservative Identity Cultivation Through Protective Masculinity Narratives,U.S. Department of Veterans Affairs – Readjustment Counseling Service,"2500 Baldwick Road, Suite 15, Pittsburgh, PA 15205",https://www.va.gov/pittsburgh-vet-center,,
Pittsburgh Vet Center Readjustment Counseling,"The Pittsburgh Vet Center provides confidential, veteran-led peer counseling groups and individual readjustment counseling for combat veterans and their families, addressing PTSD, transition stress, and moral injury. Staff connect veterans to mental health resources and refer to employment and education services through VA and community partners, strengthening reintegration into work and community life. Regular group activities foster camaraderie and civic participation by encouraging veteran...",Veterans and First‑Responder Peer Networks,Conservative Identity Cultivation Through Protective Masculinity Narratives,U.S. Department of Veterans Affairs Vet Centers,"2500 Baldwick Road, Suite 15, Pittsburgh, PA 15205",https://www.vetcenter.va.gov,,
Polish Hill Arts Festival,"This annual street festival showcases local artists, Polish Hill heritage, music, and food, while activating public streets as community gathering places. The free, neighborhood-scale celebration serves as a welcoming, neutral space for residents and visitors to meet, enjoy culture, and build trust through shared experiences outside of formal political contexts.",Cultural Festivals and Neighborhood Block Parties,Gun Clubs as Primary Social Hubs with Political Messaging,Polish Hill Civic Association of Pittsburgh,"3060 Brereton Street, Pittsburgh, PA 15219",https://phcapgh.org,phca@phcapgh.org,
Project ChildSafe Free Gun Lock Distribution,"The Allegheny County Sheriff’s Office participates in Project ChildSafe to distribute free cable-style gun locks and secure storage information. Deputies offer locks at the courthouse and community events and provide education on safe storage, helping local law enforcement normalize practical, nonpartisan responsibility among gun owners.",Locally Led Gun Safety and Responsible Ownership Programs,Conservative Identity Cultivation Through Protective Masculinity Narratives,Allegheny County Sheriff’s Office,"436 Grant Street, Pittsburgh, PA 15219",https://alleghenycounty.us/sheriff,,
Project ChildSafe – Community Gun Lock Distribution & Safety Talks,"The Pittsburgh Bureau of Police partners with Project ChildSafe to host neutral, community-led safe-storage talks and distribute free firearm cable locks at zone stations, neighborhood festivals, and community centers. Officers demonstrate secure storage options and provide nonpolitical safety materials alongside information on crisis lines and local mental-health resources, including 988. These events promote practical, voluntary safety behaviors to prevent theft, accidents, and suicide whil...",Neutral Firearm Safety and Wellness Workshops,Gun Clubs as Primary Social Hubs with Political Messaging,City of Pittsburgh Bureau of Police,"1203 Western Avenue, Pittsburgh, PA 15233",https://pittsburghpa.gov/police,publicsafety@pittsburghpa.gov,
Project ChildSafe: Free Gun Lock Distribution and Firearm Safety Education,"The Pittsburgh Bureau of Police distributes free cable-style gun locks and provides safe-storage guidance at zone stations and community events, often led by officers and trained firearms instructors. These activities promote a culture of responsible gun ownership, emphasizing risk reduction and community safety rather than confrontation or political identity.",Locally Led Gun Safety and Responsible Ownership Programs,Conservative Identity Cultivation Through Protective Masculinity Narratives,Pittsburgh Bureau of Police,"1203 Western Ave, Pittsburgh, PA 15233",https://pittsburghpa.gov/police,publicsafety@pittsburghpa.gov,
Project RE_ (Resource Exchange),"Project RE_ is a design-build workshop housed at Construction Junction that repurposes salvaged materials into community projects while teaching construction and fabrication skills. Participants work alongside mentors from the building trades and design fields, gaining hands-on experience, teamwork, and pathways into employment. The shared shop space, collaborative builds, and mentorship culture provide purpose and social belonging grounded in craftsmanship and community service.",Men’s Community Workshops and Skill Centers,Conservative Identity Cultivation Through Protective Masculinity Narratives,Construction Junction (in partnership with CMU’s Urban Design Build Studio),"214 N Lexington Street, Pittsburgh, PA 15208",https://www.cjreuse.org/project-re,info@cjreuse.org,
Project RE_ (Reuse & Education),"Project RE_ is a reuse and education workshop housed at Construction Junction that offers carpentry, deconstruction, and materials-reuse training through collaborative projects. Working with partners such as university design/build programs and local workforce trainers, participants gain hands-on shop experience while fabricating furnishings and community installations from reclaimed materials. The shared workshop, mentorship, and visible community builds provide men constructive roles as bui...",Men’s Community Workshops and Skill Centers,Conservative Identity Cultivation Through Protective Masculinity Narratives,Construction Junction,"214 N Lexington St, Pittsburgh, PA 15208",https://www.cjreuse.org/project-re,info@cjreuse.org,
Protohaven,"Protohaven is a nonprofit, community-run makerspace offering woodworking, metalworking, textiles, electronics, and design labs, plus classes and open shop time. Low-cost memberships and public workshops provide hands-on recreation and skill-building to residents of all backgrounds, and reservable common areas support meetups and community projects. By creating an inclusive, nonpartisan place to learn, build, and gather, it serves as an alternative social hub to membership-limited clubs.",Community-owned Inclusive Recreation Centers,Gun Clubs as Primary Social Hubs with Political Messaging,"Protohaven, Inc.","214 N Trenton Avenue, Wilkinsburg, PA 15221",https://www.protohaven.org,contact@protohaven.org,
Protohaven Community Workshop,"Protohaven is a nonprofit, community-run makerspace offering hands-on classes and open shop access in woodworking, metalworking, machining, electronics, and more. Members learn trades skills in a collaborative shop environment with peer mentoring, shared projects, and instructor-led trainings that build confidence and purpose through making. By centering identity on craftsmanship, mentorship, and collaborative problem-solving, it provides a constructive alternative to status built around arme...",Men’s Community Workshops and Skill Centers,Conservative Identity Cultivation Through Protective Masculinity Narratives,Protohaven,"214 N Trenton Avenue, Wilkinsburg, PA 15221",https://www.protohaven.org,info@protohaven.org,
Prototype PGH Makerspace,"Prototype PGH is a community makerspace with a focus on inclusivity that offers shared access to tools and training in sewing, screen printing, woodworking, laser cutting, and more. Through memberships, workshops, and open studio time, neighbors collaborate on creative and practical projects while learning new skills. This craft-centered environment helps residents form supportive networks outside of political contexts.",Shared-tools and Makerspaces,Gun Clubs as Primary Social Hubs with Political Messaging,Prototype PGH,"460 Melwood Avenue, Pittsburgh, PA 15213",https://www.prototypepgh.org,info@prototypepgh.org,
Providence Connections Family Support Center,"Providence Connections operates a two-generation Family Support Center that offers evidence-based parenting classes, family coaching, and support groups specifically welcoming and engaging fathers. They host dad-focused activities (father–child events, support circles) and provide referrals to job training and placement partners, helping men strengthen nurturing roles alongside provider responsibilities and build healthy co-parenting relationships.",Family Resource Centers and Fatherhood Programs,Conservative Identity Cultivation Through Protective Masculinity Narratives,"Providence Connections, Inc.","3115 Brighton Road, Pittsburgh, PA 15212",https://www.providenceconnections.org,info@providenceconnections.org,
Public Meeting Rooms,"Carnegie Library of Pittsburgh provides reservable meeting rooms across multiple branches using a centralized online calendar and published room-use policies. The system is content-neutral and designed to equitably schedule civic, youth, arts, and neighborhood groups on a first-come basis with fair-use rules, which helps rotate access and prevents any single organization from monopolizing community gathering spaces.",Shared Scheduling and Space-Rotation Program,Local Republican Party Organizations Operating Brick-and-Mortar Community Centers,Carnegie Library of Pittsburgh,"4400 Forbes Avenue, Pittsburgh, PA 15213",https://www.carnegielibrary.org/services/meeting-rooms/,,
Public Participation Panels & Regional Issue Forums,"SPC organizes nonpartisan Public Participation Panels, open houses, and listening sessions in churches, municipal buildings, and community centers across its 10-county region to discuss transportation, economic development, and environmental plans. Meetings are led by neutral facilitators, include presentations by agency staff and community experts, and offer translation/interpretation and multilingual materials on request so residents can learn, ask questions, and influence local policy deci...",Nonpartisan Civic Education and Issue Forums,Megachurches Replacing Ethnic Parishes with Conservative Christian Nationalism,Southwestern Pennsylvania Commission,"112 Washington Place, Suite 500, Pittsburgh, PA 15219",https://www.spcregion.org,spc@spcregion.org,
Rapid Response Team,"Casa San Jose’s Rapid Response Team trains volunteers and partners with local parishes and community centers to provide nonviolent accompaniment, emergency support, and rights education—framing protection as caregiving and standing with vulnerable neighbors. Regular community meetings and trainings are co-led by staff, clergy, and lay leaders, cultivating civic stewardship and compassionate leadership that strengthens neighborhood trust and safety across Western Pennsylvania.",Faith and Community Dialogues on Protective Roles,Conservative Identity Cultivation Through Protective Masculinity Narratives,Casa San Jose (a program of the Sisters of St. Joseph of Baden),"2116 Broadway Avenue, Pittsburgh, PA 15216",https://casasanjose.org,info@casasanjose.org,
ReClaim Ambassadors,"Grounded Strategies’ ReClaim Ambassadors program trains neighborhood volunteers to steward vacant and community lots, teaching basic construction, landscaping, and site-cleaning skills (e.g., building planters and benches, repairing fencing, and routine maintenance). The coordinated volunteer teams help reduce ongoing maintenance expenses for communities while strengthening local ownership and social ties.",Civic Leadership and Local Government Training,Conservative Identity Cultivation Through Protective Masculinity Narratives,Grounded Strategies,"6587 Hamilton Avenue, Pittsburgh, PA 15206",https://groundedpgh.org,info@groundedpgh.org,
Ready to Run Campaign Training for Women – Pittsburgh,"Ready to Run is a nonpartisan campaign training that equips women in Western Pennsylvania with the knowledge and tools to run for local office and serve on public boards and commissions. Sessions cover filing and ethics requirements, campaign planning, fundraising, messaging, and working with the media, and include networking with current officeholders. By demystifying the process and building practical skills, the program expands who participates in local decision-making, including on school...",Civic Leadership and Local Government Training,Conservative Identity Cultivation Through Protective Masculinity Narratives,"Pennsylvania Center for Women and Politics, Chatham University","1 Woodland Road, Pittsburgh, PA 15232",https://www.chatham.edu/pcwp,pcwp@chatham.edu,
Ready to Run Pennsylvania (Western PA),"Ready to Run is a nonpartisan campaign training that prepares women in Western Pennsylvania to run for public office and serve on boards and commissions. The program offers hands-on workshops on petitions, compliance, messaging, fundraising, and navigating local government, helping participants chart concrete pathways to engage school boards, municipal authorities, and other decision-making bodies.",Civic Leadership and Local Government Training,Conservative Identity Cultivation Through Protective Masculinity Narratives,Pennsylvania Center for Women and Politics at Chatham University,"1 Woodland Road, Pittsburgh, PA 15232",https://www.chatham.edu/pcwp,pcwp@chatham.edu,
Ready to Run Pennsylvania – Pittsburgh,"Ready to Run is a nonpartisan campaign training program that prepares women to run for public office at the local and regional levels, including school board, municipal council, and county boards. Sessions cover filing and ethics, messaging, fundraising, media, and navigating party structures, along with mentoring from experienced local officials. By lowering barriers to candidacy and demystifying public service pathways, the program builds civic leadership capacity and expands residents’ voi...",Civic Leadership and Local Government Training,Conservative Identity Cultivation Through Protective Masculinity Narratives,Pennsylvania Center for Women and Politics at Chatham University,"1 Woodland Road, Pittsburgh, PA 15232",https://www.chatham.edu/pcwp,pcwp@chatham.edu,
Ready to Run Pittsburgh,"Ready to Run is a nonpartisan training program that equips local residents—especially women—to run for municipal, county, and school board offices. Through workshops and coaching, it provides practical, unbiased guidance on how local government works, how to get on the ballot, compliance and ethics rules, and strategies for engaging with constituents, creating a regional hub for ‘how to run for office’ support.",Nonpartisan Civic Education & Voter Help Desk,Local Republican Party Organizations Operating Brick-and-Mortar Community Centers,"Pennsylvania Center for Women and Politics, Chatham University","1 Woodland Road, Pittsburgh, PA 15232",https://www.chatham.edu/academics/centers/pcwp/,pcwp@chatham.edu,
Ready to Run Western Pennsylvania,"Ready to Run is a nonpartisan training program that regularly offers workshops on how to run for local and state office, covering topics like petitioning, campaign finance, and communicating with voters. Hosted in Western Pennsylvania, it provides practical, unbiased guidance and connections so residents feel equipped to seek office and engage effectively with local government—complementing voter information and registration resources in the region.",Nonpartisan Civic Education & Voter Help Desk,Local Republican Party Organizations Operating Brick-and-Mortar Community Centers,"Pennsylvania Center for Women and Politics, Chatham University","1 Woodland Road, Pittsburgh, PA 15232",https://www.chatham.edu/pcwp,pcwp@chatham.edu,
Rebuilding Day,"Rebuilding Day mobilizes teams of skilled union tradespeople and community volunteers to complete free home repairs and accessibility modifications for low-income homeowners, seniors, and veterans across Allegheny County and nearby communities. Crews are often led by union members working side-by-side with neighborhood groups and residents, creating visible, nonpartisan service projects that build trust and demonstrate unions’ commitment to local well-being.",Intergroup Volunteer Service Projects,Local Republican Party Organizations Operating Brick-and-Mortar Community Centers,Rebuilding Together Pittsburgh,"7800 Susquehanna Street, Suite 301, Pittsburgh, PA 15208",https://www.rtpittsburgh.org,info@rtpittsburgh.org,
Rebuilding Day & Volunteer Repair Projects,"Rebuilding Together Pittsburgh mobilizes volunteers for one-day and multi-day home repair projects that make seniors’ and veterans’ homes safer and healthier. The organization partners with corporations, labor groups, faith communities, schools, and neighborhood organizations from across Allegheny County to form mixed volunteer teams on each site, fostering nonpartisan, relationship-building service where residents with diverse political perspectives collaborate to help neighbors.",Intergroup Volunteer Service Projects,Local Republican Party Organizations Operating Brick-and-Mortar Community Centers,Rebuilding Together Pittsburgh,"7800 Susquehanna Street, Suite 401, Pittsburgh, PA 15208",https://www.rtpittsburgh.org,info@rtpittsburgh.org,
Registered Community Organization (RCO) Development Activities Meetings,"The City’s RCO program requires neighborhood groups to host open Development Activities Meetings where residents hear proposals, ask questions, and shape changes before projects advance. These assemblies function as structured listening sessions that let neighbors set priorities and co-design aspects of local projects (housing, parks, mobility) through direct feedback to developers and city staff.",Neighborhood Assemblies and Listening Sessions,Local Republican Party Organizations Operating Brick-and-Mortar Community Centers,City of Pittsburgh Department of City Planning,"200 Ross Street, Pittsburgh, PA 15219",https://pittsburghpa.gov/dcp/rco,planning@pittsburghpa.gov,
Remake Learning Days Mini-Grants,"This program offers small grants to libraries, museums, out-of-school providers, and community groups to host free, family-friendly learning events during Remake Learning Days across southwestern Pennsylvania. The funds enable neighborhood venues—such as libraries, parks, faith spaces, and storefronts—to provide inclusive, nonpolitical programming that strengthens social bonds through hands-on learning and play.",Neighborhood Grant Program for Shared Spaces,Gun Clubs as Primary Social Hubs with Political Messaging,Remake Learning,"5604 Solway Street, Pittsburgh, PA 15217",https://remakelearning.org,info@remakelearning.org,
Repair the World Pittsburgh,"Repair the World Pittsburgh partners with synagogues, churches, and community centers to host service-learning dialogues and Turn the Tables-style conversations that explore community protection as caregiving, mutual aid, and civic stewardship. Clergy and lay volunteers co-create programs that pair hands-on service (e.g., food security, housing support, youth mentoring) with reflective discussions on nonviolent leadership and shared responsibility. These efforts build cross-community relation...",Faith and Community Dialogues on Protective Roles,Conservative Identity Cultivation Through Protective Masculinity Narratives,Repair the World,"6022 Broad Street, Pittsburgh, PA 15206",https://werepair.org/pittsburgh,pittsburgh@werepair.org,
Repair the World Pittsburgh Service Corps,"The Service Corps mobilizes young adults to serve alongside local schools, health and food justice organizations, and community groups—and pairs the service with ongoing storytelling that spotlights the people doing the work. Through photo essays, volunteer spotlights, social media campaigns, and partner-led events, the Corps lifts up teachers, nurses, organizers, and tradespeople as protectors and pillars, normalizing non‑violent service as a source of status and responsibility.",Local Marketing Campaigns Reframing Responsibility and Protection,Conservative Identity Cultivation Through Protective Masculinity Narratives,Repair the World Pittsburgh,"6022 Broad Street, Pittsburgh, PA 15206",https://werepair.org/communities/pittsburgh/,pittsburgh@werepair.org,
Restorative Community Dialogues & Circles,"The Conflict Lab facilitates structured community dialogues and restorative circles across Western Pennsylvania to address shared issues like neighborhood safety, youth conflict, and workplace culture. Their trained facilitators guide participants through evidence-based dialogue and restorative practices that promote listening, empathy, and collaborative problem-solving. By centering local voices and clear agreements, these sessions de-escalate tension, reduce polarization, and rebuild trust ...",Community Dialogue and Trust-building Series,Gun Clubs as Primary Social Hubs with Political Messaging,The Conflict Lab,"100 S Commons, Suite 102, Pittsburgh, PA 15212",https://www.theconflictlab.com,info@theconflictlab.com,
Restorative Justice and Mediation Program,"Crime Victim Center of Erie County facilitates victim–offender dialogues and community conferences that bring together those harmed and those responsible to address conflict, repair harm, and prevent future incidents. Trained facilitators and community volunteers guide respectful, solutions-focused conversations that can defuse neighborhood disputes and reduce polarization while strengthening community cohesion.",Neighborhood Mediation and Peer Conflict Resolution Teams,Local Republican Party Organizations Operating Brick-and-Mortar Community Centers,Crime Victim Center of Erie County,"125 West 18th Street, Erie, PA 16501",https://www.cvcerie.org,info@cvcerie.org,
Restorative Practices (Districtwide Initiative),"Pittsburgh Public Schools implements restorative practices across schools, training teachers, staff, and student leaders to run restorative circles and peer mediation. The district uses these practices to address classroom and school conflicts constructively, reduce suspensions, and build community norms of mutual protection and responsibility without relying on punitive or violent responses.",Restorative Justice and Community Mediation Training,Conservative Identity Cultivation Through Protective Masculinity Narratives,Pittsburgh Public Schools,"341 South Bellefield Avenue, Pittsburgh, PA 15213",https://www.pghschools.org,communications@pghschools.org,
Restorative Practices Professional Development,"The Allegheny Intermediate Unit provides training and coaching for educators, youth workers, and community partners in restorative justice practices, including circle facilitation, conflict mediation, and peer-led problem solving. This equips local adults and students to address harm, restore relationships, and keep schools and community spaces safe through structured, nonviolent dialogue.",Restorative Justice and Community Mediation Training,Conservative Identity Cultivation Through Protective Masculinity Narratives,Allegheny Intermediate Unit (AIU3),"475 East Waterfront Drive, Homestead, PA 15120",https://www.aiu3.net,,
Riverfront & Land-Based Volunteer Cleanups,"Allegheny CleanWays leads riverfront and land-based cleanup days that draw volunteers from across the region to remove trash and tires from neighborhoods and waterways. Staff intentionally mix corporate, faith, university, and resident volunteers into small teams and pair them with local partners, ensuring people with different backgrounds and viewpoints work together toward a visible community win. These recurring, nonpartisan service projects create positive contact and trust among particip...",Intergroup Volunteer Service Projects,Local Republican Party Organizations Operating Brick-and-Mortar Community Centers,Allegheny CleanWays,"33 Terminal Way, Suite 537, Pittsburgh, PA 15219",https://www.alleghenycleanways.org,info@alleghenycleanways.org,
Rivers of Steel Heritage Area,"Rivers of Steel preserves and interprets the region’s steel and industrial heritage through oral history collections, guided tours, and exhibitions at the historic Bost Building and the Carrie Blast Furnaces. Its public art initiatives—such as site-specific installations and artist residencies at the furnaces—invite communities to tell their own stories and create works that honor craft, skill, and civic stewardship. By celebrating the ingenuity of workers and makers, the programs broaden nar...",Oral History and Public Art Projects Celebrating Local Identity,Conservative Identity Cultivation Through Protective Masculinity Narratives,Rivers of Steel Heritage Corporation,"623 East 8th Avenue, Homestead, PA 15120",https://riversofsteel.com,info@riversofsteel.com,
Rivers of Steel Mini-Grant Program,"This program provides small grants to nonprofits and community groups across the Rivers of Steel National Heritage Area in Southwestern Pennsylvania to support heritage events, pop-up exhibits, community tours, and public space activations. By seeding neighborhood-scale projects that celebrate local identity and invite participation, the mini-grants help rebuild community pride, trust, and engagement in formerly industrial communities.",Worker-led Social Clubs and Interest Groups,Gun Clubs as Primary Social Hubs with Political Messaging,Rivers of Steel Heritage Corporation,"623 East 8th Avenue, Homestead, PA 15120",https://riversofsteel.com/grants/,info@riversofsteel.com,
Rivers of Steel Mini-Grant Program,"Rivers of Steel awards mini-grants across its eight-county heritage area in southwestern Pennsylvania to support community projects such as interpretive signage, small-scale capital improvements, pop-up programs, and neighborhood events. These micro-grants help local organizations and resident groups pilot activities that reconnect people to place, elevate community identity, and foster participation and trust.",Neighborhood Grant Program for Shared Spaces,Gun Clubs as Primary Social Hubs with Political Messaging,Rivers of Steel National Heritage Area,"623 East 8th Avenue, Homestead, PA 15120",https://riversofsteel.com/grants/,grants@riversofsteel.com,
Rivers of Steel Oral History Collection,"Rivers of Steel collects, preserves, and publishes oral histories from steelworkers, union leaders, and community members across the Mon Valley and greater Western Pennsylvania. These recordings, exhibits, and digital features amplify worker voices and provide alternative narratives to corporate PR, helping residents understand shared histories of work, struggle, and pride that build empathy and common identity across workplaces.",Local Storytelling and Shared History Project,Local Republican Party Organizations Operating Brick-and-Mortar Community Centers,Rivers of Steel Heritage Corporation,"623 East 8th Avenue, Homestead, PA 15120",https://riversofsteel.com,info@riversofsteel.com,
Rivers of Steel Oral History Program,"Rivers of Steel collects and shares oral histories from former steelworkers and mill-town residents across the Mon Valley and greater Pittsburgh region, preserving the lived experiences of deindustrialization. They also host public programs and tours at the historic Pump House and Carrie Blast Furnaces where guides share first-person stories, creating intergenerational storytelling spaces that connect longtime industrial workers with students, younger residents, and newcomers to build empathy...",Local Storytelling and Shared History Project,Local Republican Party Organizations Operating Brick-and-Mortar Community Centers,Rivers of Steel Heritage Corporation,"623 E 8th Avenue, Homestead, PA 15120",https://riversofsteel.com,info@riversofsteel.com,
Rivers of Steel Youth Programs,"Rivers of Steel engages students in hands-on learning about Western Pennsylvania’s industrial and labor heritage through field experiences, workshops, and youth projects at historic sites like the Carrie Blast Furnaces. Working with schools, unions, and cultural nonprofits, the programs cultivate civic identity, local history knowledge, and vocational awareness tied to the region’s craft and industrial traditions. This supports the solution by teaching civics and local history in partnership ...",Youth Civic and Vocational Programs Anchored in Community Values,Megachurches Replacing Ethnic Parishes with Conservative Christian Nationalism,Rivers of Steel Heritage Corporation,"623 East 8th Avenue, Homestead, PA 15120",https://riversofsteel.com/education/,info@riversofsteel.com,
Rosedale Technical College,"Rosedale Technical College offers accredited, hands-on training programs in automotive, electrical, HVAC, welding, and related trades taught by industry veterans who mentor students. The college maintains strong partnerships with regional employers for co-ops, job fairs, and direct hiring pipelines, aligning curricula to market demand and providing clear work pathways. As a long-standing community institution in Western Pennsylvania, it serves as a hub where young people gain marketable skill...","Youth Skills, Apprenticeship and Mentorship Programs",Local Republican Party Organizations Operating Brick-and-Mortar Community Centers,Rosedale Technical College,"215 Beecham Drive, Pittsburgh, PA 15205",https://www.rosedaletech.org,admissions@rosedaletech.org,
Rosedale Technical College Trades Programs,"Rosedale Tech offers career-focused training in automotive, diesel, welding, electrical, HVAC, and industrial technician fields using industry-equipped labs that mirror real-world shops. Faculty with trade experience provide mentorship, and cohort-based learning builds peer networks and pride in skilled craftsmanship. The program helps men channel protector/provider identities into productive work, shared projects, and employment rather than armed affiliations.",Men’s Community Workshops and Skill Centers,Conservative Identity Cultivation Through Protective Masculinity Narratives,Rosedale Technical College,"215 Beecham Drive, Pittsburgh, PA 15205",https://www.rosedaletech.org,admissions@rosedaletech.org,
Ryan Arts & Culture Center,"Ryan Arts & Culture Center provides community-accessible performance, classroom, and meeting spaces for civic groups, youth programs, arts education, and neighborhood events in the Sto-Rox area. Operated by Focus On Renewal, it offers neutral space for social gatherings and trainings while connecting residents to family support and workforce-related resources through FOR’s broader programs. This community-serving venue embodies the solution by functioning as an explicitly nonpartisan hub that...",Community-owned Neutral Hub (co-op of former meeting halls),Local Republican Party Organizations Operating Brick-and-Mortar Community Centers,Focus On Renewal,"420 Chartiers Avenue, McKees Rocks, PA 15136",https://www.forstorox.org,info@forstorox.org,
SHIM Community Services and Partner Congregation Sites,"South Hills Interfaith Movement (SHIM) coordinates shared-use of space with numerous South Hills congregations to run food pantries, youth programs, and senior services, in addition to its main center. These church-based sites operate under agreements that open sanctuaries, fellowship halls, and classrooms to serve any resident, regardless of faith. The interfaith setup knits together congregations across traditions to meet neighborhood needs and strengthen community trust.",Shared Use Agreements for Community Services,Megachurches Replacing Ethnic Parishes with Conservative Christian Nationalism,South Hills Interfaith Movement,"5301 Park Avenue, Bethel Park, PA 15102",https://shimcares.org,info@shimcares.org,
SHIM Food Pantries,"South Hills Interfaith Movement operates food pantries and family-support programming at partner congregations, including Whitehall Presbyterian Church and Baldwin United Presbyterian Church, through host-site agreements. By opening these church facilities to the broader public for food distribution, ESL classes, youth programs, and senior services, SHIM builds cross-congregational volunteerism and ensures that religious spaces serve neighborhood needs beyond their own members.",Shared Use Agreements for Community Services,Megachurches Replacing Ethnic Parishes with Conservative Christian Nationalism,South Hills Interfaith Movement (SHIM),"5301 Park Avenue, Bethel Park, PA 15102",https://www.shimcares.org,info@shimcares.org,
STAR-Center (Services for Teens at Risk) – Community Education,"STAR-Center provides community workshops for parents, educators, and youth-serving organizations that include lethal-means safety counseling and practical guidance on secure firearm storage as part of suicide prevention. Sessions are delivered in neutral settings (schools, community organizations, and libraries), are nonpolitical, and link participants to mental-health assessment, treatment, and crisis supports.",Neutral Firearm Safety and Wellness Workshops,Gun Clubs as Primary Social Hubs with Political Messaging,UPMC Western Psychiatric Hospital,"3811 O'Hara Street, Pittsburgh, PA 15213",https://www.starcenter.pitt.edu,starcenter@upmc.edu,
Safe Passage,"Safe Passage organizes trained community chaperones to staff arrival and dismissal corridors for local schools in Homewood, using de-escalation and mediation to deter conflicts and ensure youth can travel safely. The non-armed teams coordinate with families, schools, and local police as partners while remaining a community-led presence, and they conduct wellness checks and supportive follow-ups with students and neighbors when concerns arise.",Neighborhood Safety Teams with Non‑armed Community Responders,Conservative Identity Cultivation Through Protective Masculinity Narratives,Homewood Children's Village,"801 N Homewood Avenue, Suite 400, Pittsburgh, PA 15208",https://hcvpgh.org,info@hcvpgh.org,
Sampsonia Way Magazine,"Sampsonia Way is an online magazine based at City of Asylum that publishes interviews, essays, and multimedia storytelling from local and international writers, community leaders, and faith and cultural voices. Its Pittsburgh-centered coverage and public programs at Alphabet City highlight community problem‑solving, cross‑cultural dialogue, and collaborative initiatives—helping broaden civic imagination beyond single‑issue frames.",Community Media and Storytelling Projects,Megachurches Replacing Ethnic Parishes with Conservative Christian Nationalism,City of Asylum Pittsburgh,"40 W. North Avenue, Pittsburgh, PA 15212",https://sampsoniaway.org,info@cityofasylum.org,
Sarah Heinz House Clubhouse & Community Center,"Sarah Heinz House offers low-cost memberships for youth and families to access a gymnasium, pool, fitness programs, robotics and maker activities, arts, and teen leadership clubs in a safe, nonpartisan environment. Evening and weekend programs, along with community events and meeting spaces, provide inclusive, affordable alternatives to politically affiliated private clubs.",Community-owned Inclusive Recreation Centers,Gun Clubs as Primary Social Hubs with Political Messaging,Sarah Heinz House,"1 Heinz Street, Pittsburgh, PA 15212",https://www.sarahheinzhouse.org,info@sarahheinzhouse.org,
Senator John Heinz History Center Community History Programs,"The Heinz History Center collects, preserves, and shares oral histories from Western Pennsylvania’s industrial communities—union members, steelworkers, and immigrant families—through its archives and community-curated exhibitions. Gallery programs and public events invite residents to see family responsibility and protection expressed as civic participation, neighborliness, and skilled labor rather than solely through partisan or militarized identities. Exhibitions and hands-on activities hig...",Oral History and Public Art Projects Celebrating Local Identity,Conservative Identity Cultivation Through Protective Masculinity Narratives,Senator John Heinz History Center,"1212 Smallman Street, Pittsburgh, PA 15222",https://www.heinzhistorycenter.org,info@heinzhistorycenter.org,
Service Camps (Home Repair Program),"The Pittsburgh Project organizes neighborhood service days and weeklong home-repair service camps that pair volunteers from suburban and city congregations, schools, and civic groups to repair homes for low-income seniors on Pittsburgh’s North Side. By working side-by-side on tasks like painting, accessibility ramps, and yard cleanups, they mix residents across community and political lines to build trust through collaborative service.",Intergroup Volunteer Service Projects,Local Republican Party Organizations Operating Brick-and-Mortar Community Centers,The Pittsburgh Project,"2801 North Charles Street, Pittsburgh, PA 15214",https://www.pittsburghproject.org,info@pittsburghproject.org,
Service Camps (Home Repair),"The Pittsburgh Project’s Service Camps bring youth and adult volunteers from across Western Pennsylvania and beyond to the North Side to repair homes for elderly and vulnerable homeowners. Crews are composed of participants from diverse congregations, schools, and civic groups, creating nonpartisan, mixed teams that collaborate on painting, accessibility ramps, and repairs. Working together in neighborhoods fosters cross-ideological relationships and civic belonging.",Intergroup Volunteer Service Projects,Local Republican Party Organizations Operating Brick-and-Mortar Community Centers,The Pittsburgh Project,"2801 North Charles Street, Pittsburgh, PA 15214",https://www.pittsburghproject.org,info@pittsburghproject.org,
Sharpsburg Night Market,"The Sharpsburg Night Market is a monthly evening market featuring live music, food and craft vendors, and family activities on Main Street. Organized by the Sharpsburg Neighborhood Organization with sponsorship from local businesses and participation by Main Street merchants and community groups, it creates an inviting, regular night out for residents. This implements the solution by recruiting private sponsors to partner with community organizations on recurring, inclusive community nights.",Public-Private Sponsorship of Community Nights,Gun Clubs as Primary Social Hubs with Political Messaging,Sharpsburg Neighborhood Organization,"1019 N Canal Street, Suite 1, Sharpsburg, PA 15215",https://www.sharpsburgneighborhood.org,info@sharpsburgneighborhood.org,
Skilled Trades Training and Apprenticeship Pathways,"The Trade Institute of Pittsburgh provides hands-on training in masonry, carpentry, and welding with wraparound support, then connects graduates to union apprenticeships and entry-level skilled trades jobs. The program focuses on removing barriers to employment and building lasting careers in construction and fabrication. By rebuilding access to craft-based, dignified work, TIP strengthens family economic stability and community revitalization.",Worker Cooperatives and Apprenticeship Programs,Conservative Identity Cultivation Through Protective Masculinity Narratives,Trade Institute of Pittsburgh,"7800 Susquehanna Street, Suite 301, Pittsburgh, PA 15208",https://www.tradeinstitute.org,info@tradeinstitute.org,
Small Business Lending Program,"The Neighborhood Community Development Fund is a community development financial institution that delivers flexible loans and technical assistance to small businesses across Pittsburgh’s neighborhoods. Cooperative and shared-ownership ventures are eligible borrowers, and the Fund’s advising helps founders structure sustainable, community-centered enterprises. Access to capital and guidance reduces dependence on large institutions and enables resident ownership of local cafés, trades, and repa...",Support for Worker and Community-Owned Enterprises,Megachurches Replacing Ethnic Parishes with Conservative Christian Nationalism,The Neighborhood Community Development Fund,"846 Western Avenue, Pittsburgh, PA 15233",https://www.theneighborhoodfund.org,info@theneighborhoodfund.org,
Small and Mighty Grants,"Small and Mighty Grants provide project and operating support to grassroots nonprofits (typically under $600,000 in annual revenue) delivering free or low-cost community programming in shared spaces like libraries, churches, parks, and storefronts. Many grantees use funds to cover space costs, supplies, and facilitation for gatherings that build social connection and trust. The program prioritizes equitable, nonpartisan, community-centered activities that strengthen neighborhood networks acro...",Neighborhood Grant Program for Shared Spaces,Gun Clubs as Primary Social Hubs with Political Messaging,The Pittsburgh Foundation,"5 PPG Place, Suite 250, Pittsburgh, PA 15222",https://pittsburghfoundation.org/smallandmighty,info@pghfdn.org,
South Hills Interfaith Movement,"SHIM organizes interfaith clergy and community roundtables across the South Hills where participants reflect on common faith principles—feeding the hungry, the dignity of work, and welcoming the stranger—and coordinate responses rooted in those values. Dialogue outcomes include food pantries, family and youth supports, ESL and immigrant services, and advocacy with local leaders, translating shared moral commitments into sustained community initiatives.",Interfaith Dialogue Series on Social Teaching and Common Values,Megachurches Replacing Ethnic Parishes with Conservative Christian Nationalism,South Hills Interfaith Movement,"5301 Park Avenue, Bethel Park, PA 15102",https://www.shimcares.org,info@shimcares.org,
South Hills Interfaith Movement (SHIM),"SHIM is an interfaith coalition founded by local churches and synagogues that convenes faith leaders, schools, municipalities, and nonprofits in Pittsburgh’s South Hills to coordinate responses to community needs. Through regular partner meetings and joint events, SHIM develops shared action plans on food security, family supports, and neighborhood services, while maintaining a nonpartisan stance that keeps the focus on common-good priorities like jobs, schools, safety, and services.",Mutual Aid and Neighbor Networks,Megachurches Replacing Ethnic Parishes with Conservative Christian Nationalism,South Hills Interfaith Movement,"5301 Park Avenue, Bethel Park, PA 15102",https://www.shimcares.org,info@shimcares.org,
South Hills Interfaith Movement (SHIM),"SHIM is an interfaith coalition founded by local churches and synagogues that convenes faith leaders, schools, municipalities, and nonprofits in Pittsburgh’s South Hills to coordinate responses to community needs. Through regular partner meetings and joint events, SHIM develops shared action plans on food security, family supports, and neighborhood services, while maintaining a nonpartisan stance that keeps the focus on common-good priorities like jobs, schools, safety, and services.",Interfaith and Civic Councils,Megachurches Replacing Ethnic Parishes with Conservative Christian Nationalism,South Hills Interfaith Movement,"5301 Park Avenue, Bethel Park, PA 15102",https://www.shimcares.org,info@shimcares.org,
South Hills Interfaith Movement (SHIM) – Interfaith Partnerships,"SHIM convenes clergy and lay leaders from dozens of congregations across traditions alongside schools, municipalities, and nonprofits in Pittsburgh’s South Hills to coordinate responses to community needs such as food security, family services, and youth support. Through regular partner meetings and joint events hosted at congregations and civic venues, SHIM facilitates nonpartisan community conversations on local priorities (schools, safety, services) and develops shared action plans with fa...",Interfaith and Civic Councils,Megachurches Replacing Ethnic Parishes with Conservative Christian Nationalism,South Hills Interfaith Movement,"5301 Park Avenue, Bethel Park, PA 15102",https://www.shimcares.org,info@shimcares.org,
Southwest PA Says NO MORE,"A regional public-awareness initiative that produces PSAs, social media content, and community-facing materials featuring local coaches, healthcare workers, faith leaders, and educators as protectors who prevent violence through care, mentorship, and accountability. By elevating these nonviolent service roles as prestigious and essential to community safety, the campaign reframes what it means to be responsible and protective, offering alternatives to armed or authoritarian identities.",Local Marketing Campaigns Reframing Responsibility and Protection,Conservative Identity Cultivation Through Protective Masculinity Narratives,FISA Foundation (with The Heinz Endowments and United Way of Southwestern Pennsylvania),"535 Smithfield Street, Suite 625, Pittsburgh, PA 15222",https://southwestpasaysnomore.org,info@fisafoundation.org,
Space Use & Meeting Room Policy,"Millvale Community Library maintains simple, community-oriented guidelines that make its public spaces available to all groups on an equal and viewpoint-neutral basis. The policy includes requirements that event materials and on-site notices state the Library does not endorse political or other viewpoints expressed by room users, ensuring clear neutrality. Scheduling rules and limits on consecutive bookings help prevent any single organization from dominating the publicly supported venue.",Venue Use Policies for Publicly Funded Spaces,Gun Clubs as Primary Social Hubs with Political Messaging,Millvale Community Library,"213 Grant Avenue, Millvale, PA 15209",https://www.millvalelibrary.org,info@millvalelibrary.org,
Squirrel Hill Night Market,"The Squirrel Hill Night Market is a seasonal evening street festival on Murray Avenue featuring artists, makers, food vendors, kids’ activities, and live music. By closing streets and inviting the broader public to a walkable, neutral venue, it builds neighbor-to-neighbor connections and supports local entrepreneurs in an inclusive environment.","Inclusive Public Events (Fairs, Markets, Block Parties)",Local Republican Party Organizations Operating Brick-and-Mortar Community Centers,Uncover Squirrel Hill and Squirrel Hill Urban Coalition,"5604 Solway Street, Pittsburgh, PA 15217",https://www.uncoversquirrelhill.com/night-market,info@shuc.org,
Staff Council Social & Wellness Activities,"Carnegie Mellon University’s Staff Council organizes regular after-work social and wellness activities for staff, such as walking groups, book clubs, seasonal socials, and campus-wide gatherings. These employer-sponsored, nonpartisan events provide neutral spaces for employees to build relationships outside working hours, aligning with the goal of stronger community ties in deindustrialized neighborhoods.",Employer-sponsored After-work Social Programs,Gun Clubs as Primary Social Hubs with Political Messaging,Carnegie Mellon University Staff Council,"5000 Forbes Avenue, Pittsburgh, PA 15213",https://www.cmu.edu/staff-council/,staff-council@andrew.cmu.edu,
Stay Alive Westmoreland,"This countywide coalition hosts neutral community presentations—such as AFSP’s Talk Saves Lives (Firearms) and QPR—at libraries, faith centers, and civic venues to promote secure firearm storage and suicide prevention. Workshops pair practical, nonpolitical storage guidance and free lock distribution with referrals to local mental-health resources, building trust and safety across Westmoreland County communities.",Neutral Firearm Safety and Wellness Workshops,Gun Clubs as Primary Social Hubs with Political Messaging,Westmoreland County Suicide Awareness and Prevention Task Force,"40 N Pennsylvania Avenue, Suite 110, Greensburg, PA 15601",https://www.stayalivewestmoreland.org,,
Steel City Rowing Corporate & Group Team Building,"Steel City Rowing hosts employer-sponsored, after-work team-building sessions where coworkers learn to row together at the boathouse and on the water. Offered as single events or multi-week series, these apolitical, skills-based activities provide a neutral social space that strengthens relationships among employees outside of work.",Employer-sponsored After-work Social Programs,Gun Clubs as Primary Social Hubs with Political Messaging,Steel City Rowing Club,"101 Arch Street, Verona, PA 15147",https://www.steelcityrowing.org,info@steelcityrowing.org,
Sto-Rox Family Center,"The Sto-Rox Family Center offers free parenting classes, home visiting, and support groups that intentionally include and uplift fathers through father–child activities and peer support. Staff provide warm referrals to workforce partners and benefits navigation, helping dads secure jobs while developing positive parenting and relationship skills that strengthen families and neighborhood trust.",Family Resource Centers and Fatherhood Programs,Conservative Identity Cultivation Through Protective Masculinity Narratives,Focus On Renewal,"420 Chartiers Avenue, McKees Rocks, PA 15136",https://www.forstorox.org,info@forstorox.org,
Story Club Pittsburgh,"Story Club Pittsburgh is a monthly live storytelling series with curated performers and open‑mic slots where anyone can share a true personal story. Hosted at City of Asylum’s Alphabet City venue, the events bring together longtime Pittsburghers, former industrial workers, young residents, and recent arrivals to listen and speak across differences. By making public storytelling a welcoming, recurring gathering, it cultivates empathy and a shared narrative across neighborhoods and backgrounds.",Local Storytelling and Shared History Project,Local Republican Party Organizations Operating Brick-and-Mortar Community Centers,Story Club Pittsburgh (in partnership with City of Asylum),"40 W North Avenue, Pittsburgh, PA 15212",https://storyclubpgh.org,storyclubpgh@gmail.com,
Team Build Days,"Habitat for Humanity of Greater Pittsburgh’s Team Build Days bring volunteers from companies, unions, schools, congregations, and neighborhood groups together to build and rehabilitate affordable homes. By assembling mixed crews and welcoming community volunteers to join group sites, Habitat creates nonpartisan settings where people with differing political views work side-by-side on tangible projects, building trust through shared effort.",Intergroup Volunteer Service Projects,Local Republican Party Organizations Operating Brick-and-Mortar Community Centers,Habitat for Humanity of Greater Pittsburgh,"7800 Susquehanna Street, Pittsburgh, PA 15208",https://www.habitatpittsburgh.org,info@habitatpittsburgh.org,
Teen Service Corps (Pittsburgh),"Repair the World’s Teen Service Corps is an after-school and summer service-learning program where teens partner with synagogues, churches, schools, and neighborhood nonprofits on community projects tied to social justice and local history. Participants learn civics and organizing by planning and leading volunteer initiatives, engaging with local leaders, and reflecting on community values. The program builds leadership and job-ready skills while rooting youth engagement in cross-faith and co...",Youth Civic and Vocational Programs Anchored in Community Values,Megachurches Replacing Ethnic Parishes with Conservative Christian Nationalism,Repair the World Pittsburgh,"6022 Broad Street, Pittsburgh, PA 15206",https://werepair.org/city/pittsburgh/,pittsburgh@werepair.org,
TeenBloc,"TeenBloc is a youth civic leadership program that trains Pittsburgh Public Schools students to organize peers, facilitate meetings, and advocate on education policy before school boards and local officials. The program offers hands-on leadership development and campaign experience, building a pipeline of young, community-rooted leaders who can convene neighbors and influence local decision-making.",Youth Civic and Vocational Programs Anchored in Community Values,Megachurches Replacing Ethnic Parishes with Conservative Christian Nationalism,A+ Schools,"1901 Centre Avenue, Pittsburgh, PA 15219",https://aplusschools.org/teenbloc,info@aplusschools.org,
The Bulletin,"The Bulletin is a free monthly community newspaper covering Bloomfield, Garfield, Lawrenceville, and nearby neighborhoods, reporting on local residents, small businesses, and civic projects. Its coverage centers nonpartisan neighborhood initiatives, profiles everyday contributors, and spotlights opportunities for residents to get involved. By celebrating local problem-solvers and community collaboration, The Bulletin strengthens neighborhood identity and trust.",Community Media and Storytelling Projects,Megachurches Replacing Ethnic Parishes with Conservative Christian Nationalism,Bloomfield-Garfield Corporation,"113 N Pacific Avenue, Pittsburgh, PA 15224",https://bloomfield-garfield.org/the-bulletin,bulletin@bloomfield-garfield.org,
The Bulletin,"The Bulletin is a monthly, nonpartisan neighborhood newspaper covering Bloomfield, Garfield, Friendship, Lawrenceville, and nearby East End communities. It profiles everyday civic contributors, small businesses, and resident-led projects, and promotes local meetings and resources. By elevating personal stories and community initiatives across print and digital channels, it reframes neighborhood identity around shared values and participation.",Community Media and Storytelling Projects,Megachurches Replacing Ethnic Parishes with Conservative Christian Nationalism,Bloomfield-Garfield Corporation,"5149 Penn Avenue, Pittsburgh, PA 15224",https://bloomfield-garfield.org/the-bulletin/,bulletin@bloomfield-garfield.org,
The Bulletin,"The Bulletin is a free monthly community newspaper covering Bloomfield, Garfield, Lawrenceville, and nearby neighborhoods, reporting on local residents, small businesses, and civic projects. Its coverage centers nonpartisan neighborhood initiatives, profiles everyday contributors, and spotlights opportunities for residents to get involved. By celebrating local problem-solvers and community collaboration, The Bulletin strengthens neighborhood identity and trust.",Community Media for Inclusive Storytelling,Gun Clubs as Primary Social Hubs with Political Messaging,Bloomfield-Garfield Corporation,"113 N Pacific Avenue, Pittsburgh, PA 15224",https://bloomfield-garfield.org/the-bulletin,bulletin@bloomfield-garfield.org,
The Bulletin,"The Bulletin is a free, nonprofit community newspaper that covers Bloomfield, Garfield, Friendship, East Liberty, and surrounding neighborhoods with solutions-focused, nonpartisan reporting. It regularly profiles residents, small businesses, and community groups, and invites neighbor submissions to spotlight everyday civic contributors and local initiatives. By elevating personal stories and shared neighborhood values, it reframes local identity around collaboration and civic pride.",Community Media for Inclusive Storytelling,Gun Clubs as Primary Social Hubs with Political Messaging,Bloomfield-Garfield Corporation,"5149 Penn Avenue, Pittsburgh, PA 15224",https://www.bloomfield-garfield.org/the-bulletin/,bulletin@bloomfield-garfield.org,
The Bulletin,"The Bulletin is a monthly, nonpartisan neighborhood newspaper covering Bloomfield, Garfield, Friendship, Lawrenceville, and nearby East End communities. It profiles everyday civic contributors, small businesses, and resident-led projects, and promotes local meetings and resources. By elevating personal stories and community initiatives across print and digital channels, it reframes neighborhood identity around shared values and participation.",Community Media for Inclusive Storytelling,Gun Clubs as Primary Social Hubs with Political Messaging,Bloomfield-Garfield Corporation,"5149 Penn Avenue, Pittsburgh, PA 15224",https://bloomfield-garfield.org/the-bulletin/,bulletin@bloomfield-garfield.org,
The Bulletin Community Calendar,"The Bloomfield-Garfield Corporation publishes The Bulletin, a monthly newspaper and website featuring a community calendar that aggregates nonpartisan neighborhood meetings, cleanups, cultural gatherings, and resource fairs across Garfield, Bloomfield, Friendship, Lawrenceville, and nearby areas. Its free, widely distributed print edition and online listings function as an outreach hub, connecting residents to inclusive civic and social activities as alternatives to politically affiliated clu...",Local Inclusive Events Calendar and Outreach Hub,Gun Clubs as Primary Social Hubs with Political Messaging,Bloomfield-Garfield Corporation,"5149 Penn Avenue, Pittsburgh, PA 15224",https://bloomfield-garfield.org/the-bulletin/,info@bloomfield-garfield.org,
The Bulletin – Community Calendar,"The Bloomfield-Garfield Corporation publishes The Bulletin, a free monthly newspaper with an online and print community calendar listing neighborhood meetings, workshops, resource fairs, arts and cultural gatherings, and social events across multiple East End communities. Its broad distribution in physical locations and digital postings functions as a nonpartisan outreach hub, connecting residents with inclusive civic and social opportunities.",Local Inclusive Events Calendar and Outreach Hub,Gun Clubs as Primary Social Hubs with Political Messaging,Bloomfield-Garfield Corporation,"113 North Pacific Avenue, Pittsburgh, PA 15224",https://bloomfield-garfield.org/the-bulletin/,info@bloomfield-garfield.org,
The Center of Harmony,"Located in the restored 1875 Harmony Opera House—historically a community meeting hall—The Center of Harmony operates as a neutral community venue for classes, wellness programs, markets, concerts, and private or civic event rentals. It provides accessible gathering rooms for local organizations, small businesses, and residents to host meetings and social events. By revitalizing a former social/meeting hall for broad public use, it advances nonpartisan community cohesion and participation.",Community-owned Neutral Hub (co-op of former meeting halls),Local Republican Party Organizations Operating Brick-and-Mortar Community Centers,The Center of Harmony,"253 Mercer Street, Harmony, PA 16037",https://thecenterofharmony.com,info@thecenterofharmony.com,
The Conflict Lab,"The Conflict Lab offers training and facilitation in restorative justice circle processes and mediation for neighborhoods, schools, and workplaces in the Pittsburgh region. By equipping community members, teachers, parents, and organizational leaders with circle-keeping and mediation skills, they build local capacity to address harm, de-escalate tensions, and restore relationships without resorting to punitive or violent responses.",Restorative Justice and Community Mediation Training,Conservative Identity Cultivation Through Protective Masculinity Narratives,The Conflict Lab,"100 South Commons, Suite 102, Pittsburgh, PA 15212",https://www.theconflictlab.com,info@theconflictlab.com,
The Confluence,"The Confluence is WESA’s weekday public-affairs program and podcast spotlighting local leaders, worker stories, and collaborative initiatives across Western Pennsylvania. Regular segments elevate diverse community and faith perspectives on regional challenges—such as economic transition, public health, and education—creating a shared information commons that supports civic trust and informed, solutions-focused engagement.",Community Media and Storytelling Projects,Megachurches Replacing Ethnic Parishes with Conservative Christian Nationalism,90.5 WESA / Pittsburgh Community Broadcasting Corporation,"67 Bedford Square, Pittsburgh, PA 15203",https://www.wesa.fm,talk@wesa.fm,
The Homepage,"The Homepage is a print and digital community newsletter for Greater Hazelwood that features resident-written pieces, profiles of local workers and entrepreneurs, and coverage of community partnerships and redevelopment efforts. It invites submissions from neighborhood organizations and churches, lifting inclusive faith voices alongside stories of cooperative problem‑solving to strengthen trust and a shared civic identity.",Community Media and Storytelling Projects,Megachurches Replacing Ethnic Parishes with Conservative Christian Nationalism,"Hazelwood Initiative, Inc.","4901 Second Avenue, Pittsburgh, PA 15207",https://www.hazelwoodinitiative.org,info@hazelwoodinitiative.org,
The Homepage,"The Homepage is a neighborhood newspaper serving Hazelwood, Greenfield, and Glen Hazel with nonpartisan coverage of community events, resources, and resident perspectives. It highlights unsung civic contributors—block captains, volunteers, youth leaders—and spotlights local initiatives like housing, workforce, and public space improvements. By sharing personal stories and practical information in print and online, it builds a shared sense of place and trust among neighbors.",Community Media for Inclusive Storytelling,Gun Clubs as Primary Social Hubs with Political Messaging,"Hazelwood Initiative, Inc.","4901 Second Avenue, Pittsburgh, PA 15207",https://www.hazelwoodinitiative.org/the-homepage,info@hazelwoodinitiative.org,
The Homepage (Greater Hazelwood Community Newspaper),"The Homepage is a free print and online newspaper serving Greater Hazelwood that profiles residents, block clubs, and nonpartisan community projects in areas like housing, safety, and local development. It invites stories and announcements from neighbors and civic groups, highlighting everyday contributors who strengthen community life. By centering personal narratives and shared efforts, it helps build a sense of belonging and trust.",Community Media for Inclusive Storytelling,Gun Clubs as Primary Social Hubs with Political Messaging,"Hazelwood Initiative, Inc.","4901 Second Avenue, Pittsburgh, PA 15207",https://www.hazelwoodinitiative.org,info@hazelwoodinitiative.org,
The Kingsley Association,"The Kingsley Association operates a neighborhood community center with a gym, fitness programs, youth sports, aquatics, arts classes, and multipurpose rooms. Memberships and program fees are kept affordable and open to all residents regardless of affiliation, and community meeting rooms are available for local groups. This inclusive, nonpartisan facility offers recreation and gathering spaces that strengthen neighborhood ties outside of politically-oriented clubs.",Community-owned Inclusive Recreation Centers,Gun Clubs as Primary Social Hubs with Political Messaging,The Kingsley Association,"6435 Frankstown Avenue, Pittsburgh, PA 15206",https://www.kingsleyassociation.org,info@kingsleyassociation.org,
The Kingsley Center,"The Kingsley Association operates a community-run recreation center with an aquatic center, fitness facilities, gymnasium, arts and education programs, and meeting rooms open to all residents at low cost. By providing neutral, nonpartisan space for sports, arts, and neighborhood gatherings, it offers an inclusive alternative to membership-restricted clubs and strengthens social ties in the East End.",Community-owned Inclusive Recreation Centers,Gun Clubs as Primary Social Hubs with Political Messaging,The Kingsley Association,"6435 Frankstown Ave, Pittsburgh, PA 15206",https://kingsleyassociation.org,info@kingsleyassociation.org,
The Neighborhood Table (Roots of Faith),"Roots of Faith, a community campus of Faith UMC, hosts The Neighborhood Table community dinners and a food pantry in collaboration with the Greater Pittsburgh Community Food Bank and partner congregations such as Fox Chapel Presbyterian Church. Different churches take turns cooking, serving, and offering supportive services in the shared church facility, creating an ongoing shared-use model that provides meals, resource navigation, and relationship-building across congregations and the wider ...",Shared Use Agreements for Community Services,Megachurches Replacing Ethnic Parishes with Conservative Christian Nationalism,Faith United Methodist Church (Roots of Faith Campus),"800 Main Street, Sharpsburg, PA 15215",https://faithfoxchapel.org/roots-of-faith/,office@faithfoxchapel.org,
The Pump House,"Rivers of Steel owns and stewards the historic Pump House at the former Homestead Steel Works as a public gathering and event venue for labor history, arts, and civic activities. Nonprofit ownership and venue policies preserve this former industrial hall as an accessible, neutral community space that cannot be converted into a partisan headquarters.",Community Land Trust for Meeting Spaces,Local Republican Party Organizations Operating Brick-and-Mortar Community Centers,Rivers of Steel Heritage Corporation,"880 East Waterfront Drive, Munhall, PA 15120",https://riversofsteel.com,info@riversofsteel.com,
The Pump House,"This restored Homestead Steel Works landmark functions as a flexible venue for community gatherings, markets, classes, and nonprofit events. Rivers of Steel offers public rentals, nonprofit rates, and a shared calendar so neighborhood clubs and civic groups can reserve space, turning a historic labor site into a multi-use community hub. Volunteer stewardship and partnerships with local organizations reflect the solution’s emphasis on shared management and community-led activation.",Community-owned Neutral Hub (co-op of former meeting halls),Local Republican Party Organizations Operating Brick-and-Mortar Community Centers,Rivers of Steel Heritage Corporation,"880 E Waterfront Drive, Munhall, PA 15120",https://riversofsteel.com/visit/pump-house/,info@riversofsteel.com,
The Wilkinsburg Sun,"The Wilkinsburg Sun is a hyperlocal monthly newspaper and online platform that reports on neighborhood projects, small businesses, civic partnerships, and community events in Wilkinsburg. It regularly features resident profiles, columns from local leaders (including faith and nonprofit voices), and coverage of collaborative initiatives aimed at improving housing, safety, and economic opportunity. By centering practical solutions and everyday problem-solvers, it builds shared identity and coun...",Community Media and Storytelling Projects,Megachurches Replacing Ethnic Parishes with Conservative Christian Nationalism,Wilkinsburg Community Development Corporation,"1001 Wood Street, Wilkinsburg, PA 15221",https://wilkinsburgsun.com,thewilkinsburgsun@gmail.com,
Tool Lending Library,"The Braddock Carnegie Library’s Tool Lending Library allows residents to borrow hand and power tools for home and community projects, reducing cost barriers and encouraging neighbors to work together on repairs and shared improvements. It also hosts workshops on safe tool use and DIY skills, building practical know-how and trust through cooperative, nonpolitical activity. By circulating tools and teaching skills, it creates a community gathering space centered on making and mutual aid.",Shared-tools and Makerspaces,Gun Clubs as Primary Social Hubs with Political Messaging,Braddock Carnegie Library Association,"419 Library Street, Braddock, PA 15104",https://www.braddockcarnegielibrary.org,,
Trade Institute of Pittsburgh,"Trade Institute of Pittsburgh provides hands-on workforce training in masonry, carpentry, welding, and related trades for people facing employment barriers, while co-located in a multi-tenant industrial campus with mission-driven manufacturers and social enterprises. The shared site enables training participants to interact with active businesses and maker tenants, building practical experience and connections that lead to jobs and apprenticeships, including with union partners. This co-locat...","Youth Skills, Apprenticeship and Mentorship Programs",Local Republican Party Organizations Operating Brick-and-Mortar Community Centers,Trade Institute of Pittsburgh,"7800 Susquehanna Street, Pittsburgh, PA 15208",https://www.tipgh.org,info@tipgh.org,
Trade Institute of Pittsburgh (Skilled Trades Training),"The Trade Institute of Pittsburgh provides hands-on training in masonry, carpentry, welding, and related trades for adults, including many returning citizens and men from deindustrialized neighborhoods. The program pairs shop-based instruction with peer mentoring, life coaching, and community improvement projects, creating a supportive workshop culture. By building real skills and working side-by-side with instructors and peers, participants regain status and purpose through meaningful work a...",Men’s Community Workshops and Skill Centers,Conservative Identity Cultivation Through Protective Masculinity Narratives,Trade Institute of Pittsburgh,"7800 Susquehanna Street, Pittsburgh, PA 15208",https://www.tradeinstitute.org,info@tradeinstitute.org,
Trade Institute of Pittsburgh (TIP),"TIP provides intensive hands-on training in masonry, carpentry, and welding, along with OSHA certifications, soft skills, and job placement services. The institute maintains direct pipelines into union apprenticeships and construction employers, helping residents of deindustrialized neighborhoods regain economic stability and dignity through skilled trades careers.",Worker Cooperatives and Apprenticeship Programs,Conservative Identity Cultivation Through Protective Masculinity Narratives,Trade Institute of Pittsburgh,"7800 Susquehanna Street, Pittsburgh, PA 15208",https://www.tradeinstitute.org,info@tradeinstitute.org,
Trade Institute of Pittsburgh (TIP) Training Programs,"TIP provides hands-on training in masonry, carpentry, welding, and other skilled trades for adults facing barriers to employment, with strong wraparound supports and job placement. The program partners with contractors and union apprenticeship programs to place graduates into living-wage careers, restoring purpose and identity through meaningful skilled work in communities hit by deindustrialization.",Men’s Community Workshops and Skill Centers,Conservative Identity Cultivation Through Protective Masculinity Narratives,Trade Institute of Pittsburgh,"7800 Susquehanna Street, Pittsburgh, PA 15208",https://www.tipgh.org,info@tipgh.org,
Trade Institute of Pittsburgh Training & Job Placement,"Trade Institute of Pittsburgh provides intensive, hands-on training in masonry, carpentry, and welding, coupled with job placement and connections to union apprenticeships in the building trades. The program targets individuals seeking a path back to dignified, well-paid work, creating a pipeline into the trades that supports families and strengthens community trust through shared, skilled labor.",Worker Cooperatives and Apprenticeship Programs,Conservative Identity Cultivation Through Protective Masculinity Narratives,Trade Institute of Pittsburgh,"7800 Susquehanna Street, Pittsburgh, PA 15208",https://www.tipgh.org,info@tipgh.org,
Trade Institute of Pittsburgh Training Programs,"The Trade Institute of Pittsburgh uses a peer mentorship model where experienced tradespeople and alumni mentors guide trainees through hands-on construction training and the transition to employment. Mentors assist with resource navigation (certifications, tools, transportation, and employer expectations) and encourage graduates to participate in neighborhood projects and employer advisory activities, strengthening local engagement. This worker-to-worker approach creates supportive networks ...",Men’s Community Workshops and Skill Centers,Conservative Identity Cultivation Through Protective Masculinity Narratives,Trade Institute of Pittsburgh,"7800 Susquehanna Street, Pittsburgh, PA 15208",https://www.tradeinstitute.org,,
Trade Institute of Pittsburgh Training Programs,"The Trade Institute of Pittsburgh provides intensive, hands-on training in masonry, carpentry, and related trades led by experienced craftworkers who mentor participants through projects and job readiness. TIP partners with local contractors and unions to place graduates into apprenticeships and entry-level jobs, using a repurposed industrial building as a community training asset. This model builds practical, marketable skills while linking participants to mentors and employers for sustained...","Youth Skills, Apprenticeship and Mentorship Programs",Local Republican Party Organizations Operating Brick-and-Mortar Community Centers,Trade Institute of Pittsburgh,"7800 Susquehanna Street, Pittsburgh, PA 15208",https://www.tipgh.org,info@tipgh.org,
Trauma Response Team,"The Trauma Response Team mobilizes trained community volunteers and staff to provide immediate, on‑the‑ground support after incidents of violence, including wellness checks, grief support, and conflict mediation to reduce the risk of retaliatory harm. Working alongside residents, faith leaders, hospitals, and police, they act as non‑armed community responders who stabilize situations and connect neighbors to resources. This implements the solution by centering neighborhood‑led, non‑police saf...",Neighborhood Safety Teams with Non‑armed Community Responders,Conservative Identity Cultivation Through Protective Masculinity Narratives,Neighborhood Resilience Project,"2038 Bedford Avenue, Pittsburgh, PA 15219",https://www.neighborhoodresilience.org,info@neighborhoodresilience.org,
Trauma-Informed Community Development (TICD),"Neighborhood Resilience Project’s TICD convenes clergy, lay leaders, and residents for healing-centered dialogues and trainings that cultivate nonviolent community leadership. In partnership with churches and faith-based groups, these conversations reframe protective roles around caring for neighbors, civic engagement, and block-by-block stewardship rather than armed self-reliance. Co-designed with pastors and community members, TICD activates service teams and peacebuilding practices that st...",Faith and Community Dialogues on Protective Roles,Conservative Identity Cultivation Through Protective Masculinity Narratives,Neighborhood Resilience Project,"2038 5th Avenue, Pittsburgh, PA 15219",https://www.neighborhoodresilience.org,info@neighborhoodresilience.org,
Trauma-Informed Community Development Institute,"The Neighborhood Resilience Project convenes residents, faith leaders, and civic partners in ongoing community conversations and trainings that redefine protection as healing-centered care, stewardship of public life, and neighbor-to-neighbor support. By equipping clergy and lay leaders with nonviolent leadership practices and hosting dialogues in community spaces, the Institute helps communities co-design safety strategies grounded in relationship-building rather than force.",Faith and Community Dialogues on Protective Roles,Conservative Identity Cultivation Through Protective Masculinity Narratives,Neighborhood Resilience Project,"2038 Bedford Avenue, Pittsburgh, PA 15219",https://www.neighborhoodresilience.org,info@neighborhoodresilience.org,
Trauma-Informed Community Development Training,"The Neighborhood Resilience Project equips clergy, lay leaders, and active congregants from churches and other faith communities with trauma-informed community organizing tools. Through workshops and practicums, participants learn conflict de-escalation, restorative listening, and how to design inclusive, nonpartisan outreach that strengthens neighborhood wellbeing and social solidarity. Their training helps congregations shift from issue-based mobilization to sustained, relationship-centered...",Congregational Civic Leadership Training,Megachurches Replacing Ethnic Parishes with Conservative Christian Nationalism,Neighborhood Resilience Project,"2038 Bedford Ave, Pittsburgh, PA 15219",https://www.neighborhoodresilience.org,info@neighborhoodresilience.org,
Triboro Ecodistrict Community Conversations,"New Sun Rising convenes regular, facilitated community conversations across the Millvale–Etna–Sharpsburg (Triboro) communities to identify common priorities around issues like public safety, local business vitality, flooding, mobility, and schools. Trained local facilitators use inclusive dialogue methods to bring residents, workers, and civic partners together to build trust, reduce conflict, and co-create neighborhood action plans.",Community Dialogue and Trust-building Series,Gun Clubs as Primary Social Hubs with Political Messaging,New Sun Rising,"110 E Sherman Street, Millvale, PA 15209",https://www.newsunrising.org/strength/triboro-ecodistrict/,info@newsunrising.org,
Tube City Online,"Tube City Online is a community news and storytelling project serving the Mon-Yough area, featuring original reporting, neighborhood newsletters, and the interview podcast ""Two Rivers, 30 Minutes."" It highlights worker stories, local entrepreneurs, historians, clergy, and civic problem-solvers tackling issues from main street revitalization to environmental and public health challenges. By amplifying practical solutions and cross-sector partnerships, it strengthens shared identity in deindust...",Community Media and Storytelling Projects,Megachurches Replacing Ethnic Parishes with Conservative Christian Nationalism,Tube City Community Media Inc.,"409 Walnut Street, Suite 200, McKeesport, PA 15132",https://www.tubecityonline.com,tube-city@tubecityonline.com,
UPMC Children’s Hospital Injury Prevention – Firearm Safety & Safe Storage,"UPMC Children’s Injury Prevention staff counsel families on secure firearm storage and distribute free gun locks through clinics and community events. By pairing practical education with safety devices and partnerships with local organizations and law enforcement, the program promotes voluntary, responsible ownership practices that reduce risk at home.",Locally Led Gun Safety and Responsible Ownership Programs,Conservative Identity Cultivation Through Protective Masculinity Narratives,UPMC Children’s Hospital of Pittsburgh,"4401 Penn Avenue, Pittsburgh, PA 15224",https://www.chp.edu/our-services/injury-prevention,,
UPMC Trauma Services Injury Prevention – Firearm Safety & Storage Outreach,"UPMC’s Trauma Services Injury Prevention program conducts neutral firearm safety and secure-storage education in community settings across Western Pennsylvania, partnering with schools, neighborhood centers, and civic groups. Workshops focus on practical, nonpolitical safety practices, provide or demonstrate locking devices, and include referrals to local behavioral-health and crisis resources as part of a broader injury-prevention and wellness strategy.",Neutral Firearm Safety and Wellness Workshops,Gun Clubs as Primary Social Hubs with Political Messaging,UPMC Presbyterian Trauma Services,"200 Lothrop Street, Pittsburgh, PA 15213",https://www.upmc.com/services/trauma-and-burn/trauma-services/injury-prevention,,
Ujamaa Collective,"Ujamaa Collective is a Black women-led cooperative that operates a retail boutique and supports member-owners to produce, market, and sell their goods. Through cooperative ownership and shared governance, it builds community wealth and agency among residents in the Hill District, keeping profits and decision-making within the neighborhood and modeling pathways for worker-owned enterprises.",Support for Worker and Community-Owned Enterprises,Megachurches Replacing Ethnic Parishes with Conservative Christian Nationalism,Ujamaa Collective,"1901 Centre Avenue, Pittsburgh, PA 15219",https://www.ujamaacollective.org,info@ujamaacollective.org,
Ujamaa Collective Marketplace & Business Incubator,"Ujamaa Collective operates a community-owned retail marketplace and production space that advances cooperative economics for Black women entrepreneurs and makers in the Hill District. The incubator provides storefront space, peer mentoring, and business development support—while encouraging cooperative and worker-owned models—to create dignified local jobs and keep wealth rooted in the neighborhood.",Worker Cooperative Incubator,Local Republican Party Organizations Operating Brick-and-Mortar Community Centers,Ujamaa Collective,"1901 Centre Avenue, Pittsburgh, PA 15219",https://ujamaacollective.org,info@ujamaacollective.org,
Ujamaa Collective Marketplace & Cooperative Development,"Ujamaa Collective advances cooperative economics by supporting Black women artists and makers with shared retail space, entrepreneurial training, and coordinated market access. Their model cultivates cooperative and community-owned ventures that embed income, governance, and cultural expression in the Hill District and surrounding neighborhoods.",Support for Worker and Community-Owned Enterprises,Megachurches Replacing Ethnic Parishes with Conservative Christian Nationalism,Ujamaa Collective,"1901 Centre Avenue, Pittsburgh, PA 15219",https://www.ujamaacollective.org,info@ujamaacollective.org,
Ujamaa Cooperative Development & Marketplace,"Ujamaa Collective operates a community-controlled retail and studio space that incubates Black women-led enterprises using cooperative economics. The initiative provides vendor space, mentorship, cooperative education, and connections to seed capital opportunities to help members form and grow worker-owned and collective businesses. By centering ownership and shared governance, Ujamaa nurtures dignified work and keeps wealth circulating within the Hill District and surrounding communities.",Worker Cooperative Incubator,Local Republican Party Organizations Operating Brick-and-Mortar Community Centers,Ujamaa Collective,"1901 Centre Avenue, Pittsburgh, PA 15219",https://ujamaacollective.org,info@ujamaacollective.org,
Unblurred: First Fridays on Penn,"Unblurred is a monthly, neighborhood-wide arts crawl on Penn Avenue that brings galleries, performers, vendors, and restaurants together for a street-level cultural celebration. The event functions like a recurring block party, drawing neighbors from across the city to enjoy music, food, and local art in an inclusive, walkable setting. It strengthens community ties and offers a neutral, welcoming space for dialogue and shared experience.",Cultural Festivals and Neighborhood Block Parties,Gun Clubs as Primary Social Hubs with Political Messaging,Bloomfield-Garfield Corporation (Penn Avenue Arts & Commercial District),"5149 Penn Avenue, Pittsburgh, PA 15224",https://pennavenue.org/unblurred,info@pennavenue.org,
Unblurred: First Fridays on Penn,"A monthly arts crawl along Penn Avenue featuring gallery openings, live music, craft vendors, and street activations between Garfield and Bloomfield. Its recurring, low-barrier format functions like a neighborhood block party that celebrates local creativity and culture, creating a safe, neutral space for residents to meet and connect across differences.",Cultural Festivals and Neighborhood Block Parties,Gun Clubs as Primary Social Hubs with Political Messaging,Bloomfield-Garfield Corporation,"5321 Penn Avenue, Pittsburgh, PA 15224",https://bloomfield-garfield.org/programs/unblurred-first-fridays-on-penn/,info@bloomfield-garfield.org,
Unblurred: First Fridays on Penn,"Unblurred is a monthly evening art crawl along Penn Avenue coordinated by the Penn Avenue Arts Initiative, bringing galleries, community spaces, and small businesses together for open studios, performances, and occasional open-mic sets. Local businesses sponsor programming and co-host activities with neighborhood organizations, ensuring the events are free and welcoming to all. This directly implements the solution by pairing business sponsorship with community partnerships to provide recurri...",Public-Private Sponsorship of Community Nights,Gun Clubs as Primary Social Hubs with Political Messaging,Bloomfield-Garfield Corporation (Penn Avenue Arts Initiative),"5149 Penn Avenue, Pittsburgh, PA 15224",https://pennavenue.org/unblurred,info@bloomfield-garfield.org,
Unblurred: First Fridays on Penn,"Unblurred is a monthly evening art crawl along Penn Avenue coordinated by the Penn Avenue Arts Initiative, bringing galleries, community spaces, and small businesses together for open studios, performances, and occasional open-mic sets. Local businesses sponsor programming and co-host activities with neighborhood organizations, ensuring the events are free and welcoming to all. This directly implements the solution by pairing business sponsorship with community partnerships to provide recurri...","Inclusive Public Events (Fairs, Markets, Block Parties)",Local Republican Party Organizations Operating Brick-and-Mortar Community Centers,Bloomfield-Garfield Corporation (Penn Avenue Arts Initiative),"5149 Penn Avenue, Pittsburgh, PA 15224",https://pennavenue.org/unblurred,info@bloomfield-garfield.org,
Unblurred: First Fridays on Penn,"On the first Friday of each month, galleries, studios, and small businesses along Penn Avenue open late with art exhibitions, live music, and performances that span the Garfield, Bloomfield, and Friendship neighborhoods. Coordinated by the Bloomfield-Garfield Corporation, this walkable arts night provides inclusive, nonpartisan social space that celebrates local culture and helps neighbors connect across lines of difference.","Community Arts, Music and Culture Nights",Local Republican Party Organizations Operating Brick-and-Mortar Community Centers,Bloomfield-Garfield Corporation (Penn Avenue Arts Initiative),"5149 Penn Avenue, Pittsburgh, PA 15224",https://bloomfield-garfield.org,bgc@bloomfield-garfield.org,
Unblurred: First Fridays on Penn,"Unblurred is a monthly first-Friday art crawl along Penn Avenue where galleries, studios, and community spaces host exhibitions, live music, performances, and pop-up talent showcases. By activating multiple venues with free and low-cost cultural programming, it creates a recurring, neutral social space that brings together residents from different neighborhoods and viewpoints to celebrate local artists and heritage. The open, street-level format encourages informal connection beyond politics ...","Community Arts, Music and Culture Nights",Local Republican Party Organizations Operating Brick-and-Mortar Community Centers,Bloomfield-Garfield Corporation / Penn Avenue Arts & Commercial District,"5149 Penn Avenue, Pittsburgh, PA 15224",https://pennavenue.org/unblurred,info@bloomfield-garfield.org,
Unblurred: First Fridays on Penn,"Unblurred is a monthly, neighborhood-wide arts crawl where galleries, studios, and small businesses along Penn Avenue stay open late with exhibitions, live music, and performances. Organized by the corridor’s community development partners, it creates recurring, neutral cultural nights that bring residents, artists, and visitors together to socialize and connect outside of partisan spaces.","Community Arts, Music and Culture Nights",Local Republican Party Organizations Operating Brick-and-Mortar Community Centers,Bloomfield-Garfield Corporation (Penn Avenue Arts & Commercial District),"5149 Penn Avenue, Pittsburgh, PA 15224",https://pennavenue.org,,
Union Project,"Union Project is a community arts and events center that preserves a historic neighborhood building by funding operations through space rentals, studio memberships, and classes. Community members serve on committees and the board, and volunteers regularly assist with maintenance and stewardship projects. This implements the cooperative hall concept by leveraging member participation and rental income to keep a community gathering space active and well-maintained.",Support for Worker and Community-Owned Enterprises,Megachurches Replacing Ethnic Parishes with Conservative Christian Nationalism,Union Project,"801 North Negley Avenue, Pittsburgh, PA 15206",https://www.unionproject.org,info@unionproject.org,
Union Project,"Union Project is a community arts and events center that preserves a historic neighborhood building by funding operations through space rentals, studio memberships, and classes. Community members serve on committees and the board, and volunteers regularly assist with maintenance and stewardship projects. This implements the cooperative hall concept by leveraging member participation and rental income to keep a community gathering space active and well-maintained.",Reuse Closed Parish Buildings as Community Hubs,Megachurches Replacing Ethnic Parishes with Conservative Christian Nationalism,Union Project,"801 North Negley Avenue, Pittsburgh, PA 15206",https://www.unionproject.org,info@unionproject.org,
Union Project,"Union Project is a community arts and events center that preserves a historic neighborhood building by funding operations through space rentals, studio memberships, and classes. Community members serve on committees and the board, and volunteers regularly assist with maintenance and stewardship projects. This implements the cooperative hall concept by leveraging member participation and rental income to keep a community gathering space active and well-maintained.",Community-owned Inclusive Recreation Centers,Gun Clubs as Primary Social Hubs with Political Messaging,Union Project,"801 North Negley Avenue, Pittsburgh, PA 15206",https://www.unionproject.org,info@unionproject.org,
Union Project,"Union Project is a community arts and events center that preserves a historic neighborhood building by funding operations through space rentals, studio memberships, and classes. Community members serve on committees and the board, and volunteers regularly assist with maintenance and stewardship projects. This implements the cooperative hall concept by leveraging member participation and rental income to keep a community gathering space active and well-maintained.",Community Land Trust for Meeting Spaces,Local Republican Party Organizations Operating Brick-and-Mortar Community Centers,Union Project,"801 North Negley Avenue, Pittsburgh, PA 15206",https://www.unionproject.org,info@unionproject.org,
Union Project,"Union Project is a community arts and events center that preserves a historic neighborhood building by funding operations through space rentals, studio memberships, and classes. Community members serve on committees and the board, and volunteers regularly assist with maintenance and stewardship projects. This implements the cooperative hall concept by leveraging member participation and rental income to keep a community gathering space active and well-maintained.",Community-owned Neutral Hub (co-op of former meeting halls),Local Republican Party Organizations Operating Brick-and-Mortar Community Centers,Union Project,"801 North Negley Avenue, Pittsburgh, PA 15206",https://www.unionproject.org,info@unionproject.org,
Union Project Ceramics Programs,"Union Project offers intergenerational ceramics classes, open studios, and community workshops where teens and adults learn side-by-side under the guidance of professional teaching artists. Programs such as Family Clay Nights and multi-week courses create sustained mentoring relationships and hands-on skill-building. As a nonpartisan neighborhood arts hub, it provides a neutral setting for cross-age collaboration and community connection.",Intergenerational Programs and Apprenticeships,Gun Clubs as Primary Social Hubs with Political Messaging,Union Project,"801 North Negley Avenue, Pittsburgh, PA 15206",https://www.unionproject.org,info@unionproject.org,
Union Project Community Arts & Event Center,"Union Project operates a neighborhood arts and community center featuring a ceramics studio, arts classrooms, and affordable event and meeting rooms that are open to all residents. By hosting accessible arts programs and renting multipurpose spaces to community groups at low cost, it creates a welcoming, nonpartisan gathering place that fosters belonging and civic connection outside politically affiliated venues.",Community-owned Inclusive Recreation Centers,Gun Clubs as Primary Social Hubs with Political Messaging,Union Project,"801 N Negley Avenue, Pittsburgh, PA 15206",https://www.unionproject.org,info@unionproject.org,
Union Project Community Arts & Events Space,"Union Project restored an abandoned historic church into a nonprofit-owned community arts and events center with affordable rentals, studios, and classrooms for diverse groups. Their mission-locked ownership and public programming model keep the property dedicated to inclusive community use, ensuring it cannot be repurposed into an exclusive political headquarters.",Community Land Trust for Meeting Spaces,Local Republican Party Organizations Operating Brick-and-Mortar Community Centers,Union Project,"801 North Negley Avenue, Pittsburgh, PA 15206",https://www.unionproject.org,info@unionproject.org,
Union Project Community Space & Ceramics,"Union Project revitalized a historic building into a community-owned hub offering affordable arts education (including ceramics), rentals for meetings and events, and public gatherings open to all. Its inclusive programming and accessible space provide a nonpartisan social alternative where neighbors can learn, create, and convene together.",Community-owned Inclusive Recreation Centers,Gun Clubs as Primary Social Hubs with Political Messaging,Union Project,"801 N Negley Ave, Pittsburgh, PA 15206",https://www.unionproject.org,info@unionproject.org,
Urban Impact Athletics,"Urban Impact Athletics runs youth leagues and clinics on Pittsburgh’s North Side and relies on volunteer coaches and mentors. By engaging adults in teaching teamwork, discipline, and safety through sports, it provides visible, community-valued leadership roles that protect and develop local youth while strengthening neighborhood bonds.","Community Sports, Search & Rescue, and Service Teams",Conservative Identity Cultivation Through Protective Masculinity Narratives,Urban Impact Foundation,"801 Union Avenue, Pittsburgh, PA 15212",https://uifpgh.org/ministries/athletics,info@uifpgh.org,
Urban Impact Athletics,"Urban Impact engages volunteer coaches and mentors in youth sports on Pittsburgh’s North Side—offering leagues, clinics, and teams in sports like basketball, baseball, and football. Volunteers lead with care and discipline, channeling protective impulses into constructive mentoring and team culture that strengthens neighborhood trust, belonging, and positive male role modeling.","Community Sports, Search & Rescue, and Service Teams",Conservative Identity Cultivation Through Protective Masculinity Narratives,Urban Impact Foundation,"801 Union Avenue, Pittsburgh, PA 15212",https://uifpgh.org,info@uifpgh.org,
VA Keep It Secure – Butler VA Health Care System,"Butler VA distributes free firearm locks and provides lethal-means safety counseling to veterans and their families as part of suicide prevention and responsible ownership efforts. Delivered by clinicians and veteran peer specialists, the program encourages voluntary safe storage practices and community norms of stewardship within the veteran community.",Locally Led Gun Safety and Responsible Ownership Programs,Conservative Identity Cultivation Through Protective Masculinity Narratives,"U.S. Department of Veterans Affairs, Butler VA Health Care System","353 North Duffy Road, Butler, PA 16001",https://www.va.gov/butler-health-care/,,
VA Pittsburgh Suicide Prevention Program,"The VA Pittsburgh Suicide Prevention team conducts neutral, evidence-based firearm safety and lethal-means safety workshops for veterans and families at community locations such as VFW posts, libraries, and VA community spaces. Events emphasize secure storage, distribute gun locks, and connect attendees with mental-health care and crisis lines—delivered without partisan messaging and focused on wellness and safety.",Neutral Firearm Safety and Wellness Workshops,Gun Clubs as Primary Social Hubs with Political Messaging,U.S. Department of Veterans Affairs — VA Pittsburgh Healthcare System,"1010 Delafield Road, Pittsburgh, PA 15215",https://www.va.gov/pittsburgh-health-care/,,
VA Pittsburgh ‘Keep It Secure’ Lethal Means Safety,"The VA Pittsburgh Healthcare System implements the national Keep It Secure initiative locally by facilitating nonpolitical workshops and outreach events that teach firearm safety and secure storage as part of suicide-prevention and wellness programming for veterans and their families. Events in community venues and VA facilities include demonstrations of lock and safe options, guidance on temporary off-site storage, and direct linkage to mental-health and crisis resources.",Neutral Firearm Safety and Wellness Workshops,Gun Clubs as Primary Social Hubs with Political Messaging,VA Pittsburgh Healthcare System,"1010 Delafield Road, Pittsburgh, PA 15215",https://www.va.gov/pittsburgh-health-care/programs/suicide-prevention/,,
Venture Outdoors Corporate Outings,"Venture Outdoors designs private, employer-sponsored after-work outings—such as group hikes, kayak trips, and bike rides—scheduled at neutral venues like parks, trails, and rivers near workplaces. Offered as recurring series or seasonal programs, these activities provide inclusive, apolitical spaces for coworkers to socialize and build community outside of work hours.",Employer-sponsored After-work Social Programs,Gun Clubs as Primary Social Hubs with Political Messaging,Venture Outdoors,"317 East Carson Street, Pittsburgh, PA 15203",https://www.ventureoutdoors.org,info@ventureoutdoors.org,
Veteran Community Initiative (VCI) Peer Networks and Employment Services,"VCI in Johnstown convenes veteran peer-support groups and mentorship networks that help with job readiness, employer connections, and navigating benefits. Staff and trained volunteers link veterans and their families to mental health resources and supportive services while promoting resilience through shared experience. VCI also organizes community service and outreach projects—such as veteran presentations in schools—that channel veterans’ leadership into civic engagement and public education.",Veterans and First‑Responder Peer Networks,Conservative Identity Cultivation Through Protective Masculinity Narratives,"Veteran Community Initiative, Inc.","727 Goucher Street, Johnstown, PA 15905",https://www.vcihome.org,info@vcihome.org,
Veterans Leadership Program,"Veterans Leadership Program (VLP) provides peer-to-peer support, case management, and employment services that help veterans transition into civilian careers while addressing behavioral health needs. Through veteran peer mentors, support groups, and coordinated referrals, VLP connects clients to mental health care and VA benefits, and it runs career coaching, training, and placement supports. The organization also engages veterans in service projects and community leadership (e.g., Stand Down...",Veterans and First‑Responder Peer Networks,Conservative Identity Cultivation Through Protective Masculinity Narratives,Veterans Leadership Program,"2934 Smallman Street, Pittsburgh, PA 15201",https://www.vlpserves.org,info@vlpserves.org,
Veterans Place Day Program and Peer Support Center,"Veterans Place operates a peer-led day program where veterans connect with mentors, participate in recovery and support groups, and access on-site mental health resources and benefits navigation. The program provides employment coaching, job placement assistance, and skills workshops to support career transitions. It also organizes community service projects and leadership opportunities that channel veterans’ protective instincts into civic engagement and mentorship of fellow veterans.",Veterans and First‑Responder Peer Networks,Conservative Identity Cultivation Through Protective Masculinity Narratives,Veterans Place of Washington Boulevard,"945 Washington Boulevard, Pittsburgh, PA 15206",https://www.veteransplaceusa.org,info@veteransplaceusa.org,
Veterans Place Peer Support and Transition Services,"Veterans Place operates a peer-centered campus where veterans build support networks, access employment coaching and job placement assistance, and participate in recovery groups and mentoring. On-site staff and partner clinicians connect veterans to mental health care while peer leaders facilitate groups that reduce isolation and build resilience. The organization also organizes service projects and volunteer opportunities that channel veterans’ protective instincts into civic engagement and ...",Veterans and First‑Responder Peer Networks,Conservative Identity Cultivation Through Protective Masculinity Narratives,Veterans Place of Washington Boulevard,"945 Washington Boulevard, Pittsburgh, PA 15206",https://www.veteransplaceusa.org,info@veteransplaceusa.org,
Veterans Place of Washington Boulevard,"Veterans Place operates a peer-support resource center where certified peer specialists and group activities help veterans build supportive networks, access behavioral health services, and navigate benefits. Its Workforce Development program provides job readiness, training, and employment placement, while volunteer service and mentoring opportunities encourage veterans to serve their neighborhoods and guide fellow vets. These combined services channel veterans’ sense of duty into community s...",Veterans and First‑Responder Peer Networks,Conservative Identity Cultivation Through Protective Masculinity Narratives,Veterans Place of Washington Boulevard,"945 Washington Boulevard, Pittsburgh, PA 15206",https://www.veteransplaceusa.org,info@veteransplaceusa.org,
Vibrancy Funds,"The Vibrancy Funds provide small grants, fiscal sponsorship, and coaching to grassroots projects, paired with capacity-building programs like Launch and the Nonprofit Resilience Program. Cohorts include facilitation and project management training as well as simple evaluation frameworks and data support to help groups measure and communicate impact. By combining training, tools, and micro-grants, New Sun Rising implements the solution’s nonprofit partnership model to strengthen and responsibl...",University–Community Partnership for Facilitation and Evaluation,Local Republican Party Organizations Operating Brick-and-Mortar Community Centers,New Sun Rising,"706 James Street, Pittsburgh, PA 15212",https://www.newsunrising.org,info@newsunrising.org,
Victim Offender Conferencing (VOC) Program,"Crime Victim Center of Erie County operates a restorative justice program that brings trained facilitators together with victims and offenders to address harms, accountability, and restitution through structured dialogue. The center recruits and trains local residents to serve as facilitators and partners with schools and juvenile justice to divert conflicts from the court system, reinforcing community-based safety and healing.",Restorative Justice and Community Mediation Training,Conservative Identity Cultivation Through Protective Masculinity Narratives,Crime Victim Center of Erie County,"125 West 18th Street, Erie, PA 16501",https://www.cvcerie.org,info@cvcerie.org,
Victim Offender Reconciliation Program (VORP),"VORP uses trained community volunteers to mediate face-to-face dialogues between youth who have caused harm and those affected, often including family and community members. By guiding participants toward accountability and mutually agreed-upon repair plans, the program resolves conflicts, reduces the likelihood of escalation, and strengthens trust and cohesion in neighborhoods.",Neighborhood Mediation and Peer Conflict Resolution Teams,Local Republican Party Organizations Operating Brick-and-Mortar Community Centers,Family Services of NW Pennsylvania,"5100 Peach Street, Erie, PA 16509",https://www.fsnwpa.org,info@fsnwpa.org,
Violence Prevention and Community Mediation,"CEA’s outreach teams and volunteers are trained in conflict mediation and de-escalation to address neighborhood disputes and group tensions before they escalate into violence. The program facilitates street-level mediations, restorative dialogues, and peace circles that rebuild trust, reduce retaliatory dynamics, and strengthen cohesion across politically and socially divided communities.",Neighborhood Mediation and Peer Conflict Resolution Teams,Local Republican Party Organizations Operating Brick-and-Mortar Community Centers,"Community Empowerment Association, Inc.","7120 Kelly Street, Pittsburgh, PA 15208",https://www.ceapittsburgh.org,info@ceapittsburgh.org,
VisitPITTSBURGH – Regional Events Calendar and Visitor Guides,"VisitPITTSBURGH operates a widely used regional events calendar highlighting nonpartisan cultural festivals, neighborhood events, educational programs, and family-friendly activities across Western Pennsylvania. It complements the digital hub with physical outreach through printed visitor guides and maps, helping residents and visitors find inclusive ways to engage with local communities beyond political clubs.",Local Inclusive Events Calendar and Outreach Hub,Gun Clubs as Primary Social Hubs with Political Messaging,VisitPITTSBURGH (Greater Pittsburgh Convention and Visitors Bureau),"120 Fifth Avenue, Suite 2800, Pittsburgh, PA 15222",https://www.visitpittsburgh.com/events/,info@visitpittsburgh.com,
Volunteer Fire Company of Mt. Lebanon,"Partnering with the career Mt. Lebanon Fire Department, the Volunteer Fire Company provides fire suppression, rescue, and public education. It offers structured training, a citizen fire academy, and both operational and support roles that channel a protector identity into accredited, community-trusted service.","Community Sports, Search & Rescue, and Service Teams",Conservative Identity Cultivation Through Protective Masculinity Narratives,Mt. Lebanon Fire Department,"555 Washington Road, Mt. Lebanon, PA 15228",https://mtlebanon.org/185/Volunteer-Fire-Company,fire@mtlebanon.org,
Volunteer Firefighter Program,"Bethel Park Volunteer Fire Company recruits and trains community members for firefighting, rescue, and public safety education, offering structured, team-based roles that directly protect local families and neighborhoods. Members serve on calls, assist at community events, and engage in prevention outreach—providing a respected protector identity rooted in service, skill, and responsibility.","Community Sports, Search & Rescue, and Service Teams",Conservative Identity Cultivation Through Protective Masculinity Narratives,Bethel Park Volunteer Fire Company,"5213 Brightwood Road, Bethel Park, PA 15102",https://www.bethelparkvfc.com,,
WESA Public Debates & Candidate Forums,"90.5 WESA collaborates with civic partners to produce nonpartisan candidate debates and issue forums at rotating neutral venues such as universities, cultural centers, and community auditoriums. Ground rules provide equal time, prohibit endorsements, and rely on journalist/community moderators, ensuring balanced coverage and broad public access that disperses political dialogue beyond any single host organization.",Nonpartisan Civic Forum Rotation,Gun Clubs as Primary Social Hubs with Political Messaging,90.5 WESA (Pittsburgh Community Broadcasting Corporation),"67 Bedford Square, Pittsburgh, PA 15203",https://www.wesa.fm,talk@wesa.fm,
WMNBikePGH (Women & Non-Binary Program),"Bike Pittsburgh’s WMNBikePGH program facilitates volunteer-led cycling clubs, group rides, and maintenance nights that build inclusive social networks around biking. Staff provide coordination, safety training, and resources so participants can initiate and run their own ride groups and interest-based meetups—creating nonpartisan, worker-friendly social spaces centered on recreation and skill-sharing.",Worker-led Social Clubs and Interest Groups,Gun Clubs as Primary Social Hubs with Political Messaging,Bike Pittsburgh,"188 43rd Street, Suite 1, Pittsburgh, PA 15201",https://www.bikepgh.org/wmn,info@bikepgh.org,
WPRDC Community Data Resources,"The Western Pennsylvania Regional Data Center offers community organizations open-data tools, training workshops, and one-on-one support to use data for planning, measurement, and program evaluation. By partnering with a university-based data team, local groups gain accessible evaluation resources that improve program quality, foster transparency, and inform scaling decisions.",University–Community Partnership for Facilitation and Evaluation,Local Republican Party Organizations Operating Brick-and-Mortar Community Centers,University of Pittsburgh Center for Social and Urban Research (WPRDC),"3343 Forbes Avenue, Pittsburgh, PA 15260",https://www.wprdc.org,info@wprdc.org,
WQED Debates & Candidate Forums,"WQED produces and broadcasts nonpartisan election debates and community forums in partnership with local media and civic groups. Forums are staged in neutral venues—including the WQED studio, universities, and community auditoriums—and operate under clear debate rules guaranteeing equal time, transparent question formats, and no endorsements. Veteran journalists serve as moderators, and events are free to attend or view, expanding access and reducing reliance on single-organization spaces for...",Nonpartisan Civic Forum Rotation,Gun Clubs as Primary Social Hubs with Political Messaging,WQED Multimedia,"4802 Fifth Avenue, Pittsburgh, PA 15213",https://www.wqed.org,info@wqed.org,
WQED Digital Docs,"WQED Digital Docs produces short-form documentaries and segments that profile everyday Pittsburghers, neighborhood projects, and cultural initiatives across Western Pennsylvania. The nonpartisan stories elevate local problem-solvers—teachers, veterans, volunteers, and civic organizers—while making their work visible on broadcast and social platforms. By centering lived experience and shared values, the series fosters trust and belonging between communities and local institutions.",Community Media for Inclusive Storytelling,Gun Clubs as Primary Social Hubs with Political Messaging,WQED Multimedia,"4802 Fifth Avenue, Pittsburgh, PA 15213",https://www.wqed.org,info@wqed.org,
WQED Digital Storytelling (Short-Form Community Profiles),"WQED produces short-form videos and segments that profile community leaders, volunteers, and local organizations across Western Pennsylvania with a solutions-focused, nonpartisan lens. Distributed on broadcast, streaming, and social media, these stories elevate everyday civic contributors and community initiatives. The inclusive storytelling helps reframe regional identity around shared values and common purpose.",Community Media for Inclusive Storytelling,Gun Clubs as Primary Social Hubs with Political Messaging,WQED Multimedia,"4802 Fifth Avenue, Pittsburgh, PA 15213",https://www.wqed.org,info@wqed.org,
WQLN Community Forum Series,"WQLN Public Media in Erie produces nonpartisan candidate forums and civic issue discussions that rotate among neutral venues, including the WQLN studio and partner community sites across Northwestern Pennsylvania. As a public media outlet, WQLN enforces equal-time policies, avoids endorsements, and uses trained moderators to facilitate balanced conversations, expanding access to civic dialogue beyond any single organization’s space.",Nonpartisan Civic Forum Rotation,Gun Clubs as Primary Social Hubs with Political Messaging,WQLN Public Media,"8425 Peach Street, Erie, PA 16509",https://www.wqln.org,info@wqln.org,
Washington County Elections Office,"The Elections Office runs a public counter that provides nonpartisan assistance with voter registration, mail-in/absentee applications, and election-day guidance. It also supports prospective candidates in local races with filing instructions, deadlines, and office descriptions, giving residents a reliable, unbiased place to learn how to engage in local government and participate in elections.",Nonpartisan Civic Education & Voter Help Desk,Local Republican Party Organizations Operating Brick-and-Mortar Community Centers,Washington County,"100 West Beau Street, Suite 206, Washington, PA 15301",https://www.washingtoncountypa.gov/214/Elections,,
West Overton Village & Museums Exhibitions and Community Programs,"West Overton interprets the region’s industrial and distilling heritage through museum exhibitions, site tours, and public programs that surface stories of work, family, and community in the coal and coke era. Events and demonstrations emphasize traditional trades and craft skills, inviting residents to reconnect protection and pride with stewardship, making, and intergenerational care. By presenting local history through artifacts and storytelling, the initiative helps communities honor the ...",Oral History and Public Art Projects Celebrating Local Identity,Conservative Identity Cultivation Through Protective Masculinity Narratives,West Overton Village & Museums,"109 West Overton Road, Scottdale, PA 15683",https://westovertonvillage.org,info@westovertonvillage.org,
West Overton Village Speaker Series & Oral History Initiative,"West Overton Village preserves and interprets the coke, coal, and industrial heritage of the Scottdale/Connellsville area while actively gathering oral histories from mill and mining families. Its public speaker series and storytelling programs invite longtime residents, former industrial workers, and younger neighbors to share experiences on site, linking personal memories to the historic company town around them. These community conversations help create a shared narrative that strengthens ...",Local Storytelling and Shared History Project,Local Republican Party Organizations Operating Brick-and-Mortar Community Centers,West Overton Village and Museums,"109 W Overton Road, Scottdale, PA 15683",https://westovertonvillage.org,info@westovertonvillage.org,
Western Pennsylvania Regional Data Center (WPRDC),"WPRDC is a partnership housed at Pitt’s Center for Social and Urban Research that provides open data, training, and technical assistance to community groups, nonprofits, and governments across the region. It offers workshops, evaluation-friendly data tools, and support for dashboards and measurement plans so local initiatives can track outcomes and make evidence-based decisions. By equipping partners with practical evaluation infrastructure and coaching, WPRDC operationalizes the evaluation c...",University–Community Partnership for Facilitation and Evaluation,Local Republican Party Organizations Operating Brick-and-Mortar Community Centers,University of Pittsburgh Center for Social and Urban Research,"3343 Forbes Avenue, Pittsburgh, PA 15260",https://www.wprdc.org,info@wprdc.org,
Westmoreland County Voter Registration,"The Voter Registration office offers daily, nonpartisan in-person assistance for voter registration, record updates, and election information at the courthouse. Staff provide neutral guidance for residents interested in running for municipal or county office by supplying nomination materials, instructions, and timelines, and they answer questions about how local government positions function—meeting the need for a regular civic education and voter help desk.",Nonpartisan Civic Education & Voter Help Desk,Local Republican Party Organizations Operating Brick-and-Mortar Community Centers,Westmoreland County,"2 North Main Street, Greensburg, PA 15601",https://www.co.westmoreland.pa.us/218/Voter-Registration,,
Westmoreland Mediation Services,"Westmoreland Mediation Services provides free and low-cost community mediation for neighbor-to-neighbor, landlord–tenant, school, and family disputes across Westmoreland County. The program recruits and trains local volunteer mediators to facilitate confidential, structured conversations that de-escalate tensions and help parties reach mutually acceptable agreements, preserving relationships and neighborhood cohesion.",Neighborhood Mediation and Peer Conflict Resolution Teams,Local Republican Party Organizations Operating Brick-and-Mortar Community Centers,Westmoreland Community Action,"226 South Maple Avenue, Greensburg, PA 15601",https://westmorelandca.org,info@westmorelandca.org,
What’s Good in Your Neighborhood Storytelling Initiative,"Neighborhood Allies supports resident-led storytelling that produces videos, photo essays, and social content celebrating teachers, youth coaches, block captains, nonprofit organizers, and other neighborhood helpers. These community-created narratives highlight service, caregiving, and collaboration as the sources of local safety and pride, shifting prestige toward nonviolent roles and away from militarized notions of protection.",Local Marketing Campaigns Reframing Responsibility and Protection,Conservative Identity Cultivation Through Protective Masculinity Narratives,Neighborhood Allies,"5149 Penn Avenue, Pittsburgh, PA 15224",https://neighborhoodallies.org,info@neighborhoodallies.org,
Wilkins School Community Center,"Wilkins School Community Center is a resident-led nonprofit hub in a former school that offers low-cost classes in arts, dance, fitness, and community programs, plus affordable room rentals for meetings and clubs. The center welcomes people of all ages and backgrounds, providing neutral space for gatherings, workshops, and recreational activities. As a community-run facility, it functions as an inclusive alternative to membership-limited or politically affiliated clubs.",Community-owned Inclusive Recreation Centers,Gun Clubs as Primary Social Hubs with Political Messaging,Wilkins School Community Center,"7604 Charleston Avenue, Pittsburgh, PA 15218",https://www.wsccpgh.org,info@wsccpgh.org,
Workforce Development & Pre-Apprenticeship Programs,"The Energy Innovation Center Institute delivers pre-apprenticeship and apprenticeship-aligned training in the building trades, HVAC, energy efficiency, and clean-energy technologies, connecting residents to registered union apprenticeships and family-sustaining careers. By housing multiple union training partners and industry labs under one roof, it creates a clear pipeline into green construction and facilities jobs that restore dignity and local economic authority through skilled, collectiv...",Worker Cooperatives and Apprenticeship Programs,Conservative Identity Cultivation Through Protective Masculinity Narratives,Energy Innovation Center Institute,"1435 Bedford Avenue, Pittsburgh, PA 15219",https://www.eicpittsburgh.org,info@eicpittsburgh.org,
Youth Express,"SLB Radio’s Youth Express trains teens across Western Pennsylvania to produce audio features and podcasts that profile local role models—teachers, nurses, tradespeople, coaches, and community organizers—and broadcasts them on radio and online. These youth-created stories elevate service-oriented identities as pillars of community safety and belonging, offering compelling, local alternatives to violent or authoritarian models of protection.",Local Marketing Campaigns Reframing Responsibility and Protection,Conservative Identity Cultivation Through Protective Masculinity Narratives,"SLB Radio Productions, Inc. (The Saturday Light Brigade)","10 Children's Way, Suite 300, Pittsburgh, PA 15212",https://youthexpress.org,slb@slbradio.org,
Youth Express,"Youth Express is a community media program that equips middle and high school students to produce radio stories, podcasts, and public service pieces about people who strengthen their neighborhoods. Students regularly profile teachers, nurses, coaches, organizers, and tradespeople as everyday protectors and pillars, then share that content on broadcast and digital platforms and at public events—reframing prestige around service and care rather than force.",Local Marketing Campaigns Reframing Responsibility and Protection,Conservative Identity Cultivation Through Protective Masculinity Narratives,"SLB Radio Productions, Inc.","10 Children's Way, Pittsburgh, PA 15212",https://slbradio.org/youth-express,info@slbradio.org,
Youth Express,"Youth Express is a region-wide audio storytelling initiative where teens and young adults produce radio segments and podcasts about their lives, schools, jobs, and neighborhoods. By amplifying stories of youth workers, immigrant families, and collaborative problem-solving, the program builds a shared civic narrative and elevates inclusive voices often absent from mainstream discourse.",Community Media and Storytelling Projects,Megachurches Replacing Ethnic Parishes with Conservative Christian Nationalism,"SLB Radio Productions, Inc.","10 Children's Way, Pittsburgh, PA 15212",https://slbradio.org,info@slbradio.org,
Youth Express,"Youth Express trains middle and high school students to interview and collaborate with adults and elders to produce radio stories and oral histories about neighborhood life, work, and culture. Adult producers and community storytellers mentor teens in journalism and audio production in the studio and in the field. The intergenerational storytelling fosters empathy, civic ties, and shared identity in neutral community venues across Western Pennsylvania.",Community Media and Storytelling Projects,Megachurches Replacing Ethnic Parishes with Conservative Christian Nationalism,"SLB Radio Productions, Inc.","10 Children’s Way, Pittsburgh, PA 15212",https://www.slbradio.org,slb@slbradio.org,
Youth Express,"Youth Express is a youth-driven media program that trains teens across Western Pennsylvania to produce audio features and podcasts about their neighborhoods, mentors, and community problem-solvers. Stories air on SLB Radio streams and podcasts, amplifying nonpartisan civic initiatives and everyday contributors—from coaches and librarians to local organizers. By equipping young residents to tell inclusive stories, it strengthens cross-neighborhood understanding and shared values.",Community Media for Inclusive Storytelling,Gun Clubs as Primary Social Hubs with Political Messaging,"SLB Radio Productions, Inc.","10 Children's Way, Pittsburgh, PA 15212",https://youthexpress.org,info@slbradio.org,
Youth Express,"Youth Express trains middle and high school students to interview and collaborate with adults and elders to produce radio stories and oral histories about neighborhood life, work, and culture. Adult producers and community storytellers mentor teens in journalism and audio production in the studio and in the field. The intergenerational storytelling fosters empathy, civic ties, and shared identity in neutral community venues across Western Pennsylvania.",Intergenerational Programs and Apprenticeships,Gun Clubs as Primary Social Hubs with Political Messaging,"SLB Radio Productions, Inc.","10 Children’s Way, Pittsburgh, PA 15212",https://www.slbradio.org,slb@slbradio.org,
Youth Leadership & Service Programs,"The Pittsburgh Project engages middle- and high-school youth after school and in the summer to serve North Side neighbors through home repairs, community gardening, and leadership training rooted in faith and neighborhood solidarity. Participants receive job-readiness coaching and learn civics by planning service projects, meeting local officials, and understanding how city services and community councils operate. As a church-based nonprofit collaborating with schools and local partners, the ...",Youth Civic and Vocational Programs Anchored in Community Values,Megachurches Replacing Ethnic Parishes with Conservative Christian Nationalism,The Pittsburgh Project,"2801 North Charles Street, Pittsburgh, PA 15214",https://www.pittsburghproject.org,info@pittsburghproject.org,
Youth Organizing Committee (YOC),"Casa San Jose’s Youth Organizing Committee is an after-school and summer leadership program where immigrant and Latino youth learn civics, community organizing, and advocacy skills grounded in Catholic social teaching and neighborhood values. Youth study local history, meet with city and county officials on issues like municipal IDs and transit access, and co-lead campaigns with partner schools, parishes, and nonprofits. This directly advances youth civic voice while building job-ready skills...",Youth Civic and Vocational Programs Anchored in Community Values,Megachurches Replacing Ethnic Parishes with Conservative Christian Nationalism,Casa San Jose (a program of the Sisters of St. Joseph of Baden),"2116 Broadway Avenue, Pittsburgh, PA 15216",https://www.casasanjose.org,info@casasanjose.org,
YouthBuild Pittsburgh,"Garfield Jubilee’s YouthBuild Pittsburgh is a year-round program for ages 16–24 that combines GED/high school completion with hands-on construction training in partnership with local building trades unions and contractors. Participants complete neighborhood rehabilitation and community service projects that teach civics, organizing, and the history of Pittsburgh’s communities while preparing for family-sustaining careers. Youth take on leadership roles on work crews and present their work to ...",Youth Civic and Vocational Programs Anchored in Community Values,Megachurches Replacing Ethnic Parishes with Conservative Christian Nationalism,"Garfield Jubilee Association, Inc.","5323 Penn Avenue, Pittsburgh, PA 15224",https://garfieldjubilee.org,info@garfieldjubilee.org,
YouthBuild Pittsburgh,"YouthBuild Pittsburgh, run by the faith-rooted Garfield Jubilee Association, provides construction pre-apprenticeship, education (GED/HiSET), and job placement while partnering with the union building trades through the Builders Guild of Western PA and affiliated apprenticeship programs. The program recruits through churches and faith-based networks in the East End and regularly hosts apprenticeship information sessions and hiring fairs in congregational spaces, steering participants into uni...",Faith-Labor Partnership Programs,Megachurches Replacing Ethnic Parishes with Conservative Christian Nationalism,"Garfield Jubilee Association, Inc.","5323 Penn Avenue, Pittsburgh, PA 15224",https://www.garfieldjubilee.org,info@garfieldjubilee.org,
Zoning 101 Community Education Workshops,"The Department of City Planning periodically offers Zoning 101 and Development Review workshops that explain Pittsburgh’s zoning code, Development Activities Meetings (DAMs), and how to participate in Zoning Board of Adjustment and Planning Commission hearings. Residents learn how projects move through the public process, how to read site plans, and how to submit effective public comments and testimony. By teaching the mechanics of land use decisions, the series empowers neighborhoods to shap...",Civic Leadership and Local Government Training,Conservative Identity Cultivation Through Protective Masculinity Narratives,City of Pittsburgh Department of City Planning,"200 Ross Street, Pittsburgh, PA 15219",https://pittsburghpa.gov/dcp/,planning@pittsburghpa.gov,
re:solve Crisis Network,"re:solve operates 24/7 mobile crisis teams of trained clinicians and peers who respond to mental health and substance-use crises in homes and neighborhoods to provide de-escalation, conflict mediation, safety planning, and wellness checks. Teams coordinate with 911 and police when needed but function as non-armed community responders, offering a care-first alternative that keeps many situations from escalating to law enforcement and strengthens community-based safety supports.",Neighborhood Safety Teams with Non‑armed Community Responders,Conservative Identity Cultivation Through Protective Masculinity Narratives,UPMC Western Behavioral Health,"333 North Braddock Avenue, Pittsburgh, PA 15208",https://www.upmc.com/services/behavioral-health/resolve-crisis-network,,
resolve Crisis Services Mobile Crisis Team,"resolve dispatches unarmed mobile teams of clinicians and peer specialists to homes and neighborhoods across Allegheny County for mental health and community crises. They provide on‑site de‑escalation, conflict mediation, and wellness checks, and coordinate with 911, EMS, and police when needed, offering a non‑police response that keeps residents connected to community care rather than relying on private armament. This implements the solution by giving neighborhoods access to trained, non‑arm...",Neighborhood Safety Teams with Non‑armed Community Responders,Conservative Identity Cultivation Through Protective Masculinity Narratives,UPMC Western Psychiatric Hospital,"333 North Braddock Avenue, Pittsburgh, PA 15208",https://www.upmc.com/services/behavioral-health/resolve-crisis-services,,
