Name,Description,Solution,Obstacle,Organization,Address,Website,Email,Phone,Latitude,Longitude
7800 Susquehanna,"Bridgeway Capital’s 7800 Susquehanna is a multi-tenant manufacturing and maker campus that co-locates small manufacturers, creative enterprises, and workforce training—including the Trade Institute of Pittsburgh—under one roof. The building’s affordable spaces and shared amenities create steady public activity and training opportunities while producing rental income, illustrating how co-locating tool- and maker-oriented enterprises can activate large facilities in ways directly transferable t...",Repurpose Industrial Sites into Maker Spaces and Small Factories,Brain Drain of Young and Educated,Bridgeway Capital,"7800 Susquehanna Street, Pittsburgh, PA 15208",https://www.bridgewaycapital.org/places/7800-susquehanna/,info@bridgewaycapital.org,
7800 Susquehanna Street Manufacturing & Maker Hub,"Bridgeway Capital transformed a former Westinghouse factory into a multi-tenant hub for small manufacturers and makers. The building provides affordable production bays, shared loading and logistics, and business support that enable woodworkers, metal fabricators, and other craft manufacturers to move from prototype to small-batch production. This adaptive reuse keeps industrial jobs in a neighborhood setting and creates pathways for residents to build enterprises close to home.",Repurpose Industrial Sites into Maker Spaces and Small Factories,Brain Drain of Young and Educated,Bridgeway Capital,"7800 Susquehanna Street, Pittsburgh, PA 15208",https://www.7800susquehanna.org,info@bridgewaycapital.org,
ABCD Community of Practice and Fundamentals Workshops,"Neighborhood Allies convenes residents and grassroots leaders for Asset-Based Community Development (ABCD) workshops that include hands-on asset mapping of people’s skills, local organizations, gathering places, and informal networks. Participants create neighborhood asset maps they can use to launch projects, shifting conversations from deficits to strengths and building confidence to act collectively. These recurring sessions help skeptical residents see and mobilize existing resources, fos...",Asset‑Based Community Mapping Workshops,Resistance to Change and New Initiatives,Neighborhood Allies,"5149 Penn Avenue, Pittsburgh, PA 15224",https://neighborhoodallies.org,info@neighborhoodallies.org,
AIU Head Start/Early Head Start,"The Allegheny Intermediate Unit’s Head Start and Early Head Start provide no-cost, high-quality early learning in center-based and home-based options for pregnant parents and children birth to age five. With comprehensive family services—parent education, case management, health and developmental screenings, and connections to benefits—the program reduces childcare costs and builds a support network that enables young parents to stay in school or work locally.",Affordable Childcare Cooperatives and Family Supports,Brain Drain of Young and Educated,Allegheny Intermediate Unit,"475 East Waterfront Drive, Homestead, PA 15120",https://www.aiu3.net/headstart,info@aiu3.net,
AIU3 Training & Consultation – Trauma-Informed Practices for Educators,"The Allegheny Intermediate Unit provides professional development and coaching to school districts on trauma‑informed school frameworks, MTSS/PBIS, and classroom strategies that support students affected by adversity. By training teachers, counselors, and administrators to recognize trauma, de‑escalate effectively, and build supportive classroom climates, AIU3 strengthens the capacity of schools to deliver trauma‑informed care alongside in‑school counseling partners. This educator‑focused wor...",Trauma-Informed Schools and Community Counseling,Intergenerational Transmission of Hopelessness,Allegheny Intermediate Unit (AIU3),"475 East Waterfront Drive, Homestead, PA 15120",https://www.aiu3.net,info@aiu3.net,
AIU3 Trauma-Informed Practices in Schools (Training & Consultation),"The Allegheny Intermediate Unit provides professional development and coaching for educators, administrators, and youth workers across Western Pennsylvania in trauma-informed practices, MTSS/PBIS, and classroom de-escalation strategies. Through workshops, onsite consultation, and implementation support, AIU3 helps districts build school-wide systems that recognize the impacts of trauma and create safe, supportive learning environments. This fulfills the solution by training teachers and youth...",Trauma-Informed Schools and Youth Programs,Substance Abuse and Deaths of Despair Epidemic,Allegheny Intermediate Unit (AIU3),"475 East Waterfront Drive, Homestead, PA 15120",https://www.aiu3.net,info@aiu3.net,
AIU3 Trauma-Sensitive Schools Training and Behavioral Health Supports,"The Allegheny Intermediate Unit (AIU3) delivers professional development and coaching for districts to implement trauma-sensitive school practices, including training for teachers, administrators, and support staff. AIU3 also coordinates behavioral health linkages and supports SAP implementation, helping schools embed trauma-informed approaches and connect students to counseling services. By building educator capacity and strengthening school-community mental health pipelines, AIU3 advances t...",Trauma-Informed Schools and Community Counseling,Intergenerational Transmission of Hopelessness,Allegheny Intermediate Unit,"475 East Waterfront Drive, Homestead, PA 15120",https://www.aiu3.net,,
ARM Institute at Mill 19,"The Advanced Robotics for Manufacturing (ARM) Institute operates a national advanced manufacturing innovation hub inside the repurposed Mill 19 steel mill at Hazelwood Green. The facility includes robotics and automation labs where industry partners and startups pilot production processes, train workers, and scale early-stage products, creating hands-on jobs in a redeveloped industrial site. By clustering manufacturers, research, and workforce programs in a former mill, it anchors local oppor...",Repurpose Industrial Sites into Maker Spaces and Small Factories,Brain Drain of Young and Educated,Advanced Robotics for Manufacturing (ARM) Institute,"4501 Lytle Street, Pittsburgh, PA 15207",https://arminstitute.org,info@arminstitute.org,
Academy PGH,"Academy PGH delivers intensive, cohort‑based software development bootcamps that train residents in full‑stack coding, version control, and collaborative workflows used in remote teams. The program partners with local employers and community groups to reduce barriers to entry, offers career services, and prepares graduates for remote and local tech roles so they can stay in Western Pennsylvania while accessing modern opportunities. By building in‑demand digital skills, it helps retain talent ...",Community Broadband and Digital Skills Training,Brain Drain of Young and Educated,Academy Pittsburgh,"744 East Warrington Avenue, Pittsburgh, PA 15210",https://www.academypgh.com,info@academypgh.com,
Adult Maker Night,"Assemble’s Adult Maker Night invites neighbors to learn and share DIY, repair, and creative skills with local guest makers and community instructors. The informal, hands-on format encourages participants to both teach and learn, creating a reciprocal skill-swap environment. These resident-led circles build confidence, strengthen peer connections, and demonstrate trust in community expertise.",Community Learning Circles and Skills Swaps,Resistance to Change and New Initiatives,Assemble,"4824 Penn Avenue, Pittsburgh, PA 15224",https://www.assemblepgh.org,info@assemblepgh.org,
After School & College and Career Readiness,"The Brashear Association converts community spaces at its South Side center into learning hubs that provide daily after-school tutoring, academic support, and access to technology for local youth. Its College and Career Readiness programming offers mentoring, postsecondary exploration, and hands-on help with applications and next-step planning by staff and volunteers. This approach strengthens neighborhood trust in institutions and builds a clear pathway from school to meaningful work.",Community Learning Hubs and Tutoring Centers,Intergenerational Transmission of Hopelessness,The Brashear Association,"2005 Sarah Street, Pittsburgh, PA 15203",https://www.brashearpgh.org,info@brashearpgh.org,
After-School Program,"The Pittsburgh Project runs an after-school learning center where students receive tutoring, mentoring, and enrichment from educators and trained volunteers in a dedicated community facility. The program offers computer and internet access, academic coaching, and college and career readiness workshops for older youth, including assistance with applications and planning. This creates a reliable neighborhood hub that models success and counters cycles of disengagement.",Community Learning Hubs and Tutoring Centers,Intergenerational Transmission of Hopelessness,The Pittsburgh Project,"2801 North Charles Street, Pittsburgh, PA 15214",https://www.pittsburghproject.org,info@pittsburghproject.org,
After-School and Mentoring Programs,"Best of the Batch Foundation pairs students in the Mon Valley with adult mentors, including retirees, union tradespeople, and local professionals who volunteer through schools, churches, and businesses. Mentors provide one-on-one and small-group guidance in literacy, STEM, and life skills, plus exposure to careers and postsecondary paths within a supportive clubhouse environment. Staff coordinate background checks and maintain match logs and individualized plans to monitor relationships and y...",Community Mentorship Network,Intergenerational Transmission of Hopelessness,Best of the Batch Foundation,"2000 West Street, Munhall, PA 15120",https://www.batchfoundation.org,info@batchfoundation.org,
Afterschool Programs and Career Works (Estelle S. Campbell Clubhouse),"Boys & Girls Clubs of Western Pennsylvania operates the Estelle S. Campbell Clubhouse as a community learning hub offering daily tutoring, homework help, and access to computer labs and the internet. Through its Career Works initiative, the site provides college and career counseling, postsecondary planning, and application support led by youth development professionals and volunteers. The clubhouse model converts community space into a safe, structured environment that reinforces positive ro...",Community Learning Hubs and Tutoring Centers,Intergenerational Transmission of Hopelessness,Boys & Girls Clubs of Western Pennsylvania,"4600 Butler Street, Pittsburgh, PA 15201",https://www.bgcwpa.org,info@bgcwpa.org,
Allegheny Alerts – Overdose Spike Alerts,"Allegheny Alerts is the county’s opt-in notification platform that issues timely public health messages, including overdose spike alerts, to residents, providers, and community groups by neighborhood/ZIP code. Alerts are driven by near real-time overdose data shared by public health and emergency services, enabling rapid warning to the public and mobilization of outreach teams and harm-reduction resources in affected communities.",Overdose Data Sharing and Early-Warning System,Substance Abuse and Deaths of Despair Epidemic,Allegheny County Department of Human Services,"1 Smithfield Street, Pittsburgh, PA 15222",https://alleghenyalerts.alleghenycounty.us,,
Allegheny County Adult Drug Court,"The Adult Drug Court diverts eligible non-violent defendants with substance use disorders away from incarceration and into supervised treatment, recovery support, and regular judicial review. Participants receive coordinated case management, court navigation, and connections to community treatment providers, helping them avoid or reduce criminal records while addressing underlying addiction.","Legal Aid, Reentry, and Diversion Supports",Substance Abuse and Deaths of Despair Epidemic,Fifth Judicial District of Pennsylvania (Allegheny County Court of Common Pleas),"436 Grant Street, Pittsburgh, PA 15219",https://www.alleghenycourts.us/criminal/problem-solving_courts.aspx,,
Allegheny County Analytics,"Allegheny County’s Analytics team publishes data briefs, interactive maps, and dashboards on housing stability, health, human services, economic hardship, and neighborhood conditions. It implements the solution by compiling local evidence of needs—often at granular municipal or neighborhood scales—and making the data, methods, and visualizations publicly available for policymakers, campaigns, journalists, and advocates to understand and respond to community challenges.",Transparent Project Dashboard and Regular Reporting,Resistance to Change and New Initiatives,"Allegheny County Department of Human Services, Office of Analytics, Technology and Planning","1 Smithfield Street, Pittsburgh, PA 15222",https://www.alleghenycountyanalytics.us,DHS-Research@alleghenycounty.us,
Allegheny County Analytics (Public Dashboards and Advisory Meetings),"Allegheny County DHS operates Allegheny County Analytics, a public portal with dashboards and regular reports on human services programs (e.g., housing, child welfare, aging), updated on an ongoing basis to show outcomes, trends, and program performance. DHS and its advisory boards hold standing public meetings—many on a monthly cadence—where data are reviewed, community input is gathered, and follow-up actions are documented, providing a transparent, repeatable process that builds trust thro...",Transparent Project Dashboard and Regular Reporting,Resistance to Change and New Initiatives,Allegheny County Department of Human Services,"1 Smithfield Street, Pittsburgh, PA 15222",https://www.alleghenycountyanalytics.us,DHS-Research@alleghenycounty.us,
Allegheny County Analytics (Public Dashboards and Reporting),"Allegheny County Analytics publishes interactive dashboards and regular reports on human services programs, outcomes, and spending to make performance and budget use visible to residents. DHS pairs these dashboards with recurring public advisory board and stakeholder meetings where data are reviewed, progress is discussed, and community feedback is recorded, creating a clear monthly/quarterly rhythm of reporting and review. This combination of open data and regular public briefings addresses ...",Transparent Project Dashboard and Regular Reporting,Resistance to Change and New Initiatives,Allegheny County Department of Human Services,"One Smithfield Street, Pittsburgh, PA 15222",https://analytics.alleghenycounty.us,DHS-Research@alleghenycounty.us,
Allegheny County Drug Court,"Allegheny County Drug Court is a problem-solving court that diverts eligible defendants with substance use disorders into court-supervised treatment instead of incarceration. Participants receive individualized treatment plans, intensive judicial supervision, and connections to recovery supports, with the opportunity to avoid a criminal record upon successful completion. The program reduces recidivism and stabilizes families by prioritizing treatment and accountability.","Legal Aid, Reentry, and Diversion Supports",Substance Abuse and Deaths of Despair Epidemic,"Fifth Judicial District of Pennsylvania, Court of Common Pleas of Allegheny County","436 Grant Street, Pittsburgh, PA 15219",https://www.alleghenycourts.us,,
Allegheny County Head Start and Early Head Start,"AIU’s Head Start and Early Head Start provide free, high-quality early learning, infant-toddler care, home visiting, and comprehensive family supports (health, nutrition, and social services) for eligible families across Allegheny County. By pairing early education with family case management and resource navigation, the program reduces childcare costs and barriers for young parents, supporting them to work, study, and remain rooted in their communities.",Affordable Childcare Cooperatives and Family Supports,Brain Drain of Young and Educated,Allegheny Intermediate Unit (AIU),"475 East Waterfront Drive, Homestead, PA 15120",https://www.aiu3.net/Page/84,,
Allegheny County MWDBE Program,"Allegheny County’s MWDBE Program certifies local minority-, women-, and disadvantaged-owned firms and sets project-specific participation goals on county contracts to increase local vendor utilization. Through certification, bid opportunity alerts, matchmaking events, and technical assistance, the program channels county procurement toward locally based businesses, strengthening the regional supplier base and keeping contract dollars in Western Pennsylvania.",Buy Local and Contractor Preference Campaigns,Brain Drain of Young and Educated,Allegheny County Department of Equity and Inclusion,"County Office Building, 542 Forbes Avenue, Pittsburgh, PA 15219",https://www.alleghenycounty.us/equity-inclusion/index.aspx,mwbe@alleghenycounty.us,
Allegheny County MWDBE Program,"Allegheny County’s Minority, Women, and Disadvantaged Business Enterprise (MWDBE) Program sets goals and implements policies to increase participation of locally based MWDBE firms in County-funded contracts. By certifying vendors, monitoring procurement, and guiding departments and prime contractors to use local-certified firms, the program operationalizes local vendor preference and keeps public dollars circulating in the regional economy.",Buy Local and Contractor Preference Campaigns,Brain Drain of Young and Educated,Allegheny County Department of Equity and Inclusion,"542 Forbes Avenue, Pittsburgh, PA 15219",https://alleghenycounty.us/departments/equity-and-inclusion/mwdbe.aspx,mwdbe@alleghenycounty.us,
Allegheny County Overdose Dashboard,"This public dashboard publishes regularly updated overdose indicators—including EMS responses, ED visits, and fatalities—broken down by municipality and neighborhood. Community organizations, first responders, and county teams use the data to spot emerging hotspots, issue local warnings, and direct street outreach and treatment navigation to areas with rising activity.",Overdose Data Sharing and Early-Warning System,Substance Abuse and Deaths of Despair Epidemic,Allegheny County Department of Human Services (DHS) / Allegheny County Analytics,"1 Smithfield Street, Pittsburgh, PA 15222",https://www.alleghenycountyanalytics.us/index.php/2022/02/16/overdose-dashboard/,DHS-Research@alleghenycounty.us,
Allegheny County Overdose Prevention,"Allegheny County Health Department’s Overdose Prevention program organizes free naloxone trainings for residents and first responders and distributes Narcan at pop-up events hosted at libraries, community centers, shelters, and faith-based sites across the county. Staff and trained volunteers teach overdose recognition, rescue breathing, and naloxone administration, and attendees leave with free kits. The program partners with neighborhood organizations to bring recurring trainings into deind...",Community Naloxone Distribution and Training,Substance Abuse and Deaths of Despair Epidemic,Allegheny County Health Department,"542 Fourth Avenue, Pittsburgh, PA 15219",https://www.alleghenycounty.us/Health-Department/Programs/Chronic-Disease-and-Injury-Prevention/Overdose-Prevention.aspx,,
Allegheny County Support and Connection Center,"A 24/7 diversion, sobering, and short-stay respite center where individuals can safely recover from intoxication or behavioral health crises outside of jail or the emergency department. The center provides basic medical and behavioral health screening, observation for up to 23 hours, showers, warm meals, and immediate warm handoffs to treatment, case management, and housing navigation within the Allegheny County human services network.",Sobering Centers and Short-Term Respite Care,Substance Abuse and Deaths of Despair Epidemic,Allegheny County Department of Human Services (operated by UPMC Western Behavioral Health at resolve),"333 North Braddock Avenue, Pittsburgh, PA 15208",https://www.alleghenycounty.us/Human-Services/Programs-Services/Support-and-Connection-Center.aspx,DHSResponse@alleghenycounty.us,
Allegheny County Youth Action Board (YAB),"The Youth Action Board is a council of young people with lived experience of homelessness and housing instability who advise Allegheny County’s homeless services Continuum of Care and Department of Human Services on policies, program design, and funding priorities. Members are supported with stipends, mentorship, and training, and they sit alongside decision-making bodies to ensure youth voice shapes services and systems affecting education, housing, and community wellbeing.",Youth Councils and Local Leadership Pathways,Brain Drain of Young and Educated,Allegheny County Department of Human Services,"1 Smithfield Street, Pittsburgh, PA 15222",https://www.alleghenycounty.us/Human-Services,DHS-OfficeOfCommunityRelations@alleghenycounty.us,
Allegheny County Youth Commission,"The Allegheny County Youth Commission is a countywide advisory body of high school students who meet regularly with County Council and other officials, provide recommendations on policies affecting young people, and participate in public meetings. Members from each Council district serve alongside adult leadership in an advisory capacity, gaining mentorship and firsthand experience in local government while elevating youth voice in decisions about services, public safety, and development.",Youth Councils and Local Leadership Pathways,Brain Drain of Young and Educated,Allegheny County Council,"436 Grant Street, Pittsburgh, PA 15219",https://www.alleghenycounty.us/county-council/youth-commission.aspx,CountyCouncil@AlleghenyCounty.us,
Allegheny Health Network Center for Inclusion Health Street Medicine,"AHN’s Center for Inclusion Health operates mobile street medicine teams that bring low‑barrier addiction care directly to encampments, shelters, and neighborhoods with limited clinic access in Western Pennsylvania. Teams can initiate buprenorphine in the field, provide counseling and peer recovery support, and make on‑the‑spot referrals into AHN’s outpatient MAT clinics. They also maintain low‑barrier, same‑day access and walk‑in MAT hours at Inclusion Health clinics to continue care started ...",Mobile Medication-Assisted Treatment (MAT) Access,Substance Abuse and Deaths of Despair Epidemic,Allegheny Health Network (AHN) – Center for Inclusion Health,"320 East North Avenue, Pittsburgh, PA 15212",https://www.ahn.org/services/medicine/inclusion-health,,
Allegheny Land Trust,"Allegheny Land Trust partners with communities across Western Pennsylvania to acquire and permanently protect land for public benefit, placing it under nonprofit community stewardship. By removing land from speculative markets and ensuring local oversight, it keeps key environmental and recreational assets accessible for the long term. This land-trust model strengthens trust in institutions by demonstrating durable, place-based commitments driven by local priorities.",Community Land Trusts and Cooperative Ownership,Resistance to Change and New Initiatives,Allegheny Land Trust,"416 Thorn Street, Sewickley, PA 15143",https://alleghenylandtrust.org,info@alleghenylandtrust.org,
Alloy 26,"Alloy 26 is a large coworking hub in the redeveloped Nova Place complex, transforming former retail/office space into modern shared offices with high-speed internet, meeting rooms, phone booths, and event areas. It provides day passes and memberships for remote workers, freelancers, and startups, along with community programming and on-site support that make it a soft-landing option for professionals who want to stay in the region while accessing national opportunities.",Co-working Hubs and Remote Work Support,Brain Drain of Young and Educated,Faros Properties (Nova Place),"100 S Commons, Pittsburgh, PA 15212",https://www.alloy26.com,hello@alloy26.com,
Alloy 26,"Alloy 26 is a large coworking hub inside the redeveloped Nova Place complex, offering high-speed internet, dedicated desks, private offices, meeting rooms, and event spaces. By activating a formerly underused downtown complex on the North Side, it provides a professional soft-landing for remote workers, freelancers, and small teams who want to stay and build their careers locally.",Co-working Hubs and Remote Work Support,Brain Drain of Young and Educated,Nova Place / Faros Properties,"100 South Commons, Pittsburgh, PA 15212",https://www.alloy26.com,info@alloy26.com,
Alloy 26 at Nova Place,"Alloy 26 is a large coworking center inside Nova Place, a redeveloped former mall on Pittsburgh’s North Side, offering flexible desks, private offices, meeting rooms, phone booths, and enterprise-speed internet. Community management, events, and member services provide soft-landing support for remote professionals and startups to build careers without relocating.",Co-working Hubs and Remote Work Support,Brain Drain of Young and Educated,Faros Properties (Nova Place),"100 South Commons, Suite 102, Pittsburgh, PA 15212",https://www.alloy26.com,hello@alloy26.com,
AlphaLab Accelerator,"AlphaLab is a nationally recognized accelerator that offers cohort-based mentorship, seed funding, and shared workspace to early-stage companies. Through intensive coaching, weekly programming, and a strong mentor network, it helps founders build sustainable businesses and provides clear examples of upward mobility and success within Western Pennsylvania’s neighborhoods.",Small Business Incubator and Mentoring,Intergenerational Transmission of Hopelessness,Innovation Works,"6024 Broad Street, Pittsburgh, PA 15206",https://www.alphalab.org,info@alphalab.org,
AlphaLab Gear Accelerator,"AlphaLab Gear is a hardware and robotics accelerator that matches startup teams with veteran entrepreneurs-in-residence, engineers, and industry leaders for intensive mentorship, prototyping support, and market access. Each cohort is surrounded by advisors and alumni who provide hands-on coaching, introductions to customers and investors, and leadership development. By connecting younger founders with experienced professionals and retirees from the region’s tech and manufacturing base, it cat...",Cross-Generational Mentorship Network,Brain Drain of Young and Educated,Innovation Works,"6024 Broad Street, Pittsburgh, PA 15206",https://www.alphalabgear.org,info@innovationworks.org,
AlphaLab Gear Hardware Accelerator,"AlphaLab Gear is a hardware-focused accelerator that provides a low-cost incubator environment with shared prototyping spaces, equipment access, and coworking, coupled with intensive mentorship from experienced founders and industry experts. The program includes workshops and office hours with legal and accounting partners, and provides seed funding to help teams validate products, launch ventures, and create jobs in the region.",Community Entrepreneurship Incubator and Microgrant Program,Brain Drain of Young and Educated,Innovation Works,"6024 Broad Street, Pittsburgh, PA 15206",https://www.alphalabgear.org,info@innovationworks.org,
Ambassador Program,"Grounded Strategies’ Ambassador Program equips neighborhood leaders with training in facilitation, community organizing, and project management to plan and run local campaigns focused on land reuse, green infrastructure, and environmental justice. Participants learn to navigate municipal processes, build coalitions (including with labor partners), and advocate effectively at public meetings and with decision-makers.",Peer Ambassadors and Trusted Neighbor Network,Resistance to Change and New Initiatives,Grounded Strategies,"6587 Hamilton Avenue, Suite 1W, Pittsburgh, PA 15206",https://groundedpgh.org,info@groundedpgh.org,
Angel’s Place Early Childhood Education and Family Support,"Angel’s Place provides high-quality, subsidized early childhood education and childcare specifically for student parents, along with case management, parenting education, and basic needs support. By removing childcare and cost barriers, the program enables young parents to persist in school or job training, making it more feasible for them to remain and build their futures in Western Pennsylvania.",Affordable Childcare Cooperatives and Family Supports,Brain Drain of Young and Educated,"Angel’s Place, Inc.","2538 Woodstock Avenue, Swissvale, PA 15218",https://www.angelsplacepgh.org,info@angelsplacepgh.org,
Annual Community Awards & Report to the Community (plus Housing/Commercial Redevelopment Milestones),"MVI conducts high-visibility ribbon cuttings and groundbreakings for housing and main-street projects across the Mon Valley, inviting residents, funders, and officials to witness progress and commitments. Its Annual Community Awards & Report to the Community publicly shares results, timelines, and next steps, offering a structured, recurring report-back to stakeholders. These practices counter learned helplessness by showing visible momentum and creating public accountability for promised out...",Public Commitment Ceremonies and Visible Milestones,Resistance to Change and New Initiatives,Mon Valley Initiative,"305 East 8th Avenue, Homestead, PA 15120",https://monvalleyinitiative.com,info@monvalleyinitiative.com,
Apprenti PGH,"Apprenti PGH runs paid, registered technology apprenticeships in partnership with Pittsburgh-area employers who commit to hire apprentices and provide on-the-job training and supervision. The program offers a clear, earn-while-you-learn pathway for young adults into high-demand IT roles, combining employer-based training with related instruction. Community and industry partners guarantee placement slots, mentorship, and wraparound supports that lead to family-sustaining careers.",School-to-Work Apprenticeships and Paid Internships,Intergenerational Transmission of Hopelessness,Fortyx80 (nonprofit affiliate of the Pittsburgh Technology Council),"100 South Commons, Suite 172, Pittsburgh, PA 15212",https://www.fortyx80.org/apprenti,info@fortyx80.org,
Apprenti PGH (Registered Tech Apprenticeships),"Apprenti PGH places candidates into paid, full-time registered apprenticeships with Pittsburgh-area employers in roles like software development, cybersecurity, and data analysis. The program blends short-term classroom training with a year of employer-supervised, paid on-the-job learning, building a local tech talent pipeline and connecting apprentices directly to long-term careers with regional companies.",Paid Local Apprenticeships and Youth Internships,Brain Drain of Young and Educated,Pittsburgh Technology Council,"100 South Commons, Suite 172, Pittsburgh, PA 15212",https://www.pghtech.org,info@pghtech.org,
Apprenti PGH (Technology Apprenticeships),"Apprenti PGH partners with Pittsburgh-area tech employers, the Pittsburgh Technology Council, and education providers to create registered apprenticeship pathways in software, IT, and cybersecurity that outline clear milestones from pre-apprenticeship to mid-level roles. The program covers job-aligned training, provides mentoring and placement with committed employers, and coordinates supportive services with community partners to help nontraditional candidates start and advance in tech careers.",Employer-Community Career Pathway Partnerships,Intergenerational Transmission of Hopelessness,Pittsburgh Technology Council (local intermediary for Apprenti),"100 South Commons, Suite 172, Pittsburgh, PA 15212",https://apprenticareers.org,,
Apprenticeship Graduation Banquet,"IBEW Local 5 and its Joint Apprenticeship Training program host apprenticeship graduation banquets that formally recognize new journey-level electricians for completing multi-year training. The public recognition, awards, and union-community presence create a powerful rite of passage that validates hard work, showcases role models, and affirms the transition into high-quality careers.",Recognition and Rite-of-Passage Celebrations,Intergenerational Transmission of Hopelessness,International Brotherhood of Electrical Workers (IBEW) Local Union No. 5,"5 Hot Metal Street, Pittsburgh, PA 15203",https://www.ibew5.org,,
Apprenticeship Graduation Banquet,"IBEW Local 5 and its Pittsburgh Electrical JATC annually host an apprenticeship graduation banquet that publicly recognizes apprentices who have completed their training and attained journeyman status. The event brings together families, union leadership, contractors, and community partners to celebrate the milestone with awards and certificates. This tradition serves as a regional rite of passage, showcasing a respected pathway to family-sustaining careers and reinforcing positive norms arou...",Recognition and Rite-of-Passage Celebrations,Intergenerational Transmission of Hopelessness,Pittsburgh Electrical JATC (IBEW Local 5 & Western PA NECA),"5 Hot Metal Street, Pittsburgh, PA 15203",https://ibewlocal5.com,,
Apprenticeship Pittsburgh,"Partner4Work’s Apprenticeship Pittsburgh coordinates registered apprenticeships and pre-apprenticeships with local employers, unions, schools, and community organizations across Allegheny County. By funding training partners and aligning Career and Technical Education (CTE) programs with union and industry pathways, it helps employers prioritize hiring nearby residents and creates a seamless local pipeline into family-sustaining jobs—strengthening neighborhood ties and reducing long commutes.",Local Scholarship and Apprenticeship Fund,Intergenerational Transmission of Hopelessness,Partner4Work,"650 Smithfield Street, Suite 2400, Pittsburgh, PA 15222",https://www.partner4work.org,info@partner4work.org,
Apprenticeship Pittsburgh & Industry Partnerships,"Partner4Work, the workforce development board for Pittsburgh and Allegheny County, aligns employers, unions, schools, and community-based providers to co-create transparent career pathways across healthcare, manufacturing, IT, and the public sector. Through Apprenticeship Pittsburgh and related initiatives, the organization funds and coordinates entry-level training, paid work experience, and on-ramps to registered apprenticeships, clarifying credentials, wages, and progression steps. Partner...",Employer-Community Career Pathway Partnerships,Intergenerational Transmission of Hopelessness,Partner4Work (Pittsburgh/Allegheny County Workforce Development Board),"650 Smithfield Street, Suite 2600, Pittsburgh, PA 15222",https://www.partner4work.org,info@partner4work.org,
ApprenticeshipPGH,"ApprenticeshipPGH is a youth-focused pre-apprenticeship that partners with unions, community colleges, and local employers to create direct pathways into registered apprenticeships and entry-level jobs in sectors like advanced manufacturing, IT, and healthcare. By brokering employer partnerships and aligning classroom learning with on-the-job training, it advances hire-local strategies that connect Pittsburgh-area residents to stable careers and deepen ties between workers and neighborhood em...",Employer-Community Career Pathway Partnerships,Intergenerational Transmission of Hopelessness,Partner4Work,"650 Smithfield Street, Suite 2600, Pittsburgh, PA 15222",https://www.partner4work.org,info@partner4work.org,
Area Agency on Aging Advisory Council,"The AAA Advisory Council brings together older adults, caregivers, and community members to review service plans, budgets, and provider performance for aging services in Allegheny County. Their formal recommendations inform procurement, monitoring, and quality improvement, ensuring residents most affected by services have a direct role in oversight and evaluation.",Citizen Oversight and Evaluation Committees,Resistance to Change and New Initiatives,Allegheny County Department of Human Services,"2100 Wharton Street, Pittsburgh, PA 15203",https://www.alleghenycounty.us/Human-Services/Programs-Services/Older-Adults/Area-Agency-on-Aging/AAA-Advisory-Council.aspx,,
Art in the Alley,"A public art and placemaking initiative that converts the alley behind The Palace Theatre into a vibrant pedestrian corridor with murals, lighting, and rotating installations, often paired with live events. This ongoing activation draws regular foot traffic to downtown Greensburg, showcases local creatives, and creates a welcoming environment that strengthens community bonds and encourages young people to engage and remain in the region.",Cultural Programming and Placemaking Events,Brain Drain of Young and Educated,Westmoreland Cultural Trust,"102 N Main Street, Greensburg, PA 15601",https://www.westmorelandculturaltrust.org/art-in-the-alley/,info@westmorelandculturaltrust.org,
Art in the Alley,"Art in the Alley activates public spaces in Johnstown with community-made murals and installations created through workshops led by local artists at Bottle Works. By turning alleys into walkable art corridors, the initiative fosters civic engagement, volunteerism, and neighborhood pride while showcasing the city’s cultural identity.","Community Gardens, Arts, and Civic Projects for Identity Rebuilding",Substance Abuse and Deaths of Despair Epidemic,Bottle Works Ethnic Arts Center,"411 3rd Ave, Johnstown, PA 15906",https://www.bottleworks.org,info@bottleworks.org,
Assemble,"Assemble connects neighbors through a digital community using Discord and video platforms for youth programs, mentor coordination, and resource sharing, while also maintaining an active events calendar online. The organization hosts weekly in-person maker nights at its Penn Avenue space and delivers pop-up STEAM workshops at schools and neighborhood events across Pittsburgh, marrying ongoing remote engagement with periodic, place-based gatherings.",Tool Libraries and Shared Makerspaces,Resistance to Change and New Initiatives,Assemble,"4824 Penn Avenue, Pittsburgh, PA 15224",https://www.assemblepgh.org,info@assemblepgh.org,
Assemble Afterschool Programs & Tutoring,"Assemble transforms a storefront in Garfield into a neighborhood learning hub offering after-school programs, tutoring/mentoring, and teen STEAM workshops. Educators and volunteers provide project-based learning, internet-enabled computers, and guidance on high school, portfolio-building, and pathways to college and creative careers, giving youth positive role models and a supportive space to learn.",Community Learning Hubs and Tutoring Centers,Intergenerational Transmission of Hopelessness,Assemble,"4824 Penn Avenue, Pittsburgh, PA 15224",https://www.assemblepgh.org,info@assemblepgh.org,
Assemble Community Art and Technology Workshops,"Assemble is a neighborhood-based arts and STEAM education space that hosts free and low-cost workshops, public art activities, and community maker events for all ages. By inviting residents to co-create installations, murals, and hands-on projects that reflect local stories, Assemble builds civic pride, offers constructive afterschool and volunteer opportunities, and strengthens community identity in a visible, shared space.","Community Gardens, Arts, and Civic Projects for Identity Rebuilding",Substance Abuse and Deaths of Despair Epidemic,"Assemble, Inc.","4824 Penn Avenue, Pittsburgh, PA 15224",https://www.assemblepgh.org,info@assemblepgh.org,
Auberle 412 Youth Zone and Employment Institute,"Auberle is a certified trauma-informed organization offering the 412 Youth Zone and Employment Institute, which provide youth and young adults with life coaches, behavioral health support, mentoring, and paid training leading to industry-recognized credentials. Programs focus on youth affected by foster care, instability, and trauma, pairing counseling with workforce development to rebuild identity, purpose, and community connection. This holistic model addresses healing and economic opportun...",Trauma-Informed Schools and Youth Programs,Substance Abuse and Deaths of Despair Epidemic,Auberle,"1101 Hartman Street, McKeesport, PA 15132",https://www.auberle.org,info@auberle.org,
Auberle Employment Institute,"Auberle’s Employment Institute in McKeesport functions as a comprehensive resource hub offering job training, industry-recognized credentials, and wraparound services such as behavioral health supports, legal-expungement/record-clearing clinics, and driver’s license restoration. The center partners with employers, apprenticeship programs, and workforce agencies to bring recruiters and union-linked training pathways on site. Its regular hours and broad service mix give residents direct, local ...","Job Training, Apprenticeships, and Social Enterprises",Substance Abuse and Deaths of Despair Epidemic,Auberle,"1101 Hartman Street, McKeesport, PA 15132",https://www.auberle.org,info@auberle.org,
Auberle Employment Institute,"The Employment Institute delivers industry-recognized credentials, job readiness training, and placement services, with employer partnerships across sectors such as construction, manufacturing, and hospitality. Located in the Mon Valley, it offers paid work experiences and apprenticeship pathways, helping individuals rebuild stability and purpose through meaningful employment in communities deeply affected by industrial decline.","Job Training, Apprenticeships, and Social Enterprises",Substance Abuse and Deaths of Despair Epidemic,Auberle,"1101 Hartman Street, McKeesport, PA 15132",https://www.auberle.org/employment-institute,info@auberle.org,
Auberle Employment Institute,"Auberle’s Employment Institute in McKeesport functions as a comprehensive resource hub offering job training, industry-recognized credentials, and wraparound services such as behavioral health supports, legal-expungement/record-clearing clinics, and driver’s license restoration. The center partners with employers, apprenticeship programs, and workforce agencies to bring recruiters and union-linked training pathways on site. Its regular hours and broad service mix give residents direct, local ...",Recovery-Friendly Employer Partnerships,Substance Abuse and Deaths of Despair Epidemic,Auberle,"1101 Hartman Street, McKeesport, PA 15132",https://www.auberle.org,info@auberle.org,
Auberle Employment Institute,"Auberle’s Employment Institute in McKeesport functions as a comprehensive resource hub offering job training, industry-recognized credentials, and wraparound services such as behavioral health supports, legal-expungement/record-clearing clinics, and driver’s license restoration. The center partners with employers, apprenticeship programs, and workforce agencies to bring recruiters and union-linked training pathways on site. Its regular hours and broad service mix give residents direct, local ...",Paid Youth Employment and Micro-Grants,Intergenerational Transmission of Hopelessness,Auberle,"1101 Hartman Street, McKeesport, PA 15132",https://www.auberle.org,info@auberle.org,
Auberle Employment Institute (Trauma-Informed Youth Services),"Auberle operates as a trauma-informed organization and provides youth with paid job training, industry certifications, and mentoring through the Employment Institute, while linking them to counseling and supportive services. Staff are trained in trauma-responsive care (e.g., Sanctuary Model) to help young people rebuild identity and purpose through meaningful work experiences and coaching. This program implements the solution by pairing trauma-informed support with mentorship and skills-based...",Trauma-Informed Schools and Youth Programs,Substance Abuse and Deaths of Despair Epidemic,Auberle,"1101 Hartman Street, McKeesport, PA 15132",https://www.auberle.org,info@auberle.org,
Auberle Family Services,"Auberle delivers in-home, trauma-informed family therapy and parent coaching to strengthen family functioning when addiction has disrupted caregiving and stability. The team coordinates with Auberle’s ATLAS outpatient drug and alcohol program for integrated family sessions and partners with school-based clinicians to serve as liaisons, ensuring children receive consistent support across home, treatment, and school to prevent intergenerational harm.",Family Support and Child-Focused Services,Substance Abuse and Deaths of Despair Epidemic,Auberle,"1101 Hartman Street, McKeesport, PA 15132",https://www.auberle.org,info@auberle.org,
Auberle Family Services and Financial Opportunity Center,"Auberle offers family strengthening and parenting education alongside its Financial Opportunity Center, which provides free financial coaching, budgeting, and employment services. Parents can build positive routines and communication skills through classes while also receiving practical financial counseling that reduces stress and increases stability. This integrated model helps caregivers model hope and set attainable expectations for their children.",Family Resilience and Parenting Workshops,Intergenerational Transmission of Hopelessness,Auberle,"1101 Hartman Street, McKeesport, PA 15132",https://www.auberle.org,info@auberle.org,
Auberle Mentoring,"Auberle’s Mentoring program matches youth and young adults in the Mon Valley with vetted adult volunteers for consistent one-on-one guidance, life-skills coaching, and career exploration. Mentors are recruited from local employers, churches, universities, and civic groups, and staff provide ongoing support while tracking each match’s goals and progress. The program brings trusted community role models into young people’s lives and builds hope and pathways to opportunity in deindustrialized ne...",Community Mentorship Network,Intergenerational Transmission of Hopelessness,Auberle,"1101 Hartman Street, McKeesport, PA 15132",https://www.auberle.org,info@auberle.org,
Auberle Mentoring Program,"Auberle pairs young people in the Mon Valley with vetted adult mentors for regular one-on-one guidance, life-skills coaching, and career exposure. Mentors are recruited from local employers, churches, colleges, and the broader community, reflecting the area’s workforce and civic leadership. Matches are tracked through Auberle’s case management system, with staff supporting each relationship and monitoring goals and outcomes.",Community Mentorship Network,Intergenerational Transmission of Hopelessness,Auberle,"1101 Hartman Street, McKeesport, PA 15132",https://www.auberle.org,info@auberle.org,
Auberle YouthBuild Pittsburgh,"Auberle’s YouthBuild program engages young people ages 16–24 in paid community service, construction training, and leadership development while they work toward education and job credentials. Crews complete neighborhood improvement projects and affordable housing rehabilitation, giving participants practical experience solving local problems and building civic responsibility and voice.",Youth Leadership and Civic Engagement Programs,Intergenerational Transmission of Hopelessness,Auberle,"1101 Hartman Street, McKeesport, PA 15132",https://www.auberle.org/youthbuild,info@auberle.org,
Avenues of Hope,"A URA initiative investing in neighborhood main streets, Avenues of Hope regularly holds public groundbreakings, ribbon cuttings, and progress briefings for corridor projects. These events make commitments visible, bring elected officials and funders to the mic to pledge support, and include report-backs on timelines and budgets—reinforcing accountability while signaling tangible progress to skeptical residents.",Public Commitment Ceremonies and Visible Milestones,Resistance to Change and New Initiatives,Urban Redevelopment Authority of Pittsburgh,"412 Boulevard of the Allies, Suite 901, Pittsburgh, PA 15219",https://www.ura.org,info@ura.org,
BCTA DART (Demand And Response Transport),"BCTA’s DART service offers curb-to-curb, on-demand rides within Beaver County for work, training, medical, and shopping trips. It provides flexible connections to BCTA fixed-route buses and key transit hubs such as the Rochester Transit Center, helping residents access regional opportunities without owning a car.",Community Transit and Mobility Solutions,Brain Drain of Young and Educated,Beaver County Transit Authority,"200 W Washington Street, Rochester, PA 15074",https://bcta.com/dart/,customerservice@bcta.com,
Batch A Difference & Clubhouse Learning Hub,"Best of the Batch Foundation operates a community clubhouse that functions as a learning hub with after-school tutoring, literacy support through the Batch A Difference reading program, and STEAM labs. Staff and volunteers provide internet access, mentoring, and structured college/career exploration so students can complete homework, build confidence, and prepare for postsecondary opportunities.",Community Learning Hubs and Tutoring Centers,Intergenerational Transmission of Hopelessness,Best of the Batch Foundation,"2000 West Street, Munhall, PA 15120",https://www.batchfoundation.org,info@batchfoundation.org,
Bath House Ceramics Studio,"The Braddock Carnegie Library Association’s Bath House Ceramics Studio offers community classes and open studio time facilitated by local artists and advanced community members. Neighbors teach and learn side-by-side, sharing techniques, troubleshooting together, and building practical making skills. The resident-led studio model fosters peer support and visibly invests in community talent and agency.",Community Learning Circles and Skills Swaps,Resistance to Change and New Initiatives,Braddock Carnegie Library Association,"419 Library Street, Braddock, PA 15104",https://www.braddockcarnegielibrary.org,,
Be Here (Venango County Talent Attraction Initiative),"Be Here is Venango County’s coordinated resident and talent attraction campaign focused on drawing back alumni and former residents. The initiative uses storytelling about local ‘boomerang’ successes, targeted outreach during holidays and reunions, and personalized relocation navigation (housing leads, introductions to community groups, and neighborhood tours). It also connects returnees to local employers through a job board and direct employer introductions, and links aspiring entrepreneurs...",‘Return Home’ Campaign with Incentives,Brain Drain of Young and Educated,Venango Area Chamber of Commerce,"24 Seneca Street, Oil City, PA 16301",https://beherevenango.org,chamber@venangochamber.org,
Be a Middle School Mentor,"United Way’s Be a Middle School Mentor program recruits caring adults from regional businesses, universities, faith communities, and civic organizations to meet weekly with Pittsburgh Public Schools students during the school year. Mentors provide role modeling, goal-setting support, and career/college exposure that counters cynicism and low aspirations. The program conducts clearances, makes one-on-one matches, and tracks match quality, attendance, and student outcomes in partnership with sc...",Community Mentorship Network,Intergenerational Transmission of Hopelessness,United Way of Southwestern Pennsylvania,"1250 Penn Avenue, Pittsburgh, PA 15222",https://uwswpa.org,info@uwswpa.org,
Bethlehem Haven Medical Respite Program,"A medical respite program for women experiencing homelessness that provides a safe place to recuperate with nursing support, basic medical monitoring, and daily meals. Staff coordinate warm handoffs to addiction treatment, behavioral health services, and housing programs to support recovery and stability after discharge from hospitals or detox.",Sobering Centers and Short-Term Respite Care,Substance Abuse and Deaths of Despair Epidemic,Bethlehem Haven,"905 Watson Street, Pittsburgh, PA 15219",https://www.bethlehemhaven.org,info@bethlehemhaven.org,
Bethlehem Haven Medical Respite Program,"Bethlehem Haven provides a short-term medical respite setting for women experiencing homelessness who need a safe place to recover, including those with substance use–related conditions. The program offers basic medical oversight, warm meals, and coordinated, supported referrals to treatment, recovery supports, and housing services.",Sobering Centers and Short-Term Respite Care,Substance Abuse and Deaths of Despair Epidemic,Bethlehem Haven of Pittsburgh,"905 Watson Street, Pittsburgh, PA 15219",https://www.bethlehemhaven.org/programs/medical-respite/,info@bethlehemhaven.org,
Bethlehem Haven Recovery Housing,"Bethlehem Haven’s Recovery Housing provides transitional, sober living for women experiencing homelessness and substance use disorders in repurposed residential buildings in Pittsburgh’s Uptown neighborhood. Peer support specialists and case managers deliver recovery programming, trauma-informed services, and pathways to permanent housing and employment. The program’s peer-staffed, housing-first approach offers stability and accountability while residents sustain recovery and reconnect with c...",Peer-Run Transitional and Recovery Housing,Substance Abuse and Deaths of Despair Epidemic,Bethlehem Haven of Pittsburgh (a program of Pittsburgh Mercy),"905 Watson Street, Pittsburgh, PA 15219",https://www.bethlehemhaven.org,info@bethlehemhaven.org,
Bidwell Training Center,"Bidwell Training Center offers tuition-free, accredited workforce training in high-demand fields such as chemical lab technician, medical coding, culinary arts, and horticulture technology. With strong employer partnerships and industry-aligned curricula, it prepares adults for meaningful, family-sustaining employment and apprenticeships, helping residents of deindustrialized communities reconnect to purposeful work.","Job Training, Apprenticeships, and Social Enterprises",Substance Abuse and Deaths of Despair Epidemic,Bidwell Training Center (Manchester Bidwell Corporation),"1815 Metropolitan Street, Pittsburgh, PA 15233",https://www.bidwelltraining.edu,admissions@bidwelltraining.edu,
Bidwell Training Center,"Bidwell Training Center convenes employer advisory boards with hospitals, labs, and companies to co-design industry-aligned training in medical, horticulture, and culinary fields, creating transparent pathways from entry-level credentials to advancement. Working with schools and community partners, it provides case management, job placement, and barrier-removal supports such as transportation assistance and counseling so learners can see and follow attainable career ladders.",Employer-Community Career Pathway Partnerships,Intergenerational Transmission of Hopelessness,Manchester Bidwell Corporation,"1815 Metropolitan Street, Pittsburgh, PA 15233",https://www.bidwelltraining.edu,,
Bidwell Training Center Career Training Programs,"Bidwell Training Center designs free, employer-aligned training in fields like pharmacy technician, medical coding, horticulture, and culinary arts using advisory boards made up of regional employers (e.g., hospitals, labs, and foodservice companies). These partnerships create clear, transparent career ladders and stackable credentials so residents can see a concrete path from entry-level roles to family-sustaining careers. The school collaborates with community groups and provides wraparound...",Employer-Community Career Pathway Partnerships,Intergenerational Transmission of Hopelessness,"Bidwell Training Center, Inc.","1815 Metropolitan Street, Pittsburgh, PA 15233",https://www.bidwelltraining.edu,admissions@bidwelltraining.edu,
Bidwell Training Center Commencement,"Bidwell Training Center conducts commencement ceremonies for graduates of its career-training programs (such as Culinary Arts, Horticulture Technology, and Medical programs), publicly recognizing completion and next steps into employment. The ceremonies feature certificates, honors, and employer connections, creating a visible rite of passage that celebrates effort, achievement, and upward mobility.",Recognition and Rite-of-Passage Celebrations,Intergenerational Transmission of Hopelessness,Bidwell Training Center (a program of Manchester Bidwell Corporation),"1815 Metropolitan Street, Pittsburgh, PA 15233",https://www.bidwelltraining.edu,admissions@bidwelltraining.edu,
Bidwell Training Center Vocational Programs,"Bidwell offers tuition-free, accredited career training in fields like Chemical Laboratory Technician, Culinary Arts, Medical programs, and Horticulture Technology, paired with career services and employer partnerships. By preparing adults for high-demand careers and connecting them to quality jobs and apprenticeships, Bidwell helps rebuild pathways to meaningful work and community stability in Western Pennsylvania.","Job Training, Apprenticeships, and Social Enterprises",Substance Abuse and Deaths of Despair Epidemic,"Bidwell Training Center, Inc.","1815 Metropolitan Street, Pittsburgh, PA 15233",https://www.bidwelltraining.edu,admissions@bidwelltraining.edu,
Big Futures Graduation Celebration,"Big Brothers Big Sisters of Greater Pittsburgh’s Big Futures program hosts an annual graduation celebration that recognizes mentees completing high school and committing to college, trades, military, or immediate employment. The ceremony publicly honors students’ milestones, awards scholarships, and highlights next steps, with mentors and families present. By elevating visible success stories and marking transitions into adulthood, the event fosters positive expectations and community-wide su...",Recognition and Rite-of-Passage Celebrations,Intergenerational Transmission of Hopelessness,Big Brothers Big Sisters of Greater Pittsburgh,"5989 Centre Avenue, Suite 1F, Pittsburgh, PA 15206",https://www.bbbspgh.org,info@bbbspgh.org,
BizFIT,"BizFIT provides training and mentorship to small businesses—especially minority- and women-owned firms—by pairing them with experienced contractors, executives, and subject-matter experts for guidance on growth, certifications, and contracting opportunities. Participants receive one-on-one mentoring, peer cohorts, and connections to larger firms and public agencies, enabling intergenerational learning and real-world collaborations. This cross-generational support strengthens community-rooted ...",Cross-Generational Mentorship Network,Brain Drain of Young and Educated,Riverside Center for Innovation,"700 River Avenue, Suite 531, Pittsburgh, PA 15212",https://www.riversidecenterforinnovation.com,info@riversidecenterforinnovation.com,
BizFIT Pittsburgh,"BizFIT Pittsburgh is a low-cost incubator program that provides cohort-based training, one-on-one mentorship, and access to shared workspace and equipment through the Riverside Center for Innovation. It hosts practical clinics and workshops on topics like accounting, contracting, and legal readiness, and connects entrepreneurs to 0% Kiva microloans and CDFI financing to seed and grow neighborhood-serving businesses that create local jobs.",Community Entrepreneurship Incubator and Microgrant Program,Brain Drain of Young and Educated,Riverside Center for Innovation,"700 River Avenue, Pittsburgh, PA 15212",https://www.riversidecenterforinnovation.com,info@riversidecenterforinnovation.com,
BizFIT Pittsburgh,"BizFIT is a cohort-based small business incubator that provides training, one-on-one mentorship, and back-office support to emerging and existing entrepreneurs, with a strong focus on women- and minority-owned businesses. Through pro bono partners it hosts legal and accounting clinics, offers low-cost/shared workspace at RCI’s North Side facility, and serves as the local hub for Kiva Pittsburgh to help entrepreneurs secure zero-interest microloans and other seed capital to launch or grow comm...",Community Entrepreneurship Incubator and Microgrant Program,Brain Drain of Young and Educated,Riverside Center for Innovation,"700 River Avenue, Suite 531, Pittsburgh, PA 15212",https://riversidecenterforinnovation.com,info@riversidecenterforinnovation.com,
BizFIT Pittsburgh,"BizFIT is a business incubation and training program that delivers hands-on coaching, peer cohorts, and access to capital for minority- and women-owned small businesses. Operated out of Riverside Center for Innovation’s incubator facility, the program provides technical assistance, low-cost workspace options, and connections to microloans (including Kiva and CDFI partners) to help entrepreneurs launch and grow visible local enterprises.",Small Business Incubator and Mentoring,Intergenerational Transmission of Hopelessness,Riverside Center for Innovation,"700 River Avenue, Pittsburgh, PA 15212",https://www.riversidecenterforinnovation.com/bizfit,info@riversidecenterforinnovation.com,
Black Male Leadership Development Institute (BMLDI),"BMLDI is a multi-month leadership program for high school students that combines mentoring, service-learning, and civic engagement experiences, culminating in community-focused projects and presentations to local leaders. The program provides strong role models and structured opportunities for young people to lead and solve neighborhood challenges, reinforcing aspirations and pathways to success.",Youth Leadership and Civic Engagement Programs,Intergenerational Transmission of Hopelessness,Urban League of Greater Pittsburgh (in partnership with Robert Morris University),"610 Wood Street, Pittsburgh, PA 15222",https://ulpgh.org/programs/bmldi/,info@ulpgh.org,
Black Scholar Recognition Ceremony,"Each year, the Urban League of Greater Pittsburgh’s Black Scholar Program hosts a high-profile recognition ceremony honoring African American high school seniors for academic achievement and postsecondary commitments. Families, educators, and community leaders publicly celebrate scholars’ milestones, scholarships, and college, military, or career training signings. This event elevates role models and creates visible community rites-of-passage around educational attainment, reinforcing the mes...",Recognition and Rite-of-Passage Celebrations,Intergenerational Transmission of Hopelessness,Urban League of Greater Pittsburgh,"610 Wood Street, Pittsburgh, PA 15222",https://ulpgh.org,info@ulpgh.org,
Block Ambassador Program,"The Hilltop Alliance Block Ambassador Program equips neighborhood volunteers to conduct routine door-knocking and phone outreach across the South Hilltop communities to share resources, invite residents to meetings, and surface local issues. Ambassadors serve as consistent, year-round connectors between households and community services, building trust and helping identify new leaders on each block.",Neighborhood Organizers and Listening Campaigns,Intergenerational Transmission of Hopelessness,Hilltop Alliance,"831 East Warrington Avenue, Pittsburgh, PA 15210",https://www.pghhilltopalliance.org,info@pghhilltopalliance.org,
Block Associations and Beautification Days,"Operation Better Block supports Homewood block associations to organize coordinated cleanups, vacant-lot plantings, and facade projects, often paired with block parties or cookouts to celebrate progress and strengthen relationships. Staff help with organizing, materials, and permits so residents can see tangible improvements and then gather to recognize their efforts. This model combines collective action with celebration to rebuild confidence and momentum on each block.",Neighborhood Improvement Days and Block Celebrations,Resistance to Change and New Initiatives,"Operation Better Block, Inc.","801 N Homewood Avenue, Pittsburgh, PA 15208",https://www.obbpgh.org,info@obbpgh.org,
Braddock Farms,"Braddock Farms demonstrates safe, low-impact interim reuse of post-industrial land through urban agriculture practices that rely on raised beds, imported clean soil, and barrier fabrics to avoid contact with legacy contaminants. The site hosts a farm stand, workshops, and youth programming, activating the property with non-invasive infrastructure while building food access and neighborhood engagement. This approach provides productive, temporary use of land in a community shaped by industrial...","Community Gardens, Arts, and Civic Projects for Identity Rebuilding",Substance Abuse and Deaths of Despair Epidemic,Grow Pittsburgh,"1000 Braddock Avenue, Braddock, PA 15104",https://www.growpittsburgh.org,info@growpittsburgh.org,
Bridgeway Capital Microloan Program,"Bridgeway Capital, a regional CDFI, offers SBA-backed microloans and flexible small-dollar financing to startups and neighborhood businesses across Western Pennsylvania. As a mission-driven lender with local governance, repayments revolve back into the fund to seed new enterprises, demonstrating sustained investment in communities that have experienced disinvestment. Coupled with technical assistance, these loans make early-stage capital accessible and rebuild trust in local economic developm...",Community Seed Fund and Microloan Program,Resistance to Change and New Initiatives,Bridgeway Capital,"7501 Penn Avenue, Suite 200, Pittsburgh, PA 15208",https://www.bridgewaycapital.org/financing/small-business-loans/microloans/,info@bridgewaycapital.org,
Bridgeway Capital – Small Business Loans & Technical Assistance,"Bridgeway Capital is a community development financial institution that provides microloans and growth capital to startups and small businesses across Western Pennsylvania. Through its technical assistance programs and Creative Business Accelerator, entrepreneurs receive one-on-one coaching, mentorship, and cohort-based workshops to strengthen operations and go-to-market strategies. While not a workspace provider, Bridgeway partners with local incubators and coworking sites, complementing low...",Small Business Incubator and Mentoring,Intergenerational Transmission of Hopelessness,Bridgeway Capital,"707 Grant Street, Suite 1800, Pittsburgh, PA 15219",https://www.bridgewaycapital.org,info@bridgewaycapital.org,
Brookline Teen Outreach – Free Counseling & After-School Programs,"Brookline Teen Outreach offers free, confidential counseling by licensed clinicians, crisis support, and trauma-informed programming for teens alongside after-school enrichment, service learning, and life-skills workshops. Youth build supportive relationships with mentors and staff while accessing mental health care that is integrated into a safe community space. This directly supports the solution by providing trauma-informed youth services and meaningful after-school opportunities that fost...",Trauma-Informed Schools and Youth Programs,Substance Abuse and Deaths of Despair Epidemic,Brookline Teen Outreach,"520 Brookline Boulevard, Pittsburgh, PA 15226",https://www.brooklineteenoutreach.org,info@brooklineteenoutreach.org,
Building Pride/Building Character,"PHLF’s Building Pride/Building Character program engages K–8 students in neighborhood walking tours, hands-on activities, and in-school programs led by experienced docents and preservation professionals, many of whom are longtime community members. Youth learn directly from elders about architecture, local history, and preservation trades through talks, demonstrations, and projects that connect academic learning to real-world skills. These intergenerational experiences cultivate pride of plac...",Intergenerational Skill-Sharing Events,Intergenerational Transmission of Hopelessness,Pittsburgh History & Landmarks Foundation,"100 West Station Square Drive, Suite 450, Pittsburgh, PA 15219",https://phlf.org/education/,marylu@phlf.org,
Building Pride/Building Character,"This long-running PHLF education program connects students with trained docents and preservation professionals—often long-time residents—to explore neighborhood landmarks and the region’s architectural heritage. Through walking tours, hands-on activities, and storytelling, youth learn local history directly from older community members who share memories of work, civic life, and change. The program builds intergenerational relationships and a sense of belonging rooted in Western Pennsylvania’...",Intergenerational Skill-Sharing Events,Intergenerational Transmission of Hopelessness,Pittsburgh History & Landmarks Foundation,"100 West Station Square Drive, Suite 450, Pittsburgh, PA 15219",https://phlf.org/education/building-pride-building-character/,info@phlf.org,
Business Incubator & Microloan Program,"PHDC operates a bilingual business incubator in Beechview that provides entrepreneurs with affordable workspace, mentorship, and hands-on technical assistance tailored to neighborhood needs. The program connects clients to legal, accounting, and marketing support and offers microloans to help overcome early capital gaps. By combining coaching, shared facilities, and accessible capital, PHDC enables residents to start and expand businesses that generate local employment.",Community Entrepreneurship Incubator and Microgrant Program,Brain Drain of Young and Educated,Pittsburgh Hispanic Development Corporation,"1555 Broadway Avenue, Pittsburgh, PA 15216",https://www.phdc.us,info@phdc.us,
Business Loan Program,"The Hebrew Free Loan Association of Pittsburgh offers interest-free, character-based business loans to residents of Western Pennsylvania, functioning as a community-backed revolving fund. By eliminating interest and relying on community guarantees, it reduces fear of debt while making early-stage capital accessible to neighborhood entrepreneurs. As loans are repaid, funds are recycled to new borrowers, creating a trusted, visible cycle of local investment.",Community Seed Fund and Microloan Program,Resistance to Change and New Initiatives,Hebrew Free Loan Association of Pittsburgh,"4307 Murray Avenue, Pittsburgh, PA 15217",https://www.hflapgh.org/loan-programs/business-loans/,info@hflapgh.org,
Butler County Mobile Crisis Services,"Center for Community Resources operates 24/7 mobile crisis teams in Butler County that respond in the community instead of police, staffed by mental health clinicians and certified peer specialists. They stabilize behavioral health crises on scene, link individuals and families to detox, treatment, and recovery supports, and coordinate follow-up care to prevent arrest and reduce hospitalizations.",Community Mental Health Crisis Response Team,Substance Abuse and Deaths of Despair Epidemic,Center for Community Resources,"212-214 South Main Street, Butler, PA 16001",https://www.ccrinfo.org,,
CARE Center Certified Recovery Specialists,"The CARE Center’s CRS teams conduct outreach in the community and partner with hospitals and courts in Washington and surrounding counties to engage people with substance use disorders. Peer specialists provide individualized recovery coaching, coordinate entry into treatment and MAT, and connect clients to housing, workforce supports, transportation, and other social services to bolster long-term recovery.",Peer Recovery Network and Outreach,Substance Abuse and Deaths of Despair Epidemic,"The CARE Center, Inc. (an SPHS affiliate)","140 North College Street, Washington, PA 15301",https://www.sphs.org/care-center/,,
CCAC Apprenticeship Programs,"The Community College of Allegheny County partners with local employers to sponsor and support registered apprenticeships across manufacturing, skilled trades, IT, and healthcare. Apprentices are employed and paid by regional companies while CCAC delivers the related technical instruction, providing stackable credentials and strong local job connections that encourage participants to build careers in Western Pennsylvania.",Paid Local Apprenticeships and Youth Internships,Brain Drain of Young and Educated,Community College of Allegheny County,"800 Allegheny Avenue, Pittsburgh, PA 15233",https://www.ccac.edu/workforce/apprenticeships.php,apprenticeships@ccac.edu,
CCAC Apprenticeships & Pre-Apprenticeships,"The Community College of Allegheny County partners with local employers to sponsor paid apprentices who are hired as employees while completing related technical instruction at the college. Programs span manufacturing, healthcare, and information technology, providing supervised, on-the-job training aligned to industry credentials and clear advancement pathways. CCAC’s employer network guarantees structured placements and mentorship that connect young people to sustainable careers.",School-to-Work Apprenticeships and Paid Internships,Intergenerational Transmission of Hopelessness,Community College of Allegheny County,"800 Allegheny Avenue, Pittsburgh, PA 15233",https://www.ccac.edu/workforce/apprenticeships/index.php,workforce@ccac.edu,
CJ ReGives,"CJ ReGives channels donated building materials and household items to local nonprofits and individuals through community partners, keeping useful resources in circulation. Volunteers, donors, and recipient groups participate in a mutual aid ecosystem that enables shared repairs and projects—fostering reciprocity, practical cooperation, and community trust.",Time Bank and Mutual Aid Exchange,Resistance to Change and New Initiatives,Construction Junction,"214 N Lexington Street, Pittsburgh, PA 15208",https://www.constructionjunction.org,info@cjreuse.org,
COL Jazz,"COL Jazz connects Hazelwood youth with veteran jazz musicians and teaching artists through rehearsals, workshops, and community performances. Elders transmit musical craft, discipline, and the neighborhood’s jazz history while coaching students in ensemble work and professionalism. This sustained intergenerational mentorship provides visible role models and reinforces dignity in creative work linked to local identity.",Intergenerational Skill-Sharing Events,Intergenerational Transmission of Hopelessness,Center of Life,"161 Hazelwood Avenue, Pittsburgh, PA 15207",https://centeroflife.net,info@centeroflife.net,
COhatch Shadyside,"COhatch Shadyside offers flexible coworking, private offices, conference rooms, phone booths, and podcast studios with high-speed Wi-Fi for remote workers and small teams. By reusing neighborhood commercial space for professional work, it provides a local, amenity-rich base that enables residents to maintain careers in Pittsburgh instead of leaving the region.",Co-working Hubs and Remote Work Support,Brain Drain of Young and Educated,COhatch,"5426 Walnut Street, Pittsburgh, PA 15232",https://www.cohatch.com/locations/pittsburgh-shadyside,hello@cohatch.com,
Career Services,"Literacy Pittsburgh’s Career Services pairs adult learners with trained volunteer tutors and staff for resume development, interview practice, digital literacy, and pathway planning, often delivered in small, community-based classes. Many instructors are local volunteers, creating peer-supported learning circles that reinforce trust and shared problem-solving. This resident-led approach helps people re-engage with opportunity by building confidence and tangible skills.",Community Learning Circles and Skills Swaps,Resistance to Change and New Initiatives,Literacy Pittsburgh,"411 Seventh Avenue, Suite 525, Pittsburgh, PA 15219",https://www.literacypittsburgh.org,info@literacypittsburgh.org,
Career Training Programs,"Bidwell Training Center offers tuition-free, employer-aligned programs in fields like healthcare, culinary arts, and horticulture that are co-designed with industry advisory boards to reflect transparent career ladders. The center provides counseling, job placement, and wraparound supports (e.g., transportation referrals and case management) while partnering with regional employers so learners can clearly see and access step-by-step pathways to quality jobs.",Employer-Community Career Pathway Partnerships,Intergenerational Transmission of Hopelessness,Bidwell Training Center (Manchester Bidwell Corporation),"1815 Metropolitan Street, Pittsburgh, PA 15233",https://www.bidwelltraining.edu,info@bidwelltraining.edu,
"Career Training Programs (Healthcare, Culinary, Horticulture, Chemical Lab Technician)","Bidwell Training Center delivers tuition-free, employer-aligned career training that leads to direct placement in quality jobs across healthcare, culinary arts, horticulture, and advanced lab tech fields. Serving many residents from deindustrialized neighborhoods, the programs include wraparound supports, industry certifications, and strong employer pipelines to restore meaningful work and economic security. Graduates enter paid positions with advancement pathways, helping rebuild purpose, fa...","Job Training, Apprenticeships, and Social Enterprises",Substance Abuse and Deaths of Despair Epidemic,"Bidwell Training Center, Inc. (Manchester Bidwell Corporation)","1815 Metropolitan Street, Pittsburgh, PA 15233",https://www.bidwelltraining.edu,admissions@bidwelltraining.edu,
Career Works (including AI Pathways Institute),"Career Works at Boys & Girls Clubs of Western Pennsylvania offers paid internships, stipended project teams, and career exploration in fields like STEM and AI through programs such as the AI Pathways Institute. Youth receive wages/stipends for hands-on projects with employer partners, building confidence, networks, and resumes while demonstrating viable pathways into high-demand careers.",Paid Youth Employment and Micro-Grants,Intergenerational Transmission of Hopelessness,Boys & Girls Clubs of Western Pennsylvania,"5432 Butler Street, Pittsburgh, PA 15201",https://www.bgcwpa.org,info@bgcwpa.org,
Carnegie Library of Pittsburgh Digital Skills Classes,"Carnegie Library of Pittsburgh offers free digital literacy classes, one‑on‑one computer help, coding introductions, and job-search support across its branches. Libraries provide high‑speed Wi‑Fi, public computers, and hotspot/laptop lending, ensuring affordable access to broadband while residents build practical skills for remote work and modern careers. The library also collaborates with schools and community organizations to deliver neighborhood-based training so people can upskill and wor...",Community Broadband and Digital Skills Training,Brain Drain of Young and Educated,Carnegie Library of Pittsburgh,"4400 Forbes Avenue, Pittsburgh, PA 15213",https://www.carnegielibrary.org,info@carnegielibrary.org,
Catalyst Connection Apprenticeship & Pre-Apprenticeship Programs,"Catalyst Connection partners with southwestern Pennsylvania manufacturers to develop paid, registered apprenticeships and youth pre-apprenticeships in fields like machining, mechatronics, and industrial maintenance. Youth and young adults gain hands-on skills, earn income, and receive supervised, employer-based training that translates directly into full-time career pathways. The organization coordinates employer commitments, related technical instruction, and placement to ensure quality supe...",School-to-Work Apprenticeships and Paid Internships,Intergenerational Transmission of Hopelessness,Catalyst Connection,"4501 Lytle Street, Suite 200, Pittsburgh, PA 15207",https://www.catalystconnection.org/services/workforce-development/apprenticeships/,info@catalystconnection.org,
Catalyst Connection Apprenticeship Programs,"Catalyst Connection sponsors and helps manufacturers launch registered apprenticeships (e.g., machining, industrial maintenance, robotics) and pre-apprenticeships, often in collaboration with CCAC and local high schools. The organization coordinates employer partnerships, supports local hiring, and provides technical assistance so Southwestern Pennsylvania residents can access paid, long-term manufacturing careers with regional companies.","Job Training, Apprenticeships, and Social Enterprises",Substance Abuse and Deaths of Despair Epidemic,Catalyst Connection,"4501 Lytle Street, Suite 301, Pittsburgh, PA 15207",https://www.catalystconnection.org,info@catalystconnection.org,
Catalyst Connection Registered Apprenticeships,"Catalyst Connection helps manufacturers across Southwestern Pennsylvania design, register, and scale apprenticeship and pre-apprenticeship programs that combine paid work with technical instruction. The organization leverages public and private funds to offset training costs and matches candidates with employer sponsors who commit to hiring and advancement pathways. By aligning community-backed training with guaranteed local jobs, it creates visible role models in modern manufacturing and mot...",Local Scholarship and Apprenticeship Fund,Intergenerational Transmission of Hopelessness,Catalyst Connection,"4501 Lytle Street, Suite 301, Pittsburgh, PA 15207",https://www.catalystconnection.org,info@catalystconnection.org,
Catapult: Startup to Storefront,"Catapult is a cohort program that co-designs short-term pop-up retail pilots with local entrepreneurs and property owners in the Hill District. Each cohort follows a fixed calendar with training milestones and pop-up activations that have clear metrics (e.g., sales, foot traffic, customer feedback), after which businesses either sunset the concept or receive support to transition to longer-term leases. The time-limited pilots lower risk, set realistic expectations, and build trust through tra...","Time‑Bound, Co‑Designed Pilot Projects",Resistance to Change and New Initiatives,Hill Community Development Corporation,"2015 Centre Avenue, Pittsburgh, PA 15219",https://www.hilldistrict.org/catapult,info@hilldistrict.org,
Center for Community Resources Mobile Crisis Team,"CCR’s Mobile Crisis Team serves Butler County and surrounding areas with non-police behavioral health crisis response staffed by clinicians and certified peer specialists. The team responds on-site to mental health and substance use crises, stabilizes individuals in the least restrictive setting, and provides warm handoffs to outpatient care, detox/recovery supports, and community resources to prevent arrest and emergency department use.",Community Mental Health Crisis Response Team,Substance Abuse and Deaths of Despair Epidemic,Center for Community Resources,"212-214 South Main Street, Butler, PA 16001",https://ccrinfo.org,info@ccrinfo.org,
Center for Inclusion Health Mobile Health Unit,"Allegheny Health Network’s Center for Inclusion Health operates a mobile health unit that brings low-barrier Medication-Assisted Treatment directly into neighborhoods across Western Pennsylvania with limited clinic access. The team can initiate buprenorphine on-site, provide counseling and peer recovery support, and make immediate referrals and warm handoffs to ongoing care at AHN clinics, shelters, and partner FQHCs. They host recurring drop-in MAT hours at community partner locations to red...",Mobile Medication-Assisted Treatment (MAT) Access,Substance Abuse and Deaths of Despair Epidemic,Allegheny Health Network – Center for Inclusion Health,"320 E North Avenue, Pittsburgh, PA 15212",https://www.ahn.org/services/medicine/inclusion-health,,
Center for Inclusion Health Street Medicine & Peer Recovery,"The Center for Inclusion Health pairs street medicine teams with certified recovery specialists to conduct outreach to people affected by opioid use disorder across Allegheny County. Peers provide warm handoffs to MAT and other treatment, ongoing recovery coaching, and navigation of social determinants like housing, identification, employment resources, and benefits to support long-term recovery.",Peer Recovery Network and Outreach,Substance Abuse and Deaths of Despair Epidemic,Allegheny Health Network (AHN) Center for Inclusion Health,"320 East North Avenue, Pittsburgh, PA 15212",https://www.ahn.org/services/medicine/center-for-inclusion-health,,
Center for Victims Trauma-Informed Care Trainings,"Center for Victims offers trauma-informed care training and consultation to schools, healthcare providers, employers, faith communities, and social service agencies in Western Pennsylvania. Trainings help teams incorporate trauma screening, deliver brief supportive interventions, and establish referral pathways to behavioral health and recovery services. Customized workshops and coaching foster organizational policies and frontline practices that improve early identification and compassionate...",Train Local Workforce in SBIRT and Trauma-Informed Care,Substance Abuse and Deaths of Despair Epidemic,Center for Victims,"3433 East Carson Street, Pittsburgh, PA 15203",https://www.centerforvictims.org,info@centerforvictims.org,
Central Outreach Mobile Clinic – Medication-Assisted Recovery,"Central Outreach Wellness Center operates mobile clinic vans that bring low-barrier addiction services into Western Pennsylvania communities, focusing on people with limited transportation or clinic access. The mobile team can evaluate for opioid use disorder, initiate buprenorphine treatment, deliver brief counseling and case management, and arrange rapid follow-up at Central Outreach sites or partner clinics. They collaborate with community organizations to host recurring drop-in MAT hours ...",Mobile Medication-Assisted Treatment (MAT) Access,Substance Abuse and Deaths of Despair Epidemic,Central Outreach Wellness Center,"127 Anderson Street, Pittsburgh, PA 15212",https://www.centraloutreach.com,,
Ceramics at Union Project,"Union Project’s ceramics studio offers classes, open studios, and community clay workshops that welcome teens and adults to learn side-by-side with professional teaching artists. By pairing new learners with experienced makers and hosting inclusive events in a neighborhood-based arts space, the program creates intergenerational mentorship and civic connections through craft.",Community Learning Circles and Skills Swaps,Resistance to Change and New Initiatives,Union Project,"801 North Negley Avenue, Pittsburgh, PA 15206",https://www.unionproject.org,info@unionproject.org,
Certified Recovery Specialist & Warm Handoff Program,"The Open Door’s certified recovery specialists respond to overdoses and referrals from hospitals and first responders across Indiana County and conduct community outreach to engage people in high-risk areas. Peers provide recovery coaching, arrange treatment placements (detox, residential, or outpatient), and assist with housing, transportation, benefits, and employment navigation to remove barriers to sustained recovery.",Peer Recovery Network and Outreach,Substance Abuse and Deaths of Despair Epidemic,"The Open Door, Inc.","665 Philadelphia Street, Indiana, PA 15701",https://www.theopendoor.org,info@theopendoor.org,
Certified Recovery Specialist Program,"Center for Community Resources employs Certified Recovery Specialists who meet individuals in the community, emergency departments, and justice settings to engage them in recovery. The program offers peer coaching, care navigation to detox and treatment, and assistance linking to housing, employment supports, transportation, and social services to sustain recovery in Butler County and surrounding areas.",Peer Recovery Network and Outreach,Substance Abuse and Deaths of Despair Epidemic,Center for Community Resources,"212-214 South Main Street, Butler, PA 16001",https://www.ccrinfo.org,info@ccrinfo.org,
"Child Development Centers, Inc. Early Care and Education","Child Development Centers, Inc. is a regional nonprofit operating multiple licensed childcare and preschool sites across Venango and surrounding counties, offering full-day, year-round care and accepting ELRC subsidies. The organization provides family engagement, meals, and developmental supports that keep costs manageable and schedules reliable for working parents. By maintaining affordable, high-quality care in smaller towns, it helps young families stay and build careers in Western Pennsy...",Affordable Childcare Cooperatives and Family Supports,Brain Drain of Young and Educated,"Child Development Centers, Inc.","239 Quaker Drive, Seneca, PA 16346",https://www.cdcenters.org,,
Child's Way (Prescribed Pediatric Extended Care),"Child's Way is a nonprofit day program providing nursing care, therapies, and early learning for medically fragile children, operating during typical work hours so parents can work or attend school. Families receive coordinated supports and access to benefits, enabling safe, affordable daytime care without leaving the region for specialized services. This reduces a major barrier for young parents of children with complex needs and helps them remain in the community.",Affordable Childcare Cooperatives and Family Supports,Brain Drain of Young and Educated,The Children's Home of Pittsburgh & Lemieux Family Center,"5324 Penn Avenue, Pittsburgh, PA 15224",https://www.childrenshomepgh.org/programs/childs-way/,,
Circle of Parents,"Family Resources hosts Circle of Parents groups where caregivers meet regularly in a facilitated circle to share experiences, problem-solve, and build mutual aid. The peer-led format normalizes challenges, models positive parenting, and creates cross-generational relationships that strengthen social capital and counter hopelessness in families.",Restorative Community Circles and Family Support Networks,Intergenerational Transmission of Hopelessness,Family Resources,"1425 Forbes Avenue, Pittsburgh, PA 15219",https://familyresourcespa.org,,
Circles Beaver County,"Using the Circles USA model, weekly meetings bring together families (Circle Leaders) working to move out of poverty with volunteer Allies and resource teams in a supportive circle. The program builds cross-class, cross-generational relationships, sets goals, and shares resources—creating a peer-led family support network that counters despair and demonstrates practical pathways to stability and success.",Restorative Community Circles and Family Support Networks,Intergenerational Transmission of Hopelessness,TRAILS Ministries,"918 7th Avenue, Beaver Falls, PA 15010",https://trailsministries.org/circles,info@trailsministries.org,
Circles of Westmoreland and Fayette Counties,"This initiative matches families working to escape poverty (Circle Leaders) with trained volunteer Allies who meet regularly in small, peer-led circles to set goals, solve problems, and access community resources. The ongoing circles create intergenerational relationships, visible role models, and accountability structures that build social capital and reinforce aspirations and hope.",Restorative Community Circles and Family Support Networks,Intergenerational Transmission of Hopelessness,Westmoreland Community Action,"226 South Maple Avenue, Greensburg, PA 15601",https://www.westmorelandca.org,,
Citizen Police Review Board of the City of Pittsburgh,"The CPRB is an independent body of civilian members that reviews complaints, investigations, and policies related to the Pittsburgh Bureau of Police. Its resident-led hearings and policy evaluations function as ongoing community oversight, creating a public record of findings and recommendations that heighten transparency, monitor institutional performance, and build trust.",Citizen Oversight and Evaluation Committees,Resistance to Change and New Initiatives,City of Pittsburgh,"816 Fifth Avenue, Suite 400, Pittsburgh, PA 15219",https://cprbpgh.org,,
City of Bridges Community Land Trust,"City of Bridges Community Land Trust acquires, builds, and rehabilitates homes and sells them to income-eligible buyers under a 99-year ground lease, using a shared equity resale formula to keep prices permanently affordable. The organization stewards the homes long-term, supports homeowners, and partners with neighborhood groups across Pittsburgh and nearby communities to create a pipeline of permanently affordable for-sale housing. By stabilizing housing costs for young families and local w...",Affordable Housing and Community Land Trusts,Brain Drain of Young and Educated,City of Bridges Community Land Trust,"1901 Centre Avenue, Pittsburgh, PA 15219",https://www.cityofbridgesclt.org,info@cityofbridgesclt.org,
City of Pittsburgh ARPA Spending Tracker,"The City of Pittsburgh’s Office of Management and Budget publishes a public dashboard tracking American Rescue Plan (ARPA) projects, including allocations, expenditures to date, timelines, and performance updates. The dashboard is updated as projects progress, and the City holds regular public City Council and committee meetings where project reports and funding decisions are reviewed and residents can comment, creating a recurring, transparent forum that counters skepticism through consisten...",Transparent Project Dashboard and Regular Reporting,Resistance to Change and New Initiatives,"City of Pittsburgh, Office of Management and Budget","414 Grant Street, Pittsburgh, PA 15219",https://pittsburghpa.gov/omb/arpa,omb@pittsburghpa.gov,
City of Pittsburgh Neighborhood Plan Program,"The Department of City Planning’s Neighborhood Plan Program convenes residents for hands-on workshops that inventory neighborhood assets—people’s skills and talents, trusted organizations, key gathering places, and physical spaces—before setting priorities. These sessions produce public asset maps and opportunity layers that guide projects and investments, reframing planning from fixing deficits to leveraging strengths. By elevating local knowledge and networks, the process builds trust and m...",Asset‑Based Community Mapping Workshops,Resistance to Change and New Initiatives,City of Pittsburgh Department of City Planning,"200 Ross Street, Pittsburgh, PA 15219",https://pittsburghpa.gov/dcp/neighborhood-planning,planning@pittsburghpa.gov,
City of Pittsburgh Supplier Diversity Program,"The City of Pittsburgh’s Supplier Diversity Program expands opportunities for local small, minority-, and women-owned businesses to compete for municipal contracts. The program maintains a vendor registry, sets participation goals on solicitations, unbundles contracts when feasible, and conducts outreach/training so neighborhood-based firms can bid—operationalizing a buy-local approach within city procurement and keeping public spending in the regional economy.",Buy Local and Contractor Preference Campaigns,Brain Drain of Young and Educated,City of Pittsburgh Office of Equity and Office of Management & Budget – Procurement,"414 Grant Street, Pittsburgh, PA 15219",https://pittsburghpa.gov/oe/supplier-diversity,purchasing@pittsburghpa.gov,
Community Action Team (CAT) Meetings and Door-to-Door Outreach,"Operation Better Block trains neighborhood organizers and block leaders in Homewood to conduct door-to-door listening, gather resident priorities, and build participation across blocks. They convene regular Community Action Team (CAT) meetings where residents identify problems, co-design solutions, and interface with city departments, police, schools, and developers. This resident-led process channels neighborhood priorities into local institutions, rebuilds trust, and demonstrates responsive...",Neighborhood Organizers and Listening Campaigns,Intergenerational Transmission of Hopelessness,"Operation Better Block, Inc.","801 North Homewood Avenue, Pittsburgh, PA 15208",https://www.obbinc.org,info@obbinc.org,
Community Action Teams (CATs),"Operation Better Block’s CATs organize targeted clean-and-green days on Homewood blocks, mobilizing residents to pick up litter, plant, paint, and make small repairs together. Many CAT-led efforts conclude with on-block cookouts or small celebrations, which honor volunteers, create positive memories tied to collective work, and strengthen ongoing participation despite past skepticism.",Neighborhood Improvement Days and Block Celebrations,Resistance to Change and New Initiatives,"Operation Better Block, Inc.","801 N Homewood Avenue, Pittsburgh, PA 15208",https://www.obbinc.org,info@obbinc.org,
Community Care Behavioral Health Provider Training (SBIRT & Trauma-Informed Care),"Community Care Behavioral Health delivers ongoing training and technical assistance to provider networks and community partners across Western Pennsylvania on SBIRT, motivational interviewing, and trauma-informed care. Trainings guide primary care and behavioral health practices in adopting standardized screening protocols, conducting brief interventions, and creating effective referral pathways within Medicaid managed care. This support helps clinics, schools, and social service agencies ope...",Train Local Workforce in SBIRT and Trauma-Informed Care,Substance Abuse and Deaths of Despair Epidemic,Community Care Behavioral Health Organization,"339 Sixth Avenue, Suite 1300, Pittsburgh, PA 15222",https://www.ccbh.com/providers/training-and-education/,,
Community Catalyst Grants,"Rivers of Steel’s Community Catalyst Grants support small, co-designed creative placemaking pilots in Mon Valley and river communities. Funded projects have defined timelines, deliverables, and required final reports, enabling temporary activations that sunset after the grant term; successful pilots provide measurable outcomes that inform longer-term investments and build community trust.","Time‑Bound, Co‑Designed Pilot Projects",Resistance to Change and New Initiatives,Rivers of Steel Heritage Corporation,"623 E 8th Avenue, Homestead, PA 15120",https://riversofsteel.com,info@riversofsteel.com,
Community Ceramics Program,"Union Project’s Community Ceramics Program offers accessible ceramics classes and open studio sessions taught by local teaching artists and community members, emphasizing hands-on, trades-oriented skill building. Classes foster peer learning and informal skill exchanges—participants learn techniques, share tips, and take on teaching roles over time. This resident-led model builds neighborhood capacity and social trust while demonstrating concrete investment in local talent.",Community Learning Circles and Skills Swaps,Resistance to Change and New Initiatives,Union Project,"801 North Negley Avenue, Pittsburgh, PA 15206",https://www.unionproject.org,info@unionproject.org,
Community Classroom (Homewood CEC),"The University of Pittsburgh’s Community Engagement Center in Homewood hosts Community Classroom offerings and workshops co-designed with residents and local partners, including resume clinics, small-business basics, and career skill sessions. By elevating neighborhood expertise and facilitating small group learning, the CEC fosters trust, peer support, and tangible steps residents can take to advance their goals.",Community Learning Circles and Skills Swaps,Resistance to Change and New Initiatives,University of Pittsburgh Community Engagement Centers,"622 N Homewood Avenue, Pittsburgh, PA 15208",https://cec.pitt.edu/homewood,homewoodcec@pitt.edu,
Community Collaboration and Implementation Plan (CCIP) Oversight Committee – Lower Hill District,"The CCIP Oversight Committee monitors compliance with the Lower Hill District community benefits agreement, with Hill District residents and community organizations reviewing quarterly compliance reports on hiring, contracting, and community investment commitments. The committee publicly tracks developer and vendor performance, issues recommendations, and seeks corrective action when targets are missed, providing a resident-centered accountability structure that increases transparency and tru...",Citizen Oversight and Evaluation Committees,Resistance to Change and New Initiatives,Hill Community Development Corporation,"2015 Centre Avenue, Pittsburgh, PA 15219",https://www.hilldistrict.org/ccip,info@hilldistrict.org,
Community Conversations Series,"Lawrenceville United’s Community Conversations bring residents, businesses, and public agencies together to discuss development, displacement, and public safety using restorative dialogue practices. The sessions validate community history, capture grievances and commitments in meeting notes, and identify concrete next steps that hold institutions accountable, building trust and sustained participation.",Listening Circles and Restorative History Sessions,Resistance to Change and New Initiatives,Lawrenceville United,"5162 Butler Street, Pittsburgh, PA 15201",https://www.lunited.org,info@lunited.org,
Community Engagement Center – Homewood,"The University of Pittsburgh’s CEC in Homewood hosts resident-driven engagement sessions and training that include community asset mapping—documenting neighborhood skills, informal leadership, local businesses, institutions, and shared spaces. CEC staff facilitate mapping activities with block clubs and partner groups so residents identify resources they can mobilize for projects, entrepreneurship, and civic initiatives. This strengths-first approach helps counter skepticism by showcasing exi...",Asset‑Based Community Mapping Workshops,Resistance to Change and New Initiatives,University of Pittsburgh Community Engagement Centers,"622 N Homewood Avenue, Pittsburgh, PA 15208",https://cec.pitt.edu/homewood,cecinfo@pitt.edu,
Community Forge,"Community Forge transformed a vacant former school in Wilkinsburg into an affordable coworking and community hub with hot desks, private offices, classrooms, event and meeting rooms, and dependable high-speed internet. It offers on-site support, programming, and introductions that help remote workers, freelancers, and small teams plug into local networks rather than leaving town.",Co-working Hubs and Remote Work Support,Brain Drain of Young and Educated,Community Forge,"1256 Franklin Avenue, Wilkinsburg, PA 15221",https://www.forge.community,info@forge.community,
Community Garden Programs,"Grow Pittsburgh builds and supports community gardens and urban farms across Allegheny County, offering education, tools, and coordinated volunteer workdays through sites like the Garden Resource Center. By transforming vacant lots into productive, public-facing spaces, the program restores neighborhood pride, creates purposeful hands-on work, and reconnects residents to their place and each other.","Community Gardens, Arts, and Civic Projects for Identity Rebuilding",Substance Abuse and Deaths of Despair Epidemic,Grow Pittsburgh,"6587 Hamilton Avenue, Pittsburgh, PA 15206",https://www.growpittsburgh.org,info@growpittsburgh.org,
Community Garden Sustainability Fund,"Grow Pittsburgh offers small grants and materials (often $500–$2,000) to resident-led community gardens across Allegheny County for tools, infrastructure, soil, signage, and accessibility upgrades. These targeted, easy-to-implement funds produce quick, visible improvements to shared spaces, reinforcing that grassroots action can deliver immediate benefits and strengthening neighborhood trust and participation.",Micro‑Grant 'Small Wins' Program,Resistance to Change and New Initiatives,Grow Pittsburgh,"6587 Hamilton Avenue, Suite 2W, Pittsburgh, PA 15206",https://www.growpittsburgh.org/garden-and-farm-resources/community-garden-sustainability-fund/,info@growpittsburgh.org,
Community Grant Program,"The Squirrel Hill Urban Coalition provides small community grants (typically in the $500–$2,500 range) to residents and neighborhood groups for projects such as pocket parks, public art, neighborhood cleanups, and placemaking. These resident-led, quick-hit projects create visible improvements that strengthen trust, demonstrate progress, and motivate continued engagement.",Micro‑Grant 'Small Wins' Program,Resistance to Change and New Initiatives,Squirrel Hill Urban Coalition,"5604 Solway Street, Pittsburgh, PA 15217",https://shuc.org/community-grant/,info@shuc.org,
Community Harm Reduction and Overdose Prevention,"The Erie County Department of Health partners with local organizations to host naloxone distribution, provide fentanyl test strips, and deliver overdose prevention and safer-use education. Through clinics and community events, they expand access to life-saving tools and information in Northwestern Pennsylvania.",Local Harm Reduction Services and Education,Substance Abuse and Deaths of Despair Epidemic,Erie County Department of Health,"606 West 2nd Street, Erie, PA 16507",https://eriecountypa.gov/departments/health,,
Community Healing Circles,"Neighborhood Resilience Project facilitates trauma-informed Community Healing Circles where residents share stories, address harms, and repair relationships in supportive public settings. The circles, alongside peer support groups, strengthen intergenerational bonds, elevate resident leadership, and build trust and mutual aid networks that counter isolation and hopelessness in deindustrialized neighborhoods.",Restorative Community Circles and Family Support Networks,Intergenerational Transmission of Hopelessness,Neighborhood Resilience Project,"2038 Bedford Avenue, Pittsburgh, PA 15219",https://www.neighborhoodresilience.org,,
Community Health Deputy Program,"Neighborhood Resilience Project trains and deploys Community Health Deputies who serve as trusted liaisons embedded in Pittsburgh neighborhoods. These deputies conduct regular check-ins, organize small block-level gatherings, collect residents’ concerns, and connect people to health care, food, housing, and trauma support—bringing services and listening sessions directly to residents without relying on a formal hall.",Neighborhood Organizers and Listening Campaigns,Intergenerational Transmission of Hopelessness,Neighborhood Resilience Project,"2038 Bedford Avenue, Pittsburgh, PA 15219",https://www.neighborhoodresilience.org,info@neighborhoodresilience.org,
Community Health Worker Program,"Squirrel Hill Health Center employs multilingual Community Health Workers drawn from local immigrant and refugee communities to provide culturally attuned outreach, education, and care navigation. These paid, trusted messengers bridge institutional programs and skeptical residents by explaining services in plain language, gathering community input, and recruiting neighbors to participate in health and social support initiatives.",Peer Ambassadors and Trusted Neighbor Network,Resistance to Change and New Initiatives,Squirrel Hill Health Center,"4516 Browns Hill Road, Pittsburgh, PA 15217",https://www.squirrelhillhealthcenter.org,info@squirrelhillhealthcenter.org,
Community Kitchen Pittsburgh Culinary Training & Employer Partnerships,"Community Kitchen Pittsburgh runs no-cost culinary pre-apprenticeship and workforce programs developed with local restaurants, hospitals, and foodservice companies, making advancement from entry-level kitchen roles to higher-wage positions clear and attainable. The program partners with schools, reentry services, and community organizations to recruit and support participants and connects graduates directly to employer partners. Wraparound supports include case management, transportation assi...",Employer-Community Career Pathway Partnerships,Intergenerational Transmission of Hopelessness,Community Kitchen Pittsburgh,"107 Flowers Avenue, Pittsburgh, PA 15207",https://www.communitykitchenpittsburgh.org,info@ckpgh.org,
Community Kitchen Pittsburgh Culinary Training Program,"Community Kitchen Pittsburgh’s Culinary Training Program combines intensive culinary skills instruction and industry certifications with on-the-job experience inside its social enterprise kitchen, catering, and meal production operations. Serving people facing barriers such as addiction recovery or justice involvement, the program creates a bridge to paid food-service employment while enterprise activities provide real work environments that build confidence and purpose.","Job Training, Apprenticeships, and Social Enterprises",Substance Abuse and Deaths of Despair Epidemic,Community Kitchen Pittsburgh,"107 Flowers Avenue, Pittsburgh, PA 15207",https://www.ckpgh.org,info@ckpgh.org,
Community Kitchen Pittsburgh Culinary Training Program,"Community Kitchen Pittsburgh operates an earn-and-learn culinary workforce program where participants gain industry-recognized credentials (e.g., ServSafe) and on-the-job experience in a working production kitchen. Through its social enterprise catering and meal production, trainees receive paid, real-world experience that leads to stable employment in food service and hospitality, providing purpose and income for residents of deindustrialized neighborhoods.","Job Training, Apprenticeships, and Social Enterprises",Substance Abuse and Deaths of Despair Epidemic,Community Kitchen Pittsburgh,"107 Flowers Avenue, Pittsburgh, PA 15207",https://communitykitchenpittsburgh.org,info@ckpgh.org,
Community Kitchen Pittsburgh Culinary Training Program,"Community Kitchen Pittsburgh provides culinary training to individuals facing barriers such as recovery from substance use, then places them with local restaurant and foodservice employers who embrace fair-chance hiring. The program maintains employer partnerships that include job matching, supervisor communication, and ongoing retention coaching so workers can sustain employment while managing recovery. CKP works with employers to align scheduling, policies, and supports that accommodate tre...",Recovery-Friendly Employer Partnerships,Substance Abuse and Deaths of Despair Epidemic,Community Kitchen Pittsburgh,"107 Flowers Avenue, Pittsburgh, PA 15207",https://communitykitchenpgh.org,info@communitykitchenpgh.org,
Community Naloxone Education & Distribution,"Washington Drug & Alcohol Commission conducts public overdose response trainings and distributes free naloxone to residents, family members, and community groups throughout Washington County. Trainings are offered at libraries, shelters, recovery meetings, and other community sites to expand layperson capacity to respond to overdoses immediately.",Community Naloxone Distribution and Training,Substance Abuse and Deaths of Despair Epidemic,"Washington Drug & Alcohol Commission, Inc.","90 W. Chestnut Street, Suite 310, Washington, PA 15301",https://www.wdacinc.org,,
Community Naloxone Training & Distribution,"AICDAC provides free Narcan kits and community trainings throughout Armstrong, Indiana, and Clarion counties at venues such as libraries, fire halls, churches, schools, and civic events. Their educators and trained volunteers teach overdose recognition and response, demonstrate naloxone use, and distribute kits on-site to families, friends, and community members most likely to encounter an overdose.",Community Naloxone Distribution and Training,Substance Abuse and Deaths of Despair Epidemic,Armstrong-Indiana-Clarion Drug and Alcohol Commission (AICDAC),"300 Indian Springs Road, Suite 113, Indiana, PA 15701",https://aicdac.org,info@aicdac.org,
Community Narcan Training & Distribution,"Fayette County Drug & Alcohol Commission conducts free Narcan trainings and on-site kit distribution at churches, libraries, community centers, shelters, and public events throughout Fayette County. Trainers walk participants through recognizing an overdose, performing rescue breathing, and administering naloxone, ensuring families and community members leave equipped to reverse an overdose immediately.",Community Naloxone Distribution and Training,Substance Abuse and Deaths of Despair Epidemic,"Fayette County Drug and Alcohol Commission, Inc.","100 New Salem Road, Uniontown, PA 15401",https://www.fcdac.org,info@fcdac.org,
Community Organizing & Listening Canvasses,"Center for Coalfield Justice employs organizers who conduct listening canvasses and one-on-one outreach across Washington and Greene Counties to identify families’ top concerns about health, jobs, environment, and community stability. They facilitate resident-led assemblies and problem-solving tables that develop action plans and interface with county commissioners, school boards, and state agencies. This approach channels local priorities into policy and program changes, empowering communiti...",Neighborhood Organizers and Listening Campaigns,Intergenerational Transmission of Hopelessness,Center for Coalfield Justice,"14 East Beau Street, Washington, PA 15301",https://www.coalfieldjustice.org,info@coalfieldjustice.org,
Community Power Hour / What Black Pittsburgh Needs,"1Hood Media convenes regular public forums that center community testimony about historical and current harms affecting Black Pittsburgh, inviting residents, organizers, and officials into candid dialogue. The format functions as a listening circle that validates experiences, documents grievances, and identifies concrete next steps and accountability measures to move forward together.",Listening Circles and Restorative History Sessions,Resistance to Change and New Initiatives,1Hood Media,"460 Melwood Avenue, Pittsburgh, PA 15213",https://1hood.org,info@1hood.org,
Community Recovery Services – Peer Recovery Support,"UPMC Western Behavioral Health at Mon Yough utilizes certified recovery specialists who conduct outreach in McKeesport and the Mon Valley, engage individuals after overdoses, and connect them to medication-assisted treatment and ongoing care. Peers provide recovery coaching and help clients navigate housing, benefits, employment resources, and other social services while coordinating with hospitals, EMS, and community partners.",Peer Recovery Network and Outreach,Substance Abuse and Deaths of Despair Epidemic,UPMC Western Behavioral Health at Mon Yough,"335 Shaw Avenue, McKeesport, PA 15132",https://www.upmc.com/locations/hospitals/western-psychiatric/services/western-behavioral-health/mon-yough,,
Community Research Fellows Training (CRFT),"CRFT trains and provides stipends to local residents to serve as community research ambassadors who explain health research initiatives, advise on culturally appropriate engagement, and help recruit participants. Fellows learn to gather and relay community feedback to researchers so projects reflect neighborhood priorities and build trust. This peer‑led approach counters skepticism by putting credible, resident voices at the center of outreach.",Peer Ambassadors and Trusted Neighbor Network,Resistance to Change and New Initiatives,"University of Pittsburgh, Clinical and Translational Science Institute","200 Meyran Avenue, Suite 300, Pittsburgh, PA 15213",https://www.ctsi.pitt.edu/education-training/community-research-fellows-training,ctsi@pitt.edu,
Community Support Groups and Healing Circles,"Neighborhood Resilience Project implements trauma-informed community development by facilitating neighborhood-based support groups and healing circles for youth and families. These circles surface conflicts and trauma in a safe, public way, promote accountability and mutual support, and connect families to peer networks that strengthen trust and social capital across generations.",Restorative Community Circles and Family Support Networks,Intergenerational Transmission of Hopelessness,Neighborhood Resilience Project,"2038 Bedford Avenue, Pittsburgh, PA 15219",https://www.neighborhoodresilience.org,info@neighborhoodresilience.org,
Community Wi‑Fi and Digital Learning,"Millvale Community Library provides free public Wi‑Fi, hotspot lending, and hands-on digital literacy and coding activities for youth and adults, creating a local pathway into online learning and jobs. In partnership with community broadband efforts such as Meta Mesh/Every1online and regional education networks, the library extends affordable connectivity while building the practical skills residents need for remote work and entrepreneurship.",Community Broadband and Digital Skills Training,Brain Drain of Young and Educated,Millvale Community Library,"213 Grant Avenue, Millvale, PA 15209",https://www.millvalelibrary.org,info@millvalelibrary.org,
Community-Based Mentoring,"Big Brothers Big Sisters of Greater Pittsburgh pairs children ages 6–18 with screened adult mentors for regular one-on-one meetings focused on relationship building, academic support, and career exposure. They recruit mentors through local businesses, unions, colleges, faith communities, and civic organizations, and professional case managers use structured processes and data systems to screen, match, and monitor each pair. This directly implements the community mentorship network solution by...",Community Mentorship Network,Intergenerational Transmission of Hopelessness,Big Brothers Big Sisters of Greater Pittsburgh,"5989 Centre Avenue, Suite 1, Pittsburgh, PA 15206",https://www.bbbspgh.org,info@bbbspgh.org,
Community-Based Mentoring (including Mentor 2.0 and Bigs in Badges),"Big Brothers Big Sisters of Greater Pittsburgh pairs youth (Littles) one-on-one with adult mentors (Bigs) from local employers, colleges, unions, churches, and civic groups for regular meetings and career exposure. Programs like Mentor 2.0 and workplace/site-based mentoring bring volunteers into schools and businesses, while Bigs in Badges connects students with public safety and civic leaders. Matches are professionally supported and tracked locally by case managers using structured match pl...",Community Mentorship Network,Intergenerational Transmission of Hopelessness,Big Brothers Big Sisters of Greater Pittsburgh,"5989 Centre Avenue, Suite 2F, Pittsburgh, PA 15206",https://www.bbbspgh.org,info@bbbspgh.org,
CommuteInfo Vanpool & Carpool Program,"CommuteInfo organizes and supports vanpools and carpools across the 10-county Southwestern Pennsylvania region, matching riders to shared commute options that connect neighborhoods with major job sites and training destinations. By providing vehicles for vanpools and coordinated rider matching, the program reduces the need for personal car ownership while improving affordable access to regional employment hubs.",Community Transit and Mobility Solutions,Brain Drain of Young and Educated,Southwestern Pennsylvania Commission,"112 Washington Place, Suite 500, Pittsburgh, PA 15219",https://www.commuteinfo.org,commuteinfo@spcregion.org,
ConnectHomePGH,"ConnectHomePGH is the local implementation of HUD’s ConnectHomeUSA initiative led by the Housing Authority of the City of Pittsburgh to close the digital divide for public housing residents. The program helps households secure affordable high‑speed internet through low‑cost ISP plans and hotspot programs, distributes devices, and connects residents to digital literacy classes offered with libraries and community partners. By pairing connectivity with skills training, residents can pursue onli...",Community Broadband and Digital Skills Training,Brain Drain of Young and Educated,Housing Authority of the City of Pittsburgh (HACP),"200 Ross Street, Pittsburgh, PA 15219",https://www.hacp.org,info@hacp.org,
ConnectHomeUSA – Digital Inclusion for Public Housing Residents,"The Housing Authority of the City of Pittsburgh participates in HUD’s ConnectHomeUSA initiative to expand affordable high-speed internet access and digital literacy for public housing residents. Working with ISPs and community partners such as libraries and nonprofits, HACP facilitates building and community-space Wi‑Fi, device distribution, and on-site training to help residents gain skills for online education, job searches, and remote work.",Community Broadband and Digital Skills Training,Brain Drain of Young and Educated,Housing Authority of the City of Pittsburgh,"412 Boulevard of the Allies, Pittsburgh, PA 15219",https://www.hacp.org,info@hacp.org,
Courageous Conversations on Race,"YWCA Westmoreland County hosts recurring Courageous Conversations that use circle-based facilitation to examine local histories of racial injustice, housing inequity, and resource disparities. Participants share experiences, document harms and barriers, and collaborate on actionable follow-ups with partner organizations, creating safer channels for ongoing engagement and trust-building.",Listening Circles and Restorative History Sessions,Resistance to Change and New Initiatives,YWCA Westmoreland County,"424 N Main Street, Greensburg, PA 15601",https://www.ywcawestmoreland.org,info@ywcawestmoreland.org,
Court Care of Allegheny County,"Court Care provides free, licensed childcare inside the Allegheny County Family Law Center for children while their caregivers attend court proceedings, including treatment court, probation-related hearings, and court-mandated counseling held in the building. By offering on-site, no-cost childcare, the program removes a major barrier that can cause people to miss required appearances and services, supporting consistent engagement with recovery and justice-related treatment plans.",Volunteer Transportation and Childcare for Treatment Access,Substance Abuse and Deaths of Despair Epidemic,Trying Together,"440 Ross Street, Pittsburgh, PA 15219",https://tryingtogether.org/programs/court-care/,info@tryingtogether.org,
Court Care of Westmoreland County,"This program offers free, short-term childcare at the Westmoreland County Courthouse for caregivers who must attend hearings, treatment court, evaluations, and other mandated services. By eliminating the childcare barrier, Court Care helps participants comply with court orders and engage in counseling and recovery services without placing their children in unsafe or unstable situations.",Volunteer Transportation and Childcare for Treatment Access,Substance Abuse and Deaths of Despair Epidemic,Westmoreland Community Action,"2 N Main Street, Greensburg, PA 15601",https://www.westmorelandca.org/programs/court-care/,info@westmorelandca.org,
Cranberry Compass (Performance Dashboard),"Cranberry Township’s performance dashboard, Cranberry Compass, publicly tracks strategic initiatives, service metrics, capital projects, and budget performance in an easy-to-read format. The Township pairs this reporting with regular public Board of Supervisors meetings—typically monthly—during which progress, timelines, and spending are reviewed and residents can comment. This routine of transparent dashboards plus predictable public review helps sustain trust and demonstrates how community ...",Transparent Project Dashboard and Regular Reporting,Resistance to Change and New Initiatives,Cranberry Township,"2525 Rochester Road, Cranberry Township, PA 16066",https://www.cranberrytownship.org/Performance,cranberry@cranberrytownship.org,
Cranberry Township Student Leadership Program (SLP),"Cranberry Township’s SLP engages high school students in a semester-long experience with municipal leaders, departments, and boards to learn how local government works and contribute youth perspectives to ongoing projects. Participants meet with township officials, attend public meetings, and complete a capstone tied to community priorities, creating a leadership pathway that connects young residents to decision-making.",Youth Councils and Local Leadership Pathways,Brain Drain of Young and Educated,Cranberry Township,"2525 Rochester Road, Cranberry Township, PA 16066",https://www.cranberrytownship.org,info@cranberrytownship.org,
Creative Business Accelerator,"Bridgeway Capital’s Creative Business Accelerator delivers hands-on coaching, mentorship, and market access support for early-stage makers and small businesses, including guidance on financial management and bookkeeping. Coupled with Bridgeway’s flexible microloans and growth capital—and access to partner maker spaces and shared equipment—entrepreneurs receive both technical assistance and seed financing to build job-creating enterprises across Western Pennsylvania.",Community Entrepreneurship Incubator and Microgrant Program,Brain Drain of Young and Educated,Bridgeway Capital,"500 Grant Street, Suite 4200, Pittsburgh, PA 15219",https://www.bridgewaycapital.org,info@bridgewaycapital.org,
Creative Business Accelerator (CBA),"Bridgeway Capital’s CBA pairs creative entrepreneurs and makers with seasoned business advisors, established designers, and manufacturers for mentorship, market access, and growth planning. By convening experienced professionals to guide emerging founders through product development, pricing, and sourcing, the CBA creates deliberate cross-generational knowledge transfer that strengthens local small-business ecosystems.",Cross-Generational Mentorship Network,Brain Drain of Young and Educated,Bridgeway Capital,"1001 Liberty Avenue, Suite 1800, Pittsburgh, PA 15222",https://www.bridgewaycapital.org/creative-business-accelerator,info@bridgewaycapital.org,
Creative Business Accelerator (CBA),"Bridgeway Capital’s CBA provides one-on-one business coaching, group workshops, and market connections to help creative and community-based entrepreneurs launch and grow locally rooted businesses. It pairs technical assistance with capital access, including microloans and the Pennsylvania Council on the Arts Creative Entrepreneur Accelerator $2,000 microgrants, and offers practical business clinics (e.g., finance/accounting) through partner networks. Shared workspaces and production resources...",Community Entrepreneurship Incubator and Microgrant Program,Brain Drain of Young and Educated,Bridgeway Capital,"7800 Susquehanna Street, Pittsburgh, PA 15208",https://www.bridgewaycapital.org/creative-business-accelerator/,info@bridgewaycapital.org,
Criminal Records Expungement and Pardon Clinics,"Neighborhood Legal Services hosts clinics that help eligible individuals file for expungements and pardons, navigate Clean Slate relief, and address collateral consequences of substance-related offenses. These legal services reduce barriers to work and housing and support reentry by minimizing the lasting impact of criminal records while connecting clients to community resources.","Legal Aid, Reentry, and Diversion Supports",Substance Abuse and Deaths of Despair Epidemic,Neighborhood Legal Services,"928 Penn Avenue, Pittsburgh, PA 15222",https://www.nlsa.us,info@nlsa.us,
Crossing Fences,"Crossing Fences is a youth media and oral-history program in which teen participants interview and record the life and work stories of older men in their neighborhoods, producing podcasts and public showcases. The project creates structured, recurring intergenerational events that elevate elders as knowledge-bearers and role models while teaching youth interviewing, audio production, and storytelling skills. By preserving neighborhood histories and highlighting dignified pathways through work...",Positive Local Narrative Campaign,Intergenerational Transmission of Hopelessness,"SLB Radio Productions, Inc.","10 Children's Way, Suite 300, Pittsburgh, PA 15212",https://slbradio.org,info@slbradio.org,
Crossing Fences,"Crossing Fences is a youth media and oral-history program in which teen participants interview and record the life and work stories of older men in their neighborhoods, producing podcasts and public showcases. The project creates structured, recurring intergenerational events that elevate elders as knowledge-bearers and role models while teaching youth interviewing, audio production, and storytelling skills. By preserving neighborhood histories and highlighting dignified pathways through work...",Intergenerational Skill-Sharing Events,Intergenerational Transmission of Hopelessness,"SLB Radio Productions, Inc.","10 Children's Way, Suite 300, Pittsburgh, PA 15212",https://slbradio.org,info@slbradio.org,
Crossing Fences,"Crossing Fences is an intergenerational oral history program in which middle- and high-school students are trained to interview neighborhood elders, including retired steelworkers and longtime members of ethnic social clubs, and produce audio stories and public exhibits. SLB provides curriculum, mentoring, and recording equipment, and partners with schools and libraries across Pittsburgh and the Mon Valley to host listening events and showcases. The project preserves community memory while st...",Intergenerational Skill-Sharing Events,Intergenerational Transmission of Hopelessness,"SLB Radio Productions, Inc.","10 Children's Way, Pittsburgh, PA 15212",https://slbradio.org/crossingfences,info@slbradio.org,
Culinary Training Graduation,"Community Kitchen Pittsburgh hosts formal graduation ceremonies for students completing its culinary workforce development program, recognizing skill mastery, ServSafe credentials, and job placements. These public celebrations bring together family, employers, and community supporters to honor milestones and reinforce social norms that value perseverance and entry into culinary careers.",Recognition and Rite-of-Passage Celebrations,Intergenerational Transmission of Hopelessness,Community Kitchen Pittsburgh,"107 Flowers Avenue, Pittsburgh, PA 15207",https://www.ckpgh.org,info@ckpgh.org,
Culinary Training and Transitional Employment,"Community Kitchen Pittsburgh operates a social enterprise kitchen that provides culinary job training and paid transitional employment for people facing barriers such as addiction recovery, justice involvement, and homelessness. Trainees earn industry certifications (e.g., ServSafe) while producing real meals for contracts and community partners, directly linking learning to paid work. The model fosters purpose, routine, and a supportive peer environment, with employer partnerships for post-g...","Job Training, Apprenticeships, and Social Enterprises",Substance Abuse and Deaths of Despair Epidemic,Community Kitchen Pittsburgh,"107 Flowers Avenue, Pittsburgh, PA 15207",https://www.ckpgh.org,info@ckpgh.org,
DART (Demand And Response Transport),"BCTA’s DART program provides advance-reservation, curb-to-curb on-demand rides throughout Beaver County, helping residents reach workplaces, training programs, medical appointments, and shopping. DART also connects with BCTA’s fixed routes and regional park-and-ride locations, filling first/last-mile gaps so people can access regional corridors without needing a car.",Community Transit and Mobility Solutions,Brain Drain of Young and Educated,Beaver County Transit Authority,"200 West Washington Street, Rochester, PA 15074",https://www.bcta.com/dart/,customerservice@bcta.com,
DART (Demand And Response Transport),"BCTA’s DART is an on-demand, shared-ride service that provides curb-to-curb transportation throughout Beaver County, connecting riders to workplaces, job training programs, medical appointments, shopping, and BCTA fixed-route stops. By offering scheduled, flexible service that bridges first/last mile gaps to transit centers and park-and-ride lots, DART expands mobility for those without cars.",Community Transit and Mobility Solutions,Brain Drain of Young and Educated,Beaver County Transit Authority,"200 West Washington Street, Rochester, PA 15074",https://www.bcta.com,,
DART / Medical Assistance Transportation Program (MATP),"Beaver County Transit Authority’s DART service and MATP arrange curb-to-curb rides, bus passes, or mileage reimbursement for eligible residents traveling to substance use treatment, recovery support services, and court-ordered evaluations. This reliable, low-cost transportation option helps people in Beaver County keep appointments and comply with treatment plans despite limited personal transportation.",Volunteer Transportation and Childcare for Treatment Access,Substance Abuse and Deaths of Despair Epidemic,Beaver County Transit Authority,"200 West Washington Street, Rochester, PA 15074",https://www.bcta.com,,
Day Reporting and Alternative Housing Programs,"Renewal, Inc. offers court-ordered alternatives to incarceration through day reporting and community-based residential programs that integrate case management with drug and alcohol treatment. These programs provide structured supervision, court compliance support, and connections to recovery services, enabling justice-involved individuals to address addiction and avoid further criminal penalties.","Legal Aid, Reentry, and Diversion Supports",Substance Abuse and Deaths of Despair Epidemic,"Renewal, Inc.","339 Boulevard of the Allies, Pittsburgh, PA 15222",https://www.renewalinc.com,info@renewalinc.com,
Development Activities Meetings (DAMs),"The Hill CDC’s DAMs are publicly noticed meetings where developers must present projects, timelines, and community benefits in front of residents and stakeholders, creating on‑the‑record commitments. Video recordings and follow‑up materials serve as report‑backs that make progress visible and allow residents to hold leaders and funders accountable, directly countering skepticism with transparent milestones.",Public Commitment Ceremonies and Visible Milestones,Resistance to Change and New Initiatives,Hill Community Development Corporation,"2015 Centre Avenue, Suite 301, Pittsburgh, PA 15219",https://www.hilldistrict.org/dam,info@hilldistrict.org,
Development Activities Meetings (DAMs) and New Granada Square Redevelopment,"Hill CDC convenes formal Development Activities Meetings where developers publicly present projects, timelines, and commitments, and then return with updates—creating a recurring, visible report-back cycle. Alongside these meetings, the New Granada Square project uses public milestones like groundbreaking and topping-off ceremonies to demonstrate progress and reinforce accountability from funders and civic leaders. This consistent, public cadence helps rebuild trust in a community that has fa...",Public Commitment Ceremonies and Visible Milestones,Resistance to Change and New Initiatives,Hill Community Development Corporation,"2015 Centre Avenue, Pittsburgh, PA 15219",https://www.hilldistrict.org,info@hilldistrict.org,
Development Review Panel (DRP),"The Hill CDC’s Development Review Panel is a resident-led committee that evaluates proposed real estate projects in the Hill District against community plans and negotiated community benefits. The panel issues public scorecards and recommendations, tracks developer follow-through, and uses a transparent, resident-majority process to review proposals and vendor commitments so community priorities drive decision-making and reduce perceptions of back-room deals.",Citizen Oversight and Evaluation Committees,Resistance to Change and New Initiatives,Hill Community Development Corporation,"2015 Centre Avenue, Pittsburgh, PA 15219",https://www.hilldistrict.org,info@hilldistrict.org,
Development Review Panel (DRP),"The Hill CDC’s Development Review Panel is a resident-led process that organizes community members to evaluate development proposals and articulate community priorities to developers and public agencies. Staff organizers conduct outreach and listening sessions to gather input, then convene structured decision-making tables that translate resident voice into binding community benefits and recommendations to city boards, demonstrating transparent and responsive governance.",Neighborhood Organizers and Listening Campaigns,Intergenerational Transmission of Hopelessness,Hill Community Development Corporation,"2015 Centre Avenue, Suite 100, Pittsburgh, PA 15219",https://www.hilldistrict.org/drp,info@hilldistrict.org,
Development Tracker and Development Activities Meetings (DAM),"The City of Pittsburgh’s Development Tracker is a public, easy-to-use dashboard showing active development proposals with locations, documents, review milestones, and status updates so residents can follow projects from proposal through approval. The Department of City Planning requires community-based Development Activities Meetings (typically hosted monthly by Registered Community Organizations) before major projects advance, creating a recurring forum where staff, developers, and neighbors...",Transparent Project Dashboard and Regular Reporting,Resistance to Change and New Initiatives,City of Pittsburgh Department of City Planning,"200 Ross Street, Pittsburgh, PA 15219",https://pittsburghpa.gov/dcp/development-tracker,planning@pittsburghpa.gov,
Digital Foundry at New Kensington,"The Digital Foundry is a community-accessible advanced manufacturing and digital fabrication center offering 3D printing, robotics, CNC, and design tools alongside training and open lab programs. By providing shared equipment and expert-led learning in a revitalized former industrial downtown corridor, it lets residents and small businesses prototype and iterate ideas affordably. The collaborative environment and visible project outcomes build trust and momentum for local innovation.",Tool Libraries and Shared Makerspaces,Resistance to Change and New Initiatives,Digital Foundry at New Kensington (Penn State New Kensington & Economic Growth Connection of Westmoreland),"855 5th Avenue, New Kensington, PA 15068",https://digitalfoundrynk.com,info@digitalfoundrynk.com,
Digital Inclusion & Job and Career Education,"Carnegie Library of Pittsburgh provides free public Wi‑Fi, computers, and hotspot/laptop lending, and offers ongoing classes in digital literacy, job search skills, resume building, and introductory coding. Librarians and digital navigators help residents enroll in low‑cost internet programs (e.g., Internet Essentials) and build the skills needed for remote work, enabling people to access modern jobs without leaving their neighborhood.",Community Broadband and Digital Skills Training,Brain Drain of Young and Educated,Carnegie Library of Pittsburgh,"4400 Forbes Avenue, Pittsburgh, PA 15213",https://www.carnegielibrary.org,info@carnegielibrary.org,
Digital Literacy & Career Pathways,"Literacy Pittsburgh provides beginner‑to‑advanced digital literacy instruction (including Northstar Digital Literacy), English language learning with technology integration, and career readiness coaching that supports remote work. Digital navigators help learners obtain low‑cost internet and devices and partner with libraries, schools, and employers to deliver training across Western Pennsylvania so residents can upskill and work from where they live.",Community Broadband and Digital Skills Training,Brain Drain of Young and Educated,Literacy Pittsburgh,"411 Seventh Avenue, Suite 525, Pittsburgh, PA 15219",https://www.literacypittsburgh.org,info@literacypittsburgh.org,
Digital Literacy & Computer Skills,"Literacy Pittsburgh delivers digital literacy, computer basics, and career-focused technology instruction that help adults navigate online job platforms, productivity tools, and remote-work environments. The organization partners with libraries, schools, and employers to provide neighborhood-based classes, plus guidance on finding affordable internet and devices, enabling residents across Western Pennsylvania to connect to work without relocating.",Community Broadband and Digital Skills Training,Brain Drain of Young and Educated,Literacy Pittsburgh,"411 Seventh Avenue, Suite 525, Pittsburgh, PA 15219",https://www.literacypittsburgh.org,info@literacypittsburgh.org,
Digital Literacy & Technology Training,"Carnegie Library of Pittsburgh offers free computer and internet classes, one-on-one digital navigation, hotspot and device lending, and workforce assistance so residents can build the skills needed for online jobs without leaving their communities. Staff help patrons enroll in low-cost internet programs such as the Affordable Connectivity Program and connect them with local training resources, effectively partnering with city agencies, schools, and ISPs to expand affordable access and skills.",Community Broadband and Digital Skills Training,Brain Drain of Young and Educated,Carnegie Library of Pittsburgh,"4400 Forbes Avenue, Pittsburgh, PA 15213",https://www.carnegielibrary.org,info@carnegielibrary.org,
Digital Navigators,"Literacy Pittsburgh trains paid digital navigators—often recruited from the neighborhoods they serve—to help residents understand internet offers, devices, and online services, and to sign up for programs like low‑cost broadband. Navigators conduct community‑based outreach, troubleshoot barriers, and feed resident input back to the organization to improve services. As trusted peers, they effectively overcome skepticism and recruit participants who might otherwise disengage.",Peer Ambassadors and Trusted Neighbor Network,Resistance to Change and New Initiatives,Literacy Pittsburgh,"411 Seventh Avenue, Suite 525, Pittsburgh, PA 15219",https://www.literacypittsburgh.org/digital-navigators,info@literacypittsburgh.org,
Digital Navigators of Southwestern Pennsylvania,"Literacy Pittsburgh leads the Digital Navigators initiative that trains and compensates trusted community members to help neighbors get online, secure devices, and develop digital skills. These navigators conduct one-on-one outreach through familiar neighborhood organizations, gather feedback on barriers (cost, skills, trust), and recruit residents into classes and programs—using peer relationships to overcome skepticism about new services.",Peer Ambassadors and Trusted Neighbor Network,Resistance to Change and New Initiatives,Literacy Pittsburgh,"411 Seventh Avenue, Suite 550, Pittsburgh, PA 15219",https://www.literacypittsburgh.org/digital-navigators,info@literacypittsburgh.org,
Digital Skills & IT Career Training,"Goodwill of Southwestern Pennsylvania offers digital literacy classes, computer basics, and industry‑recognized IT training (e.g., Google IT Support, CompTIA) alongside job placement support geared to remote and hybrid roles. Participants gain devices and connectivity assistance through community partnerships and learn practical tools for telework, helping residents secure quality employment while remaining in their communities.",Community Broadband and Digital Skills Training,Brain Drain of Young and Educated,Goodwill of Southwestern Pennsylvania,"118 52nd Street, Pittsburgh, PA 15201",https://www.goodwillswpa.org,info@goodwillswpa.org,
Digital Skills & IT Training Pathways,"Goodwill of Southwestern Pennsylvania provides free and low-cost digital literacy classes, Northstar Digital Literacy assessments, and IT career pathways (including industry-recognized certifications) that prepare adults for remote and hybrid jobs. They pair training with job placement support and device/internet access assistance in collaboration with libraries, workforce partners, and employers so residents can access modern work opportunities locally.",Community Broadband and Digital Skills Training,Brain Drain of Young and Educated,Goodwill of Southwestern Pennsylvania,"118 52nd Street, Pittsburgh, PA 15201",https://www.goodwillswpa.org,info@goodwillswpa.org,
District 8 Participatory Budgeting,"Pittsburgh City Council District 8 runs periodic participatory budgeting cycles where residents propose neighborhood improvements, attend idea workshops with staff, and vote online and at in-person events to allocate district funds. Winning projects—such as traffic calming, pedestrian safety, and small capital upgrades—are implemented through the city’s budget. By putting spending decisions directly in residents’ hands, the process builds trust and counters the belief that outside promises wo...",Participatory Budgeting for Neighborhood Projects,Resistance to Change and New Initiatives,Office of Pittsburgh City Councilmember Erika Strassburger (District 8),"414 Grant Street, Pittsburgh, PA 15219",https://pittsburghpa.gov/district8,district8@pittsburghpa.gov,
Diversion and Acute Stabilization (DAS),"DAS is a short-term residential crisis program that provides safe respite and stabilization for adults experiencing psychiatric and co-occurring substance-use crises. Individuals can sober safely with basic medical observation, supportive counseling, and meals while staff coordinate next steps. The team provides warm handoffs to inpatient or outpatient addiction treatment, recovery supports, and housing resources.",Sobering Centers and Short-Term Respite Care,Substance Abuse and Deaths of Despair Epidemic,Pittsburgh Mercy,"330 South 9th Street, Pittsburgh, PA 15203",https://www.pittsburghmercy.org,,
Downtown Erie Gift Card,"The Downtown Erie Gift Card keeps consumer spending within locally owned shops, restaurants, and services in the central business district. The Erie Downtown Partnership markets the card to residents, employers, and institutions as a tool to direct purchasing to Erie businesses, reinforcing buy-local behavior and strengthening the urban core economy.",Buy Local and Contractor Preference Campaigns,Brain Drain of Young and Educated,Erie Downtown Partnership,"140 E 5th Street, Erie, PA 16507",https://www.eriedowntown.com,info@eriedowntown.com,
Downtown Erie Gift Card and Shop Local Campaign,"Erie Downtown Partnership operates a Downtown Erie Gift Card accepted by dozens of independently owned businesses and runs seasonal shop-local promotions that direct residents’ and visitors’ spending to local merchants. By organizing citywide marketing, business directories, and procurement for events with downtown vendors, EDP actively prioritizes area businesses and keeps consumer and institutional spending circulating within Erie’s local economy.",Buy Local and Contractor Preference Campaigns,Brain Drain of Young and Educated,Erie Downtown Partnership,"140 East 5th Street, Erie, PA 16507",https://www.eriedowntown.com,info@eriedowntown.com,
Downtown Erie Night Market,"A recurring evening market in Perry Square that features local makers, food vendors, and live entertainment to bring people together after hours downtown. The event activates public space, supports neighborhood entrepreneurs, and creates a welcoming, vibrant atmosphere that builds social ties and a sense of belonging—key factors in retaining young residents and talent.",Cultural Programming and Placemaking Events,Brain Drain of Young and Educated,Erie Downtown Partnership,"140 East 5th Street, Erie, PA 16507",https://eriedowntown.com/events/night-market,info@eriedowntown.com,
EECM Youth Mentoring,"EECM recruits caring adults—often from its network of local congregations, neighborhood residents, and nearby businesses—to provide one-on-one mentoring for youth in Pittsburgh’s East End. Mentors meet regularly with students to offer academic support, positive role modeling, and exposure to career and life pathways. EECM staff conduct screenings, make intentional matches, and track mentor-mentee interactions and goals using volunteer management and case coordination tools.",Community Mentorship Network,Intergenerational Transmission of Hopelessness,East End Cooperative Ministry,"6140 Station Street, Pittsburgh, PA 15206",https://www.eecm.org,info@eecm.org,
ERIE Stat,"ERIE Stat is the City of Erie's performance management program that publishes public dashboards tracking priority initiatives, timelines, and outcome measures, along with budget and spending information. The Mayor’s team conducts regular ERIE Stat review sessions—often monthly and open to the public or livestreamed—where departments report progress and take community questions, creating a recurring forum for accountability and course correction. This transparent, data-driven cadence directly ...",Transparent Project Dashboard and Regular Reporting,Resistance to Change and New Initiatives,City of Erie,"626 State Street, Erie, PA 16501",https://cityof.erie.pa.us,info@erie.pa.us,
Early Learning & School Age Care,"The Beaver County YMCA provides nonprofit infant, toddler, preschool, and school-age childcare with extended hours, accepting Child Care Works subsidies and offering financial assistance. Its family-centered environment and parent programming create a supportive network that helps caregivers maintain employment or education while staying rooted in the community.",Affordable Childcare Cooperatives and Family Supports,Brain Drain of Young and Educated,Beaver County YMCA,"2236 3rd Avenue, New Brighton, PA 15066",https://www.beavercountyymca.org,info@beavercountyymca.org,
Early Learning Center – Homewood-Brushton,"YWCA Greater Pittsburgh operates a Keystone STARS-rated, nonprofit early learning center that provides affordable, full-day childcare and preschool, accepting Child Care Works subsidies and offering financial assistance. The center pairs childcare with family supports like resource navigation and parent engagement, helping young parents work or study and strengthening their ties to the neighborhood.",Affordable Childcare Cooperatives and Family Supports,Brain Drain of Young and Educated,YWCA Greater Pittsburgh,"6907 Frankstown Avenue, Pittsburgh, PA 15208",https://www.ywcapgh.org,info@ywcapgh.org,
Earn-a-Bike,"Earn-a-Bike is a time-based program in which participants volunteer in the community bike shop and learn maintenance skills, accruing shop credit based on hours worked. Those hours are redeemed for refurbished bicycles, parts, and access to tools, effectively using time as the currency of exchange and fostering a cooperative environment where residents trade skills and labor to meet each other’s needs and rebuild trust.",Time Bank and Mutual Aid Exchange,Resistance to Change and New Initiatives,Free Ride (The Pittsburgh Bicycle Collective),"214 N Lexington Street, Pittsburgh, PA 15208",https://www.freeridepgh.org,info@freeridepgh.org,
Earn-a-Bike and Volunteer Time Credit Program,"Free Ride runs an Earn-a-Bike program where residents volunteer in the community bike shop, learning repair skills while accruing time credits that can be exchanged for bicycles, parts, and shop time. This hour-for-benefit exchange mirrors a time bank by valuing each hour of service equally and turning it into tangible support for mobility and learning. Through everyday cooperation on repairs and mentoring, neighbors experience immediate mutual benefit that rebuilds trust.",Time Bank and Mutual Aid Exchange,Resistance to Change and New Initiatives,Free Ride Pittsburgh,"214 N Lexington Street, Pittsburgh, PA 15208",https://www.freeridepgh.org,info@freeridepgh.org,
East End Food Co-op,"East End Food Co-op is a member-owned grocery cooperative where thousands of local member-owners democratically govern the store and its community space. The co-op sustains a permanent brick-and-mortar location with classes, forums, and partnerships that foster routine, year-round engagement. By using cooperative ownership and member investment, it maintains a community-controlled space that serves residents’ needs beyond election cycles.",Community Land Trusts and Cooperative Ownership,Resistance to Change and New Initiatives,East End Food Co-op,"7516 Meade Street, Pittsburgh, PA 15208",https://www.eastendfood.coop,info@eastendfood.coop,
East End Food Co-op,"East End Food Co-op is a member-owned grocery cooperative where thousands of local member-owners democratically govern the store and its community space. The co-op sustains a permanent brick-and-mortar location with classes, forums, and partnerships that foster routine, year-round engagement. By using cooperative ownership and member investment, it maintains a community-controlled space that serves residents’ needs beyond election cycles.",Local Investment Vehicle and Worker Cooperatives,Brain Drain of Young and Educated,East End Food Co-op,"7516 Meade Street, Pittsburgh, PA 15208",https://www.eastendfood.coop,info@eastendfood.coop,
Employment Institute,"Auberle’s Employment Institute offers paid work experiences, subsidized employment, and stipended training for teens and young adults, often in partnership with community-based organizations and employers. Youth gain industry-recognized credentials, coaching, and on-the-job experience that strengthens their resumes and demonstrates tangible pathways to meaningful work.",Paid Youth Employment and Micro-Grants,Intergenerational Transmission of Hopelessness,Auberle,"1101 Hartman Street, McKeesport, PA 15132",https://www.auberle.org/employment-institute,info@auberle.org,
Employment Institute,"Auberle’s Employment Institute provides paid work experiences, internships, and subsidized employment for youth and young adults, paired with industry-recognized credentials and case management. Local businesses, manufacturers, and social service agencies host participants, guarantee placement slots, and supervise on-the-job learning, often leading to permanent jobs or apprenticeships. This earn-and-learn approach supplies income, real workplace skills, and a clear path into sustainable careers.",School-to-Work Apprenticeships and Paid Internships,Intergenerational Transmission of Hopelessness,Auberle,"1101 Hartman Street, McKeesport, PA 15132",https://www.auberle.org,info@auberle.org,
Employment Institute & School-Based Services,"Auberle is a trauma-informed organization that offers school-based behavioral health services and the Employment Institute, which provides mentoring, paid work experiences, and job/skills training for teens and young adults. By combining on-site counseling with supportive coaching and workforce pathways, Auberle helps youth heal from trauma, rebuild identity and purpose, and stay engaged in school and community.",Trauma-Informed Schools and Youth Programs,Substance Abuse and Deaths of Despair Epidemic,Auberle,"1101 Hartman Street, McKeesport, PA 15132",https://www.auberle.org,info@auberle.org,
Employment Institute (EI),"Auberle’s Employment Institute partners with a large network of regional employers to create second-chance hiring pathways for people in recovery and with substance-use histories. The EI provides job readiness training, placement, and on-the-job retention coaching, while working with employers to adapt policies, build recovery-friendly practices, and support return-to-work plans with wraparound services such as transportation, peer support, and case management.",Recovery-Friendly Employer Partnerships,Substance Abuse and Deaths of Despair Epidemic,Auberle,"1101 Hartman Street, McKeesport, PA 15132",https://www.auberle.org,info@auberle.org,
Employment Services,"Renewal, Inc. partners with area employers to provide second-chance hiring and supported employment for individuals in recovery and those with substance-use histories, many of whom are also returning from the justice system. The program coordinates job placement, employer education, and on-the-job supports—such as recovery coaching, counseling access, and retention follow-up—to sustain recovery-friendly workplaces and structured return-to-work plans.",Recovery-Friendly Employer Partnerships,Substance Abuse and Deaths of Despair Epidemic,"Renewal, Inc.","339 Sixth Avenue, Suite 750, Pittsburgh, PA 15222",https://www.renewalinc.com,info@renewalinc.com,
Energy Innovation Center Institute Workforce & Union Pre-Apprenticeships,"The Energy Innovation Center Institute convenes unions (e.g., IBEW, Steamfitters), employers, schools, and community partners to co-design entry-level and pre-apprenticeship training for energy, construction, and facilities management careers. Training is delivered onsite with union instructors and employer input, outlining clear steps into registered apprenticeships and advancement within the trades. Participants receive coordinated supports such as case management, transit assistance, and i...",Employer-Community Career Pathway Partnerships,Intergenerational Transmission of Hopelessness,Energy Innovation Center Institute,"1435 Bedford Avenue, Pittsburgh, PA 15219",https://www.eicpgh.org,info@eicpgh.org,
Engagement Center at Second Avenue Commons,"The Engagement Center offers a low-barrier indoor space where people, including those who may be intoxicated, can rest, access meals, and receive basic health and safety checks. Staff build trust and provide immediate connections to detox/MAT, behavioral health services, and shelter or housing pathways within Allegheny County’s network. As part of a purpose-built facility, it functions as a community-operated respite setting that stabilizes guests and facilitates warm handoffs to longer-term ...",Sobering Centers and Short-Term Respite Care,Substance Abuse and Deaths of Despair Epidemic,Second Avenue Commons (Allegheny County Department of Human Services and partners),"700 Second Avenue, Pittsburgh, PA 15219",https://secondavenuecommons.org,,
Equitable Business Opportunities (EBO) and Supplier Diversity Program,"The City of Pittsburgh’s EBO platform and supplier diversity program invite local small and diverse vendors to register, receive bid alerts, and compete for municipal contracts. Through inclusion goals, training, and transparent solicitations, the City expands opportunities for Pittsburgh-based firms and advances a buy-local orientation in public procurement to strengthen the regional economy.",Buy Local and Contractor Preference Campaigns,Brain Drain of Young and Educated,"City of Pittsburgh Office of Business Diversity, Office of Management and Budget","414 Grant Street, Pittsburgh, PA 15219",https://pittsburghpa.gov/obd,omb@pittsburghpa.gov,
Erie County Overdose Spike Response and ODMAP Monitoring,"The Erie County Department of Health uses ODMAP and emergency department data to track nonfatal and fatal overdoses and identify spikes at the neighborhood level. When surges occur, the department issues public health advisories and coordinates with EMS, harm-reduction partners, and community groups to deliver naloxone, warnings, and targeted outreach in the affected areas.",Overdose Data Sharing and Early-Warning System,Substance Abuse and Deaths of Despair Epidemic,Erie County Department of Health,"606 West 2nd Street, Erie, PA 16507",https://eriecountypa.gov/departments/health/,,
Erie Downtown Partnership Shop Local Campaigns,"Erie Downtown Partnership runs seasonal and year-round Shop Local promotions, gift card programs, and business directories that steer residents and downtown institutions to patronize and contract with locally owned businesses. These campaigns keep spending in the regional economy, support small employers, and strengthen the business base that creates opportunities for young talent to stay.",Buy Local and Contractor Preference Campaigns,Brain Drain of Young and Educated,Erie Downtown Partnership,"140 E 5th Street, Erie, PA 16507",https://www.eriedowntown.com,info@eriedowntown.com,
Erie Mayor’s Youth Council,"The Erie Mayor’s Youth Council brings high school students into regular dialogue with the Mayor and city departments to provide recommendations on issues like neighborhood development, public safety, and community services. Participants learn civic processes, serve on working groups, and help shape city initiatives, giving young residents a structured pathway to influence local government and build leadership skills.",Youth Councils and Local Leadership Pathways,Brain Drain of Young and Educated,City of Erie Mayor’s Office,"626 State Street, Erie, PA 16501",https://cityof.erie.pa.us,mayor@erie.pa.us,
Erie Technology Incubator (ETI),"ETI provides startup and small business incubation with private offices, shared facilities, and structured mentorship from experienced executives and faculty. Participants receive one-on-one coaching, peer cohort support, and connections to microloans and investment partners across Northwest Pennsylvania, helping entrepreneurs in a deindustrialized region build credible, community-rooted enterprises.",Small Business Incubator and Mentoring,Intergenerational Transmission of Hopelessness,Gannon University,"900 State Street, Erie, PA 16501",https://www.gannon.edu/eti,eti@gannon.edu,
Erie Technology Incubator (ETI),"ETI provides entrepreneurs with subsidized office and lab space, intensive mentoring, and cohort-based programming, plus connections to regional investors and microlenders. By lowering startup barriers and surrounding founders with expert coaches and peers, ETI helps create visible, local success stories that counter despair and demonstrate viable routes to building a good life in Western Pennsylvania.",Small Business Incubator and Mentoring,Intergenerational Transmission of Hopelessness,Gannon University,"900 State Street, Erie, PA 16501",https://www.eti.gannon.edu,eti@gannon.edu,
Erie Technology Incubator at Gannon University,"ETI provides flexible, affordable office and lab space, experienced mentoring, and wraparound business services to early-stage companies in the Erie region. Its programming includes advisor networks, workshops, and peer cohorts guiding entrepreneurs through customer discovery, product development, and growth. ETI partners with regional lenders and CDFIs to help startups access microloans and seed funding, offering a clear pathway to building family-sustaining enterprises in a post-industrial ...",Small Business Incubator and Mentoring,Intergenerational Transmission of Hopelessness,Gannon University,"900 State Street, Erie, PA 16501",https://eti.gannon.edu,eti@gannon.edu,
Estelle S. Campbell Clubhouse – Power Hour & STEM,"Boys & Girls Clubs of Western Pennsylvania operates the Estelle S. Campbell Clubhouse as a daily after-school hub offering Power Hour homework help, tutoring, and STEM labs staffed by trained youth workers and volunteers. The clubhouse provides internet access, hands-on learning, mentoring, and college/career readiness activities that help students build skills, set goals, and complete applications.",Community Learning Hubs and Tutoring Centers,Intergenerational Transmission of Hopelessness,Boys & Girls Clubs of Western Pennsylvania,"4600 Butler Street, Pittsburgh, PA 15201",https://www.bgcwpa.org,info@bgcwpa.org,
Executives in Residence (EIR),"The Forbes Funds’ EIR program connects nonprofit and social enterprise leaders with veteran executives who provide strategic mentorship, problem-solving support, and introductions across civic and philanthropic networks. This cross-generational pairing helps emerging organizers and community builders strengthen leadership capacity, accelerate impact projects, and retain talent within Western Pennsylvania communities.",Cross-Generational Mentorship Network,Brain Drain of Young and Educated,The Forbes Funds,"5 PPG Place, Suite 250, Pittsburgh, PA 15222",https://forbesfunds.org,info@forbesfunds.org,
FAVOR Western Pennsylvania,"FAVOR Western PA is a recovery community organization that conducts public education, speakers’ panels, and Recovery Month events where individuals in recovery and family members share their personal stories to reduce stigma and normalize seeking help. Peer recovery specialists facilitate community dialogues in workplaces, faith communities, and civic groups, using person-first language and recovery narratives to shift attitudes about addiction and connect residents to local treatment and rec...",Community Anti‑Stigma and Peer Story Campaigns,Substance Abuse and Deaths of Despair Epidemic,FAVOR Western Pennsylvania,"1002 Brookline Boulevard, Pittsburgh, PA 15226",https://www.favorwesternpa.org,info@favorwesternpa.org,
FAVOR of Fayette County,"FAVOR of Fayette County organizes community forums, speaker events, and peer-led panels where residents with lived experience of addiction and recovery share their stories to humanize substance use disorders and reduce stigma. The organization trains Recovery Ambassadors who engage civic groups, schools, and workplaces, promoting person-first language, offering hope, and linking people to local recovery resources to encourage help-seeking across the county’s deindustrialized communities.",Community Anti‑Stigma and Peer Story Campaigns,Substance Abuse and Deaths of Despair Epidemic,FAVOR of Fayette County,"66 Beeson Boulevard, Suite 204, Uniontown, PA 15401",https://www.favorfayette.org,info@favorfayette.org,
Family Based Mental Health Services,"UPMC Western Behavioral Health at Mon Yough provides team-delivered, intensive in-home therapy for children and caregivers at risk of out-of-home placement. Services include safety planning, parent coaching, crisis intervention, and case management, with direct linkage to UPMC addiction medicine and community substance-use treatment providers. This integrated approach stabilizes families coping with addiction while ensuring child safety and preserving the home.",Parent-Child Preservation and Home Visiting Programs,Substance Abuse and Deaths of Despair Epidemic,UPMC Western Behavioral Health at Mon Yough,"335 Shaw Avenue, McKeesport, PA 15132",https://www.upmc.com/services/behavioral-health/locations/mon-yough,,
Family Based Mental Health Services (FBMH) and Family Preservation,"Familylinks provides team-delivered, in-home therapy and case management to stabilize families at risk of child removal, addressing parent mental health and substance-use concerns alongside child safety and well-being. Clinicians deliver evidence-based parenting interventions in the home and coordinate linkages to detox, outpatient SUD treatment, recovery housing, and community supports. The approach reduces crises, strengthens parenting capacity, and keeps children safely with their caregivers.",Parent-Child Preservation and Home Visiting Programs,Substance Abuse and Deaths of Despair Epidemic,Familylinks,"250 Shady Avenue, Pittsburgh, PA 15206",https://www.familylinks.org,info@familylinks.org,
Family Based Mental Health Services (FBMHS),"Familylinks delivers intensive, team-based therapy and parent coaching directly in the home for families with children at risk of out-of-home placement. Clinicians provide 24/7 crisis support, develop safety plans, and coordinate closely with drug and alcohol providers to help caregivers access treatment and build relapse-prevention strategies. The service preserves family unity by stabilizing behavior, strengthening parenting, and linking households to community resources.",Parent-Child Preservation and Home Visiting Programs,Substance Abuse and Deaths of Despair Epidemic,Familylinks,"401 North Highland Avenue, Pittsburgh, PA 15206",https://www.familylinks.org,,
Family Based Mental Health Services (FBMHS),"Mon Yough’s FBMHS provides in-home, team-delivered family therapy and case management for children and adolescents whose functioning is affected by parental substance use and related stress. Clinicians coordinate closely with the organization’s drug and alcohol treatment programs and with school liaisons to strengthen parenting, reduce crises, and improve child well-being.",Family Support and Child-Focused Services,Substance Abuse and Deaths of Despair Epidemic,Mon Yough Community Services,"500 Walnut Street, McKeesport, PA 15132",https://www.mycs.org,,
Family Based Mental Health Services (FBMHS),"Pressley Ridge’s FBMHS teams provide intensive, in-home family therapy using evidence-based models to help caregivers affected by substance use rebuild communication, routines, and resilience for their children. Staff collaborate with school personnel and community partners, functioning as liaisons to support attendance and behavioral plans, while teaching practical parenting skills that reduce trauma and improve long-term family stability.",Family Support and Child-Focused Services,Substance Abuse and Deaths of Despair Epidemic,Pressley Ridge,"530 Marshall Avenue, Pittsburgh, PA 15214",https://www.pressleyridge.org,,
Family Care Connection Center – Squirrel Hill,"UPMC Children’s Family Care Connection Centers provide parenting workshops, parent–child activities, home visiting, and case management that help caregivers create stable home routines and confident expectations for children. The centers also link families to stress-management supports, mental health services, and financial/employment resources, reducing day-to-day pressures that fuel hopelessness. This neighborhood-based site makes services accessible and welcoming, strengthening family resi...",Family Resilience and Parenting Workshops,Intergenerational Transmission of Hopelessness,UPMC Children’s Hospital of Pittsburgh,"5340 Saline Street, Pittsburgh, PA 15217",https://www.chp.edu/our-services/family-care-connection,,
Family Group Decision Making (FGDM),"Auberle’s FGDM program brings extended family, friends, and natural supports together in a facilitated family circle to develop plans that keep children safe and help families thrive. The restorative, family-led process builds peer support networks around parents and caregivers, models constructive problem-solving, and repairs trust across generations by centering family voice in decisions.",Restorative Community Circles and Family Support Networks,Intergenerational Transmission of Hopelessness,Auberle,"1101 Hartman Street, McKeesport, PA 15132",https://www.auberle.org,info@auberle.org,
Family Preservation Services (In-Home),"Pressley Ridge provides intensive, evidence-informed in-home services to help families stabilize crises, strengthen parenting skills, and prevent out-of-home placement. Multidisciplinary teams coach parents in the home, create safety plans, and coordinate concrete supports; they also screen for caregiver substance-use needs and connect families to treatment and recovery resources in the community. This keeps children safe while maintaining family integrity during recovery.",Parent-Child Preservation and Home Visiting Programs,Substance Abuse and Deaths of Despair Epidemic,Pressley Ridge,"530 Marshall Avenue, Pittsburgh, PA 15214",https://www.pressleyridge.org,info@pressleyridge.org,
Family Preservation and Reunification (In-Home Services),"Auberle delivers evidence-informed, in-home family preservation and reunification services that help parents build safe routines, strengthen attachment, and navigate crises without removing children from the home. Caseworkers meet families where they live, provide hands-on parenting coaching, and connect caregivers to community resources such as medication-assisted treatment, outpatient recovery services, and peer supports for substance use. Services are designed to reduce out-of-home placeme...",Parent-Child Preservation and Home Visiting Programs,Substance Abuse and Deaths of Despair Epidemic,Auberle,"1101 Hartman Street, McKeesport, PA 15132",https://www.auberle.org,info@auberle.org,
Family Resources – Nurturing Parenting Program,"Family Resources offers free and low-cost evidence-based parenting classes, including the Nurturing Parenting and Incredible Years curricula, to help caregivers build positive routines, set clear expectations, and strengthen parent-child relationships. Classes are paired with parent support groups and trauma-informed counseling to reduce caregiver stress and model hope and resilience. The program operates in community settings across Allegheny County, directly addressing intergenerational des...",Family Resilience and Parenting Workshops,Intergenerational Transmission of Hopelessness,Family Resources,"1425 Forbes Avenue, Pittsburgh, PA 15219",https://www.familyresourcespa.org,info@familyresourcespa.org,
Family Services (In-Home Therapy & Family Stabilization),"Auberle’s Family Services provide in-home, trauma-informed therapy, family stabilization, and parent coaching across the Mon Valley and greater Pittsburgh region. Mobile clinical teams meet children and caregivers where they live to address trauma, strengthen attachment, and connect families to ongoing supports. This mobile counseling model reduces barriers to care and equips parents and youth with coping skills that support school success and long-term resilience.",Trauma-Informed Schools and Community Counseling,Intergenerational Transmission of Hopelessness,Auberle,"1101 Hartman Street, McKeesport, PA 15132",https://www.auberle.org,info@auberle.org,
Family Services (Parenting & Financial Empowerment),"Auberle delivers evidence‑based parenting education and coaching, in‑home family support, and trauma‑informed stress‑management services that strengthen caregivers’ capacity to set expectations and model resilience. Through its Employment Institute and community partnerships, Auberle also provides financial literacy, budgeting, and career coaching—equipping families with concrete tools to reduce financial stress and build stable home routines.",Family Resilience and Parenting Workshops,Intergenerational Transmission of Hopelessness,Auberle,"1101 Hartman Street, McKeesport, PA 15132",https://www.auberle.org,info@auberle.org,
Family Support Center,"The Kingsley Association’s Family Support Center offers free and low‑cost parenting classes, caregiver support groups, and parent‑child activities that help families build positive home routines. As a community hub, it also hosts stress‑management workshops and partners with local nonprofits and financial coaches to provide budgeting, credit repair, and benefits counseling on site—giving caregivers practical tools to model hope and set clear expectations for children.",Family Resilience and Parenting Workshops,Intergenerational Transmission of Hopelessness,The Kingsley Association,"6435 Frankstown Avenue, Pittsburgh, PA 15206",https://kingsleyassociation.org,,
Family Support Partners and Parent Support Groups,"Allegheny Family Network employs trained Family Support Partners—parents with lived experience—to facilitate peer-led groups and one-on-one support that help caregivers navigate schools, behavioral health, and community systems. By elevating parent leadership and creating consistent peer networks, the program rebuilds trust, provides visible role models of effective advocacy, and strengthens intergenerational social capital.",Restorative Community Circles and Family Support Networks,Intergenerational Transmission of Hopelessness,Allegheny Family Network,"425 North Craig Street, Suite 500, Pittsburgh, PA 15213",https://www.alleghenyfamilynetwork.org,info@alleghenyfamilynetwork.org,
Family-Based Mental Health Services (FBMHS),"Familylinks’ FBMHS delivers intensive, in-home family therapy to stabilize children with serious emotional and behavioral needs, many of whom have experienced trauma related to parental substance use. Teams provide parenting education and coaching, help families establish healthy routines, and link caregivers to support groups and recovery resources. Clinicians coordinate closely with schools and student assistance teams to support classroom success and continuity of care.",Family Support and Child-Focused Services,Substance Abuse and Deaths of Despair Epidemic,"Familylinks, Inc.","401 North Highland Avenue, Pittsburgh, PA 15206",https://www.familylinks.org,info@familylinks.org,
Family-Based Mental Health Services (FBMHS),"Pressley Ridge’s FBMHS delivers intensive, in-home family therapy, parent coaching, and 24/7 crisis support to keep children safe and stable when caregivers struggle with issues including substance use. The team coordinates with schools and community resources, builds parenting skills, and addresses trauma responses in children to prevent intergenerational harm.",Family Support and Child-Focused Services,Substance Abuse and Deaths of Despair Epidemic,Pressley Ridge,"530 Marshall Avenue, Pittsburgh, PA 15214",https://www.pressleyridge.org,info@pressleyridge.org,
Familylinks Family Support Services,"Familylinks operates family support services that provide parenting classes, caregiver support groups, home visiting, and linkage to family therapy for households impacted by substance use. Staff coordinate with schools and community partners to stabilize children, reduce trauma, and improve family functioning, while connecting parents to addiction treatment and recovery supports.",Family Support and Child-Focused Services,Substance Abuse and Deaths of Despair Epidemic,Familylinks,"401 N Highland Avenue, Pittsburgh, PA 15206",https://www.familylinks.org,info@familylinks.org,
Familylinks School-Based Behavioral Health and Mobile Services,"Familylinks partners with Allegheny County schools to provide on‑site counseling, Student Assistance Program (SAP) supports, and trauma‑informed care coordination for students and families. Its Mobile Therapy and Family Based Mental Health teams deliver in‑home counseling that helps parents develop skills, manage crises, and reinforce progress made at school. By aligning school counseling with home‑based services and educator training, Familylinks creates a trauma‑informed continuum that upli...",Trauma-Informed Schools and Community Counseling,Intergenerational Transmission of Hopelessness,"Familylinks, Inc.","401 North Highland Avenue, Pittsburgh, PA 15206",https://www.familylinks.org,info@familylinks.org,
Familylinks School-Based Behavioral Health and Student Assistance Program (SAP),"Familylinks provides school-based outpatient counseling and SAP services in multiple Western Pennsylvania districts, offering on-site therapists who deliver trauma-informed care to students. Clinicians coordinate with teachers and administrators to implement trauma-sensitive strategies and connect families to mobile family-based therapy when needed. This integrated model ensures children and parents receive timely emotional supports at school and at home, disrupting intergenerational patterns...",Trauma-Informed Schools and Community Counseling,Intergenerational Transmission of Hopelessness,Familylinks,"401 North Highland Avenue, Pittsburgh, PA 15206",https://www.familylinks.org,,
Fayette County Crisis Hotline & Mobile Crisis,"Chestnut Ridge Counseling Services operates the county’s crisis hotline and community-based mobile crisis response, sending mental health professionals to homes and public locations to de-escalate and assess crises. Teams provide stabilization, safety planning, and linkage to detox, MAT, outpatient therapy, and community recovery supports, coordinating with law enforcement only when safety requires. This approach diverts people from arrest and inpatient admission by resolving crises in the le...",Community Mental Health Crisis Response Team,Substance Abuse and Deaths of Despair Epidemic,"Chestnut Ridge Counseling Services, Inc.","100 New Salem Road, Uniontown, PA 15401",https://www.crcsi.org,,
Festival of Combustion,"An annual industrial arts festival held at the historic Carrie Blast Furnaces that features blacksmithing, glassblowing, metal casting, live music, and local vendors. By celebrating Western Pennsylvania’s steel heritage alongside contemporary maker culture, the festival reanimates a former industrial site as a civic commons, strengthens community pride, and creates shared cultural experiences that build connections and make the region more compelling to stay.",Cultural Programming and Placemaking Events,Brain Drain of Young and Educated,Rivers of Steel,"623 E 8th Avenue, Homestead, PA 15120",https://riversofsteel.com,info@riversofsteel.com,
Flood City Music Festival,"A multi-day music and arts festival that brings national and regional performers to a reclaimed industrial green space in the heart of Johnstown. Produced by the local heritage organization, it highlights the city’s cultural story, draws residents and alumni back into shared public spaces, and catalyzes community pride and connections that help make staying in the region more appealing.",Cultural Programming and Placemaking Events,Brain Drain of Young and Educated,Johnstown Area Heritage Association,"90 Johns Street, Johnstown, PA 15901",https://www.floodcitymusic.com,info@jaha.org,
Folk & Traditional Arts,"Rivers of Steel’s Folk & Traditional Arts program supports master tradition bearers—often older craftspeople and culture keepers—who lead workshops, residencies, and community events where young people learn metal arts, folklife, and regional heritage. Activities at sites like the Carrie Blast Furnaces pair experienced teaching artists (many with direct ties to the steel industry) with youth for hands-on blacksmithing, welding, and heritage craft instruction. These intergenerational exchanges...",Intergenerational Skill-Sharing Events,Intergenerational Transmission of Hopelessness,Rivers of Steel Heritage Corporation,"623 E 8th Avenue, Homestead, PA 15120",https://riversofsteel.com,info@riversofsteel.com,
Foster Grandparent Program,"Westmoreland Community Action’s Foster Grandparent Program engages retirees and older adults to provide one-on-one mentoring and tutoring to children in schools, Head Start sites, and community programs across Westmoreland County. Volunteers are recruited through churches, senior centers, and civic organizations and are placed in ongoing matches that are supervised and tracked by program staff. By pairing local retirees with youth for regular guidance, the program offers consistent role model...",Community Mentorship Network,Intergenerational Transmission of Hopelessness,Westmoreland Community Action,"226 South Maple Avenue, Greensburg, PA 15601",https://www.westmorelandca.org/program/foster-grandparent-program/,info@westmorelandca.org,
Free Ride Community Bicycle Workshop,"Free Ride is a community bicycle workshop that provides open shop hours, shared tools, workstands, and salvaged parts so people can repair or build bikes at low or no cost. Located in a reclaimed warehouse complex, the space functions like a makerspace for transportation: residents gain hands-on skills, collaborate with volunteers, and complete tangible projects. This shared, practical making experience reduces barriers and rebuilds trust through visible results and mutual support.",Tool Libraries and Shared Makerspaces,Resistance to Change and New Initiatives,Free Ride Pittsburgh Bicycle Collective,"214 N Lexington Street, Pittsburgh, PA 15208",https://www.freeridepgh.org,info@freeridepgh.org,
Free Ride Earn-a-Bike,"Free Ride’s Earn-a-Bike program lets participants trade hours of volunteering in the community bike shop for a refurbished bicycle, parts, or shop time. Neighbors learn and share repair skills side-by-side, creating a practical, time-based exchange of services and knowledge that builds reciprocity and everyday cooperation.",Time Bank and Mutual Aid Exchange,Resistance to Change and New Initiatives,Free Ride Pittsburgh (Community Bicycle Project),"214 N Lexington Street, Pittsburgh, PA 15208",https://www.freeridepgh.org,info@freeridepgh.org,
Free Store 15104,"Free Store 15104 is a volunteer-run mutual aid store where community members donate new and gently used household goods, clothing, and children’s items that neighbors can take at no cost. By redistributing resources person-to-person in a welcoming, walk-in space, the program fosters frequent, supportive interactions and a culture of mutual aid in a deindustrialized Mon Valley community.",Time Bank and Mutual Aid Exchange,Resistance to Change and New Initiatives,For Good PGH,"420 Braddock Avenue, Braddock, PA 15104",https://www.forgoodpgh.org,info@forgoodpgh.org,
Free Store 15104,"Free Store 15104 is a volunteer-run community hub in Braddock that operates year-round to distribute free household goods and clothing while providing a consistent neighborhood gathering point. Rotating volunteer shifts staff open hours, maintain a community bulletin board, and help neighbors connect to local services and signup opportunities. The store leverages donations and partnerships with local businesses and nonprofits to keep costs low, functioning as a low-barrier, physical space for...",Time Bank and Mutual Aid Exchange,Resistance to Change and New Initiatives,For Good PGH,"420 Braddock Avenue, Braddock, PA 15104",https://www.freestore15104.org,info@freestore15104.org,
Free Store 15104 Mutual Aid Exchange,"Free Store 15104 operates a community-run shop where everything is free and neighbors both give and receive, with operations powered by volunteers who log shifts to sort donations, assist families, and coordinate deliveries. The project embodies mutual aid by encouraging residents to contribute time and resources when they can and take what they need when they need it, building a culture of reciprocity rather than one-way charity. Consistent, tangible help through everyday cooperation counter...",Time Bank and Mutual Aid Exchange,Resistance to Change and New Initiatives,For Good PGH,"420 Braddock Avenue, Braddock, PA 15104",https://www.freestore15104.org,info@freestore15104.org,
Freedom Transit Shared Ride,"Freedom Transit’s Shared Ride program provides door-to-door, reservation-based transportation across Washington County for employment, education, and essential services. The service connects riders to local routes and regional links (including South Hills and Pittsburgh-bound services), expanding access for those without personal vehicles.",Community Transit and Mobility Solutions,Brain Drain of Young and Educated,Washington County Transportation Authority (Freedom Transit),"50 East Chestnut Street, Washington, PA 15301",https://www.freedom-transit.org/shared-ride/,info@freedom-transit.org,
Freedom Transit Shared-Ride Program,"Freedom Transit’s Shared-Ride program provides door-to-door, scheduled on-demand transportation within Washington County to jobs, training providers, healthcare, and shopping. By linking neighborhoods to local fixed routes and regional transfer centers, the program strengthens first/last-mile connections and expands mobility options for residents who do not own cars.",Community Transit and Mobility Solutions,Brain Drain of Young and Educated,Washington County Transportation Authority (Freedom Transit),"50 East Chestnut Street, Washington, PA 15301",https://www.freedom-transit.org,info@freedom-transit.org,
Fresh Paint Days Pennsylvania,"Fresh Paint Days provides community groups with paint and a small stipend (often around $500) to refresh community-serving buildings and create murals, resulting in highly visible improvements completed in a few days. The program empowers resident volunteers to lead beautification efforts that demonstrate quick, positive change and help rebuild pride and confidence in local neighborhoods.",Micro‑Grant 'Small Wins' Program,Resistance to Change and New Initiatives,Keep Pennsylvania Beautiful,"105 West 4th Street, Greensburg, PA 15601",https://www.keeppabeautiful.org/programs/beautification/fresh-paint-days-pennsylvania/,info@keeppabeautiful.org,
Future Jobs,"Future Jobs is a WQED Multimedia documentary and digital series that produces short films and web videos profiling Western Pennsylvania residents who found viable pathways into high-demand careers (advanced manufacturing, healthcare, IT, the trades). The series spotlights real local role models, explains training and credentialing steps, and showcases businesses that are hiring, countering cynicism by making pathways visible. Content is distributed on broadcast TV, online, and social channels...",Positive Local Narrative Campaign,Intergenerational Transmission of Hopelessness,WQED Multimedia,"4802 Fifth Avenue, Pittsburgh, PA 15213",https://www.wqed.org/futurejobs,info@wqed.org,
Gallery Night Erie,"Gallery Night Erie is a recurring evening event where downtown galleries, cultural venues, and businesses host coordinated art openings, performances, and public space activations. Organized by Erie Arts & Culture, it brings residents and visitors together to explore local artists and the city’s creative heritage while animating streets and storefronts. The series strengthens social ties and neighborhood pride, making Erie's urban core more attractive to emerging talent.",Cultural Programming and Placemaking Events,Brain Drain of Young and Educated,Erie Arts & Culture,"23 West 10th Street, Suite 2, Erie, PA 16501",https://erieartsandculture.org/programs/gallery-night,info@erieartsandculture.org,
Gardens of Millvale,"This community-managed urban farm and garden activates formerly vacant land in Millvale with communal plots, youth programs, and regular volunteer workdays. The visible, shared space produces food, hosts events and workshops, and gives residents meaningful roles in stewarding their neighborhood—rebuilding identity and social connection in a former mill town.","Community Gardens, Arts, and Civic Projects for Identity Rebuilding",Substance Abuse and Deaths of Despair Epidemic,Gardens of Millvale,"12 Butler Street, Millvale, PA 15209",https://www.gardensofmillvale.org,gardensofmillvale@gmail.com,
Good Question: Pittsburgh,"Good Question: Pittsburgh is a crowdsourced reporting series that invites residents to ask questions about their neighborhoods and then investigates answers on-air and online. Episodes frequently highlight community problem-solvers, local history, and practical lessons learned, translating skepticism into informed, constructive dialogue. By featuring everyday voices and successes across Western Pennsylvania, the series reframes narratives toward possibility and community-led action.",Local Storytelling and Media Campaign,Resistance to Change and New Initiatives,90.5 WESA (Pittsburgh Community Broadcasting Corporation),"67 Bedford Square, Pittsburgh, PA 15203",https://www.wesa.fm/tags/good-question-pittsburgh,talk@wesa.fm,
Goodwill SWPA Digital Skills for Life and Work,"Goodwill of Southwestern Pennsylvania provides digital literacy courses ranging from basic computer and internet use to productivity, video conferencing, and entry‑level IT support credentials. The program equips jobseekers with the tools needed for remote and hybrid work, including resume building, online applications, and collaboration platforms, often in partnership with libraries, schools, and employers. By combining connectivity access points at training sites with market‑aligned skills,...",Community Broadband and Digital Skills Training,Brain Drain of Young and Educated,Goodwill of Southwestern Pennsylvania,"118 52nd Street, Pittsburgh, PA 15201",https://www.goodwillswpa.org,info@goodwillswpa.org,
Graduate Success Stories,"Bidwell Training Center regularly produces written and video profiles of graduates from under-resourced neighborhoods who completed tuition-free career training and secured stable employment with regional employers. These stories detail obstacles overcome, the training pathway, and the resulting career, providing tangible role models and hope for prospective students and families. The content is distributed through the website, printed materials, events, and social media to reinforce the mess...",Positive Local Narrative Campaign,Intergenerational Transmission of Hopelessness,Bidwell Training Center (Manchester Bidwell Corporation),"1815 Metropolitan Street, Pittsburgh, PA 15233",https://www.bidwelltraining.edu/success-stories,info@manchesterbidwell.org,
Green Stormwater Infrastructure Demonstration Projects (Green First Plan),"Pittsburgh Water and Sewer Authority pilots neighborhood-scale green stormwater projects in communities such as Homewood, Garfield, and Four Mile Run. Designs are co-created with residents through public meetings, each project has a defined construction schedule and monitoring period with performance metrics (e.g., runoff reduction, flooding frequency, maintenance needs), and elements are adjusted, scaled, or sunset based on results. This structured, time-bound approach builds trust and de-ri...","Time‑Bound, Co‑Designed Pilot Projects",Resistance to Change and New Initiatives,Pittsburgh Water and Sewer Authority (PWSA),"1200 Penn Avenue, Pittsburgh, PA 15222",https://www.pgh2o.com/your-water/stormwater/green-stormwater-infrastructure,info@pgh2o.com,
Greensburg Gift Certificate Program,"GCDC administers a citywide gift certificate accepted at dozens of independent businesses across downtown Greensburg to encourage residents and employers to spend locally. Paired with shop-local promotions and bulk purchases by area institutions for employee rewards, the program steers consumer and organizational dollars to local vendors and bolsters the community’s small-business economy.",Buy Local and Contractor Preference Campaigns,Brain Drain of Young and Educated,Greensburg Community Development Corporation,"136 S Main Street, Greensburg, PA 15601",https://www.thinkgreensburg.com,info@thinkgreensburg.com,
Grounded Ambassadors Program,"Grounded trains and supports neighborhood Ambassadors to organize small working groups that tackle tangible issues such as vacant lot activation, park improvements, and community greening. Ambassadors use practical, short-term projects with visible results to recruit volunteers and rebuild local civic capacity, often serving as a springboard for new or revitalized block clubs and associations. The program supplies tools, mini-grants, and outreach support to sustain momentum.",Peer Ambassadors and Trusted Neighbor Network,Resistance to Change and New Initiatives,Grounded Strategies,"6587 Hamilton Avenue, Suite 2W, Pittsburgh, PA 15206",https://groundedpgh.org,info@groundedpgh.org,
Grounded Strategies – Vacant Lot Activation Projects,"Grounded Strategies partners with residents to co-design small, temporary green space and lot activation pilots in neighborhoods across Allegheny County. Each activation follows a time-bound project plan with agreed success measures (e.g., usage counts, maintenance plans) and seasonal sunset or transition points, lowering risk while generating evidence to refine or scale what works.","Time‑Bound, Co‑Designed Pilot Projects",Resistance to Change and New Initiatives,Grounded Strategies,"6587 Hamilton Avenue, Pittsburgh, PA 15206",https://groundedpgh.org,info@groundedpgh.org,
Grow Pittsburgh Community Garden Program,"Grow Pittsburgh helps neighborhoods plan, build, and sustain community gardens and urban farms, providing training, tools, and ongoing support to resident-led garden groups. These public-facing green spaces create pride, intergenerational volunteer opportunities, and chances to work with purpose while strengthening local food access and community ties—key elements of rebuilding identity in deindustrialized neighborhoods.","Community Gardens, Arts, and Civic Projects for Identity Rebuilding",Substance Abuse and Deaths of Despair Epidemic,Grow Pittsburgh,"6587 Hamilton Avenue, Suite 2W, Pittsburgh, PA 15206",https://www.growpittsburgh.org,info@growpittsburgh.org,
HOMEBUILDERS (Intensive Family Preservation Services),"Pressley Ridge’s HOMEBUILDERS team provides short-term, intensive in-home services to families at imminent risk of a child entering foster care. Specialists coach parents in the home on safety planning, child behavior management, and daily living skills while coordinating wraparound supports, including referrals and warm handoffs to substance-use assessment and treatment. The goal is to stabilize the household, strengthen parenting, and keep children safely with their families.",Parent-Child Preservation and Home Visiting Programs,Substance Abuse and Deaths of Despair Epidemic,Pressley Ridge,"530 Marshall Avenue, Pittsburgh, PA 15214",https://www.pressleyridge.org,info@pressleyridge.org,
HOPE Aftercare and Reentry Program,"HOPE provides pre-release counseling at the Allegheny County Jail and intensive post-release reentry services, including court and probation navigation, mentoring, and referrals to substance use and mental health treatment. By stabilizing participants and helping them meet legal obligations and access care, HOPE reduces recidivism and supports recovery instead of incarceration.","Legal Aid, Reentry, and Diversion Supports",Substance Abuse and Deaths of Despair Epidemic,Foundation of HOPE,"540 Suismon Street, Suite 300, Pittsburgh, PA 15212",https://foundationofhope.org,info@foundationofhope.org,
HackPGH Makerspace,"HackPGH is Pittsburgh’s member-run hackerspace where people share equipment like 3D printers, CNC machines, electronics benches, and a woodshop to prototype and build. Located in a converted garage space in Uptown, it offers affordable memberships and open project nights that welcome newcomers. The collaborative environment and peer mentoring help residents move from ideas to tangible solutions while rebuilding social ties.",Tool Libraries and Shared Makerspaces,Resistance to Change and New Initiatives,HackPGH,"1936 5th Avenue, Pittsburgh, PA 15219",https://www.hackpgh.org,info@hackpgh.org,
Harm Reduction & Overdose Prevention,"Erie County Department of Health provides community overdose prevention through free naloxone kits, fentanyl test strips, and public education on safer use and recognizing/responding to overdoses. The department partners with local organizations to host trainings and outreach in neighborhoods with high overdose risk throughout Erie County.",Local Harm Reduction Services and Education,Substance Abuse and Deaths of Despair Epidemic,Erie County Department of Health,"606 West 2nd Street, Erie, PA 16507",https://eriecountypa.gov/departments/health/,ecdhinfo@eriecountypa.gov,
Harm Reduction & Overdose Prevention Services,"Allies for Health + Wellbeing provides harm-reduction supplies such as fentanyl test strips and naloxone alongside risk-reduction counseling, HIV/HCV testing, and referrals to treatment. Their prevention team conducts community outreach and education on safer use and overdose prevention in Pittsburgh and surrounding communities.",Local Harm Reduction Services and Education,Substance Abuse and Deaths of Despair Epidemic,Allies for Health + Wellbeing,"5913 Penn Avenue, Pittsburgh, PA 15206",https://www.alliespgh.org,,
Harm Reduction Services,"Allies for Health + Wellbeing offers harm reduction supports including free fentanyl test strips, naloxone, safer-use supplies, and linkage to HIV/HCV testing and care. Staff provide risk-reduction counseling and overdose-prevention education through clinic-based services and community outreach, helping people use more safely and respond effectively to overdoses.",Local Harm Reduction Services and Education,Substance Abuse and Deaths of Despair Epidemic,Allies for Health + Wellbeing,"5913 Penn Avenue, Pittsburgh, PA 15206",https://www.alliespgh.org,info@alliespgh.org,
Hazelwood Local,"Hazelwood Local is a neighborhood storytelling and placemaking platform that produces a community newsletter, digital features, and public events highlighting Hazelwood residents, youth creators, historians, and small businesses. It documents honest lessons from redevelopment while celebrating everyday successes, ensuring residents’ voices shape the area’s identity and decisions. The ongoing media and storytelling campaign shifts the narrative from decline to capacity and action, encouraging ...",Local Storytelling and Media Campaign,Resistance to Change and New Initiatives,"Hazelwood Initiative, Inc.","4901 Second Avenue, Pittsburgh, PA 15207",https://hazelwoodlocal.org,hello@hazelwoodlocal.org,
Head Start and Early Head Start (Allegheny County),"AIU Head Start and Early Head Start provide free, comprehensive early learning and family support services for pregnant women, infants, toddlers, and preschoolers across Allegheny County. Through center-based and home-based options, case management, health and developmental screenings, and connections to benefits and childcare subsidies, the program reduces childcare costs and stabilizes family schedules. These supports make it easier for young parents to maintain jobs or education in Western...",Affordable Childcare Cooperatives and Family Supports,Brain Drain of Young and Educated,Allegheny Intermediate Unit (AIU),"475 East Waterfront Drive, Homestead, PA 15120",https://www.aiu3.net/HeadStart,,
Head Start/Early Head Start – Home-Based Option,"The Allegheny Intermediate Unit’s Head Start/Early Head Start provides a home-based option where parent educators conduct regular home visits using evidence-based curricula and developmental screenings. Staff help families build routines, strengthen parenting skills, and connect to healthcare, behavioral health, and substance-use treatment and recovery services as needed. By addressing risks and supporting parents in the home, the program promotes safety, child development, and family stability.",Parent-Child Preservation and Home Visiting Programs,Substance Abuse and Deaths of Despair Epidemic,Allegheny Intermediate Unit (AIU),"475 East Waterfront Drive, Homestead, PA 15120",https://www.aiu3.net/HeadStart,,
Healthy Start Family Support and Parenting Programs,"Healthy Start provides home visiting and group‑based parenting education, fatherhood engagement, and maternal wellness services that help caregivers develop nurturing routines and responsive parenting practices. The organization incorporates stress‑management, mental health screening, and resource navigation, and it partners with community agencies to connect families to financial counseling—reducing household stressors that fuel despair and intergenerational hopelessness.",Family Resilience and Parenting Workshops,Intergenerational Transmission of Hopelessness,"Healthy Start, Inc.","400 N Lexington Avenue, Pittsburgh, PA 15208",https://www.healthystartpittsburgh.org,,
Healthy Start Home Visiting,"Healthy Start Pittsburgh offers home visiting for pregnant and postpartum families, providing parenting education, safe sleep coaching, developmental screening, and care coordination. Home visitors screen for depression and substance use, then link parents to treatment, recovery supports, and social services such as WIC, housing, and transportation. This wraparound, in-home model strengthens caregiving capacity and helps families remain intact while keeping infants and young children safe.",Parent-Child Preservation and Home Visiting Programs,Substance Abuse and Deaths of Despair Epidemic,"Healthy Start, Inc. Pittsburgh","400 N. Lexington Avenue, Pittsburgh, PA 15208",https://www.healthystartpittsburgh.org,,
Healthy Start Home Visiting,"Healthy Start, Inc. delivers community-based, culturally responsive home visiting for pregnant and postpartum families to improve maternal and infant health and strengthen caregiving. Home visitors provide parenting education, safe sleep and home-safety supports, screenings for perinatal depression and substance use, and warm handoffs to treatment and recovery services. By addressing substance use alongside parenting and basic needs, the program helps keep babies and parents safely together.",Parent-Child Preservation and Home Visiting Programs,Substance Abuse and Deaths of Despair Epidemic,"Healthy Start, Inc. (Pittsburgh)","400 North Lexington Avenue, Pittsburgh, PA 15208",https://www.healthystartpittsburgh.org,,
Hello Westmoreland,"Hello Westmoreland is a county-wide initiative that recruits and retains young professionals and ‘boomerang’ talent for Westmoreland County. The program conducts alumni and holiday outreach (e.g., “Home for the Holidays” networking) to connect former residents with local employers, curates success stories of returnees, and provides job-matching through its employer network and online listings. It also guides returnees to relocation resources, housing information, and startup support in partne...",‘Return Home’ Campaign with Incentives,Brain Drain of Young and Educated,Westmoreland County Chamber of Commerce,"241 Tollgate Hill Road, Greensburg, PA 15601",https://hellowestmoreland.com,info@westmorelandchamber.com,
Helping Today Grants,"The Erie Community Foundation’s Helping Today Grants offer small, flexible funding to nonprofits for immediate program needs, including community health and recovery initiatives. These micro-grants help grassroots organizations pilot peer support groups, family recovery services, and outreach efforts in neighborhoods heavily impacted by addiction. By backing local providers with quick capital, the program enables testing and scaling of effective models.",Community Recovery Fund and Micro-Grants,Substance Abuse and Deaths of Despair Epidemic,The Erie Community Foundation,"459 West 6th Street, Erie, PA 16507",https://www.eriecommunityfoundation.org/grants/helping-today,info@eriecommunityfoundation.org,
Heritage Community Transportation,"Heritage Community Transportation operates low-cost fixed-route shuttles throughout the Mon Valley, linking transit-poor neighborhoods with key hubs, job centers, and community destinations. Its designated stops function as convenient meetup points, enabling groups to board together and ride to centralized venues for meetings and events. The service is subsidized by public and private partners, making coordinated access affordable for residents spread across multiple communities.",Community Transit and Mobility Solutions,Brain Drain of Young and Educated,Heritage Community Initiatives,"820 Braddock Avenue, Braddock, PA 15104",https://www.heritageserves.org/transportation,info@heritageserves.org,
Heritage Community Transportation,"Heritage Community Transportation operates affordable fixed-route shuttles across Mon Valley communities, linking neighborhoods such as Braddock, Rankin, and Turtle Creek to job centers, shopping districts, and training sites. Routes are designed to connect with regional transit (Pittsburgh Regional Transit) and employment hubs, improving access for residents without cars.",Community Transit and Mobility Solutions,Brain Drain of Young and Educated,Heritage Community Initiatives,"820 Braddock Avenue, Braddock, PA 15104",https://www.heritageserves.org/transportation/,info@heritageserves.org,
Hilltop Alliance – Community Engagement Programs,"Hilltop Alliance’s organizers canvass the South Pittsburgh Hilltop neighborhoods to identify household-level needs and block concerns, then convene resident working groups to co-create solutions. They channel this input to city departments, schools, and partner nonprofits, aligning services and investments with resident priorities and providing visible follow-through to build trust.",Neighborhood Organizers and Listening Campaigns,Intergenerational Transmission of Hopelessness,Hilltop Alliance,"831 E Warrington Avenue, Pittsburgh, PA 15210",https://www.pghhilltopalliance.org,info@pghhilltopalliance.org,
Hilltop Spring Clean n’ Green and Community Cookouts,"Hilltop Alliance coordinates block-level cleanups, litter sweeps, and greening projects across Hilltop neighborhoods, frequently pairing the workdays with community cookouts or resource fairs. By immediately celebrating the volunteer efforts with food and fellowship, they help residents experience quick, visible wins and renewed trust in collective action. The result is stronger block networks and sustained participation in neighborhood improvements.",Neighborhood Improvement Days and Block Celebrations,Resistance to Change and New Initiatives,Hilltop Alliance,"831 E Warrington Avenue, Pittsburgh, PA 15210",https://www.pghhilltopalliance.org,info@pghhilltopalliance.org,
Hilltop Tool Lending Library,"The Hilltop Tool Lending Library provides residents and neighborhood groups across Pittsburgh’s Hilltop communities with access to a shared inventory of hand and power tools. Based at the Hilltop Alliance office on E. Warrington Avenue, it lowers financial barriers to DIY projects, home repairs, and small-scale prototyping, while supporting collaborative community initiatives like clean-ups and build days that strengthen trust and problem solving.",Tool Libraries and Shared Makerspaces,Resistance to Change and New Initiatives,Hilltop Alliance,"831 E Warrington Ave, Pittsburgh, PA 15210",https://www.pghhilltopalliance.org,info@pghhilltopalliance.org,
Hilltop Urban Farm,"Hilltop Urban Farm transforms a large former public housing site into productive community assets including a community farm, youth farm, and incubator plots that double as outdoor classrooms and gathering spaces. The initiative regularly hosts volunteer days, markets, and resident-led programming to activate previously vacant land, increase neighborhood safety, and demonstrate the value of interim and incremental reuse.","Community Gardens, Arts, and Civic Projects for Identity Rebuilding",Substance Abuse and Deaths of Despair Epidemic,Hilltop Urban Farm,"700 Cresswell Street, Pittsburgh, PA 15210",https://www.hilltopurbanfarm.org,info@hilltopurbanfarm.org,
Hilltop Urban Farm – Community Farm & Gardens,"Hilltop Urban Farm is a 108-acre community-centered farm that operates a community garden, youth farm, and farmer training programs in Pittsburgh’s South Hilltop neighborhoods. By transforming vacant land into productive public spaces and offering hands-on education and volunteer/work opportunities, the initiative restores neighborhood pride, connects residents to place, and fosters purpose through growing food and stewarding land together.","Community Gardens, Arts, and Civic Projects for Identity Rebuilding",Substance Abuse and Deaths of Despair Epidemic,Hilltop Urban Farm,"700 Cresswell Street, Pittsburgh, PA 15210",https://hilltopurbanfarm.org,info@hilltopurbanfarm.org,
Homewood-Brushton Early Learning Center,"YWCA Greater Pittsburgh’s Homewood-Brushton Early Learning Center is a nonprofit childcare program offering infant, toddler, and preschool care with subsidized tuition through the Early Learning Resource Center and other financial assistance. It provides full-day, high-quality care and wraparound family supports such as parent engagement and access to economic empowerment services. By lowering cost and increasing reliability of care in a neighborhood setting, the center enables young parents ...",Affordable Childcare Cooperatives and Family Supports,Brain Drain of Young and Educated,YWCA Greater Pittsburgh,"6907 Frankstown Avenue, Pittsburgh, PA 15208",https://www.ywcapgh.org/what-we-do/child-care/,info@ywcapgh.org,
Housing & Real Estate Program,"Mon Valley Initiative revitalizes vacant and blighted properties across mill towns and hosts public ribbon cuttings, key handoffs, and community walk-throughs when homes and mixed-use projects are completed. These milestone ceremonies, paired with periodic public updates on project pipelines and financing, create visible proof points and sustained report-backs that hold municipal partners and funders to their commitments.",Public Commitment Ceremonies and Visible Milestones,Resistance to Change and New Initiatives,Mon Valley Initiative,"305 East 8th Avenue, Homestead, PA 15120",https://monvalleyinitiative.com,info@monvalleyinitiative.com,
Housing Opportunity Fund Advisory Board,"The URA’s Housing Opportunity Fund Advisory Board is made up of city residents, including renters and homeowners with lived experience of housing instability, who review the HOF Annual Allocation Plan, program guidelines, and performance reports. The board recommends funding priorities, evaluates outcomes, and monitors how partner vendors and program administrators perform, ensuring a resident-led oversight mechanism that keeps housing investments responsive to community needs.",Citizen Oversight and Evaluation Committees,Resistance to Change and New Initiatives,Urban Redevelopment Authority of Pittsburgh,"412 Boulevard of the Allies, Pittsburgh, PA 15219",https://www.ura.org/pages/housing-opportunity-fund,hof@ura.org,
IT & Coding Workforce Training,"Community College of Allegheny County (CCAC) delivers noncredit and credit programs in IT support, cybersecurity, software development, and data analytics, plus short‑term bootcamps that prepare learners for in‑demand remote and hybrid jobs. CCAC partners with community organizations and K–12 schools to offer accessible training sites, provides campus connectivity and student tech resources, and supports job placement so residents can access modern careers without relocating.",Community Broadband and Digital Skills Training,Brain Drain of Young and Educated,Community College of Allegheny County (CCAC),"808 Ridge Avenue, Pittsburgh, PA 15212",https://www.ccac.edu,admissions@ccac.edu,
Idea Lab at Blasco Library,"The Idea Lab at the Blasco Memorial Library is a public makerspace that offers access to 3D printers, laser cutters, sewing machines, and other fabrication tools for Erie County residents. As part of the county library system, it keeps costs low and provides staff support so beginners can prototype and iterate on projects without specialized equipment at home. Open hours, workshops, and shared equipment foster collaboration and a can-do culture.",Tool Libraries and Shared Makerspaces,Resistance to Change and New Initiatives,Erie County Public Library,"160 East Front Street, Erie, PA 16507",https://erielibrary.org,idealab@erielibrary.org,
Ignite Northside,"An entrepreneurship and community-building program that convenes residents for storytelling sessions, peer circles, and listening-centered workshops that surface neighborhood histories and barriers to participation. Staff facilitate trauma-informed dialogue to acknowledge past failed initiatives in Northside communities and co-design low-risk, resident-led projects and micro-grants that create safe ways to move forward. The process validates community experience, reduces skepticism, and build...",Listening Circles and Restorative History Sessions,Resistance to Change and New Initiatives,New Sun Rising,"851 Western Avenue, Suite 300, Pittsburgh, PA 15233",https://www.newsunrising.org,info@newsunrising.org,
Immigrant Services and Connections (ISAC) Community Health Workers,"ISAC employs community health workers and cultural brokers from immigrant and refugee communities to provide outreach, navigation, and warm referrals across Allegheny County. These paid, trusted messengers explain programs, identify barriers, and relay feedback from clients to partner agencies, improving service design and participation. By leveraging respected neighbors, ISAC reduces distrust and increases engagement with new initiatives.",Peer Ambassadors and Trusted Neighbor Network,Resistance to Change and New Initiatives,Jewish Family and Community Services of Pittsburgh (lead agency for ISAC),"5743 Bartlett Street, Pittsburgh, PA 15217",https://isacpittsburgh.org,info@jfcspgh.org,
In Our Own Voice and Ending the Silence,"NAMI Keystone Pennsylvania delivers peer-led anti-stigma presentations where trained speakers with lived experience of mental illness and/or substance use share their personal recovery stories in schools, workplaces, and community venues across Western Pennsylvania. These grassroots storytelling sessions humanize behavioral health challenges, reduce fear and shame, and encourage early help-seeking and community support. The program equips local ambassadors to change attitudes and build compas...",Community Anti‑Stigma and Peer Story Campaigns,Substance Abuse and Deaths of Despair Epidemic,NAMI Keystone Pennsylvania,"105 Braunlich Drive, Suite 200, Pittsburgh, PA 15237",https://www.namikeystonepa.org,info@namikeystonepa.org,
In-Home Family Services,"Familylinks delivers in-home parenting support, family counseling, and case management designed to preserve families and reduce child-welfare involvement. Staff provide coaching on child safety and routines, help caregivers navigate housing, benefits, and childcare, and coordinate referrals to substance-use treatment and recovery supports available through Familylinks and regional partners. These wraparound home visits directly address addiction’s impact on family functioning while keeping ch...",Parent-Child Preservation and Home Visiting Programs,Substance Abuse and Deaths of Despair Epidemic,"Familylinks, Inc.","401 North Highland Avenue, Pittsburgh, PA 15206",https://www.familylinks.org,info@familylinks.org,
In-Home Family Services,"Holy Family Institute provides in-home family counseling, parent education, and case management to strengthen families where addiction and related stressors place children at risk. Services focus on reducing trauma, improving parenting capacity and family stability, and coordinating with schools and community supports so children remain safe and connected.",Family Support and Child-Focused Services,Substance Abuse and Deaths of Despair Epidemic,Holy Family Institute,"8235 Ohio River Boulevard, Pittsburgh, PA 15202",https://www.hfi-pgh.org,info@hfi-pgh.org,
Industrial Manufacturing Technician (IMT) Apprenticeship,"Catalyst Connection partners with regional manufacturers to sponsor the IMT registered apprenticeship and related earn-and-learn pathways, aligning classroom instruction with paid, on-the-job training. Employers commit to hiring and advancing apprentices, and Catalyst Connection helps braid funding to reduce training costs, creating local, skills-based routes out of poverty.",Local Scholarship and Apprenticeship Fund,Intergenerational Transmission of Hopelessness,Catalyst Connection,"4501 Lytle Street, Suite 200, Pittsburgh, PA 15207",https://www.catalystconnection.org,info@catalystconnection.org,
Industrial Manufacturing Technician (IMT) Registered Apprenticeship,"Catalyst Connection operates employer-led registered apprenticeship programs, including the IMT apprenticeship, with small and mid-sized manufacturers across Southwestern Pennsylvania. Apprentices are paid employees of local companies and receive structured on-the-job training plus related technical instruction coordinated by Catalyst Connection. This earn-and-learn model provides income, industry-recognized skills, and durable relationships with regional manufacturers that help retain young ...",Paid Local Apprenticeships and Youth Internships,Brain Drain of Young and Educated,Catalyst Connection,"4501 Lytle Street, Suite 200, Pittsburgh, PA 15207",https://www.catalystconnection.org/services/apprenticeships/,info@catalystconnection.org,
Invest PGH,"Invest PGH is a nonprofit community development financial institution that deploys flexible, locally focused loan funds to small businesses and real estate projects in Pittsburgh neighborhoods. By steering capital to community-rooted enterprises and being able to finance cooperative ventures, it functions as a local investment vehicle that keeps ownership, profits, and decision-making in the community.",Local Investment Vehicle and Worker Cooperatives,Brain Drain of Young and Educated,"Invest PGH, Inc.","201 Ross Street, Pittsburgh, PA 15219",https://www.investpgh.org,info@investpgh.org,
JCC Early Childhood Development Center – Squirrel Hill,"The JCC’s nonprofit early childhood center offers full-day childcare and preschool with extended hours, family engagement, and access to financial aid and Child Care Works subsidies. By providing affordable, high-quality care and a strong parent network, the center helps young families balance work or school and reduces the need to relocate for dependable childcare.",Affordable Childcare Cooperatives and Family Supports,Brain Drain of Young and Educated,Jewish Community Center of Greater Pittsburgh,"5738 Forbes Avenue, Pittsburgh, PA 15217",https://jccpgh.org/children-teens-families/early-childhood/,earlychildhood@jccpgh.org,
Jazz Poetry Month,"City of Asylum’s Jazz Poetry Month presents free literary and jazz performances that activate indoor and outdoor spaces on Pittsburgh’s Northside, engaging audiences with both local and international artists. The festival and year-round programs celebrate cultural expression and neighborhood identity, often spilling into public plazas and streets for shared community experiences. This accessible cultural programming builds pride, cross-cultural understanding, and meaningful social connections...",Cultural Programming and Placemaking Events,Brain Drain of Young and Educated,City of Asylum,"40 W North Avenue, Pittsburgh, PA 15212",https://www.cityofasylum.org,info@cityofasylum.org,
Jazz Poetry Month at City of Asylum,"A month-long series of free public performances blending jazz and poetry, alongside year-round literary readings and concerts at Alphabet City on the Northside. By providing inclusive, high-quality cultural programming in a welcoming public venue, it celebrates both local history and new voices, builds cross-cultural connections, and helps retain artists and young residents invested in the neighborhood’s vibrancy.",Cultural Programming and Placemaking Events,Brain Drain of Young and Educated,City of Asylum Pittsburgh,"40 W North Avenue, Pittsburgh, PA 15212",https://www.cityofasylum.org,info@cityofasylum.org,
Jeremiah's Place (Crisis Nursery),"Jeremiah's Place is a nonprofit crisis nursery providing free, short-term, 24/7 childcare for children ages 0–6, along with essentials like diapers, meals, transportation, and referrals. By giving parents safe, no-cost care during work shifts, interviews, school, medical appointments, or family crises, it removes childcare emergencies as a barrier to employment and education. These family supports help young parents maintain stability and remain in the Pittsburgh area.",Affordable Childcare Cooperatives and Family Supports,Brain Drain of Young and Educated,Jeremiah's Place,"6435 Frankstown Avenue, Pittsburgh, PA 15206",https://jeremiahsplace.org,info@jeremiahsplace.org,
Jeremiah's Place Crisis Nursery,"Jeremiah's Place provides free, short-term emergency childcare 24/7 for children up to age six, allowing parents to attend job interviews, classes, work shifts, or address crises without losing income or housing. The nonprofit also offers parent coaching, referrals, and basic needs support, creating a safety net that reduces childcare barriers and helps young parents remain in or return to the community.",Affordable Childcare Cooperatives and Family Supports,Brain Drain of Young and Educated,Jeremiah's Place,"6435 Frankstown Avenue, Pittsburgh, PA 15206",https://jeremiahsplace.org,info@jeremiahsplace.org,
Jeremiah’s Place Crisis Nursery,"Jeremiah’s Place offers free, short-term emergency childcare for families with children ages 0–6, available during times of crisis, work schedule changes, job interviews, or caregiver stress. This shared caregiver safety net prevents childcare breakdowns, helping young parents maintain employment or education and reducing the pressure to leave the region in search of more stable supports.",Affordable Childcare Cooperatives and Family Supports,Brain Drain of Young and Educated,Jeremiah’s Place,"6435 Frankstown Avenue, Suite 201, Pittsburgh, PA 15206",https://www.jeremiahsplace.org,info@jeremiahsplace.org,
Jeremiah’s Place Crisis Nursery,"Jeremiah’s Place provides free, short-term, emergency childcare 24/7 for families with children ages 0–6, enabling caregivers to safely attend medical appointments, counseling sessions, addiction treatment, court obligations, and recovery meetings. The program directly addresses childcare gaps that keep parents from accessing or completing treatment, and staff help coordinate schedules and referrals to additional supports.",Volunteer Transportation and Childcare for Treatment Access,Substance Abuse and Deaths of Despair Epidemic,Jeremiah’s Place,"6435 Frankstown Avenue, Pittsburgh, PA 15206",https://jeremiahsplace.org,info@jeremiahsplace.org,
Job & Career Education Center (JCEC),"The JCEC at Carnegie Library of Pittsburgh runs free, recurring workshops and drop-in labs on resume writing, cover letters, interviewing, job search strategies, and digital literacy. These sessions bring neighbors together in a trusted, year-round public space and provide practical skill-building and coaching that strengthens participants’ confidence and leadership capacity in their communities.",Community Learning Circles and Skills Swaps,Resistance to Change and New Initiatives,Carnegie Library of Pittsburgh,"4400 Forbes Avenue, Pittsburgh, PA 15213",https://www.carnegielibrary.org/services/job-career-education-center/,info@carnegielibrary.org,
Jobs and More (JAM) – Erie County Summer Youth Employment,"Jobs and More (JAM) is Erie County’s paid summer youth employment program operated by GECAC, connecting eligible teens and young adults with wage-paying positions and work-readiness training. Youth are placed with nonprofits, municipalities, and businesses throughout the county and receive coaching and supportive services. The program directly funds summer jobs that build resumes and confidence while surrounding participants with positive role models and real-world expectations.",Paid Youth Employment and Micro-Grants,Intergenerational Transmission of Hopelessness,Greater Erie Community Action Committee (GECAC),"18 West 9th Street, Erie, PA 16501",https://www.gecac.org,info@gecac.org,
Justice Related Services (JRS),"Allegheny County’s JRS helps justice-involved individuals with behavioral health and substance use needs navigate the court system and access treatment as an alternative to incarceration. Staff serve as court liaisons, coordinate with specialty courts (e.g., Drug, DUI, and Mental Health Courts), and connect people to community-based treatment, case management, housing, and recovery supports to reduce recidivism and stabilize reentry.","Legal Aid, Reentry, and Diversion Supports",Substance Abuse and Deaths of Despair Epidemic,Allegheny County Department of Human Services,"1 Smithfield Street, Pittsburgh, PA 15222",https://www.alleghenycounty.us/Human-Services/Programs-Services/Disabilities/Justice-Related-Services.aspx,,
Justice-Related Services (JRS),"Justice-Related Services helps people with mental health and substance use disorders navigate the criminal legal system and connect to treatment in lieu of incarceration. JRS provides court liaison and diversion support for problem-solving courts, assists with reentry planning upon release, and coordinates access to community-based treatment and recovery supports. This directly advances treatment-first approaches and stabilizes individuals and families impacted by addiction.","Legal Aid, Reentry, and Diversion Supports",Substance Abuse and Deaths of Despair Epidemic,Allegheny County Department of Human Services,"1 Smithfield Street, Pittsburgh, PA 15222",https://www.alleghenycounty.us/Human-Services/Programs-Services/For-Adults/Justice-Related-Services.aspx,DHSResponse@alleghenycounty.us,
Keystone Club and Torch Club,"These youth-led leadership clubs empower teens and pre-teens to elect officers, run meetings, and plan and implement community service and civic projects across Boys & Girls Clubs sites in Western Pennsylvania. Members gain hands-on experience solving neighborhood problems, from beautification and food drives to advocacy presentations, and build skills in decision-making and public speaking. Youth receive recognition through club leadership roles and programs like Youth of the Year, reinforci...",Youth Leadership and Civic Engagement Programs,Intergenerational Transmission of Hopelessness,Boys & Girls Clubs of Western Pennsylvania,"4600 Butler Street, Pittsburgh, PA 15201",https://www.bgcwpa.org,info@bgcwpa.org,
Keystone Clubs (Teen Leadership Program),"Keystone Clubs are youth-led groups at Boys & Girls Clubs where teens elect officers, plan and implement community service and advocacy projects, and represent youth perspectives within their clubs and neighborhoods. Through ongoing leadership training, service, and public recognition, Keystone members gain civic skills and experience addressing local issues alongside nonprofit partners.",Youth Leadership and Civic Engagement Programs,Intergenerational Transmission of Hopelessness,Boys & Girls Clubs of Western Pennsylvania,"33 Terminal Way, Pittsburgh, PA 15219",https://www.bgcwpa.org,info@bgcwpa.org,
Keystone Commons,"RIDC’s Keystone Commons transforms the former Westinghouse East Pittsburgh Works into a campus for light manufacturing, fabrication, and technology companies. The site offers subdivided factory spaces, high-capacity utilities, and loading infrastructure that enable small and mid-sized manufacturers to scale production without leaving the Mon Valley. By bringing employers and production back into a historic industrial complex, it strengthens the local job base and creates a magnet for technica...",Repurpose Industrial Sites into Maker Spaces and Small Factories,Brain Drain of Young and Educated,Regional Industrial Development Corporation (RIDC) of Southwestern Pennsylvania,"500 Braddock Avenue, East Pittsburgh, PA 15112",https://ridc.org/locations/keystone-commons,info@ridc.org,
Kiva Pittsburgh,"Kiva Pittsburgh provides 0% interest crowdfunded microloans to neighborhood entrepreneurs, administered locally by Riverside Center for Innovation. Local trustees and community lenders help vet and finance resident-led startups and small businesses, creating a visible, community-governed seed fund that recirculates investment and builds confidence. By lowering barriers and showcasing successful repayments, it counters skepticism with tangible, trust-building capital.",Community Seed Fund and Microloan Program,Resistance to Change and New Initiatives,Riverside Center for Innovation,"700 River Avenue, Pittsburgh, PA 15212",https://rcipgh.org/kiva-pittsburgh/,info@rcipgh.org,
Kiva Pittsburgh,"Kiva Pittsburgh facilitates 0% interest crowdfunded microloans for local entrepreneurs, with community lenders backing neighborhood businesses. Administered by Riverside Center for Innovation, the program acts as a resident-focused microloan pool that recycles capital and demonstrates tangible, community-driven investment to counter skepticism and spark engagement.",Community Seed Fund and Microloan Program,Resistance to Change and New Initiatives,Riverside Center for Innovation,"700 River Avenue, Suite 531, Pittsburgh, PA 15212",https://www.riversidecenterforinnovation.com/kivapittsburgh,info@riversidecenterforinnovation.com,
Kiva Pittsburgh,"Kiva Pittsburgh helps neighborhood entrepreneurs crowdfund 0% interest loans from hundreds of local residents, enabling community members to directly invest small amounts in local businesses. By channeling community capital to founders who lack traditional financing, the program keeps money circulating locally and builds pathways for shared ownership models, including future worker cooperatives.",Local Investment Vehicle and Worker Cooperatives,Brain Drain of Young and Educated,Riverside Center for Innovation,"700 River Avenue, Pittsburgh, PA 15212",https://www.kiva.org/borrow/pittsburgh,info@rcipgh.org,
LCCAP Head Start/Early Head Start,"Lawrence County Community Action Partnership operates Head Start/Early Head Start sites that offer free early childhood education and wraparound family supports for income-eligible families. By combining center-based care, home visiting, parent engagement, and referrals to resources, the program lowers childcare barriers and helps young parents stay employed or pursue training in Lawrence County.",Affordable Childcare Cooperatives and Family Supports,Brain Drain of Young and Educated,Lawrence County Community Action Partnership,"241 West Grant Street, New Castle, PA 16101",https://www.lccap.org,info@lccap.org,
LEARN Homework Help (CLP Allegheny),"Carnegie Library of Pittsburgh turns library rooms into after-school learning hubs where trained staff and volunteers provide homework help, tutoring, and access to computers and high-speed internet. Many branches, including CLP Allegheny, also host workshops on study skills, research, and college-application support, giving teens guidance on next steps after high school. This directly implements the solution by using library spaces to deliver consistent academic support and mentorship.",Community Learning Hubs and Tutoring Centers,Intergenerational Transmission of Hopelessness,Carnegie Library of Pittsburgh,"1230 Federal Street, Pittsburgh, PA 15212",https://www.carnegielibrary.org/learn/,info@carnegielibrary.org,
LIFT / Medical Assistance Transportation Program (MATP) – Erie County,"EMTA’s LIFT program provides paratransit and MATP rides to medical, mental health, and substance use treatment appointments for eligible Erie County residents at low or no cost. By scheduling door-to-door trips for counseling, medication-assisted treatment, and recovery services, LIFT directly addresses transportation barriers that keep people from consistent care.",Volunteer Transportation and Childcare for Treatment Access,Substance Abuse and Deaths of Despair Epidemic,Erie Metropolitan Transit Authority (EMTA),"127 East 14th Street, Erie, PA 16503",https://www.ride-the-e.com/services/lift/,,
Land Use and Development Committee,"A resident-led committee that reviews development proposals in Bloomfield, convenes public meetings, and issues recommendations and community benefit expectations for developers. By tracking commitments and sharing findings publicly, the committee functions as citizen oversight for neighborhood projects, ensuring community priorities guide decisions and reducing perceptions of opaque decision-making.",Citizen Oversight and Evaluation Committees,Resistance to Change and New Initiatives,Bloomfield Development Corporation,"4900 Liberty Avenue, Pittsburgh, PA 15224",https://bloomfieldpgh.org,info@bloomfieldpgh.org,
Landforce Workforce Development Program,"Landforce hires and trains people with barriers to employment, including those in recovery, and partners with regional employers to transition graduates into stable jobs with recovery-friendly practices. The program provides intensive case management and up to a year of post-placement retention support, coaching both employees and supervisors on workplace expectations, accommodations, and relapse risk. Through these partnerships, employers adopt supportive policies and on-the-job supports tha...",Recovery-Friendly Employer Partnerships,Substance Abuse and Deaths of Despair Epidemic,Landforce,"201 N Braddock Avenue, Suite 302, Pittsburgh, PA 15208",https://www.landforcepgh.org,info@landforcepgh.org,
Launch,"New Sun Rising’s Launch program supports neighborhood entrepreneurs and community leaders through peer-led workshops on small business basics like financials, marketing, and operations. Cohorts meet at the Millvale Food + Energy Hub and other community venues, where local business owners and residents teach, mentor, and swap skills. This resident-led model builds capacity, fosters peer support networks, and demonstrates tangible investment in people’s ability to act.",Community Learning Circles and Skills Swaps,Resistance to Change and New Initiatives,New Sun Rising,"112 Sherman Street, Millvale, PA 15209",https://www.newsunrising.org,info@newsunrising.org,
Launch Incubator,"Launch is a cohort-based incubator where emerging entrepreneurs from local neighborhoods learn small business fundamentals from regional practitioners, mentors, and peer founders. Sessions emphasize practical, resident-driven knowledge exchange—participants share experiences, swap skills, and receive coaching to move ideas into action. This model builds trust and demonstrates investment in community capacity by centering residents as both learners and teachers.",Community Learning Circles and Skills Swaps,Resistance to Change and New Initiatives,New Sun Rising,"851 Western Avenue, Suite 201, Pittsburgh, PA 15233",https://www.newsunrising.org/program/launch/,info@newsunrising.org,
Launch Incubator,"New Sun Rising’s Launch Incubator provides mentorship, business planning support, and peer coaching for community-serving entrepreneurs, with access to shared workspace and equipment at the Millvale Food + Energy Hub and partner sites. Through its Vibrancy Funds and other small grant programs, it deploys microgrants and hosts pro-bono expert clinics in areas like legal and accounting, helping residents test, launch, and sustain neighborhood businesses.",Community Entrepreneurship Incubator and Microgrant Program,Brain Drain of Young and Educated,New Sun Rising,"112 Sherman Street, Millvale, PA 15209",https://www.newsunrising.org,info@newsunrising.org,
Launch Incubator and Vibrancy Funds,"New Sun Rising’s Launch Incubator provides structured coaching, mentorship, and capacity-building for community-based entrepreneurs and social enterprises, including access to legal/financial clinics via partner networks. Its Vibrancy Funds and neighborhood initiatives (such as Launch Sto-Rox) award small seed grants and connect participants to microloans, while the Millvale Food + Energy Hub offers shared workspace and equipment for production, events, and collaboration—helping residents sta...",Community Entrepreneurship Incubator and Microgrant Program,Brain Drain of Young and Educated,New Sun Rising,"112 Sherman Street, Millvale, PA 15209",https://www.newsunrising.org/program/launch/,info@newsunrising.org,
Launch Program,"New Sun Rising’s Launch Program is a capacity-building incubator that provides coaching, mentorship, and cohort-based training to early-stage community enterprises. Participants access pro bono expert clinics (e.g., finance/accounting) and can compete for or receive small seed grants to pilot and grow their ventures, alongside low-cost shared workspace at the Millvale Food + Energy Hub. The program helps neighborhood entrepreneurs validate ideas, access resources, and create jobs that meet lo...",Community Entrepreneurship Incubator and Microgrant Program,Brain Drain of Young and Educated,New Sun Rising,"112 Sherman Street, Millvale, PA 15209",https://www.newsunrising.org/program/launch/,info@newsunrising.org,
Lawrenceville Community Land Trust,"Lawrenceville Corporation’s Community Land Trust acquires land and stewards permanently affordable, owner-occupied homes through a tripartite governance model that includes neighborhood residents. By separating land ownership from home ownership, it locks in affordability and community control over key housing assets for the long term. This resident-led model demonstrates durable commitment to place and reduces fears of speculative profiteering or external abandonment.",Community Land Trusts and Cooperative Ownership,Resistance to Change and New Initiatives,Lawrenceville Corporation,"100 43rd Street, Suite 106, Pittsburgh, PA 15201",https://www.lvpgh.com,info@lvpgh.com,
Lawrenceville Community Land Trust,"The Lawrenceville Community Land Trust (LCLT) acquires land and housing in the post-industrial Lawrenceville neighborhood and holds it in trust through long-term ground leases to ensure permanent affordability and community control. When sites have legacy industrial impacts, LCLT and its partners conduct environmental due diligence, coordinate remediation when needed, and bring cleaned parcels into the trust for affordable homes or community-serving uses. This model prevents displacement, gui...",Community Land Trusts and Cooperative Ownership,Resistance to Change and New Initiatives,Lawrenceville Corporation,"100 43rd Street, Suite 106, Pittsburgh, PA 15201",https://www.lawrencevillecorp.com,info@lawrencevillecorp.com,
Lawrenceville Community Land Trust,"The Lawrenceville Community Land Trust (LCLT) acquires land and housing in the post-industrial Lawrenceville neighborhood and holds it in trust through long-term ground leases to ensure permanent affordability and community control. When sites have legacy industrial impacts, LCLT and its partners conduct environmental due diligence, coordinate remediation when needed, and bring cleaned parcels into the trust for affordable homes or community-serving uses. This model prevents displacement, gui...",Affordable Housing and Community Land Trusts,Brain Drain of Young and Educated,Lawrenceville Corporation,"100 43rd Street, Suite 106, Pittsburgh, PA 15201",https://www.lawrencevillecorp.com,info@lawrencevillecorp.com,
Lawrenceville Community Land Trust Homeownership Program,"Lawrenceville Corporation’s Community Land Trust creates permanently affordable homeownership opportunities by placing homes on community-owned land and selling the structures to buyers through a long-term ground lease. The model ensures resale restrictions and stewardship that keep homes affordable to future buyers, preserving mixed-income stability in a rapidly appreciating neighborhood. This helps young households and local workers stay rooted in the community, strengthening leadership and...",Affordable Housing and Community Land Trusts,Brain Drain of Young and Educated,Lawrenceville Corporation,"100 43rd Street, Suite 106, Pittsburgh, PA 15201",https://www.lawrencevillecorp.com,info@lawrencevillecorp.com,
Lawrenceville Community Process,"Lawrenceville United’s Community Process incorporates resident asset-mapping sessions into development and planning meetings, identifying skills, associations, leaders, and key places that projects should build upon. By centering local strengths and informal networks, the process increases trust and ensures new initiatives are co-designed with residents using resources already present in the neighborhood.",Asset‑Based Community Mapping Workshops,Resistance to Change and New Initiatives,Lawrenceville United,"4804 Penn Avenue, Pittsburgh, PA 15224",https://www.lunited.org,info@lunited.org,
Lawrenceville Shop & Dine Local Campaigns,"Lawrenceville Corporation promotes neighborhood businesses through ongoing Shop Local marketing, events, and a business directory that encourage residents and nearby institutions to buy from and contract with Lawrenceville-based vendors. By building visibility and demand for local firms, these campaigns direct procurement and consumer spending to the community, supporting jobs and neighborhood vitality.",Buy Local and Contractor Preference Campaigns,Brain Drain of Young and Educated,Lawrenceville Corporation,"5227 Butler Street, Pittsburgh, PA 15201",https://www.lawrencevillecorp.com,info@lawrencevillecorp.com,
Lawrenceville United,"Lawrenceville United organizes resident-led committees and block watch groups that meet regularly to address neighborhood priorities such as housing affordability, traffic safety, land use, and school/community partnerships. Through recurring community meetings and Development Activities Meetings, residents set agendas, evaluate proposals, and coordinate collective actions like safety walks, advocacy on zoning/housing, and volunteer-led cleanups. This creates a continuous, year-round organizi...",Neighborhood Organizers and Listening Campaigns,Intergenerational Transmission of Hopelessness,Lawrenceville United,"4615 Plummer Street, Pittsburgh, PA 15201",https://www.lunited.org,info@lunited.org,
Lawrenceville United – Resident Advocacy & Community Engagement,"Lawrenceville United organizes door-to-door outreach and conducts ongoing listening campaigns to ensure long-time and new residents can shape neighborhood decisions. The organization hosts resident problem-solving tables, issue-based committees, and development review meetings that feed directly into interactions with city planners, developers, and service agencies, strengthening trust and accountability.",Neighborhood Organizers and Listening Campaigns,Intergenerational Transmission of Hopelessness,Lawrenceville United,"118 52nd Street, Pittsburgh, PA 15201",https://www.lunited.org,info@lunited.org,
Learn & Earn,"Learn & Earn places youth ages 14–24 in paid summer jobs and pre-apprenticeship experiences at nonprofits, municipalities, and businesses throughout Allegheny County. Adult supervisors serve as mentors, and participants receive job-readiness training and career workshops hosted in schools and community centers. The program builds cross-age relationships and civic attachment by connecting young people to local employers and public-serving organizations.",Paid Local Apprenticeships and Youth Internships,Brain Drain of Young and Educated,Partner4Work,"650 Smithfield Street, Suite 2600, Pittsburgh, PA 15222",https://www.partner4work.org,info@partner4work.org,
Learn & Earn,"Learn & Earn is Allegheny County and the City of Pittsburgh’s paid summer youth employment program run by Partner4Work. Teens and young adults are placed with community organizations and worksites for paid, resume-building summer jobs and project teams, providing role models, work ethic, and clear pathways to success while combating hopelessness.",Paid Youth Employment and Micro-Grants,Intergenerational Transmission of Hopelessness,Partner4Work,"650 Smithfield Street, Suite 2600, Pittsburgh, PA 15222",https://www.jobs4summer.org,info@partner4work.org,
Learn & Earn,"Learn & Earn is Allegheny County and City of Pittsburgh’s summer youth employment program that places teens and young adults in paid internships with nonprofits, local governments, and businesses. Participants earn wages while building workplace skills, receive job-readiness training and coaching, and work under on-site supervisors at partner organizations. Community partners commit internship slots each summer, creating visible pathways to continued employment, apprenticeships, and postsecon...",Paid Youth Employment and Micro-Grants,Intergenerational Transmission of Hopelessness,Partner4Work,"650 Smithfield Street, Suite 2600, Pittsburgh, PA 15222",https://www.partner4work.org/learnandearn,info@partner4work.org,
Learn & Earn,"Learn & Earn is Allegheny County and City of Pittsburgh’s summer youth employment program that places teens and young adults in paid internships with nonprofits, local governments, and businesses. Participants earn wages while building workplace skills, receive job-readiness training and coaching, and work under on-site supervisors at partner organizations. Community partners commit internship slots each summer, creating visible pathways to continued employment, apprenticeships, and postsecon...",School-to-Work Apprenticeships and Paid Internships,Intergenerational Transmission of Hopelessness,Partner4Work,"650 Smithfield Street, Suite 2600, Pittsburgh, PA 15222",https://www.partner4work.org/learnandearn,info@partner4work.org,
Learn & Earn (Public Sector Track),"Learn & Earn is the region’s summer youth employment program that provides paid internships, including a dedicated Public Sector track placing young people in city and county departments, municipal offices, and authorities. Participants work on real projects under the mentorship of government staff, building civic and professional skills while contributing to services and development initiatives that affect their neighborhoods.",Youth Councils and Local Leadership Pathways,Brain Drain of Young and Educated,Partner4Work (in partnership with the City of Pittsburgh and Allegheny County),"650 Smithfield Street, Suite 2600, Pittsburgh, PA 15222",https://www.partner4work.org/programs/learn-and-earn/,info@partner4work.org,
Learn & Earn (Summer Youth Employment Program),"Learn & Earn is the region’s paid summer youth employment program administered by Partner4Work that places teens and young adults in paid positions with local businesses, nonprofits, and public agencies. Participants earn wages while receiving work-readiness training and mentoring during real job assignments across Allegheny County and Pittsburgh. The program builds marketable skills and strong local connections that encourage participants to remain in or return to Western Pennsylvania for ca...",Paid Local Apprenticeships and Youth Internships,Brain Drain of Young and Educated,Partner4Work,"650 Smithfield Street, Suite 2600, Pittsburgh, PA 15222",https://www.partner4work.org,info@partner4work.org,
Learn & Earn (Summer Youth Employment Program),"Learn & Earn provides paid summer jobs for youth ages 14–24 across Allegheny County and Pittsburgh, placing participants with community organizations, nonprofits, and local businesses. Youth earn wages while receiving work-readiness training and mentoring, helping them build resumes, professional networks, and confidence that effort leads to real opportunities.",Paid Youth Employment and Micro-Grants,Intergenerational Transmission of Hopelessness,Partner4Work (in partnership with the City of Pittsburgh and Allegheny County),"650 Smithfield Street, Suite 2600, Pittsburgh, PA 15222",https://www.partner4work.org/programs/learn-earn/,info@partner4work.org,
Learn & Earn End-of-Summer Celebration,"Partner4Work’s Learn & Earn youth employment program places teens and young adults in paid summer jobs and culminates with a public end-of-summer celebration where participants receive certificates, share their experiences, and are recognized by employers and civic leaders. The ceremony functions as a rite of passage into the world of work, normalizing first jobs and publicly honoring effort and achievement. These visible recognitions help set positive social norms around work, perseverance, ...",Recognition and Rite-of-Passage Celebrations,Intergenerational Transmission of Hopelessness,Partner4Work,"650 Smithfield Street, Suite 2600, Pittsburgh, PA 15222",https://www.partner4work.org,info@partner4work.org,
Learn & Earn Summer Youth Employment Program,"Learn & Earn provides paid summer jobs for young people ages 14–24 with local nonprofits, businesses, and government agencies across Allegheny County and the City of Pittsburgh. Participants earn wages while gaining work readiness training, mentoring, and on-the-job experience that builds local professional networks, encouraging them to stay in or return to the region.",Paid Local Apprenticeships and Youth Internships,Brain Drain of Young and Educated,Partner4Work,"650 Smithfield Street, Suite 2600, Pittsburgh, PA 15222",https://www.partner4work.org,info@partner4work.org,
Learn & Earn Summer Youth Employment Program,"Learn & Earn connects teens and young adults in Allegheny County with paid summer jobs, worksite mentors, and job-readiness training. By offering meaningful work, skill-building, and supportive supervision, the program helps youth develop purpose and positive adult connections, particularly in communities hit hard by economic dislocation and addiction. Partner4Work coordinates with schools and community organizations to align employment with year-round supports.",Trauma-Informed Schools and Youth Programs,Substance Abuse and Deaths of Despair Epidemic,Partner4Work,"650 Smithfield Street, Suite 2600, Pittsburgh, PA 15222",https://www.partner4work.org/programs/learn-and-earn/,info@partner4work.org,
Learn & Earn Summer Youth Employment Program,"Learn & Earn places thousands of teens and young adults in paid summer positions with local governments, nonprofits, and community organizations across Allegheny County and the City of Pittsburgh. Participants receive job readiness and civic skills training while working on neighborhood improvement projects, giving youth practical leadership experience, mentorship, and public recognition for serving their communities.",Youth Leadership and Civic Engagement Programs,Intergenerational Transmission of Hopelessness,Partner4Work (in partnership with Allegheny County and the City of Pittsburgh),"650 Smithfield Street, Suite 2600, Pittsburgh, PA 15222",https://www.partner4work.org/learn-and-earn,info@partner4work.org,
Learn & Earn Summer Youth Employment Program,"Learn & Earn is a paid summer employment program that places teens and young adults with local nonprofits, government agencies, and small businesses across Allegheny County. Participants earn wages while building real workplace skills, with community partners providing supervised worksites and guaranteed placement slots. The program creates visible career pathways and positive role models by pairing youth with employers and mentors who can lead to longer-term opportunities.",School-to-Work Apprenticeships and Paid Internships,Intergenerational Transmission of Hopelessness,Partner4Work (in partnership with the City of Pittsburgh and Allegheny County),"650 Smithfield Street, Pittsburgh, PA 15222",https://www.partner4work.org/workforce-programs/learn-and-earn/,info@partner4work.org,
Learning Circles,"Carnegie Library of Pittsburgh runs Learning Circles in partnership with P2PU—free, peer-led study groups where neighbors learn together on topics such as resume building, digital literacy, and entrepreneurship. Sessions are facilitated rather than taught top‑down, inviting residents to bring their own expertise, support each other, and build practical skills that translate into action.",Community Learning Circles and Skills Swaps,Resistance to Change and New Initiatives,Carnegie Library of Pittsburgh,"4400 Forbes Avenue, Pittsburgh, PA 15213",https://www.carnegielibrary.org,info@carnegielibrary.org,
Learning Parties,"Learning Parties are hands-on, neighborhood events where local makers, artists, and residents lead mini-workshops at stations on everything from basic electronics and crafting to creative problem-solving. By elevating community members as instructors and facilitators, Assemble builds peer support networks and demonstrates trust in residents’ skills and leadership. This format directly implements community learning circles and skill swaps that grow confidence and capacity.",Community Learning Circles and Skills Swaps,Resistance to Change and New Initiatives,Assemble,"4824 Penn Avenue, Pittsburgh, PA 15224",https://assemblepgh.org,info@assemblepgh.org,
Learning for a Greener Future High School Internship,"Phipps Conservatory’s Learning for a Greener Future High School Internship is a paid summer internship for local high school students that offers hands-on experience in horticulture, science, and sustainability within a major Pittsburgh nonprofit institution. Interns work alongside staff, earn wages, and develop professional skills through real projects and guest service. The program connects youth to the region’s growing green sector and to mentors who can support local education and career ...",Paid Local Apprenticeships and Youth Internships,Brain Drain of Young and Educated,Phipps Conservatory and Botanical Gardens,"1 Schenley Drive, Pittsburgh, PA 15213",https://www.phipps.conservatory.org,edu@phipps.conservatory.org,
Life Recovery Homes,"Light of Life operates peer-supported Life Recovery Homes that provide sober, transitional housing for individuals completing residential recovery programs in Pittsburgh. The homes utilize rehabilitated neighborhood properties and are staffed with peer mentors and recovery professionals who deliver ongoing recovery programming, case management, and community reintegration support.",Peer-Run Transitional and Recovery Housing,Substance Abuse and Deaths of Despair Epidemic,Light of Life Rescue Mission,"234 Voeghtly Street, Pittsburgh, PA 15212",https://www.lightoflife.org,info@lightoflife.org,
Life Recovery Program,"City Mission’s Life Recovery Program combines shelter, counseling, chaplaincy, and job readiness with a strong volunteer mentor network drawn from local churches and civic organizations. The mission provides space for recovery-focused support groups, Bible studies, and family education sessions at its Washington campus. Case managers coordinate referrals to clinical treatment, healthcare, and community resources for program participants and their families.",Faith-Based and Civic Support Coalitions,Substance Abuse and Deaths of Despair Epidemic,City Mission,"84 W Wheeling Street, Washington, PA 15301",https://www.citymission.org,info@citymission.org,
Life Recovery Program,"City Mission’s Life Recovery Program offers sober, transitional housing on a campus of renovated facilities in downtown Washington, providing a structured environment for men and women rebuilding their lives from addiction. Peer mentors and alumni leaders support residents alongside professional staff, delivering recovery programming, case management, and workforce readiness in a community setting.",Peer-Run Transitional and Recovery Housing,Substance Abuse and Deaths of Despair Epidemic,"City Mission (Washington, PA)","84 W Wheeling Street, Washington, PA 15301",https://www.citymission.org,info@citymission.org,
Life Recovery Program (Transitional Housing),"Light of Life’s Life Recovery Program offers sober, transitional housing for men and women recovering from addiction on Pittsburgh’s North Side. Peer mentors and recovery support staff provide daily programming, case management, and 12-step/peer recovery supports while residents work on employment, education, and family reunification. The program delivers a peer-staffed, service-rich housing environment in renovated facilities that help stabilize recovery and promote long-term independence.",Peer-Run Transitional and Recovery Housing,Substance Abuse and Deaths of Despair Epidemic,Light of Life Rescue Mission,"234 Voeghtly Street, Pittsburgh, PA 15212",https://www.lightoflife.org,info@lightoflife.org,
Life Recovery Program and Transitional Housing,"City Mission’s Life Recovery Program provides sober, transitional housing integrated with recovery programming, counseling, and workforce training for men and women in recovery. Residents participate in peer-led support, mentorship, and structured case management that addresses housing stability, trauma, and employment to support long-term recovery and community reintegration.",Peer-Run Transitional and Recovery Housing,Substance Abuse and Deaths of Despair Epidemic,City Mission,"84 West Wheeling Street, Washington, PA 15301",https://www.citymission.org,info@citymission.org,
Life Recovery Programs,"Light of Life’s faith-based recovery programs provide residential care, day programming, and family support for people recovering from addiction, leveraging teams of trained volunteers from churches and civic groups as mentors and group facilitators. The mission hosts on-site support meetings, classes, and chaplain-led services in its North Side facilities. Staff and volunteers also coordinate referrals to treatment, housing, employment, and wraparound services for clients and their families.",Faith-Based and Civic Support Coalitions,Substance Abuse and Deaths of Despair Epidemic,Light of Life Rescue Mission,"234 Voeghtly Street, Pittsburgh, PA 15212",https://www.lightoflife.org,info@lightoflife.org,
Life Recovery at City Mission,"City Mission’s faith-based Life Recovery programs provide structured residential recovery for men and women, along with chaplaincy and trauma-informed care. Congregations and civic organizations supply volunteer mentors, host support meetings and classes on-site, and help coordinate referrals to treatment, counseling, employment, and family stabilization services for individuals and their loved ones.",Faith-Based and Civic Support Coalitions,Substance Abuse and Deaths of Despair Epidemic,City Mission,"84 West Wheeling Street, Washington, PA 15301",https://www.citymission.org,info@citymission.org,
Light of Life Medical Respite Program,"Light of Life operates a medical respite program that provides short-term recovery space for individuals exiting the hospital or stabilizing from substance-related health issues. Participants receive meals, basic medical monitoring, and case management that connects them through warm handoffs to addiction treatment, primary care, and housing resources.",Sobering Centers and Short-Term Respite Care,Substance Abuse and Deaths of Despair Epidemic,Light of Life Rescue Mission,"234 Voeghtly Street, Pittsburgh, PA 15212",https://www.lightoflife.org,info@lightoflife.org,
Light of Life Rescue Mission,"Light of Life Rescue Mission is a faith-based nonprofit on Pittsburgh’s North Side that provides recovery programs, family support, and outreach for people affected by addiction. They mobilize church and civic volunteers as mentors and group leaders, host peer-support and recovery meetings on-site, and use their facilities to connect guests and families to treatment, housing, and other services through coordinated referrals.",Faith-Based and Civic Support Coalitions,Substance Abuse and Deaths of Despair Epidemic,Light of Life Rescue Mission,"234 Voeghtly Street, Pittsburgh, PA 15212",https://www.lightoflife.org,info@lightoflife.org,
Living History Programs,"Depreciation Lands Museum hosts living history days and skill demonstrations where costumed interpreters—many long-time local volunteers—teach heritage crafts like spinning, blacksmithing, woodworking, and hearth cooking. Youth and families participate in hands-on stations while elders share stories about frontier life and Western Pennsylvania’s early communities. These events preserve traditional skills, elevate the dignity of manual work, and connect generations through shared practice and ...",Intergenerational Skill-Sharing Events,Intergenerational Transmission of Hopelessness,Depreciation Lands Museum,"4743 South Pioneer Road, Allison Park, PA 15101",https://www.depreciationlandsmuseum.org,DLMuseum@gmail.com,
Lost Dreams Awakening – Recovery Community Organization,"Lost Dreams Awakening is a peer-run recovery community organization serving the Alle-Kiski Valley that deploys certified recovery specialists and recovery coaches for outreach, engagement, and connection to treatment and recovery housing. Peers provide ongoing coaching, help navigate Medicaid and benefits, and link people to employment supports, social services, and mutual-aid groups to sustain long-term recovery.",Peer Recovery Network and Outreach,Substance Abuse and Deaths of Despair Epidemic,"Lost Dreams Awakening, Inc.","408 8th Street, New Kensington, PA 15068",https://lostdreamsawakening.org,info@lostdreamsawakening.org,
Love My Neighbor! (Northside Resident-Led Microgrants),"Love My Neighbor! provides small grants to resident-led projects across Pittsburgh’s Northside, with residents trained as ambassadors who host workshops to help neighbors develop proposals. Funding decisions are made by resident committees representing Northside neighborhoods, who deliberate and allocate a defined pool of dollars to the proposals they judge most impactful. By shifting decision-making power and budget control to local residents—and making the process transparent through public...",Participatory Budgeting for Neighborhood Projects,Resistance to Change and New Initiatives,Neighborhood Allies (in partnership with The Buhl Foundation’s One Northside initiative),"707 Grant Street, Suite 3500, Pittsburgh, PA 15219",https://neighborhoodallies.org,info@neighborhoodallies.org,
Love My Neighbor! Grants,"Love My Neighbor! provides microgrants and coaching to resident leaders to start and grow neighborhood clubs and interest groups such as walking clubs, cooking circles, music meetups, and hobby gatherings. The program supplies seed funding, facilitation support, and connections to meeting spaces so workers and neighbors can organize social life around shared interests rather than single-issue organizations.","Time‑Bound, Co‑Designed Pilot Projects",Resistance to Change and New Initiatives,Neighborhood Allies,"429 Forbes Avenue, Suite 1900, Pittsburgh, PA 15219",https://neighborhoodallies.org,info@neighborhoodallies.org,
Love My Neighbor! Microgrants,"Love My Neighbor! funds resident-led storytelling, photo, video, and neighborhood branding projects that elevate local teachers, nurses, coaches, organizers, and tradespeople as community protectors and pillars. Grantees produce community-created media—such as short documentaries, portrait campaigns, newsletters, and social content—that reframes prestige around caregiving, mentoring, and place-keeping rather than armed protection. By celebrating everyday service roles and broadcasting those n...",Neighborhood Improvement Days and Block Celebrations,Resistance to Change and New Initiatives,Neighborhood Allies,"5149 Penn Avenue, Pittsburgh, PA 15224",https://neighborhoodallies.org,info@neighborhoodallies.org,
Love My Neighbor! Northside,"Love My Neighbor! offers micro-grants to residents of Pittsburgh’s Northside neighborhoods to carry out community-driven projects such as block beautification, pocket parks, murals, and neighborhood events. Administered by New Sun Rising with support from One Northside, the program emphasizes low-cost, high-visibility actions that residents can implement quickly, creating tangible ‘small wins’ that rebuild trust and momentum.",Micro‑Grant 'Small Wins' Program,Resistance to Change and New Initiatives,New Sun Rising (in partnership with The Buhl Foundation’s One Northside initiative),"112 Sherman Street, Millvale, PA 15209",https://www.newsunrising.org,info@newsunrising.org,
Love Your Block (Erie),"Erie’s Love Your Block program offers mini-grants to residents for small, high-impact projects such as block cleanups, minor home and façade fixes for low-income homeowners, community gardens, and beautification. By pairing modest funding with supplies and technical assistance, the program enables quick, visible improvements that help residents see progress on their own streets and rebuild trust in local efforts.",Micro‑Grant 'Small Wins' Program,Resistance to Change and New Initiatives,City of Erie,"626 State Street, Erie, PA 16501",https://cityof.erie.pa.us/,,
Love Your Block (Pittsburgh),"Love Your Block provides small, quick-turnaround mini-grants (typically $500–$1,500) and supplies to resident groups for block-level projects like litter cleanups, vacant lot greening, community gardens, and small exterior repairs. By funding simple, visible improvements led by neighbors themselves, the program produces rapid wins that demonstrate progress is possible and rebuild trust in local institutions.",Micro‑Grant 'Small Wins' Program,Resistance to Change and New Initiatives,City of Pittsburgh Office of Neighborhood Services,"414 Grant Street, Pittsburgh, PA 15219",https://pittsburghpa.gov/ons/loveyourblock,loveyourblock@pittsburghpa.gov,
Love Your Block Erie,"Love Your Block Erie offers small grants and supplies to resident groups to carry out projects like alley and park cleanups, pocket gardens, and minor neighborhood beautification. By prioritizing simple, achievable projects with quick timelines, the initiative produces immediate, visible improvements that build confidence and encourage broader community participation.",Micro‑Grant 'Small Wins' Program,Resistance to Change and New Initiatives,City of Erie,"626 State Street, Erie, PA 16501",https://cityof.erie.pa.us/love-your-block/,loveyourblock@erie.pa.us,
Love Your Block Erie,"Love Your Block Erie awards small grants and supplies to neighborhood groups and residents to complete highly visible improvement projects such as street cleanups, community gardens, and beautification efforts. By funding resident-led, easy-to-implement projects, the initiative creates quick, positive changes that counter skepticism and encourage broader participation in community revitalization.",Micro‑Grant 'Small Wins' Program,Resistance to Change and New Initiatives,"City of Erie, Office of Community and Economic Development","626 State Street, Erie, PA 16501",https://cityof.erie.pa.us,info@erie.pa.us,
Love Your Block Pittsburgh,"City of Pittsburgh’s Love Your Block provides mini-grants and city support for resident-led projects like litter pickups, vacant-lot cleanups, and small-scale painting or planting days. Many grantees pair these coordinated workdays with neighborhood cookouts or block parties using project funds for food and permits, reinforcing collective efficacy by celebrating together immediately after the shared effort.",Neighborhood Improvement Days and Block Celebrations,Resistance to Change and New Initiatives,"Office of Community Affairs, City of Pittsburgh","414 Grant Street, Pittsburgh, PA 15219",https://pittsburghpa.gov/oca/loveyourblock,,
Love Your Block Pittsburgh,"Love Your Block provides mini-grants, supplies, and city support to resident groups for volunteer-led neighborhood improvement days such as litter pick-ups, façade painting, and tree and flower plantings. Grantees are encouraged to cap workdays with shared meals or block parties to celebrate progress, build relationships among neighbors, and reinforce the sense that collective action works.",Neighborhood Improvement Days and Block Celebrations,Resistance to Change and New Initiatives,"City of Pittsburgh, Office of Community Affairs","414 Grant Street, Pittsburgh, PA 15219",https://pittsburghpa.gov/oca/lyb,loveyourblock@pittsburghpa.gov,
Love Your Block Pittsburgh,"Love Your Block provides mini-grants and city support for resident-led volunteer improvement days such as litter pickup, lot activation, and facade touch-ups, often culminating in neighborhood gatherings or block parties. The program supplies materials, coordination with city services, and small stipends so neighbors can pair hands-on work with food and celebration. This combination creates visible wins and communal joy that rebuilds trust and counters the 'we’ve tried that before' mentality.",Neighborhood Improvement Days and Block Celebrations,Resistance to Change and New Initiatives,City of Pittsburgh – Mayor’s Office of Neighborhood Services,"414 Grant Street, Pittsburgh, PA 15219",https://pittsburghpa.gov/ons/lyb,loveyourblock@pittsburghpa.gov,
Love Your Block Pittsburgh,"Love Your Block provides mini-grants, supplies, and city coordination to neighborhood groups to complete high-impact fix-ups, including exterior building repairs, painting, and seasonal maintenance around community facilities. The program mobilizes volunteers and partners—often including local unions, businesses, and residents—creating a pooled, community-wide effort that reduces individual group costs. This model operationalizes the shared maintenance pool concept by combining small grants w...","Time‑Bound, Co‑Designed Pilot Projects",Resistance to Change and New Initiatives,City of Pittsburgh Office of Community Affairs,"414 Grant Street, Pittsburgh, PA 15219",https://pittsburghpa.gov/oca/loveyourblock,loveyourblock@pittsburghpa.gov,
Love Your Block Pittsburgh,"The City of Pittsburgh’s Love Your Block awards small, quick-turnaround mini-grants and material support to resident-led groups for projects such as community gardens, murals, litter cleanups, and minor block improvements. By funding doable, highly visible projects that can be completed within a season, the program delivers rapid results that rebuild trust and counter the “we’ve tried that before” skepticism through tangible, neighbor-driven wins.",Micro‑Grant 'Small Wins' Program,Resistance to Change and New Initiatives,"City of Pittsburgh, Office of Community Services","414 Grant Street, Pittsburgh, PA 15219",https://pittsburghpa.gov/servepgh/loveyourblock,loveyourblock@pittsburghpa.gov,
Love Your Block Pittsburgh,"Love Your Block provides small matching grants and support to resident groups and community organizations to strengthen neighborhood connections through cleanups, block events, and projects hosted in shared spaces. Funds often cover supplies, permits, and stipends so churches, libraries, parks, and storefronts can offer free or low-cost gatherings and activities focused on bringing neighbors together rather than politics.",Micro‑Grant 'Small Wins' Program,Resistance to Change and New Initiatives,"City of Pittsburgh, Office of Community Affairs (ServePGH)","414 Grant Street, Pittsburgh, PA 15219",https://pittsburghpa.gov/servepgh/loveyourblock,servepgh@pittsburghpa.gov,
Love Your Block Pittsburgh,"Love Your Block provides microgrants, supplies, and city support to resident-led projects that revitalize neighborhoods—such as community gardens, murals, cleanups, and small civic improvements. The program mobilizes volunteers, builds local leadership, and delivers visible public projects that restore pride and strengthen social connections in disinvested areas.","Community Gardens, Arts, and Civic Projects for Identity Rebuilding",Substance Abuse and Deaths of Despair Epidemic,City of Pittsburgh (ServePGH),"414 Grant St, Pittsburgh, PA 15219",https://pittsburghpa.gov/servepgh/loveyourblock,servepgh@pittsburghpa.gov,
MANUFACTURING 2000 (M2K) Pre-Apprenticeship,"New Century Careers’ M2K program offers hands-on machining and advanced manufacturing training linked to a network of regional employers and apprenticeship sponsors. It provides industry-recognized credentials and job placement assistance, helping participants move into multiple shops and sectors rather than depending on one company. By coordinating employer partnerships and pre-apprenticeship pathways, the program equips workers with diversified skills and stronger bargaining power.",Local Scholarship and Apprenticeship Fund,Intergenerational Transmission of Hopelessness,New Century Careers,"305 East Carson Street, Pittsburgh, PA 15203",https://www.ncsquared.com,info@ncsquared.com,
MCG Youth & Arts,"MCG Youth & Arts provides free after-school and summer studio courses in ceramics, photography, design, and more where professional artists and industry mentors guide high school students. These intergenerational studios function like apprenticeships, pairing teens with adult practitioners on projects, exhibits, and service learning. Hosted in a neutral community campus, they build cross-age relationships and civic pride among youth and mentors.",Intergenerational Skill-Sharing Events,Intergenerational Transmission of Hopelessness,Manchester Bidwell Corporation,"1815 Metropolitan Street, Pittsburgh, PA 15233",https://mcgyouthandarts.org,info@manchesterbidwell.org,
MFG Works,"MFG Works convenes manufacturers, school districts, and community partners to build transparent manufacturing career pathways that include pre-apprenticeships, work-based learning, and industry-recognized credentials. Catalyst Connection coordinates employer engagement and barrier-reduction supports with workforce and community agencies, helping students and adult jobseekers access entry-level training, transportation assistance, and guided steps into in-demand, family-sustaining roles.",Employer-Community Career Pathway Partnerships,Intergenerational Transmission of Hopelessness,Catalyst Connection,"4501 Lytle Street, Suite 200, Pittsburgh, PA 15207",https://www.catalystconnection.org,info@catalystconnection.org,
MWDBE Program,"Allegheny County’s MWDBE Program certifies minority-, women-, and disadvantaged-owned firms in the region and sets participation goals on county contracts to expand access for local vendors. The program maintains a vendor directory, hosts outreach and training, and connects area businesses to public procurement opportunities, keeping more contracting dollars circulating in Western Pennsylvania.",Buy Local and Contractor Preference Campaigns,Brain Drain of Young and Educated,Allegheny County,"542 Forbes Avenue, Pittsburgh, PA 15219",https://www.alleghenycounty.us/mwdbe/index.aspx,mwdbe@alleghenycounty.us,
Manufacturing 2000 (M2K),"New Century Careers’ M2K program trains entry-level machinists and pairs learners with experienced instructors and industry mentors for practical, worker-to-worker coaching. Mentors help trainees navigate supports (tools, transportation, and job placement resources) and connect them to employer partners, plant safety committees, and local manufacturing events to build voice and participation. The peer mentorship structure accelerates onboarding into quality manufacturing jobs while rooting ne...","Job Training, Apprenticeships, and Social Enterprises",Substance Abuse and Deaths of Despair Epidemic,New Century Careers,"305 East Carson Street, Pittsburgh, PA 15203",https://www.ncsquared.com,info@ncsquared.com,
Manufacturing 2000 (M2K) Pre-Apprenticeship,"New Century Careers’ M2K is a no-cost machining and advanced manufacturing pre-apprenticeship that equips adults for immediate employment and registered apprenticeships in regional shops. The program offers hands-on training, career coaching, and direct employer referrals to restore pathways to meaningful, family-sustaining work in communities hit by industrial decline. Graduates earn industry credentials and are placed into paid roles that provide structure and purpose, supporting recovery a...","Job Training, Apprenticeships, and Social Enterprises",Substance Abuse and Deaths of Despair Epidemic,New Century Careers,"305 East Carson Street, Pittsburgh, PA 15203",https://www.ncsquared.com,info@ncsquared.com,
Manufacturing 2000 (M2K) Pre-Apprenticeship and Apprenticeship Pathways,"New Century Careers’ M2K program is built with a consortium of regional advanced manufacturers that jointly define skill standards, map progression from pre-apprenticeship to registered apprenticeships, and hire graduates into clear career ladders. The program offers no-cost, hands-on training, job placement, and connections to wraparound supports (e.g., transportation resources and tools assistance) in partnership with community organizations and PA CareerLink, making manufacturing careers v...",Employer-Community Career Pathway Partnerships,Intergenerational Transmission of Hopelessness,New Century Careers,"305 East Carson Street, Pittsburgh, PA 15203",https://www.ncsquared.com,,
Manufacturing Apprenticeship Programs,"Catalyst Connection sponsors and coordinates registered apprenticeships and pre-apprenticeships in occupations like CNC machining, mechatronics, and industrial manufacturing technician with small and mid-sized manufacturers across the region. Apprentices are hired by employer partners, earn wages while training, and receive related technical instruction arranged by Catalyst; employers commit apprenticeship slots and provide workplace supervisors. The program delivers paid, structured pathways...",School-to-Work Apprenticeships and Paid Internships,Intergenerational Transmission of Hopelessness,Catalyst Connection,"4501 Lytle Street, Suite 200, Pittsburgh, PA 15207",https://www.catalystconnection.org,info@catalystconnection.org,
Manufacturing Assistance Center (MAC) at 7800 Susquehanna,"The University of Pittsburgh’s Manufacturing Assistance Center operates a training and production shop inside the 7800 Susquehanna Street industrial redevelopment. MAC provides CNC machining education, on-the-job training, and small contract manufacturing that helps trainees and startups gain practical experience and early production capacity. Locating these labs in a reused factory connects residents to modern manufacturing careers and reduces barriers for new manufacturers in the neighborhood.",Repurpose Industrial Sites into Maker Spaces and Small Factories,Brain Drain of Young and Educated,"University of Pittsburgh, Swanson School of Engineering","7800 Susquehanna Street, Pittsburgh, PA 15208",https://www.engineering.pitt.edu/MAC/,,
Mayor’s Youth Council,"The City of Erie Mayor’s Youth Council engages high school students as an advisory group to the Mayor and city departments on issues such as neighborhood development, parks, and public services. Through regular meetings at City Hall, project committees, and direct mentorship from municipal staff, participants learn civic skills and provide real input on local decisions that affect young people and the broader community.",Youth Councils and Local Leadership Pathways,Brain Drain of Young and Educated,"City of Erie, Office of the Mayor","626 State Street, Erie, PA 16501",https://cityof.erie.pa.us/mayors-youth-council/,mayor@erie.pa.us,
Medical Assistance Transportation Program (MATP) – Beaver County,"BCTA’s MATP offers no-cost transportation and mileage reimbursement for Medical Assistance recipients traveling to covered medical care, including substance use disorder treatment, counseling, and court-ordered evaluations. By providing scheduled rides across Beaver County, the program reduces missed appointments and supports consistent participation in recovery services.",Volunteer Transportation and Childcare for Treatment Access,Substance Abuse and Deaths of Despair Epidemic,Beaver County Transit Authority (BCTA),"200 West Washington Street, Rochester, PA 15074",https://www.bcta.com,,
Medical Assistance Transportation Program (MATP) – Washington County,"Freedom Transit administers MATP and shared-ride services that provide door-to-door transportation for medical and behavioral health care, including substance use disorder treatment, counseling sessions, and court-related mandated programs. The service reduces missed appointments by ensuring affordable, reliable rides for individuals who might otherwise lack transportation in deindustrialized communities.",Volunteer Transportation and Childcare for Treatment Access,Substance Abuse and Deaths of Despair Epidemic,Washington County Transportation Authority (Freedom Transit),"50 East Chestnut Street, Washington, PA 15301",https://www.freedom-transit.org,,
Medical Recovery Program (Medical Respite),"City Mission’s Medical Recovery Program provides short-term medical respite for people experiencing homelessness who need a safe place to recuperate after hospitalization or illness, often complicated by substance use. Guests receive nursing oversight, basic observation, meals, and supportive services while they stabilize. Case managers deliver warm handoffs to addiction treatment, primary and behavioral health care, and housing solutions.",Sobering Centers and Short-Term Respite Care,Substance Abuse and Deaths of Despair Epidemic,"City Mission (Washington, PA)","84 West Wheeling Street, Washington, PA 15301",https://www.citymission.org,,
Metal Arts Workshops,"Rivers of Steel’s Metal Arts Workshops at the Carrie Blast Furnaces engage participants of all ages in hands-on iron casting, blacksmithing, and fabrication led by master craftspeople, many with ties to the region’s steel heritage. Youth learn practical trade techniques while retired steelworkers and long-time artisans share stories of mill culture and industrial history during tours and demo days. These intergenerational experiences honor craftsmanship, connect young people to local identity...",Intergenerational Skill-Sharing Events,Intergenerational Transmission of Hopelessness,Rivers of Steel Heritage Corporation,"623 East 8th Avenue, Homestead, PA 15120",https://riversofsteel.com/experiences/metal-arts-workshops/,info@riversofsteel.com,
Metal Arts Workshops at the Carrie Blast Furnaces,"Rivers of Steel preserves the region’s steel heritage through tours and its Metal Arts Workshops at the Carrie Blast Furnaces. Retired steelworkers and master metal artists lead blacksmithing, welding, and casting sessions alongside oral-history storytelling, giving youth hands-on skills while connecting them to the lived experience of industrial work and local identity. These intergenerational events elevate dignity in work and create positive relationships between young people and elder tra...",Intergenerational Skill-Sharing Events,Intergenerational Transmission of Hopelessness,Rivers of Steel Heritage Corporation,"623 East 8th Avenue, Homestead, PA 15120",https://riversofsteel.com,info@riversofsteel.com,
Metro21 Pilot Projects,"Metro21: Smart Cities Institute partners with municipalities and community organizations across Western Pennsylvania to co-design short-term technology and policy pilots (e.g., mobility, public safety, and environmental monitoring). Each pilot features a defined timeline, data-driven evaluation plan, and clear decision points for sunsetting or scaling based on measurable outcomes. By aligning projects with community needs and institutional partners, Metro21 reduces risk, builds trust, and ena...","Time‑Bound, Co‑Designed Pilot Projects",Resistance to Change and New Initiatives,"Carnegie Mellon University, Metro21: Smart Cities Institute","5000 Forbes Avenue, Pittsburgh, PA 15213",https://www.metro21.cmu.edu,metro21@andrew.cmu.edu,
Micro-Enterprise Loan Program,"Fay-Penn’s Micro-Enterprise Loan Program provides accessible financing to very small businesses and startups in Fayette County and surrounding areas of Western Pennsylvania. Structured as a revolving fund overseen by a local economic development organization, it recycles repayments to continually seed resident-led ventures and demonstrate visible, community-rooted investment.",Community Seed Fund and Microloan Program,Resistance to Change and New Initiatives,Fay-Penn Economic Development Council,"1040 Eberly Way, Suite 200, Lemont Furnace, PA 15456",https://www.faypenn.org/business-financing/,info@faypenn.org,
Micro-Enterprise Loan Program,"The URA’s Micro-Enterprise Loan Program offers affordable, patient capital to startups and existing small businesses in the City of Pittsburgh, with eligibility for cooperative businesses and worker buyouts. Funds can be used by employees to acquire and convert at-risk firms into worker-owned cooperatives, while the URA and its technical assistance partners provide guidance on business planning, governance, and the legal steps of conversion. This pairing of low-interest capital with local dev...",Community Seed Fund and Microloan Program,Resistance to Change and New Initiatives,Urban Redevelopment Authority of Pittsburgh,"412 Boulevard of the Allies, Suite 901, Pittsburgh, PA 15219",https://www.ura.org/pages/micro-enterprise-loan-program,info@ura.org,
Microenterprise Loan Program,"The Erie County Redevelopment Authority provides microenterprise loans to small and emerging businesses for startup and expansion costs. As a revolving loan fund managed by a local authority, repayments replenish the capital, enabling ongoing support for neighborhood entrepreneurs and building trust through concrete financial backing.",Community Seed Fund and Microloan Program,Resistance to Change and New Initiatives,Erie County Redevelopment Authority,"5340 Fryling Road, Suite 201, Erie, PA 16510",https://www.ecrda.net/loan-programs/,info@ecrda.net,
Mill 19 at Hazelwood Green,"Mill 19 transforms a former steel mill into a state-of-the-art advanced manufacturing hub that hosts R&D labs, pilot production lines, and maker-oriented training facilities. Operated by RIDC, it provides modern industrial bays and shared infrastructure that enable startups and small manufacturers to prototype, test, and scale early-stage production while creating hands-on jobs in a once-abandoned industrial corridor.",Repurpose Industrial Sites into Maker Spaces and Small Factories,Brain Drain of Young and Educated,Regional Industrial Development Corporation of Southwestern Pennsylvania (RIDC),"4501 Lytle Street, Pittsburgh, PA 15207",https://ridc.org/locations/mill-19/,info@ridc.org,
Mill 19 at Hazelwood Green,"Mill 19 transforms the skeleton of a former steel mill into a multi-building complex for advanced manufacturing, robotics, and applied research. Managed by RIDC, it houses the ARM Institute and CMU’s Manufacturing Futures Institute, providing pilot-scale production, prototyping labs, and workforce training that give local startups and residents hands-on pathways into modern manufacturing. By turning a vacant industrial asset into a high-tech maker and light-manufacturing hub, it anchors new o...",Repurpose Industrial Sites into Maker Spaces and Small Factories,Brain Drain of Young and Educated,Regional Industrial Development Corporation (RIDC),"4501 Lytle Street, Pittsburgh, PA 15207",https://ridc.org/properties/mill-19/,info@ridc.org,
Millvale Community Library – Learning Hub & After-School Programs,"This renovated storefront library serves as a community learning hub with homework help, tutoring, youth clubs, and public computers/Wi‑Fi. Librarians and volunteers offer one-on-one academic support, digital literacy, and postsecondary planning assistance—including navigating applications and financial aid—helping local youth see and pursue viable pathways to success.",Community Learning Hubs and Tutoring Centers,Intergenerational Transmission of Hopelessness,Millvale Community Library,"213 Grant Avenue, Millvale, PA 15209",https://www.millvalelibrary.org,info@millvalelibrary.org,
Millvale SOUP Microgrant Dinners,"Millvale Community Library hosts SOUP-style community dinners where local residents and groups pitch neighborhood improvement projects and attendees vote on how the pooled funds are allocated. The process is simple, public, and participatory—residents learn about proposals, ask questions, and directly decide which projects to fund, reinforcing local control and trust.",Participatory Budgeting for Neighborhood Projects,Resistance to Change and New Initiatives,Millvale Community Library,"213 Grant Avenue, Millvale, PA 15209",https://www.millvalelibrary.org,info@millvalelibrary.org,
Millvale Tool Lending Library,"The Millvale Tool Lending Library, a program of the Millvale Community Library, lets residents borrow woodworking and home-repair tools and learn through hands-on workshops. The library also provides free community programs and reservable meeting rooms, creating a low-cost, welcoming place to gather and make things together. This inclusive, nonpartisan resource supports practical recreation and community building without requiring any political or private club membership.",Tool Libraries and Shared Makerspaces,Resistance to Change and New Initiatives,Millvale Community Library,"213 Grant Avenue, Millvale, PA 15209",https://www.millvalelibrary.org,info@millvalelibrary.org,
Millvale Tool Lending Library,"The Millvale Tool Lending Library lets residents borrow hand and power tools at low or no cost and offers occasional skill-building workshops. By lowering barriers to home repair and community projects, neighbors work together, share resources, and learn practical skills. This tool-sharing model fosters cooperation and trust through hands-on, non-political community improvement.",Tool Libraries and Shared Makerspaces,Resistance to Change and New Initiatives,Millvale Community Library,"213 Grant Avenue, Millvale, PA 15209",https://www.millvalelibrary.org/tool-lending-library,info@millvalelibrary.org,
Millvale Tool Lending Library,"The Millvale Tool Lending Library, a program of the Millvale Community Library, lets residents borrow woodworking and home-repair tools and learn through hands-on workshops. The library also provides free community programs and reservable meeting rooms, creating a low-cost, welcoming place to gather and make things together. This inclusive, nonpartisan resource supports practical recreation and community building without requiring any political or private club membership.",Time Bank and Mutual Aid Exchange,Resistance to Change and New Initiatives,Millvale Community Library,"213 Grant Avenue, Millvale, PA 15209",https://www.millvalelibrary.org,info@millvalelibrary.org,
Mini Grants Program,"Buhl Regional Health Foundation offers mini-grants to community organizations in Mercer County and surrounding areas to address behavioral health and substance use, enabling peer-led recovery groups, stigma reduction campaigns, and pop-up naloxone trainings. These micro-grants act as a local recovery fund, helping grassroots projects pilot approaches and demonstrate impact so they can access larger, sustained funding.",Community Recovery Fund and Micro-Grants,Substance Abuse and Deaths of Despair Epidemic,Buhl Regional Health Foundation,"701 Pierce Avenue, Suite 1, Hermitage, PA 16148",https://www.buhlregionalhealthfoundation.org,info@buhlregionalhealthfoundation.org,
Mini-Grant Program,"Staunton Farm Foundation provides mini-grants to small, community-based organizations across Southwestern Pennsylvania to test and expand mental health and substance use recovery projects, including peer support groups, recovery community events, and workforce re-entry mentorship. The program explicitly functions as a community recovery fund, offering micro-grants that help grassroots leaders pilot solutions and build evidence to secure larger, follow-on support.",Community Recovery Fund and Micro-Grants,Substance Abuse and Deaths of Despair Epidemic,Staunton Farm Foundation,"650 Smithfield Street, Suite 2300, Pittsburgh, PA 15222",https://www.stauntonfarm.org,info@stauntonfarm.org,
Mobile Crisis Response and Stabilization (MCRS) - Allegheny County,"Pressley Ridge’s MCRS deploys master’s-level clinicians and family/peer support partners to respond to youth and family behavioral health crises in homes and community settings, offering a non-police alternative. The team provides rapid de-escalation, short-term stabilization, and coordinated linkages to ongoing treatment and supports to prevent arrest, hospitalization, or placement.",Community Mental Health Crisis Response Team,Substance Abuse and Deaths of Despair Epidemic,Pressley Ridge,"530 Marshall Avenue, Pittsburgh, PA 15214",https://www.pressleyridge.org,,
Mobile Crisis Services,"Safe Harbor Behavioral Health of UPMC Hamot provides Erie County with mobile crisis clinicians who respond where the crisis occurs—homes, workplaces, or public settings—offering assessment, de-escalation, and safety planning without law enforcement as the primary responder. The team connects people to outpatient care, medication management, detox and rehabilitation, peer support, and other services to divert from arrest and emergency departments.",Community Mental Health Crisis Response Team,Substance Abuse and Deaths of Despair Epidemic,Safe Harbor Behavioral Health of UPMC Hamot,"1330 West 26th Street, Erie, PA 16508",https://www.upmc.com/locations/hospitals/hamot/services/behavioral-health/safe-harbor,,
"Mobile Crisis Services (Butler, Beaver, Lawrence, and Mercer Counties)","Center for Community Resources operates a 24/7 crisis line and deploys mobile crisis teams—comprised of mental health clinicians and trained peer support staff—to homes, workplaces, and public spaces across multiple Western PA counties. Teams provide onsite assessment, de-escalation, and safety planning, and they coordinate with local 911 centers to offer a non-police response whenever possible. They connect individuals to outpatient treatment, detox and recovery resources, and social service...",Community Mental Health Crisis Response Team,Substance Abuse and Deaths of Despair Epidemic,Center for Community Resources,"212-214 South Main Street, Butler, PA 16001",https://www.ccrinfo.org,,
Mobile Crisis Services (Erie County),"Safe Harbor Behavioral Health of UPMC Hamot provides 24/7 mobile crisis response staffed by behavioral health clinicians and crisis workers who meet people where they are to stabilize behavioral health and substance-use crises. Working with 988/911 to triage calls, they prioritize a non-law-enforcement response, conduct risk assessments, and create safety and care plans in the field. The team connects individuals to ongoing treatment, peer support, and recovery services to reduce arrests and ...",Community Mental Health Crisis Response Team,Substance Abuse and Deaths of Despair Epidemic,Safe Harbor Behavioral Health of UPMC Hamot,"1330 West 26th Street, Erie, PA 16508",https://www.upmc.com/locations/hospitals/hamot/services/behavioral-health,,
Mobile Crisis Services (UPMC Western Behavioral Health at Safe Harbor),"Safe Harbor’s Mobile Crisis team provides rapid, community-based response across Erie County using licensed clinicians and crisis workers rather than police to address mental health and substance use emergencies. The team stabilizes individuals on-site, coordinates with 211/911 and local providers, and connects people to follow-up care, peer support, and rehabilitation services to reduce arrests and emergency room utilization.",Community Mental Health Crisis Response Team,Substance Abuse and Deaths of Despair Epidemic,UPMC Western Behavioral Health at Safe Harbor,"1330 West 26th Street, Erie, PA 16508",https://www.upmc.com/locations/hospitals/hamot/services/behavioral-health/safe-harbor,,
Mon Valley Creative Corps,"Mon Valley Creative Corps places artists in partnership with residents, schools, and local organizations to co-create storytelling and public art projects across the Mon Valley. These projects document industrial heritage, environmental recovery, and contemporary community achievements, producing exhibits, media pieces, and events that elevate local voices and resilience. By publicly celebrating progress and surfacing honest lessons from past challenges, the initiative helps shift the regiona...",Local Storytelling and Media Campaign,Resistance to Change and New Initiatives,Rivers of Steel,"623 East 8th Avenue, Homestead, PA 15120",https://riversofsteel.com/mon-valley-creative-corps/,info@riversofsteel.com,
Mon Valley Creative Corridor,"The Mon Valley Creative Corridor is a Rivers of Steel initiative that tells the stories of artists, makers, small businesses, and heritage assets across the Mon Valley through articles, videos, social media, and events. It links contemporary community successes with the region’s industrial history, foregrounding resilience and local leadership. By reframing the Mon Valley as a place of creativity and possibility, the project combats deficit narratives and fosters community pride and agency.",Local Storytelling and Media Campaign,Resistance to Change and New Initiatives,Rivers of Steel Heritage Corporation,"623 East 8th Avenue, Homestead, PA 15120",https://riversofsteel.com/mon-valley-creative-corridor,info@riversofsteel.com,
Mon Valley Creative Corridor,"Rivers of Steel’s creative placemaking initiative commissions murals, public art, and cultural projects across Mon Valley communities while engaging residents, artists, and volunteers. By celebrating industrial heritage through collaborative, public-facing arts and tours, the program boosts civic pride and creates opportunities for purposeful participation in community revitalization.","Community Gardens, Arts, and Civic Projects for Identity Rebuilding",Substance Abuse and Deaths of Despair Epidemic,Rivers of Steel Heritage Corporation,"623 East 8th Avenue, Homestead, PA 15120",https://riversofsteel.com,info@riversofsteel.com,
Mon Valley Independent,"The Mon Valley Independent is a daily newspaper focused on the mill and river towns of the lower Mon Valley, publishing hyperlocal reporting, special sections, and community columns. Union locals collaborate with the paper to place member profiles, bargaining explainers, and stories of workplace wins, using a neighborhood outlet to reach workers who are skeptical of national union messaging.",Local Storytelling and Media Campaign,Resistance to Change and New Initiatives,Mon Valley Independent,"1719 Grand Boulevard, Monessen, PA 15062",https://monvalleyindependent.com,news@monvalleyindependent.com,
Mon Valley Initiative – Resident & Community Outreach,"Mon Valley Initiative’s community outreach team conducts block-by-block canvassing and listening sessions across Mon Valley communities to surface residents’ needs and aspirations. They convene resident leadership groups to co-develop solutions with local governments, schools, and employers, translating neighborhood priorities into redevelopment plans, services, and programs that demonstrate responsive institutions.",Neighborhood Organizers and Listening Campaigns,Intergenerational Transmission of Hopelessness,Mon Valley Initiative,"305 E 8th Avenue, Homestead, PA 15120",https://monvalleyinitiative.com,info@monvalleyinitiative.com,
Mon Valley Providers Council Community Forums,"Regular community forums and listening sessions across the Mon Valley that bring residents, service providers, and local leaders together to discuss issues like housing, reentry, and workforce. Dialogues intentionally surface stories of past program failures and institutional betrayals, document concerns, and connect participants with cross-sector partners to design safer paths forward. Centering resident testimony and committing to follow-up action helps heal distrust and mobilize participat...",Listening Circles and Restorative History Sessions,Resistance to Change and New Initiatives,Human Services Center Mon Valley,"519 Penn Avenue, Turtle Creek, PA 15145",https://hscmonvalley.org,info@hscmonvalley.org,
Mon Valley Success Stories,"Mon Valley Initiative regularly produces written and video profiles of residents who complete its workforce and financial coaching programs and move into family-sustaining careers or launch small businesses. These stories highlight concrete steps—training, employer partnerships, and support services—that people in deindustrialized communities can follow to advance. Shared via the website, newsletters, and social media, the campaign counters cynicism by elevating relatable role models from Hom...",Positive Local Narrative Campaign,Intergenerational Transmission of Hopelessness,Mon Valley Initiative,"305 East 8th Avenue, Homestead, PA 15120",https://monvalleyinitiative.com,info@monvalleyinitiative.com,
Monmade,"Monmade builds local supply chains by aggregating products and services from regional craft manufacturers and connecting them to real estate developers, architects, and institutions. By making it easy for major projects to source fixtures, furnishings, and custom work from Western Pennsylvania businesses, the initiative channels institutional purchasing to local vendors and grows the local economy.",Buy Local and Contractor Preference Campaigns,Brain Drain of Young and Educated,Bridgeway Capital,"7800 Susquehanna Street, Pittsburgh, PA 15208",https://www.monmade.org,info@monmade.org,
Monmade,"Monmade aggregates Western Pennsylvania’s craft manufacturers and design-build studios to supply locally made products for real estate developments, commercial interiors, and institutional buyers. By organizing regional makers into a procurement-ready network and brokering contracts with local projects, Monmade channels purchasing toward local firms and strengthens the area’s small business ecosystem.",Buy Local and Contractor Preference Campaigns,Brain Drain of Young and Educated,Bridgeway Capital’s Creative Business Accelerator,"7800 Susquehanna Street, Pittsburgh, PA 15208",https://monmade.org,info@monmade.org,
Monmade,"Monmade, an initiative of Bridgeway Capital, showcases Western Pennsylvania’s artisan producers and small manufacturers through maker profiles, studio features, and success stories published on its digital platforms and partner channels. By highlighting how local creatives build viable product businesses and supply chains, Monmade presents tangible pathways into modern craft and light manufacturing careers. These positive narratives counter hopelessness by celebrating regional talent and demo...",Positive Local Narrative Campaign,Intergenerational Transmission of Hopelessness,Bridgeway Capital,"960 Penn Avenue, Suite 1000, Pittsburgh, PA 15222",https://monmade.org,hello@monmade.org,
Monmade (Creative Business Storytelling),"Monmade, part of Bridgeway Capital’s Creative Business Accelerator, produces and promotes profiles, case studies, and product features that spotlight maker and craft manufacturing entrepreneurs across Western Pennsylvania. Through professional photography, videos, and social posts, it showcases local business successes and the concrete steps to grow viable creative enterprises. This positive narrative campaign counters hopelessness by elevating relatable role models and demonstrating entrepre...",Positive Local Narrative Campaign,Intergenerational Transmission of Hopelessness,Bridgeway Capital,"4117 Liberty Avenue, Pittsburgh, PA 15224",https://monmade.org,cba@bridgewaycapital.org,
MoveForwardPGH,"MoveForwardPGH implements the City’s Bike(+) Plan using quick-build, time-limited street pilots that are co-designed with neighborhood stakeholders. Projects are installed temporarily, accompanied by community engagement and data collection (e.g., traffic counts, speeds, crash reductions), and then evaluated against clear performance targets. Successful pilots inform permanent designs, while sunset clauses ensure projects can be removed or adjusted if goals aren’t met.","Time‑Bound, Co‑Designed Pilot Projects",Resistance to Change and New Initiatives,"City of Pittsburgh, Department of Mobility and Infrastructure (DOMI)","611 Second Avenue, Pittsburgh, PA 15219",https://moveforwardpgh.org,domi@pittsburghpa.gov,
Mt. Lebanon Junior Commissioner Program,"The Junior Commissioner Program places high school students as non-voting advisors to the Mt. Lebanon Commission, where they attend public meetings, report on youth priorities, and give feedback on municipal projects and services. Through direct mentoring from commissioners and staff, students gain hands-on experience with local governance and a formal avenue to influence decisions that affect their community.",Youth Councils and Local Leadership Pathways,Brain Drain of Young and Educated,Municipality of Mt. Lebanon,"710 Washington Road, Mt. Lebanon, PA 15228",https://mtlebanon.org,info@mtlebanon.org,
Mt. Lebanon OpenGov Transparency Portal,"Mt. Lebanon’s OpenGov portal presents easy-to-read dashboards for budgets, checkbook-level spending, and capital projects, enabling residents to see where money is going and how projects are progressing. The municipality holds regular (twice-monthly) public Commission meetings where financial reports and project updates are reviewed, creating an ongoing feedback loop that builds accountability and trust through transparent reporting and discussion.",Transparent Project Dashboard and Regular Reporting,Resistance to Change and New Initiatives,Municipality of Mt. Lebanon,"710 Washington Road, Mt. Lebanon, PA 15228",https://mtlebanonpa.opengov.com/transparency,info@mtlebanon.org,
NAMI In Our Own Voice (Western PA),"NAMI Keystone Pennsylvania’s In Our Own Voice program brings trained presenters living in recovery to schools, colleges, workplaces, and community venues to share personal stories about mental health and substance use, directly combating stigma and misconceptions. The presentations foster open dialogue, highlight pathways to recovery, and provide practical information on how to seek help, encouraging supportive community attitudes and earlier help-seeking.",Community Anti‑Stigma and Peer Story Campaigns,Substance Abuse and Deaths of Despair Epidemic,NAMI Keystone Pennsylvania,"105 Braunlich Drive, Suite 230, Pittsburgh, PA 15237",https://www.namikeystonepa.org,info@namikeystonepa.org,
Naloxone (Narcan) Community Trainings & Giveaways,"WDAC hosts regular community naloxone trainings and free distribution events across Washington County at libraries, municipal buildings, recovery centers, and community festivals. Sessions cover overdose risk factors, how to administer naloxone, and where to seek treatment, and attendees receive free kits so households and bystanders can act quickly before first responders arrive.",Community Naloxone Distribution and Training,Substance Abuse and Deaths of Despair Epidemic,"Washington Drug and Alcohol Commission, Inc.","90 West Chestnut Street, Suite 325, Washington, PA 15301",https://www.wdacinc.org,info@wdacinc.org,
Naloxone Community Training & Distribution,"Fayette County Drug & Alcohol Commission provides free naloxone and hands-on training to residents and local organizations on how to identify and respond to opioid overdoses. The program holds community-based events at libraries, churches, shelters, and public gatherings so people can receive immediate training and leave with naloxone kits.",Community Naloxone Distribution and Training,Substance Abuse and Deaths of Despair Epidemic,"Fayette County Drug & Alcohol Commission, Inc.","100 New Salem Road, Suite 106, Uniontown, PA 15401",https://www.fcdac.org,,
Naloxone Distribution and Training,"The Erie County Department of Health provides free community naloxone trainings and on-site distribution events at libraries, schools, churches, shelters, and neighborhood centers throughout Erie County. Sessions cover recognizing an overdose, using naloxone, and connecting to treatment, and participants receive Narcan to take home. The department coordinates with local first responders and community volunteers to host frequent outreach events in hard-hit neighborhoods.",Community Naloxone Distribution and Training,Substance Abuse and Deaths of Despair Epidemic,Erie County Department of Health,"606 West 2nd Street, Erie, PA 16507",https://eriecountypa.gov/departments/health/,,
Neighbor-to-Neighbor (Northside),"Neighbor-to-Neighbor awards resident-led mini-grants that frequently fund neighborhood cleanups, beautification days, and small-scale improvements followed by block parties or shared meals. By resourcing neighbors to plan both action and celebration, the initiative reinforces a sense of efficacy and builds social ties across blocks. The visible improvements and joyful gatherings help overcome skepticism by showing achievable, resident-driven results.",Neighborhood Improvement Days and Block Celebrations,Resistance to Change and New Initiatives,New Sun Rising,"1101 Brighton Road, Pittsburgh, PA 15233",https://www.newsunrising.org/program/neighbor-to-neighbor/,info@newsunrising.org,
Neighborhood Initiatives Fund (NIF),"The Neighborhood Initiatives Fund provides grants for community-driven quick-build and pilot projects such as pop-up public spaces, facade activations, and temporary traffic-calming. Each funded project is co-developed with neighborhood stakeholders and must include a defined timeline, scope, deliverables, and evaluation criteria, concluding with close-out reporting that informs whether to sunset or advance the concept. By structuring grants around time-bound, measurable pilots, NIF reduces r...","Time‑Bound, Co‑Designed Pilot Projects",Resistance to Change and New Initiatives,Urban Redevelopment Authority of Pittsburgh (URA),"412 Boulevard of the Allies, Suite 901, Pittsburgh, PA 15219",https://www.ura.org/pages/neighborhood-initiatives-fund,info@ura.org,
Neighborhood Needs Program (CDBG),"The City of Pittsburgh’s Neighborhood Needs Program allocates a portion of federal Community Development Block Grant funds to each council district and has residents surface, workshop, and prioritize project ideas at public meetings. Community members help refine proposals and, in many districts, participate in public ranking or voting sessions that determine which neighborhood projects receive funding. This PB-style process increases transparency and lets residents directly decide spending o...",Participatory Budgeting for Neighborhood Projects,Resistance to Change and New Initiatives,City of Pittsburgh Office of Management and Budget (Community Development),"414 Grant Street, Pittsburgh, PA 15219",https://pittsburghpa.gov/omb/cdbg,community.development@pittsburghpa.gov,
Neighborhood Voices,"Neighborhood Voices is a multimedia project that records and shares first-person stories from residents across Western Pennsylvania, with a strong emphasis on youth and underrepresented voices. Through radio segments, podcasts, and online features produced by SLB Radio, it uplifts everyday civic contributors, neighborhood organizers, and nonpartisan community initiatives. By putting local people at the center of the narrative, it reframes community identity around shared values and common gro...",Local Storytelling and Media Campaign,Resistance to Change and New Initiatives,"SLB Radio Productions, Inc.","10 Children's Way, Suite 300, Pittsburgh, PA 15212",https://neighborhoodvoices.org,info@slbradio.org,
New Life Program,"Erie City Mission’s New Life Program is a long-term, residential recovery program that provides sober, transitional housing within repurposed facilities in Erie’s urban core. Residents engage in peer-supported recovery groups, individualized case management, and life-skills and vocational programming designed to stabilize housing, sustain sobriety, and reintegrate into the community.",Peer-Run Transitional and Recovery Housing,Substance Abuse and Deaths of Despair Epidemic,Erie City Mission,"1017 French Street, Erie, PA 16501",https://www.eriecitymission.org,info@eriecitymission.org,
New Life Recovery Program,"City Mission’s New Life Recovery Program is a Christian, residential recovery initiative that supports individuals and families impacted by substance use in Washington County. The Mission partners with local churches and civic groups to recruit volunteer mentors and facilitators, hosts support meetings and classes on-site, and coordinates referrals to detox, counseling, employment, and family services to stabilize households.",Faith-Based and Civic Support Coalitions,Substance Abuse and Deaths of Despair Epidemic,City Mission,"84 W Wheeling Street, Washington, PA 15301",https://www.citymission.org,info@citymission.org,
Nonprofit Micro-Grant Program,"Community Foundation for the Alleghenies administers a micro-grant program that makes fast, modest awards to volunteer-led and small nonprofits in Cambria, Somerset, and Bedford counties—Western Pennsylvania communities heavily impacted by deindustrialization. Funds can support peer recovery groups, mentorship initiatives, and pop-up health and harm-reduction services, allowing grassroots leaders to test community-driven solutions and build capacity to scale what works.",Community Recovery Fund and Micro-Grants,Substance Abuse and Deaths of Despair Epidemic,Community Foundation for the Alleghenies,"216 Franklin Street, Suite 400, Johnstown, PA 15901",https://www.cfalleghenies.org,info@cfalleghenies.org,
Nurse-Family Partnership (Allegheny County),"The Allegheny County Health Department’s Nurse-Family Partnership pairs first-time, low-income mothers with registered nurses who provide regular home visits from pregnancy through the child’s second birthday. Nurses deliver evidence-based prenatal and parenting education, screen for depression and substance use, and coordinate referrals to medication-assisted treatment and recovery supports. The program improves maternal and child health, strengthens parenting, and helps families remain safe...",Parent-Child Preservation and Home Visiting Programs,Substance Abuse and Deaths of Despair Epidemic,Allegheny County Health Department,"542 Fourth Avenue, Pittsburgh, PA 15219",https://www.alleghenycounty.us/Health-Department/Programs/Maternal-and-Child-Health/Nurse-Family-Partnership.aspx,,
Nurturing Parenting Program (Lawrence County Community Action Partnership),"LCCAP provides free Nurturing Parenting classes and home-based family development services that teach caregivers effective routines, nurturing discipline, and ways to support children’s learning and aspirations. Families are connected to financial literacy workshops and resource navigation for employment and benefits, reducing stressors that undermine home stability. The combined approach of parent education and economic coaching helps counter embedded hopelessness and builds pathways to a be...",Family Resilience and Parenting Workshops,Intergenerational Transmission of Hopelessness,Lawrence County Community Action Partnership,"241 West Grant Street, New Castle, PA 16101",https://www.lccap.org,info@lccap.org,
Nurturing Parenting Program (Westmoreland Community Action),"Westmoreland Community Action offers the Nurturing Parenting Program to help caregivers learn positive discipline, routine-building, and communication skills that support children’s development and hope. Participants can also connect to the agency’s Financial & Housing Counseling for budgeting, credit repair, and goal-setting, integrating stress reduction and financial stability with parenting education. Delivered at community locations, the program aims to interrupt intergenerational cycles ...",Family Resilience and Parenting Workshops,Intergenerational Transmission of Hopelessness,Westmoreland Community Action,"226 South Maple Avenue, Greensburg, PA 15601",https://www.westmorelandca.org,info@westmorelandca.org,
OJJDP Mentoring and Great Futures Mentoring,"Boys & Girls Clubs of Western Pennsylvania operates structured one-on-one and small-group mentoring that connects Club members with vetted adult volunteers from local employers, colleges, trades, and faith communities. Mentors meet regularly with youth to build trust, explore careers, and set goals, providing positive role models in neighborhoods impacted by disinvestment. Staff supervise and locally track mentor–mentee matches, participation, and progress toward social-emotional and academic...",Community Mentorship Network,Intergenerational Transmission of Hopelessness,Boys & Girls Clubs of Western Pennsylvania,"5432 Butler Street, Pittsburgh, PA 15201",https://www.bgcwpa.org,info@bgcwpa.org,
Oakland Community Land Trust,"Oakland Planning and Development Corporation operates a community land trust that acquires and rehabilitates homes and sells them with a 99-year ground lease and shared-equity resale provisions, keeping them affordable for future generations. OPDC’s stewardship and buyer support programs ensure long-term affordability for moderate-income residents, including young workers tied to Oakland’s education and healthcare job base. The initiative stabilizes housing costs and encourages talented resid...",Affordable Housing and Community Land Trusts,Brain Drain of Young and Educated,Oakland Planning and Development Corporation,"294 Semple Street, Pittsburgh, PA 15213",https://www.opdc.org,info@opdc.org,
Oakland Community Land Trust (OCLT),"The Oakland Community Land Trust acquires land and housing in Pittsburgh’s Oakland neighborhood and keeps it permanently affordable through ground leases and resale restrictions. Resident leadership and long-term stewardship ensure homes remain under community control, directly addressing fears of displacement and profiteering. This resident-centered, enduring model builds trust by proving that assets will not be flipped or abandoned when markets change.",Community Land Trusts and Cooperative Ownership,Resistance to Change and New Initiatives,Oakland Planning and Development Corporation (OPDC),"294 Semple Street, Pittsburgh, PA 15213",https://www.opdc.org/housing/oclt,info@opdc.org,
One Northside,"One Northside convenes neighborhood celebrations, investment announcements, and annual progress reports that publicly track commitments across education, employment, place, and safety. By pairing public pledges from institutional partners with follow-up report-backs and project milestone ceremonies, the initiative reinforces accountability and builds trust across Northside communities.",Public Commitment Ceremonies and Visible Milestones,Resistance to Change and New Initiatives,The Buhl Foundation,"5 PPG Place, Suite 250, Pittsburgh, PA 15222",https://onenorthsidepgh.org,info@buhlfoundation.org,
One Northside,"One Northside convenes residents across the Northside’s 18 neighborhoods for hands-on workshops that map local skills, trusted leaders, gathering places, and informal networks alongside physical assets. These asset maps directly inform micro-grants and resident-led projects, reframing narratives from deficits to strengths and empowering neighbors to leverage what already exists to drive change.",Asset‑Based Community Mapping Workshops,Resistance to Change and New Initiatives,The Buhl Foundation,"204 Fifth Avenue, Pittsburgh, PA 15222",https://www.onenorthsidepgh.org,info@buhlfoundation.org,
One Northside,"One Northside is a Buhl Foundation initiative built from thousands of resident listening conversations and ongoing neighborhood organizing across Pittsburgh’s Northside. It funds and coordinates resident-led action teams, forums, and mini-grant projects that convene neighbors to identify priorities and work directly with schools, city departments, and nonprofits, providing clear pathways for community voice to shape local decisions and investments.",Neighborhood Organizers and Listening Campaigns,Intergenerational Transmission of Hopelessness,The Buhl Foundation,"5 PPG Place, Suite 250, Pittsburgh, PA 15222",https://www.buhlfoundation.org/initiatives/one-northside,info@buhlfoundation.org,
One Northside Community Grants – Community Votes,"New Sun Rising’s One Northside initiative runs recurring mini-grant cycles where Northside residents develop project ideas in workshops and pitch them at public events. Community members then vote to decide which neighborhood projects receive foundation-backed funds, creating a transparent, resident-led allocation process that builds trust and engagement.",Participatory Budgeting for Neighborhood Projects,Resistance to Change and New Initiatives,New Sun Rising,"112 Sherman Street, Millvale, PA 15209",https://www.newsunrising.org,info@newsunrising.org,
One Northside Initiative,"The One Northside Initiative funds and coordinates resident organizers and ambassador teams across Pittsburgh’s Northside to conduct listening campaigns, door-to-door engagement, and neighborhood assemblies. Insights are moved into action through mini-grants, school and service-provider partnerships, and collaboration with municipal agencies, ensuring resident priorities guide investments and policy decisions.",Neighborhood Organizers and Listening Campaigns,Intergenerational Transmission of Hopelessness,The Buhl Foundation,"5 Allegheny Center, Pittsburgh, PA 15212",https://onenorthsidepgh.org,info@buhlfoundation.org,
One Northside Mini-Grants,"Administered by New Sun Rising, the One Northside Mini-Grants program awards microgrants to Northside residents and grassroots groups to activate shared spaces—such as church halls, branch libraries, parks, and small business storefronts—with free or low-cost community programming. Grants typically support supplies, small stipends, and space costs for gatherings that build social ties and neighborhood pride without political advocacy, aligning precisely with a neighborhood grants approach for...",Neighborhood Improvement Days and Block Celebrations,Resistance to Change and New Initiatives,New Sun Rising,"112 Sherman Street, Millvale, PA 15209",https://www.newsunrising.org,info@newsunrising.org,
One Northside Mini-Grants,"The One Northside Mini-Grants fund resident- and community group–led pilot projects across Pittsburgh’s Northside that are co-created with program staff. Grants require clear scopes, short timelines, and measurable outcomes with final reports; projects sunset at the end of the grant period unless evidence supports scaling, which reduces perceived risk and rebuilds confidence through quick, visible wins.","Time‑Bound, Co‑Designed Pilot Projects",Resistance to Change and New Initiatives,New Sun Rising (in partnership with The Buhl Foundation),"112 Sherman Street, Millvale, PA 15209",https://www.newsunrising.org/program/one-northside/,info@newsunrising.org,
One Northside Mini-Grants,"This program provides $1,000 micro-grants to Northside residents and grassroots groups to implement small-scale projects like murals, pop-up events, community gardens, and public space improvements. With a light-touch application and fast awards, it enables quick, visible wins that demonstrate positive change is possible and empowers neighbors to lead solutions in their own blocks.",Micro‑Grant 'Small Wins' Program,Resistance to Change and New Initiatives,New Sun Rising,"100 South Commons, Suite 106, Pittsburgh, PA 15212",https://www.newsunrising.org/what-we-do/plan/one-northside-mini-grants/,info@newsunrising.org,
One Northside Mini-Grants,"Administered by New Sun Rising, the One Northside Mini-Grants program awards microgrants to Northside residents and grassroots groups to activate shared spaces—such as church halls, branch libraries, parks, and small business storefronts—with free or low-cost community programming. Grants typically support supplies, small stipends, and space costs for gatherings that build social ties and neighborhood pride without political advocacy, aligning precisely with a neighborhood grants approach for...",Micro‑Grant 'Small Wins' Program,Resistance to Change and New Initiatives,New Sun Rising,"112 Sherman Street, Millvale, PA 15209",https://www.newsunrising.org,info@newsunrising.org,
One Northside Mini-Grants,"Administered by New Sun Rising in partnership with The Buhl Foundation, One Northside Mini-Grants provide small, resident-led micro-grants to strengthen neighborhood well-being in Pittsburgh’s Northside. Grants often support peer groups, mentorship initiatives, and health/wellness outreach that can include recovery-focused activities, allowing neighbors to pilot solutions quickly and build momentum. The program exemplifies a locally governed fund that seeds grassroots projects and helps succe...",Community Recovery Fund and Micro-Grants,Substance Abuse and Deaths of Despair Epidemic,New Sun Rising (in partnership with The Buhl Foundation),"112 Sherman Street, Millvale, PA 15209",https://www.newsunrising.org/program/one-northside-mini-grants/,info@newsunrising.org,
OpenStreetsPGH,"OpenStreetsPGH temporarily closes miles of city streets to car traffic several times a year and fills them with free activities, local performers, markets, and community programming. By reclaiming public space for people, the initiative showcases neighborhood character, supports small vendors and artists, and creates shared experiences that connect residents across communities. These recurring public space activations cultivate vibrancy and social cohesion that help retain young people and em...",Cultural Programming and Placemaking Events,Brain Drain of Young and Educated,Bike Pittsburgh (BikePGH),"188 43rd Street, Suite 300, Pittsburgh, PA 15201",https://openstreetspgh.org,info@bikepgh.org,
Operation Better Block,"Operation Better Block employs neighborhood organizers and trains resident block leaders to conduct door-to-door outreach throughout Homewood, gathering household concerns and priorities. They convene block clubs and resident problem-solving tables that work directly with city departments, police, and developers, channeling community input into tangible actions and rebuilding trust through visible, responsive governance.",Neighborhood Organizers and Listening Campaigns,Intergenerational Transmission of Hopelessness,"Operation Better Block, Inc.","801 N Homewood Avenue, Pittsburgh, PA 15208",https://www.obbinc.org,info@obbinc.org,
Operation Safety Net,"Operation Safety Net deploys multidisciplinary street outreach teams, including certified peer recovery specialists, to engage unhoused and high-risk individuals where they live. Peers build trust, provide recovery coaching, link people to detox and treatment, and coordinate navigation to housing, benefits, primary care, and behavioral health services, helping stabilize recovery and reconnect individuals with community supports.",Peer Recovery Network and Outreach,Substance Abuse and Deaths of Despair Epidemic,Pittsburgh Mercy,"1515 Brighton Road, Pittsburgh, PA 15212",https://www.pittsburghmercy.org/our-services/operation-safety-net/,info@pittsburghmercy.org,
Operation Safety Net Medical Respite at Second Avenue Commons,"This program offers short-term medical respite beds for people experiencing homelessness who are recovering from illness, injury, or substance-related crises and are not sick enough for hospitalization. Guests receive nursing oversight, warm meals, and intensive case management that facilitates warm handoffs to addiction treatment, primary care, and permanent housing.",Sobering Centers and Short-Term Respite Care,Substance Abuse and Deaths of Despair Epidemic,Pittsburgh Mercy – Operation Safety Net,"700 Second Avenue, Pittsburgh, PA 15219",https://www.pittsburghmercy.org/services/homeless-services/operation-safety-net/,info@pittsburghmercy.org,
Opioid Overdose Prevention Initiative (PERU),"Pitt’s Program Evaluation and Research Unit (PERU) leads regional overdose education and naloxone distribution efforts by training volunteer community leaders, peers, and first responders to deliver local naloxone classes and host distribution events. Working with libraries, faith groups, recovery organizations, and county agencies across Western Pennsylvania, PERU helps organize pop-up trainings where participants receive free naloxone and learn overdose response. The initiative supports ong...",Community Naloxone Distribution and Training,Substance Abuse and Deaths of Despair Epidemic,"University of Pittsburgh School of Pharmacy, Program Evaluation and Research Unit (PERU)","3501 Terrace Street, Pittsburgh, PA 15261",https://www.peru.pitt.edu,,
Organizing Fellowship,"Pittsburghers for Public Transit’s Organizing Fellowship provides paid, hands-on training for riders and residents in grassroots organizing, meeting facilitation, and advocacy with transit agencies and local governments. Fellows learn base-building, canvassing, and campaign planning, then lead rider committees and public meetings—creating an ongoing pipeline of community leaders who sustain civic engagement around essential services.",Peer Ambassadors and Trusted Neighbor Network,Resistance to Change and New Initiatives,Pittsburghers for Public Transit,"5119 Penn Avenue, Pittsburgh, PA 15224",https://www.pittsburghforpublictransit.org,info@pittsburghforpublictransit.org,
Our Water Campaign,"Pittsburgh United’s Our Water Campaign deploys trained organizers and canvassers to conduct door-to-door listening, house meetings, and neighborhood forums about water affordability, lead service line replacement, and infrastructure investments. Resident input is aggregated and presented to the Pittsburgh Water and Sewer Authority and City Council, turning community priorities into policy reforms and demonstrating that local institutions can respond to neighborhood-defined needs.",Neighborhood Organizers and Listening Campaigns,Intergenerational Transmission of Hopelessness,Pittsburgh United,"1 Smithfield Street, Suite 215, Pittsburgh, PA 15222",https://www.pittsburghunited.org/ourwater,info@pittsburghunited.org,
Our West Bayfront Community Mini-Grants,"Our West Bayfront supports neighborhood-led projects through mini-grants that are developed with resident input and, in select cycles, finalized through public pitch sessions where community members vote on funding decisions. By inviting residents to shape proposals and directly choose which projects are funded, the program increases transparency and ownership over local investments.",Participatory Budgeting for Neighborhood Projects,Resistance to Change and New Initiatives,Our West Bayfront,"404 West 8th Street, Erie, PA 16502",https://ourwestbayfront.org,info@ourwestbayfront.org,
Our West Bayfront Community Workshops,"Our West Bayfront regularly convenes neighbors for workshops that map community talents, organizations, gathering spots, and physical resources across Erie’s west bayfront neighborhoods. These asset maps inform the OWB action agenda and resident-led projects, shifting the narrative toward neighborhood strengths and enabling people to organize around resources they already trust and use.",Asset‑Based Community Mapping Workshops,Resistance to Change and New Initiatives,Our West Bayfront,"404 West 8th Street, Erie, PA 16502",https://ourwestbayfront.org,info@ourwestbayfront.org,
Overdose Data to Action (OD2A) – Overdose Surveillance and Spike Response,"Allegheny County’s OD2A program integrates EMS, emergency department, and ODMAP data to monitor overdoses in near real time and identify neighborhood spikes. When increases are detected, the Health Department rapidly distributes health alerts to partners and coordinates targeted outreach—deploying naloxone, harm-reduction supplies, and community engagement in the specific areas experiencing clusters.",Overdose Data Sharing and Early-Warning System,Substance Abuse and Deaths of Despair Epidemic,Allegheny County Health Department,"542 Fourth Avenue, Pittsburgh, PA 15219",https://www.alleghenycounty.us/Health-Department/Programs/Opioids/Overdose-Prevention.aspx,,
Overdose Data to Action (OD2A) – Overdose Surveillance and Spike Response,"The Allegheny County Health Department’s OD2A program integrates EMS runs, emergency department visits, toxicology, and other feeds to monitor suspected overdoses at neighborhood and ZIP-code levels in near real time. When data show unusual spikes, the department activates a rapid alert protocol and coordinates targeted outreach with community partners (harm reduction, treatment navigators, outreach teams) to deploy resources in hotspot areas and warn residents.",Overdose Data Sharing and Early-Warning System,Substance Abuse and Deaths of Despair Epidemic,Allegheny County Health Department,"542 Fourth Avenue, Pittsburgh, PA 15219",https://www.alleghenycounty.us/Health-Department/Resources/Data-and-Reporting/Data/Overdose-Data.aspx,achdcontact@alleghenycounty.us,
Overdose Prevention / Naloxone & Fentanyl Test Strip Distribution,"Washington Drug & Alcohol Commission leads county-level harm reduction by distributing naloxone and fentanyl test strips and providing community education on safer use and overdose prevention. They collaborate with first responders, community groups, and treatment providers to increase access to life-saving supplies and connect people to care.",Local Harm Reduction Services and Education,Substance Abuse and Deaths of Despair Epidemic,"Washington Drug & Alcohol Commission, Inc.","90 West Chestnut Street, Suite 510, Washington, PA 15301",https://wdacinc.org,info@wdacinc.org,
Overdose Prevention Community Mini-Grant Program,"The Allegheny County Health Department awards small, flexible grants to neighborhood groups and grassroots nonprofits to pilot overdose prevention and recovery supports such as peer-led groups, pop-up naloxone distribution and training, and post-overdose mentorship and navigation. These locally governed mini-grants are designed to quickly resource community ideas, evaluate what works, and scale promising approaches in hard-hit neighborhoods across Western Pennsylvania.",Community Recovery Fund and Micro-Grants,Substance Abuse and Deaths of Despair Epidemic,Allegheny County Health Department,"542 Fourth Avenue, Pittsburgh, PA 15219",https://www.alleghenycounty.us/Health-Department/Programs/Chronic-Disease-and-Injury-Prevention/Overdose-Prevention.aspx,achdweb@alleghenycounty.us,
Overdose Prevention Community Mini-Grants,"Allegheny County Health Department provides small, flexible awards to neighborhood groups, faith-based organizations, and peer-led recovery networks to run naloxone trainings, peer mentorship, and harm-reduction pop-up clinics across Allegheny County. By channeling micro-grants to grassroots actors and tracking outcomes, the program pilots locally designed solutions to the overdose crisis and helps scale approaches that show impact.",Community Recovery Fund and Micro-Grants,Substance Abuse and Deaths of Despair Epidemic,Allegheny County Health Department,"542 Fourth Avenue, Pittsburgh, PA 15219",https://www.alleghenycounty.us/Health-Department/index.aspx,,
Overdose Prevention Program,"The Allegheny County Health Department coordinates countywide harm reduction efforts, including free naloxone and fentanyl test strip distribution and community trainings on overdose recognition and response. The program partners with local groups to host education campaigns on safer use and to connect residents to low-barrier treatment and recovery services.",Local Harm Reduction Services and Education,Substance Abuse and Deaths of Despair Epidemic,Allegheny County Health Department,"542 Fourth Avenue, Pittsburgh, PA 15219",https://www.alleghenycounty.us/Health-Department/Programs/Chronic-Disease-and-Injury-Prevention/Overdose-Prevention.aspx,,
Overdose Prevention Project (Naloxone Training & Distribution),"Prevention Point Pittsburgh’s Overdose Prevention Project provides free naloxone kits and brief, practical training to community members on recognizing and reversing opioid overdoses. Staff and trained volunteers regularly hold pop-up trainings and distributions at libraries, shelters, outreach sites, churches, and community events, ensuring neighbors, families, and bystanders are prepared to act immediately in an overdose emergency.",Community Naloxone Distribution and Training,Substance Abuse and Deaths of Despair Epidemic,Prevention Point Pittsburgh,"907 West Street, Pittsburgh, PA 15221",https://pppgh.org,info@pppgh.org,
Overdose Prevention and Harm Reduction Initiative,"The Cambria County Drug Coalition coordinates countywide efforts to reduce overdoses by distributing naloxone and fentanyl test strips through partner sites and public events. They run education campaigns and training on safer use, overdose recognition, and response, strengthening community capacity in deindustrialized areas like Johnstown.",Local Harm Reduction Services and Education,Substance Abuse and Deaths of Despair Epidemic,Cambria County Drug Coalition,"647 Main Street, Suite 110, Johnstown, PA 15901",https://www.cambriacountydrugcoalition.com,info@cambriacountydrugcoalition.com,
Overdose Reduction Technical Assistance Center (ORTAC),"The Program Evaluation and Research Unit (PERU) at the University of Pittsburgh School of Pharmacy partners with Western Pennsylvania counties and community groups to implement harm reduction strategies, including naloxone and fentanyl test strip distribution. ORTAC provides training, technical assistance, and public education campaigns to strengthen local overdose prevention and safer-use initiatives.",Local Harm Reduction Services and Education,Substance Abuse and Deaths of Despair Epidemic,"University of Pittsburgh School of Pharmacy, Program Evaluation and Research Unit (PERU)","3501 Terrace Street, Pittsburgh, PA 15261",https://www.pittperu.org,,
OverdoseFreePA Surveillance and Data Dashboard,"OverdoseFreePA provides near real-time overdose surveillance and public dashboards that display county- and community-level trends across Western Pennsylvania. Operated in partnership with local public health and public safety, the platform aggregates EMS, ED, and coroner/medical examiner data to detect spikes, share timely information with county partners, and map hotspots so outreach teams can target naloxone distribution and harm-reduction services where overdoses cluster.",Overdose Data Sharing and Early-Warning System,Substance Abuse and Deaths of Despair Epidemic,"University of Pittsburgh School of Pharmacy, Program Evaluation and Research Unit (PERU)","3501 Terrace Street, Pittsburgh, PA 15261",https://www.overdosefreepa.pitt.edu,peru@pitt.edu,
OverdoseFreePA – County Overdose Surveillance and Alerts,"OverdoseFreePA is a Pennsylvania-wide overdose data-sharing platform based at the University of Pittsburgh that aggregates coroner/medical examiner data, EMS indicators, and related metrics for Western Pennsylvania counties. The site provides county dashboards and hotspot analyses that support local coalitions and health departments in issuing early warnings and directing outreach and harm-reduction efforts to neighborhoods where overdoses cluster.",Overdose Data Sharing and Early-Warning System,Substance Abuse and Deaths of Despair Epidemic,"Program Evaluation and Research Unit (PERU), University of Pittsburgh School of Pharmacy","3501 Terrace Street, Pittsburgh, PA 15261",https://www.overdosefreepa.pitt.edu,peru@pitt.edu,
PERU SBIRT Training & Implementation Support,"The Program Evaluation and Research Unit (PERU) at the University of Pittsburgh trains healthcare and community-facing staff in Screening, Brief Intervention, and Referral to Treatment (SBIRT) and trauma-informed practices. They provide workshops and technical assistance for primary care teams, school nurses, social workers, and community organizations to integrate standardized screening tools, brief motivational interventions, and warm referral workflows, often embedded in EHRs. PERU also of...",Train Local Workforce in SBIRT and Trauma-Informed Care,Substance Abuse and Deaths of Despair Epidemic,"University of Pittsburgh School of Pharmacy, Program Evaluation and Research Unit (PERU)","5607 Baum Boulevard, Pittsburgh, PA 15206",https://www.peru.pitt.edu,peruinfo@pitt.edu,
PERU SBIRT Training and Implementation Support,"PERU at the University of Pittsburgh School of Pharmacy delivers SBIRT training, implementation coaching, and quality improvement support to healthcare and community partners in Western Pennsylvania. The program prepares primary care teams, behavioral health providers, school health staff, and community-based organizations to conduct validated screenings, deliver brief interventions, and build referral-to-treatment linkages, using trauma-informed engagement practices to improve early detectio...",Train Local Workforce in SBIRT and Trauma-Informed Care,Substance Abuse and Deaths of Despair Epidemic,"University of Pittsburgh, Program Evaluation and Research Unit (PERU), School of Pharmacy","3501 Terrace Street, Pittsburgh, PA 15261",https://www.peru.pitt.edu,peru@pitt.edu,
PGH Lab,"PGH Lab is the City of Pittsburgh’s pilot program that runs 3–6 month cohorts to test civic technology and urban solutions with City departments and neighborhood partners. Each pilot is co-designed with a clear scope, timeline, and success metrics, and it formally sunsets at the end of the cohort with a public demo and written evaluation. By making trials time-bound and measurable, the program lowers risk, sets expectations, and only scales approaches that demonstrate value.","Time‑Bound, Co‑Designed Pilot Projects",Resistance to Change and New Initiatives,City of Pittsburgh Department of Innovation & Performance,"414 Grant Street, Pittsburgh, PA 15219",https://pittsburghpa.gov/innovation-performance/pghlab,pghlab@pittsburghpa.gov,
PGH Lab,"PGH Lab is the City of Pittsburgh’s startup-in-residence pilot program that runs time-bound cohorts (typically 3–4 months) to test new solutions with city departments and residents. Each pilot is co-designed with the host department and end users, includes a defined scope of work and measurable success metrics, and ends with a demo day to evaluate results and determine next steps. The fixed timeline and explicit evaluation criteria lower risk, set clear expectations, and allow only proven sol...","Time‑Bound, Co‑Designed Pilot Projects",Resistance to Change and New Initiatives,"City of Pittsburgh, Department of Innovation & Performance","414 Grant Street, Pittsburgh, PA 15219",https://pittsburghpa.gov/innovation-performance/pgh-lab,pghlab@pittsburghpa.gov,
PGH Lab,"PGH Lab is the City of Pittsburgh’s program that pairs startups with city departments to co-design small, time-bound pilot projects. Each cohort runs on a defined timeline (typically a few months) with memoranda of understanding that set goals, success metrics, data-sharing, and a clear end date; pilots sunset after the test period and only scale if results warrant, which lowers risk and builds trust.","Time‑Bound, Co‑Designed Pilot Projects",Resistance to Change and New Initiatives,City of Pittsburgh Department of Innovation & Performance,"414 Grant Street, Pittsburgh, PA 15219",https://pittsburghpa.gov/innovation-performance/pgh-lab,pghlab@pittsburghpa.gov,
POGOH Bike Share,"POGOH operates Pittsburgh’s public bike-share network with stations located near busways, neighborhood centers, and mobility hubs to provide first/last-mile connections to jobs, schools, and regional transit. Discounted memberships and cash-payment options help residents without car access make short trips and connect to bus and rail, improving daily mobility within and between communities.",Community Transit and Mobility Solutions,Brain Drain of Young and Educated,"Bike Share Pittsburgh, Inc. (dba POGOH)","3328 Penn Avenue, Pittsburgh, PA 15201",https://pogoh.com,support@pogoh.com,
POWER Connection,"POWER Connection is a mobile, peer-led outreach program of POWER that engages women impacted by substance use across Allegheny County. Certified Peer Recovery Specialists provide street and community outreach, facilitate immediate linkages to treatment and MAT, and offer ongoing recovery coaching. They also help women navigate housing, employment, child welfare, and other social service systems that sustain long-term recovery.",Peer Recovery Network and Outreach,Substance Abuse and Deaths of Despair Epidemic,Pennsylvania Organization for Women in Early Recovery (POWER),"3433 Fifth Avenue, Pittsburgh, PA 15213",https://power-recovery.com,info@power-recovery.com,
POWER House (Residential Recovery),"POWER House offers a structured, sober residential setting for women in recovery, pairing stable housing with evidence-based programming and daily peer-supported routines. The program employs certified peer recovery specialists alongside clinical staff to provide recovery coaching, case management, and life-skills support that help residents stabilize, reunify with family when appropriate, and transition to permanent housing and employment.",Peer-Run Transitional and Recovery Housing,Substance Abuse and Deaths of Despair Epidemic,POWER (Pennsylvania Organization for Women in Early Recovery),"907 West Street, Pittsburgh, PA 15221",https://power-recovery.com,info@power-recovery.com,
POWER Outpatient Services,"POWER provides trauma-informed outpatient addiction treatment for women that integrates family therapy, parenting education, and child-focused supports. Clinicians work with mothers and their children to rebuild healthy routines, strengthen attachment, and reduce the impact of addiction-related trauma. Case managers coordinate with schools and community partners when needed to ensure continuity of care for children affected by a parent’s substance use.",Family Support and Child-Focused Services,Substance Abuse and Deaths of Despair Epidemic,Pennsylvania Organization for Women in Early Recovery (POWER),"3433 Second Avenue, Pittsburgh, PA 15207",https://power-recovery.com,info@power-recovery.com,
PWSA Capital Projects & Improvements Dashboard,"The Pittsburgh Water and Sewer Authority maintains an online projects and improvements dashboard/map that details active capital initiatives with scope, budgets, timelines, and current construction status. PWSA issues regular progress updates and hosts monthly public Board meetings and project-specific community meetings where staff review milestones, spending, and schedule changes and take resident feedback. By combining a transparent, always-available project dashboard with recurring public...",Transparent Project Dashboard and Regular Reporting,Resistance to Change and New Initiatives,Pittsburgh Water and Sewer Authority,"1200 Penn Avenue, Pittsburgh, PA 15222",https://www.pgh2o.com/projects-maintenance/improvements,info@pgh2o.com,
PWSA Projects & Maintenance Map,"The Pittsburgh Water and Sewer Authority maintains an interactive public map and project pages showing active capital and maintenance projects, with scope, neighborhood, schedules, and progress updates. PWSA supplements these dashboards with regular public board meetings (monthly) and project-specific community meetings, providing predictable, recurring opportunities for residents to review timelines, budgets, and outcomes and ask questions in an open forum.",Transparent Project Dashboard and Regular Reporting,Resistance to Change and New Initiatives,Pittsburgh Water and Sewer Authority,"1200 Penn Avenue, Pittsburgh, PA 15222",https://www.pgh2o.com/projects-maintenance/outage-and-project-map,info@pgh2o.com,
Paramount Co-Op,"Paramount Co-Op converts vacant main-street space in Ambridge into a business incubator and coworking environment with shared offices, conference rooms, and high-speed internet. It pairs workspace with mentorship, training, and advisory services that help remote workers and early-stage entrepreneurs land locally, build networks, and scale without leaving Beaver County.",Co-working Hubs and Remote Work Support,Brain Drain of Young and Educated,Paramount Co-Op (Paramount Pursuits),"658 Merchant Street, Ambridge, PA 15003",https://paramountco-op.com,info@paramountco-op.com,
Parent Education and Family Support,"Familylinks offers parent education classes, family counseling, and skill‑building that help caregivers establish positive routines, communication, and consistent expectations at home. Its integrated behavioral health services include stress‑management strategies, and case managers connect families to financial coaching and resource navigation—addressing both emotional and economic stressors that can undermine hope and educational aspirations.",Family Resilience and Parenting Workshops,Intergenerational Transmission of Hopelessness,"Familylinks, Inc.","401 N Highland Avenue, Pittsburgh, PA 15206",https://www.familylinks.org,info@familylinks.org,
Parent Support and Education,"Allegheny Family Network provides peer-led parenting education, support groups, and coaching for caregivers raising children with behavioral or mental health needs. Services emphasize stress-management, building resilient family routines, and strengthening parent advocacy, helping caregivers model constructive problem-solving and optimism. Programming is free and community-based, connecting families to local resources that sustain hope and stability.",Family Resilience and Parenting Workshops,Intergenerational Transmission of Hopelessness,Allegheny Family Network,"425 North Craig Street, Pittsburgh, PA 15213",https://www.alleghenyfamilynetwork.org,info@alleghenyfamilynetwork.org,
Parent-Child Interaction Therapy (PCIT),"Wesley Family Services offers PCIT, an evidence-based parent coaching model that improves parenting skills and strengthens parent-child relationships to reduce trauma symptoms and challenging behaviors. For families impacted by addiction, therapists incorporate recovery-informed strategies, safety planning, and referrals to substance use treatment. The organization also provides school-based behavioral health services, serving as a liaison with teachers and SAP teams to support affected child...",Family Support and Child-Focused Services,Substance Abuse and Deaths of Despair Epidemic,Wesley Family Services,"4250 Old William Penn Highway, Monroeville, PA 15146",https://wfspa.org,info@wfspa.org,
Parents as Teachers & Early Head Start Home-Based,"Blueprints operates two evidence-based home visiting models—Parents as Teachers and Early Head Start Home-Based—serving expectant parents and families with children from birth to age three in Washington and Greene Counties. Home visitors conduct regular in-home coaching on child development, safe caregiving, and family goal-setting, and they connect caregivers to health services and substance-use treatment when needed. These services strengthen parenting skills, reduce child maltreatment risk...",Parent-Child Preservation and Home Visiting Programs,Substance Abuse and Deaths of Despair Epidemic,Blueprints,"150 West Beau Street, Suite 304, Washington, PA 15301",https://myblueprints.org,info@myblueprints.org,
Parents as Teachers (Family and Community Education),"The Allegheny Intermediate Unit’s Parents as Teachers program is an evidence-based home-visiting model serving expectant parents and families with children from birth to kindergarten. Certified parent educators conduct regular home visits with developmental screenings, parenting coaching, and individualized family goal-setting, and they connect caregivers to behavioral health and substance-use treatment resources when needed. The program builds protective factors to keep children safe and fam...",Parent-Child Preservation and Home Visiting Programs,Substance Abuse and Deaths of Despair Epidemic,Allegheny Intermediate Unit,"475 East Waterfront Drive, Homestead, PA 15120",https://www.aiu3.net/Programs-Services/Early-Childhood,earlychildhood@aiu3.net,
Peace & Healing Circles,"Community Empowerment Association convenes Peace & Healing Circles that bring youth, parents, and neighbors together in facilitated restorative circles to openly address conflict, trauma, and community tensions, emphasizing accountability and relationship repair. Embedded in schools and neighborhood sites, these circles elevate youth voice, involve elders and mentors, and model positive, non-punitive pathways for resolving harm, rebuilding trust, and strengthening social capital across genera...",Restorative Community Circles and Family Support Networks,Intergenerational Transmission of Hopelessness,"Community Empowerment Association, Inc.","7120 Kelly Street, Pittsburgh, PA 15208",https://www.ceapittsburgh.org,,
Peacemaking Circles and Community Dialogues,"At Uncommon Grounds Cafe, peacemaking circles and community dialogues gather Aliquippa neighbors, officials, and service providers in a neutral, relational setting. The circle process invites storytelling about past program failures, records priorities and agreements, and sets safe, incremental steps forward—validating experiences and strengthening trust across the community.",Listening Circles and Restorative History Sessions,Resistance to Change and New Initiatives,Uncommon Grounds Café,"380 Franklin Avenue, Aliquippa, PA 15001",https://www.uncommongroundscafe.org,info@uncommongroundscafe.org,
PeerCorps Pittsburgh,"PeerCorps engages 7th–12th grade students in ongoing service-learning and civic projects with neighborhood-based partners, connecting hands-on volunteering to social issue education and community problem-solving. Teen cohorts plan and lead service days, dialogues, and advocacy efforts, building leadership skills and a sense of agency in addressing local needs such as food access, housing support, and environmental stewardship. Participants gain public recognition through youth-led events and ...",Youth Leadership and Civic Engagement Programs,Intergenerational Transmission of Hopelessness,Repair the World Pittsburgh,"6022 Broad Street, Pittsburgh, PA 15206",https://werepair.org/communities/pittsburgh/,pittsburgh@werepair.org,
Pittsburgh Adult Rehabilitation Center (ARC),"The Salvation Army’s Pittsburgh ARC provides faith-based residential recovery, work therapy, and life-skills classes, supported by volunteers from area churches and civic groups. The program hosts on-site recovery and spiritual support meetings, uses trained volunteer mentors, and coordinates referrals to health care, housing, employment, and family support services for those impacted by addiction.",Faith-Based and Civic Support Coalitions,Substance Abuse and Deaths of Despair Epidemic,The Salvation Army,"700 North Highland Avenue, Pittsburgh, PA 15206",https://satruck.org/local/arc/pittsburgh,,
Pittsburgh Adult Rehabilitation Center (ARC),"The Salvation Army’s ARC is a long-term, faith-based residential program that integrates work therapy, counseling, and spiritual care for men recovering from substance use disorders. The center mobilizes Salvation Army corps members and civic volunteers as mentors, sponsors on-site 12-step and faith-based support meetings, and provides space for community-based services. Staff link residents and their families to social services, employment resources, and ongoing treatment and recovery supports.",Faith-Based and Civic Support Coalitions,Substance Abuse and Deaths of Despair Epidemic,"The Salvation Army, Pittsburgh Adult Rehabilitation Center","700 N Bell Avenue, Carnegie, PA 15106",https://pittsburgharc.salvationarmy.org,,
Pittsburgh Area Central Office of Alcoholics Anonymous,"The Central Office coordinates AA’s volunteer-based sponsor network and publishes meeting schedules for hundreds of groups—many hosted in churches and civic halls across Western Pennsylvania. It connects individuals and families to peer support, meeting locations, and related resources (including Al‑Anon/Al‑Ateen referrals), embodying a community coalition that mobilizes volunteers and shared spaces for recovery.",Faith-Based and Civic Support Coalitions,Substance Abuse and Deaths of Despair Epidemic,Pittsburgh Area Central Office of Alcoholics Anonymous,"2934 Smallman Street, Suite 105, Pittsburgh, PA 15201",https://www.pghaa.org,,
Pittsburgh Citizen Police Review Board,"An independent, civilian-led oversight body of Pittsburgh residents that investigates complaints, conducts hearings, and issues public findings and policy recommendations related to police conduct and departmental practices. By maintaining a resident-majority board and publicly tracking responses to recommendations, it creates transparent, community-centered oversight that monitors performance and reduces perceptions of hidden agendas.",Citizen Oversight and Evaluation Committees,Resistance to Change and New Initiatives,City of Pittsburgh Citizen Police Review Board,"816 Fifth Avenue, Suite 400, Pittsburgh, PA 15219",https://cprbpgh.org,,
Pittsburgh Digital Equity & Connectivity Initiatives,"Neighborhood Allies coordinates regional digital equity work that expands affordable connectivity and builds skills through partnerships with ISPs, libraries, schools, and community groups. Their initiatives support community Wi‑Fi projects, device distribution, and digital navigator services, and connect residents to training pathways (including coding and remote‑work readiness) so they can participate in the modern economy without relocating.",Community Broadband and Digital Skills Training,Brain Drain of Young and Educated,Neighborhood Allies,"5140 Penn Avenue, Pittsburgh, PA 15224",https://www.neighborhoodallies.org,info@neighborhoodallies.org,
Pittsburgh EMS – Real-Time Overdose Reporting and Community Outreach,"The City of Pittsburgh Bureau of EMS submits near real-time overdose incident data to county public health surveillance systems, enabling early detection of neighborhood-level spikes and rapid public warnings. EMS partners with outreach and harm-reduction organizations to guide targeted responses—such as naloxone distribution and linkage-to-care—in areas where data show clusters of overdoses.",Overdose Data Sharing and Early-Warning System,Substance Abuse and Deaths of Despair Epidemic,City of Pittsburgh Bureau of EMS,"501 Second Avenue, Pittsburgh, PA 15219",https://pittsburghpa.gov/ems/,,
Pittsburgh Hispanic Development Corporation Business Incubator,"PHDC operates a community business incubator offering bilingual mentorship, business planning, and back-office support including accounting and compliance assistance for entrepreneurs. The incubator provides affordable workspace with shared equipment and meeting rooms, and helps founders access small seed capital through PHDC-supported microloans and 0% Kiva loans to launch and grow businesses that meet local needs.",Community Entrepreneurship Incubator and Microgrant Program,Brain Drain of Young and Educated,Pittsburgh Hispanic Development Corporation,"1555 Broadway Avenue, Pittsburgh, PA 15216",https://www.phdcinc.org,info@phdcinc.org,
Pittsburgh Hispanic Development Corporation Business Incubator,"PHDC runs a bilingual small business incubator in Beechview that provides low-cost offices and coworking space, tailored training, and one-on-one advising for immigrant and neighborhood entrepreneurs. Through cohort-based programs and mentorship, founders develop business plans, formalize operations, and build market connections that create visible success stories in their communities. PHDC also helps clients secure microloans and crowdfunding via partners like Kiva and regional CDFIs, loweri...",Small Business Incubator and Mentoring,Intergenerational Transmission of Hopelessness,Pittsburgh Hispanic Development Corporation,"1555 Broadway Avenue, Pittsburgh, PA 15216",https://www.phdc-inc.org,info@phdc-inc.org,
Pittsburgh Mediation Center (Community Conferencing & Restorative Justice),"Center for Victims operates the Pittsburgh Mediation Center, offering community conferencing and restorative justice services that bring together those in conflict—including youth, families, and affected neighbors—in facilitated restorative circles. These processes reduce punitive responses in schools and neighborhoods, repair relationships, and build community capacity to address disputes collaboratively and publicly.",Restorative Community Circles and Family Support Networks,Intergenerational Transmission of Hopelessness,Center for Victims,"3433 East Carson Street, Pittsburgh, PA 15203",https://www.centerforvictims.org,,
Pittsburgh Mercy Medical Respite at Second Avenue Commons,"Short-term medical respite beds for people experiencing homelessness who are recovering from acute illness, injury, or intoxication and do not require hospital-level care. The program offers nursing oversight, basic medical observation, meals, and intensive case management that provides warm handoffs to substance use treatment, primary care, and permanent housing resources.",Sobering Centers and Short-Term Respite Care,Substance Abuse and Deaths of Despair Epidemic,Pittsburgh Mercy (Operation Safety Net),"700 Second Avenue, Pittsburgh, PA 15219",https://www.pittsburghmercy.org/operation-safety-net/,info@pittsburghmercy.org,
Pittsburgh Mercy Operation Safety Net,"Operation Safety Net is a street medicine program that delivers mobile, low‑threshold addiction treatment and primary care to people living unsheltered or in underserved neighborhoods across Allegheny County. Clinicians can start buprenorphine on the street, offer counseling and care coordination, and immediately refer patients to the Pittsburgh Mercy Family Health Center for ongoing MAT, including regular walk‑in and same‑day access hours. This approach reduces transportation barriers and co...",Mobile Medication-Assisted Treatment (MAT) Access,Substance Abuse and Deaths of Despair Epidemic,Pittsburgh Mercy – Operation Safety Net,"1513 Forbes Avenue, Pittsburgh, PA 15219",https://www.pittsburghmercy.org/homeless-services/operation-safety-net/,info@pittsburghmercy.org,
Pittsburgh Recovery Walk,"The Pittsburgh Recovery Walk is an annual, public celebration in Downtown Pittsburgh featuring a mainstage where people in recovery, family members, and allies share their lived-experience stories. By elevating recovery narratives and hosting a resource fair that connects attendees with treatment and support, the walk directly combats stigma, normalizes help-seeking, and shifts community attitudes about addiction and recovery. The event draws thousands from deindustrialized neighborhoods to b...",Community Anti‑Stigma and Peer Story Campaigns,Substance Abuse and Deaths of Despair Epidemic,Pittsburgh Recovery Walk,"907 West Street, Pittsburgh, PA 15221",https://www.pghrecoverywalk.org,info@pghrecoverywalk.org,
Positive Spin,"Positive Spin is a mobility and civic leadership program where middle and high school students learn safe cycling, mobility justice, and how to assess neighborhood infrastructure needs through guided audits and service projects. Youth collaborate with community partners and present findings to city agencies and school leaders, gaining a real voice in local transportation and safety decisions. The program equips participants with advocacy, data collection, and project-planning skills to addres...",Youth Leadership and Civic Engagement Programs,Intergenerational Transmission of Hopelessness,Bike Pittsburgh,"188 43rd Street, Suite 300, Pittsburgh, PA 15201",https://www.bikepgh.org/education/positive-spin,info@bikepgh.org,
Post-Overdose Response Team (PORT),"Allegheny County’s Post-Overdose Response Team (PORT) deploys trained peer recovery specialists, case managers, and EMS partners to conduct home and community-based outreach after an overdose. Peers build trust, link individuals and families to treatment and harm-reduction services, and provide ongoing recovery coaching. The team also navigates access to housing, benefits, and employment and connects people with social services to stabilize recovery.",Peer Recovery Network and Outreach,Substance Abuse and Deaths of Despair Epidemic,Allegheny County Department of Human Services,"1 Smithfield Street, Pittsburgh, PA 15222",https://www.alleghenycounty.us/Human-Services/Programs-Services/Behavioral-Health/Substance-Use-Disorder/Post-Overdose-Response.aspx,,
Pressley Ridge School-Based Outpatient & Family Based Mental Health,"Pressley Ridge embeds therapists in regional schools to provide onsite, trauma‑informed outpatient counseling, coordination with educators, and small‑group interventions that build coping and executive functioning skills. Complementing the school services, Family Based Mental Health teams deliver intensive, mobile therapy in homes to strengthen parent–child relationships and stabilize families. Together, these trauma‑informed school and in‑home supports address children’s emotional needs and ...",Trauma-Informed Schools and Community Counseling,Intergenerational Transmission of Hopelessness,Pressley Ridge,"530 Marshall Avenue, Pittsburgh, PA 15214",https://www.pressleyridge.org,info@pressleyridge.org,
Pressley Ridge School-Based Outpatient Services,"Pressley Ridge delivers school-based outpatient therapy and case management in Western Pennsylvania schools, integrating trauma-informed approaches like TF-CBT to support students impacted by adversity. The organization also partners with districts to train educators and staff in trauma-sensitive practices that improve classroom climate and student functioning. This meets the solution by placing mental health counselors in schools and strengthening staff capacity to respond to trauma.",Trauma-Informed Schools and Youth Programs,Substance Abuse and Deaths of Despair Epidemic,Pressley Ridge,"5500 Corporate Drive, Suite 400, Pittsburgh, PA 15237",https://www.pressleyridge.org,info@pressleyridge.org,
Pressley Ridge School-Based Services and Family Based Mental Health,"Pressley Ridge operates school-based outpatient therapy and Community & School-Based Behavioral Health (CSBBH) teams that provide trauma-informed counseling within schools across the region. Its Family Based Mental Health Services deliver intensive, mobile, in-home therapy and parent coaching to stabilize families, improve attachment, and reduce crises. Together these services expand access to school counselors, equip educators with trauma-informed supports, and bring counseling teams to fami...",Trauma-Informed Schools and Community Counseling,Intergenerational Transmission of Hopelessness,Pressley Ridge,"530 Marshall Avenue, Pittsburgh, PA 15214",https://www.pressleyridge.org,info@pressleyridge.org,
Prevent Overdose Allegheny — Community Naloxone Distribution & Training,"Allegheny County DHS coordinates countywide naloxone distribution and overdose response trainings for residents, community groups, and frontline staff. The program partners with libraries, shelters, faith-based organizations, and neighborhood events to host on-site trainings and free naloxone giveaways so community members can intervene quickly during overdoses.",Community Naloxone Distribution and Training,Substance Abuse and Deaths of Despair Epidemic,Allegheny County Department of Human Services,"1 Smithfield Street, Pittsburgh, PA 15222",https://www.alleghenycounty.us/Human-Services,,
Prevent Overdose Pittsburgh – Naloxone Distribution & Training,"Prevent Overdose Pittsburgh coordinates free community naloxone trainings and pop-up distribution events across Allegheny County at libraries, churches, shelters, encampments, and community fairs. Staff and trained volunteers teach participants how to recognize an overdose, administer naloxone, and connect to local treatment, and they send participants home with free kits so family members, neighbors, and bystanders can reverse overdoses immediately.",Community Naloxone Distribution and Training,Substance Abuse and Deaths of Despair Epidemic,Allegheny County Department of Human Services (in partnership with Allegheny County Health Department),"1 Smithfield Street, Pittsburgh, PA 15222",https://www.preventoverdosepgh.org,dhswebresponses@alleghenycounty.us,
Prevention Point Pittsburgh Syringe Services Program,"Prevention Point Pittsburgh operates legal syringe services at fixed and mobile sites across Allegheny County, providing sterile syringes, safe disposal, naloxone, and fentanyl test strips. The program also offers one-on-one risk-reduction counseling and community trainings on safer use and overdose prevention in partnership with local public health and healthcare providers.",Local Harm Reduction Services and Education,Substance Abuse and Deaths of Despair Epidemic,Prevention Point Pittsburgh,"907 West Street, Wilkinsburg, PA 15221",https://www.pppgh.org,info@pppgh.org,
Project RE_ at Construction Junction,"Located inside Construction Junction’s reclaimed warehouse, Project RE_ provides fabrication studios and training that turn salvaged building materials into new products and structures. The program equips makers and small enterprises with shop access and mentorship, creating hands-on jobs and early-stage production capacity in a repurposed industrial reuse center.",Repurpose Industrial Sites into Maker Spaces and Small Factories,Brain Drain of Young and Educated,"Construction Junction, Inc.","214 N Lexington Street, Pittsburgh, PA 15208",https://www.cjreuse.org,info@constructionjunction.org,
Project Ready,"Project Ready is a college and career readiness mentoring initiative that matches middle and high school students with volunteers, civic leaders, and professionals for ongoing one-on-one guidance and exposure to postsecondary options. The program leverages Urban League’s corporate partners, community organizations, and schools to recruit mentors who reflect the region’s workforce and leadership. Staff coordinate and track mentor-mentee matches, set individualized plans, and measure outcomes s...",Community Mentorship Network,Intergenerational Transmission of Hopelessness,Urban League of Greater Pittsburgh,"610 Wood Street, Pittsburgh, PA 15222",https://ulpgh.org,info@ulpgh.org,
Projects & Construction Map and Monthly Public Meetings,"PWSA maintains a public Projects & Construction Map that lists active water, sewer, and stormwater projects with scopes, schedules, current phase, and status updates, alongside links to capital plan documents that show funding and budgets. The authority holds monthly public board meetings and project-specific community meetings where progress, timelines, and outcomes are reviewed with residents, and meeting materials are posted online to maintain a clear record of commitments and results.",Transparent Project Dashboard and Regular Reporting,Resistance to Change and New Initiatives,Pittsburgh Water and Sewer Authority,"1200 Penn Avenue, Pittsburgh, PA 15222",https://www.pgh2o.com/projects-maintenance,info@pgh2o.com,
Promise Stories,"The Pittsburgh Promise publishes video and written profiles of Promise Scholars and Alumni who have completed postsecondary education and progressed into careers in healthcare, skilled trades, technology, education, and more. These stories are distributed via the website, social media, newsletters, and community events to highlight real, local pathways to stable, meaningful work. By lifting up resilient graduates from city neighborhoods, the campaign provides relatable role models that counte...",Positive Local Narrative Campaign,Intergenerational Transmission of Hopelessness,The Pittsburgh Promise,"190 North Shore Drive, Suite 300, Pittsburgh, PA 15212",https://pittsburghpromise.org/stories,info@pittsburghpromise.org,
Promotoras de Salud (Community Health Workers),"Casa San José trains and compensates promotoras—trusted community members from the local Latino community—to conduct outreach, education, and navigation around health, vaccines, and social services. These resident ambassadors explain programs in culturally relevant ways, gather feedback on community needs, and recruit participants, effectively overcoming skepticism by relying on neighbors people already trust.",Peer Ambassadors and Trusted Neighbor Network,Resistance to Change and New Initiatives,Casa San José,"2116 Broadway Avenue, Pittsburgh, PA 15216",https://www.casasanjose.org,info@casasanjose.org,
Promotores de Salud (Community Health Promoters),"Casa San José recruits and trains Latino and immigrant community members as promotores who are compensated to provide culturally competent outreach, education, and navigation to services. These trusted peer ambassadors explain new initiatives (health coverage, public benefits, legal and safety resources), gather feedback on community needs, and actively enroll families at churches, stores, and neighborhood events. The promotores model leverages known neighbors to build trust and overcome lear...",Peer Ambassadors and Trusted Neighbor Network,Resistance to Change and New Initiatives,Casa San José,"2116 Broadway Avenue, Pittsburgh, PA 15216",https://www.casasanjose.org,info@casasanjose.org,
Promotores de Salud (Community Health Workers),"Casa San José trains and compensates promotores—trusted Latino community members—to share accurate information about services, public benefits, and health initiatives, and to collect community concerns. These peer ambassadors conduct culturally relevant outreach, connect families to resources, and recruit participants into programs. Their lived experience and relationships help reduce distrust and encourage engagement in neighborhoods across Western Pennsylvania.",Peer Ambassadors and Trusted Neighbor Network,Resistance to Change and New Initiatives,Casa San José,"2116 Broadway Avenue, Pittsburgh, PA 15216",https://casasanjose.org,info@casasanjose.org,
Prototype PGH Classes & Workshops,"Prototype PGH runs hands-on classes taught by members and local makers on sewing, woodworking, electronics, CNC, and other trades skills, along with occasional business and freelancing basics. Instructors are community practitioners who share practical know-how and host skill-share style sessions. This peer-led approach builds residents’ capacity, fosters supportive learning circles, and empowers people to act on their ideas.",Community Learning Circles and Skills Swaps,Resistance to Change and New Initiatives,Prototype PGH,"460 Melwood Avenue, Pittsburgh, PA 15213",https://www.prototypepgh.org,hello@prototypepgh.org,
Public History Dialogues at the Pump House,"A series of public programs held at the historic Homestead Pump House that uses labor and community history to foster dialogue about the region’s deindustrialization and its impacts today. Events invite residents to share memories, acknowledge past harms, and discuss constructive, community-driven ways forward. By grounding conversations in shared history and respectful listening, these sessions help restore trust and strengthen civic engagement.",Listening Circles and Restorative History Sessions,Resistance to Change and New Initiatives,Battle of Homestead Foundation,"880 E Waterfront Drive, Munhall, PA 15120",https://battleofhomestead.org,battleofhomestead@gmail.com,
RIDC Redevelopment Projects and Public Milestone Events,"RIDC redevelops former industrial sites and routinely convenes public groundbreakings, ribbon cuttings, and on-site construction milestone briefings (e.g., at Mill 19 and RIDC Westmoreland). These highly visible events feature leaders and funders making or renewing commitments, followed by documented progress updates that demonstrate accountability and build confidence in long-term redevelopment.",Public Commitment Ceremonies and Visible Milestones,Resistance to Change and New Initiatives,Regional Industrial Development Corporation of Southwestern Pennsylvania (RIDC),"225 Boulevard of the Allies, Suite 400, Pittsburgh, PA 15222",https://ridc.org,info@ridc.org,
Racial Justice Community Conversations,"YWCA Westmoreland County hosts facilitated dialogues and workshops that create safe spaces for community members to discuss racial equity, name past harms, and examine local histories of disinvestment. These sessions prioritize listening and documentation of community concerns, building shared understanding and practical commitments that restore trust and support new collaboration.",Listening Circles and Restorative History Sessions,Resistance to Change and New Initiatives,YWCA Westmoreland County,"424 North Main Street, Greensburg, PA 15601",https://www.ywcawestmoreland.org,info@ywcawestmoreland.org,
Radius CoWork,"Radius CoWork activates floors in Erie's historic Renaissance Centre to provide flexible coworking, dedicated desks, private offices, meeting rooms, and fast internet in the heart of downtown. It supports remote professionals and independent workers with mail handling, community events, and peer networks, creating a practical alternative to leaving the region for bigger tech hubs.",Co-working Hubs and Remote Work Support,Brain Drain of Young and Educated,Radius CoWork,"1001 State Street, Suite 907, Erie, PA 16501",https://www.radiuscowork.com,info@radiuscowork.com,
Radius CoWork,"Radius CoWork operates in Erie's historic Renaissance Centre, providing 24/7 access, fiber internet, conference rooms, phone booths, and mail services for remote workers and entrepreneurs. By converting a landmark downtown building into a vibrant coworking community, Radius helps talent remain in Erie with the infrastructure and support needed to work and grow from the region.",Co-working Hubs and Remote Work Support,Brain Drain of Young and Educated,Radius CoWork LLC,"1001 State Street, Suite 907, Erie, PA 16501",https://radiusco.work,info@radiusco.work,
Re-Entry Legal Services Clinic,"This clinic provides free legal assistance to people with criminal records, including expungements, pardons, driver’s license restoration, and other collateral-consequence issues that impede employment and housing. By clearing records and resolving legal barriers linked to substance-related offenses, the clinic enables treatment access, stability, and reintegration instead of continued justice involvement.","Legal Aid, Reentry, and Diversion Supports",Substance Abuse and Deaths of Despair Epidemic,Duquesne University School of Law,"600 Forbes Avenue, Pittsburgh, PA 15282",https://www.duq.edu/academics/schools/law/clinics-and-experiential-learning/re-entry-legal-services-clinic,lawclinic@duq.edu,
Re-Entry Legal Services Clinic (RELS),"The RELS Clinic provides free legal assistance to returning citizens on expungements, pardons, and other collateral consequences that block housing, employment, and recovery. Through community legal clinics and direct representation, supervised law students help clients clear old substance-related records and restore driver’s licenses and benefits, enabling access to treatment and stable reintegration. The clinic partners with community organizations to reach people in neighborhoods most impa...","Legal Aid, Reentry, and Diversion Supports",Substance Abuse and Deaths of Despair Epidemic,Thomas R. Kline School of Law of Duquesne University,"914 Fifth Avenue, Pittsburgh, PA 15219",https://www.duq.edu/academics/schools/law/clinics-and-experiential-learning/clinics/re-entry-legal-services-clinic,lawclinic@duq.edu,
ReClaim Ambassador Program,"Grounded Strategies’ ReClaim Ambassador Program develops neighborhood ambassadors who steward vacant lots and act as hyper-local connectors on their blocks. Ambassadors distribute resources, convene small workdays and gatherings, and relay resident priorities to Grounded and local government, sustaining ongoing, block-level communication and engagement across Western Pennsylvania communities.",Peer Ambassadors and Trusted Neighbor Network,Resistance to Change and New Initiatives,Grounded Strategies,"6587 Hamilton Ave #1W, Pittsburgh, PA 15206",https://groundedpgh.org,info@groundedpgh.org,
ReClaim Ambassador Program,"Grounded Strategies’ ReClaim Ambassador Program develops neighborhood ambassadors who steward vacant lots and act as hyper-local connectors on their blocks. Ambassadors distribute resources, convene small workdays and gatherings, and relay resident priorities to Grounded and local government, sustaining ongoing, block-level communication and engagement across Western Pennsylvania communities.",Asset‑Based Community Mapping Workshops,Resistance to Change and New Initiatives,Grounded Strategies,"6587 Hamilton Ave #1W, Pittsburgh, PA 15206",https://groundedpgh.org,info@groundedpgh.org,
ReClaim Ambassadors,"Grounded Strategies’ ReClaim Ambassadors program trains neighborhood volunteers to steward vacant and community lots, teaching basic construction, landscaping, and site-cleaning skills (e.g., building planters and benches, repairing fencing, and routine maintenance). The coordinated volunteer teams help reduce ongoing maintenance expenses for communities while strengthening local ownership and social ties.",Asset‑Based Community Mapping Workshops,Resistance to Change and New Initiatives,Grounded Strategies,"6587 Hamilton Avenue, Pittsburgh, PA 15206",https://groundedpgh.org,info@groundedpgh.org,
ReClaim Program,"Grounded Strategies’ ReClaim Program partners with residents to transform vacant and potentially contaminated properties into interim community assets such as pocket parks, outdoor classrooms, murals, and seasonal markets. Projects employ clean fill, raised planters, mulch caps, and modular amenities designed to be reversible and non-invasive, allowing safe public use while environmental assessment and remediation proceed. The program also trains local stewards to maintain these spaces and tr...",Neighborhood Improvement Days and Block Celebrations,Resistance to Change and New Initiatives,Grounded Strategies,"6587 Hamilton Avenue, Pittsburgh, PA 15206",https://groundedpgh.org,info@groundedpgh.org,
Recovery & Addiction Ministry (RAM),"RAM is a diocesan network of parish-based ministries that organize weekly support meetings, peer companions, and family education for those impacted by addiction. Parishes mobilize volunteers, use church facilities to host meetings and recovery events, and collaborate with civic partners to provide safe spaces and practical help. The ministry also coordinates referrals to treatment providers, counseling, and social services for affected families.",Faith-Based and Civic Support Coalitions,Substance Abuse and Deaths of Despair Epidemic,Roman Catholic Diocese of Pittsburgh,"2900 Noblestown Road, Pittsburgh, PA 15205",https://www.diopitt.org/ram,,
Recovery Community Events & Speak-Outs,"Lost Dreams Awakening (LDA) is a Recovery Community Organization in New Kensington that hosts regular community forums, Recovery Month celebrations, and speak-out events where residents with lived experience share testimonies about addiction, recovery, and hope. These storytelling-centered gatherings confront stigma in deindustrialized river towns, encourage treatment engagement, and strengthen community bonds. LDA also trains peer leaders to advocate publicly and guide neighbors to services ...",Community Anti‑Stigma and Peer Story Campaigns,Substance Abuse and Deaths of Despair Epidemic,Lost Dreams Awakening,"408 8th Street, New Kensington, PA 15068",https://www.lostdreamsawakening.org,,
Recovery Support Services (Transportation & Child Care),"As Washington County’s Single County Authority for substance use services, WDAC funds and coordinates Recovery Support Services that include transportation assistance (bus passes, mileage reimbursement, and scheduled rides) and childcare supports. These resources are designed to help adults with opioid and other substance use disorders reliably attend treatment, counseling, and drug court requirements by removing practical barriers that often derail engagement.",Volunteer Transportation and Childcare for Treatment Access,Substance Abuse and Deaths of Despair Epidemic,"Washington Drug & Alcohol Commission, Inc.","90 West Chestnut Street, Suite 510, Washington, PA 15301",https://www.wdacinc.org,,
Reentry Services and Alternative Housing Programs,"Renewal, Inc. provides court-referred alternatives to incarceration and comprehensive reentry support, including residential alternative housing, day reporting, case management, and coordination with probation and treatment providers. The programs help individuals with substance use disorders comply with court requirements, access treatment instead of jail, and address employment, housing, and recovery needs during reentry.","Legal Aid, Reentry, and Diversion Supports",Substance Abuse and Deaths of Despair Epidemic,"Renewal, Inc.","339 Boulevard of the Allies, Pittsburgh, PA 15222",https://www.renewalinc.com,info@renewalinc.com,
"Regional Mentoring Network (Training, Recruitment, and Quality Support)","The Mentoring Partnership coordinates a region-wide network that helps communities build and sustain mentorship programs by recruiting volunteers through businesses, schools, and faith-based organizations and by training mentors and program staff. While not a direct-service matcher, it equips local programs with evidence-based tools to make and track high-quality one-on-one matches and measure outcomes, effectively creating the coordinated mentorship infrastructure the solution calls for. It ...",Community Mentorship Network,Intergenerational Transmission of Hopelessness,The Mentoring Partnership of Southwestern Pennsylvania,"1901 Centre Avenue, Suite 201, Pittsburgh, PA 15219",https://www.mentoringpittsburgh.org,info@mentoringpittsburgh.org,
Registered Apprenticeships in Advanced Manufacturing,"Catalyst Connection helps regional manufacturers design and run U.S. Department of Labor-registered, employer-led apprenticeships (e.g., machinist, mechatronics, industrial manufacturing technician). Apprentices are hired and paid by local companies while completing structured on-the-job training and related instruction, creating clear, well-compensated pathways that keep emerging talent working in Western Pennsylvania’s manufacturing sector.",Paid Local Apprenticeships and Youth Internships,Brain Drain of Young and Educated,Catalyst Connection,"4501 Lytle Street, Suite 200, Pittsburgh, PA 15207",https://www.catalystconnection.org,info@catalystconnection.org,
Resident Advisory Board (RAB),"The RAB is composed of Housing Authority residents who review and comment on the agency’s Annual and Five-Year Plans, capital projects, and policy changes, and receive updates on procurement and modernization work. This resident-majority committee provides structured oversight of projects and spending, creating accountability for vendor performance and ensuring residents’ voices shape housing investments and priorities.",Citizen Oversight and Evaluation Committees,Resistance to Change and New Initiatives,Housing Authority of the City of Pittsburgh,"200 Ross Street, Pittsburgh, PA 15219",https://hacp.org,info@hacp.org,
Resident Advisory Board (RAB),"The Housing Authority of the City of Pittsburgh’s Resident Advisory Board is comprised primarily of public housing and HCV/Section 8 residents who review HACP’s Annual and Five-Year Plans, capital projects, and policy changes before they are adopted. The RAB provides formal recommendations, evaluates contractor and program performance from a resident perspective, and hosts public meetings, creating a resident-majority oversight structure that increases transparency and trust in agency decisions.",Citizen Oversight and Evaluation Committees,Resistance to Change and New Initiatives,Housing Authority of the City of Pittsburgh,"200 Ross Street, Pittsburgh, PA 15219",https://www.hacp.org,info@hacp.org,
Resident Councils & Listening Campaigns,"Northside Coalition for Fair Housing organizes tenant leaders and neighborhood residents through door-to-door outreach and listening sessions across multiple Northside communities. They sustain resident councils that surface housing, safety, and family stability priorities, and convene structured problem-solving meetings with landlords, city agencies, schools, and service partners. This model channels the community’s agenda into institutional action, building trust and demonstrating that resi...",Neighborhood Organizers and Listening Campaigns,Intergenerational Transmission of Hopelessness,Northside Coalition for Fair Housing,"1821 Brighton Road, Pittsburgh, PA 15212",https://www.ncfh.org,info@ncfh.org,
Restorative Practices in Pittsburgh Public Schools,"Pittsburgh Public Schools implements restorative circles in classrooms and school communities to address conflict, repair harm, and rebuild trust among students, families, and staff. Educators are trained to facilitate circles for community-building and problem-solving, giving young people voice and modeling constructive, accountable relationships. This districtwide approach helps counter cynicism and disengagement by creating visible, positive pathways for collaboration and growth across gen...",Restorative Community Circles and Family Support Networks,Intergenerational Transmission of Hopelessness,Pittsburgh Public Schools,"341 S Bellefield Avenue, Pittsburgh, PA 15213",https://www.pghschools.org,face@pghschools.org,
Ribbon Cutting Services,"The Beaver County Chamber of Commerce hosts ribbon cutting ceremonies that publicly mark the launch or expansion of local enterprises and community projects. These events create visible milestones, attract media coverage, and serve as a platform for leaders and funders to make and reaffirm commitments, helping rebuild trust in communities affected by industrial decline.",Public Commitment Ceremonies and Visible Milestones,Resistance to Change and New Initiatives,Beaver County Chamber of Commerce,"798 Turnpike Street, Beaver, PA 15009",https://www.bcchamber.com,info@bcchamber.com,
Ribbon Cuttings & Downtown Updates,"The Erie Downtown Partnership organizes ribbon cuttings for new and expanding businesses and hosts public ‘Downtown Update’ sessions where progress and next steps are presented. These visible milestone events invite civic leaders and funders to make public commitments and provide transparent report-backs, countering skepticism by showing concrete advances in real time.",Public Commitment Ceremonies and Visible Milestones,Resistance to Change and New Initiatives,Erie Downtown Partnership,"140 East 5th Street, Erie, PA 16507",https://www.eriedowntown.com,info@eriedowntown.com,
Ribbon Cuttings & Grand Openings,"The Westmoreland County Chamber of Commerce provides formal ribbon cutting and grand opening ceremonies for new and expanding businesses and nonprofits. By coordinating officials, media, and community attendance and publicizing the milestones, the Chamber helps organizations make public pledges and show tangible progress, reinforcing accountability to the community and funders.",Public Commitment Ceremonies and Visible Milestones,Resistance to Change and New Initiatives,Westmoreland County Chamber of Commerce,"241 Tollgate Hill Road, Greensburg, PA 15601",https://www.westmorelandchamber.com,info@westmorelandchamber.com,
Ribbon Cuttings and Project Milestone Events,"Mon Valley Initiative regularly organizes public ribbon cuttings, groundbreakings, and community gatherings for housing rehabilitations and business district improvements across former mill towns. These events bring residents, municipal leaders, and funders together to mark visible milestones and share progress updates, building trust through public commitments and ongoing report‑backs.",Public Commitment Ceremonies and Visible Milestones,Resistance to Change and New Initiatives,Mon Valley Initiative,"305 East 8th Avenue, Homestead, PA 15120",https://monvalleyinitiative.com,info@monvalleyinitiative.com,
Rites of Passage and Family Support Circles,"Community Empowerment Association offers culturally responsive healing circles, parent support groups, and youth Rites of Passage circles that foster dialogue, accountability, and positive identity development. These circles create safe spaces for youth and caregivers to address conflict, share challenges, and learn restorative skills together. By connecting families with peer mentors and community resources, the program builds trust and role models constructive pathways out of hopelessness.",Restorative Community Circles and Family Support Networks,Intergenerational Transmission of Hopelessness,Community Empowerment Association,"7120 Kelly Street, Pittsburgh, PA 15208",https://www.ceapittsburgh.org,info@ceapittsburgh.org,
Rivers of Steel Arts – Community & Public Art Initiatives,"Rivers of Steel Arts engages communities across the Monongahela River Valley with public art projects, artist residencies, and heritage-focused programming that reinterpret industrial sites as places of creativity and pride. Through community-driven installations and events at landmarks like the Carrie Blast Furnaces and the Bost Building, residents participate in visible, place-based arts that rebuild identity and strengthen social cohesion in deindustrialized towns.","Community Gardens, Arts, and Civic Projects for Identity Rebuilding",Substance Abuse and Deaths of Despair Epidemic,Rivers of Steel,"623 East 8th Avenue, Homestead, PA 15120",https://riversofsteel.com,info@riversofsteel.com,
Rivers of Steel Arts – Metal Arts at the Carrie Blast Furnaces,"Rivers of Steel activates the historic Carrie Blast Furnaces site as a working industrial arts campus, offering metal casting, welding, and blacksmithing studios, workshops, and residencies. The program repurposes a former iron-making complex into a production and training environment where artists and fabricators develop skills, take on commissions, and produce small-batch work. This approach converts a legacy mill into a platform for hands-on jobs and creative manufacturing tied to local en...",Repurpose Industrial Sites into Maker Spaces and Small Factories,Brain Drain of Young and Educated,Rivers of Steel Heritage Corporation,"623 East 8th Avenue, Homestead, PA 15120",https://riversofsteel.com/arts/metal-arts/,info@riversofsteel.com,
Rivers of Steel Mini-Grant Program,"This program provides small grants to nonprofits and community groups across the Rivers of Steel National Heritage Area in Southwestern Pennsylvania to support heritage events, pop-up exhibits, community tours, and public space activations. By seeding neighborhood-scale projects that celebrate local identity and invite participation, the mini-grants help rebuild community pride, trust, and engagement in formerly industrial communities.",Micro‑Grant 'Small Wins' Program,Resistance to Change and New Initiatives,Rivers of Steel Heritage Corporation,"623 East 8th Avenue, Homestead, PA 15120",https://riversofsteel.com/grants/,info@riversofsteel.com,
Riverside Center for Innovation (BizFIT and Catapult),"RCI operates a neighborhood-focused business incubator on Pittsburgh’s North Side that offers affordable office and maker space, shared services, and hands-on business coaching for startups and microenterprises. Its BizFIT and Catapult programs use peer cohorts, mentorship, and procurement-readiness training to move founders from concept to storefront and into local supply chains. RCI connects entrepreneurs to microloans and flexible capital through partners such as local CDFIs and Kiva, crea...",Small Business Incubator and Mentoring,Intergenerational Transmission of Hopelessness,Riverside Center for Innovation,"700 River Avenue, Pittsburgh, PA 15212",https://www.riversidepgh.org,,
SBIRT Training & Implementation Support,"PERU at the University of Pittsburgh delivers SBIRT training, technical assistance, and workflow design for health systems, FQHCs, colleges, and community partners across Western Pennsylvania. They equip clinicians and front-line staff to conduct validated screenings, provide brief interventions, and make warm referrals, while integrating trauma-informed approaches that reduce stigma and improve engagement in care.",Train Local Workforce in SBIRT and Trauma-Informed Care,Substance Abuse and Deaths of Despair Epidemic,"Program Evaluation and Research Unit (PERU), University of Pittsburgh School of Pharmacy","3609 Forbes Avenue, Pittsburgh, PA 15213",https://www.peru.pitt.edu,peru@pitt.edu,
SBIRT Training & Technical Assistance,"IRETA provides comprehensive SBIRT training and consultation that equips primary care staff, school nurses, social workers, and other frontline personnel to screen for substance use, deliver brief interventions using motivational interviewing, and create clear referral pathways to treatment. Their trainers work with clinics, schools, employers, and community organizations across Western Pennsylvania to adapt SBIRT workflows, documentation, and follow-up protocols, strengthening early identifi...",Train Local Workforce in SBIRT and Trauma-Informed Care,Substance Abuse and Deaths of Despair Epidemic,"Institute for Research, Education and Training in Addictions (IRETA)","425 Sixth Avenue, Suite 1710, Pittsburgh, PA 15219",https://www.ireta.org,info@ireta.org,
SBIRT and Motivational Interviewing Training,"IRETA provides evidence-based training and implementation support in Screening, Brief Intervention, and Referral to Treatment (SBIRT) for primary care teams, school nurses, social workers, and community-based providers. Their workshops and coaching help organizations adopt standardized screening tools, deliver brief interventions using motivational interviewing, and build trauma-informed referral pathways to treatment, enabling earlier identification and response to substance use.",Train Local Workforce in SBIRT and Trauma-Informed Care,Substance Abuse and Deaths of Despair Epidemic,"Institute for Research, Education and Training in Addictions (IRETA)","425 Sixth Avenue, Suite 1710, Pittsburgh, PA 15219",https://ireta.org,info@ireta.org,
SCORE Pittsburgh Mentoring,"SCORE Pittsburgh provides no-cost, confidential, one-on-one mentoring by experienced and often retired executives to aspiring and existing small business owners. The chapter matches younger entrepreneurs with seasoned mentors for ongoing guidance, business planning, and network-building, directly facilitating cross-generational knowledge transfer and collaboration.",Cross-Generational Mentorship Network,Brain Drain of Young and Educated,SCORE Pittsburgh,"411 7th Avenue, Suite 1450, Pittsburgh, PA 15219",https://www.score.org/pittsburgh,pittsburgh@scorevolunteer.org,
STEM Career Spotlight,"Carnegie Science Center’s STEM Career Spotlight features short videos, interviews, and exhibits that highlight local professionals and the education pathways that led them into high-demand regional jobs. The content is integrated into field trips, educator resources, and social media, giving students and families practical examples of how learning translates to meaningful work. By showcasing real Western Pennsylvania role models, the initiative promotes aspiration and a clear line of sight fr...",Positive Local Narrative Campaign,Intergenerational Transmission of Hopelessness,Carnegie Science Center,"1 Allegheny Avenue, Pittsburgh, PA 15212",https://carnegiesciencecenter.org,info@carnegiesciencecenter.org,
Safe Harbor Behavioral Health of UPMC Hamot – Crisis Residential Unit,"A voluntary, short-term residential program that offers a safe, supervised setting for adults experiencing mental health and substance use crises, including recovery from intoxication. The unit provides basic medical and behavioral observation, meals, and coordinated warm handoffs to ongoing treatment, community supports, and housing services across Erie County.",Sobering Centers and Short-Term Respite Care,Substance Abuse and Deaths of Despair Epidemic,Safe Harbor Behavioral Health of UPMC Hamot,"1330 West 26th Street, Erie, PA 16508",https://www.upmc.com/locations/clinics/hamot/safe-harbor-behavioral-health,,
School 2 Career (S2C),"School 2 Career connects high-school youth from Oakland and nearby neighborhoods with mentors from local employers and universities for individualized guidance, job shadowing, and career exploration. Mentors are recruited through partnerships with businesses, higher education institutions, and community groups, providing role models who demonstrate viable pathways to good jobs. OPDC staff create, support, and track each match, aligning activities to students’ interests and documenting goals, ...",Community Mentorship Network,Intergenerational Transmission of Hopelessness,Oakland Planning and Development Corporation (OPDC),"294 Semple Street, Pittsburgh, PA 15213",https://www.opdc.org,info@opdc.org,
School-Based Outpatient & Student Assistance Services,"Wesley Family Services embeds therapists in schools across Western Pennsylvania to provide school-based outpatient counseling, SAP coordination, and crisis intervention for students impacted by trauma and addiction. The team collaborates with educators and families and offers consultation on trauma-informed strategies, ensuring timely access to mental health care within the school environment.",Trauma-Informed Schools and Youth Programs,Substance Abuse and Deaths of Despair Epidemic,Wesley Family Services,"201 South Braddock Avenue, Suite 200, Pittsburgh, PA 15221",https://wfspa.org,info@wfspa.org,
School-Based Outpatient and Family Based Mental Health,"Pressley Ridge places licensed clinicians in schools to deliver individual and group counseling, coordinate care with teachers, and engage families through its School-Based Outpatient services. Its Family Based Mental Health teams provide intensive, in-home, trauma-informed therapy to children with serious emotional needs and their caregivers. Together these services expand access to counseling in schools and bring mobile family counseling into the home to break cycles of trauma.",Trauma-Informed Schools and Community Counseling,Intergenerational Transmission of Hopelessness,Pressley Ridge,"5500 Corporate Drive, Suite 400, Pittsburgh, PA 15237",https://www.pressleyridge.org,info@pressleyridge.org,
School-Based Services & Trauma-Informed Education,"Pressley Ridge provides school-based outpatient therapy and mobile mental health services, as well as specialized schools that integrate trauma-informed care with academics. They train staff and caregivers in trauma-responsive strategies and coordinate individualized supports, helping students stabilize, build resilience, and remain connected to learning and caring adult mentors.",Trauma-Informed Schools and Youth Programs,Substance Abuse and Deaths of Despair Epidemic,Pressley Ridge,"530 Marshall Avenue, Pittsburgh, PA 15214",https://www.pressleyridge.org,info@pressleyridge.org,
Second Saturday Sharpsburg Cleanups,"This recurring volunteer effort brings neighbors together each month to sweep streets, remove litter, and plant or maintain public spaces across Sharpsburg. The organization often follows cleanup shifts with informal community gatherings or cookouts in local parks, using food and celebration to build trust, welcome new volunteers, and demonstrate visible, shared success.",Neighborhood Improvement Days and Block Celebrations,Resistance to Change and New Initiatives,Sharpsburg Neighborhood Organization,"1015 Main Street, Sharpsburg, PA 15215",https://www.sharpsburgneighborhood.org,info@sharpsburgneighborhood.org,
Sharpsburg Cleanup & Cookout,"Sharpsburg Neighborhood Organization hosts recurring community cleanup days—covering litter pickup, planting, and alley beautification—followed by a neighborhood cookout. The shared meal provides a welcoming space to celebrate visible progress, meet neighbors, and recruit volunteers for future efforts. This pairing directly confronts learned helplessness by turning small wins into community-wide affirmation.",Neighborhood Improvement Days and Block Celebrations,Resistance to Change and New Initiatives,Sharpsburg Neighborhood Organization,"1014 N Canal Street, Suite 3, Sharpsburg, PA 15215",https://www.sharpsburgneighborhood.org,info@sharpsburgneighborhood.org,
Sharpsburg SOUP Community Microgrants,"Sharpsburg Neighborhood Organization organizes public pitch nights where neighbors present small-scale community projects and attendees vote to determine which proposals receive microgrant funding. This participatory budgeting format pairs proposal workshops with transparent, resident voting to direct resources toward priorities identified by Sharpsburg residents.",Participatory Budgeting for Neighborhood Projects,Resistance to Change and New Initiatives,Sharpsburg Neighborhood Organization,"1017 N Canal Street, Suite 1, Sharpsburg, PA 15215",https://www.sharpsburgneighborhood.org,info@sharpsburgneighborhood.org,
Shenango LaunchBox,"Located on East State Street in downtown Sharon, the Shenango LaunchBox offers coworking space, private offices, conference rooms, and reliable high-speed internet. It pairs workspace with business coaching, clinics, and connections to local networks, providing a soft landing for remote workers and solo entrepreneurs who want to stay and grow in the region.",Co-working Hubs and Remote Work Support,Brain Drain of Young and Educated,Penn State Shenango (Invent Penn State),"358 East State Street, Sharon, PA 16146",https://shenango.psu.edu/shenango-launchbox,shenangolaunchbox@psu.edu,
Shift Collaborative (Worker-Owned Cooperative),"Shift Collaborative is a worker-owned creative agency where employees share ownership and governance of the firm. Its cooperative structure provides meaningful local careers, profit-sharing, and democratic decision-making, anchoring creative talent in Pittsburgh and modeling how worker cooperatives keep capital and control in the community.",Local Investment Vehicle and Worker Cooperatives,Brain Drain of Young and Educated,Shift Collaborative,"3719 Butler Street, Suite 200, Pittsburgh, PA 15201",https://shiftcollaborative.com,hello@shiftcollaborative.com,
Shop Somerset County – Buy Local Initiative,"The Somerset County Chamber’s Buy Local initiative promotes county-based retailers, contractors, and service providers through coordinated marketing, business directories, and community events that encourage residents and institutions to hire and shop locally. By steering everyday purchases and event/vendor procurement to chamber-member businesses within the county, the campaign strengthens local firms and keeps spending and jobs in Western Pennsylvania’s smaller communities.",Buy Local and Contractor Preference Campaigns,Brain Drain of Young and Educated,Somerset County Chamber of Commerce,"601 North Center Avenue, Somerset, PA 15501",https://www.somersetcountychamber.com,info@somersetcountychamber.com,
Skilled Trades Training & Pre-Apprenticeship,"Trade Institute of Pittsburgh provides intensive masonry, carpentry, and welding training that prepares adults with barriers to employment—including those affected by the opioid crisis—for entry-level jobs and union apprenticeships. The program combines hands-on instruction, industry-recognized credentials, and strong employer partnerships to place graduates into paid work that rebuilds purpose and stability. It operates in a historically deindustrialized area and integrates coaching and supp...","Job Training, Apprenticeships, and Social Enterprises",Substance Abuse and Deaths of Despair Epidemic,Trade Institute of Pittsburgh,"7800 Susquehanna Street, Pittsburgh, PA 15208",https://www.tipgh.org,info@tipgh.org,
Skilled Trades Training Program,"The Trade Institute of Pittsburgh works with building-trades unions, contractors, community organizations, and reentry partners to create direct pipelines into masonry, carpentry, and related trades. Participants receive hands-on training, job placement with employer partners, and wraparound supports such as case management, transportation assistance, and help obtaining tools—making career steps and union apprenticeship entry points clear and attainable.",Employer-Community Career Pathway Partnerships,Intergenerational Transmission of Hopelessness,Trade Institute of Pittsburgh,"7800 Susquehanna Street, Pittsburgh, PA 15208",https://www.tradeinstitute.org,info@tradeinstitute.org,
Small Business Loan Program,"The Neighborhood Community Development Fund provides micro and small business loans to entrepreneurs in underserved neighborhoods, often serving as first-in capital for storefronts and local service businesses. Governed by a community-rooted CDFI, the revolving loan pool recycles repayments into new loans, making investment visible and continuous. This hands-on, relationship-based lending builds credibility and counters the 'nothing works here' mindset.",Community Seed Fund and Microloan Program,Resistance to Change and New Initiatives,Neighborhood Community Development Fund,"618 Pressley Street, Suite 301, Pittsburgh, PA 15212",https://www.theneighborhoodfund.org/loans/,info@theneighborhoodfund.org,
Small Business Loans & Business Assistance,"Bridgeway Capital offers microloans and growth capital to startups and small businesses across Western Pennsylvania, paired with hands-on business coaching and cohort-based programs through its Creative Business Accelerator. This combination of accessible capital and mentorship enables families to launch and scale local enterprises, building community wealth and providing visible role models for youth.",Small Business Incubator and Mentoring,Intergenerational Transmission of Hopelessness,"Bridgeway Capital, Inc.","707 Grant Street, Suite 4300, Pittsburgh, PA 15219",https://www.bridgewaycapital.org,info@bridgewaycapital.org,
Small Business Loans (Microloans and Working Capital),"Bridgeway Capital, a community development financial institution, offers microloans and flexible small business financing to startups and neighborhood enterprises across Western Pennsylvania. Governed locally and designed to revolve as loans are repaid, the fund channels capital to resident-led businesses, reinforcing confidence through visible, sustained investment.",Community Seed Fund and Microloan Program,Resistance to Change and New Initiatives,Bridgeway Capital,"707 Grant Street, Suite 1245, Pittsburgh, PA 15219",https://www.bridgewaycapital.org/financing/small-business-loans/,info@bridgewaycapital.org,
Small Change Real Estate Crowdfunding Platform,"Small Change is a Pittsburgh-based, SEC-registered crowdfunding portal that enables residents to invest small amounts in local real estate and community development projects. By aggregating community investment into mission-aligned deals, it keeps wealth-building opportunities and decision-making power local, improving neighborhood assets and making Western Pennsylvania communities more attractive places to live and work.",Local Investment Vehicle and Worker Cooperatives,Brain Drain of Young and Educated,Small Change,"1936 Fifth Avenue, Pittsburgh, PA 15219",https://www.smallchange.co,info@smallchange.co,
Small Grants Program,"Staunton Farm Foundation offers small, seed grants to community-based organizations working in mental health and substance use across Southwestern Pennsylvania, including deindustrialized communities in the region. These micro-grants prioritize peer-led recovery efforts, mutual-aid groups, and mobile outreach, enabling grassroots projects to pilot new ideas and build evidence to attract larger funding, effectively operating as a community recovery fund.",Community Recovery Fund and Micro-Grants,Substance Abuse and Deaths of Despair Epidemic,Staunton Farm Foundation,"800 N Bell Avenue, Carnegie, PA 15106",https://www.stauntonfarm.org,info@stauntonfarm.org,
Small and Mighty Grants,"Small and Mighty Grants provide project and operating support to grassroots nonprofits (typically under $600,000 in annual revenue) delivering free or low-cost community programming in shared spaces like libraries, churches, parks, and storefronts. Many grantees use funds to cover space costs, supplies, and facilitation for gatherings that build social connection and trust. The program prioritizes equitable, nonpartisan, community-centered activities that strengthen neighborhood networks acro...",Community Recovery Fund and Micro-Grants,Substance Abuse and Deaths of Despair Epidemic,The Pittsburgh Foundation,"5 PPG Place, Suite 250, Pittsburgh, PA 15222",https://pittsburghfoundation.org/smallandmighty,info@pghfdn.org,
Small and Mighty Grants – Westmoreland County,"Through its affiliate, The Community Foundation of Westmoreland County, The Pittsburgh Foundation extends Small and Mighty micro-grants to support grassroots organizations in Westmoreland County. Funding helps resident-led and community-based groups pilot recovery supports such as peer mentorship, family stabilization, and neighborhood outreach, with the ability to expand what proves effective. The locally governed fund strengthens capacity in deindustrialized communities facing high rates of...",Community Recovery Fund and Micro-Grants,Substance Abuse and Deaths of Despair Epidemic,The Community Foundation of Westmoreland County (affiliate of The Pittsburgh Foundation),"41 West Otterman Street, Suite 520, Greensburg, PA 15601",https://pittsburghfoundation.org/westmoreland,info@pghfdn.org,
Sojourner House MOMS,"Sojourner House MOMS provides transitional, recovery-focused housing for mothers in recovery and their children through scattered-site apartments that have been rehabilitated and repurposed in Pittsburgh neighborhoods. The program integrates peer recovery support, recovery programming, and intensive case management to sustain sobriety and family stability while residents build community and self-sufficiency.",Peer-Run Transitional and Recovery Housing,Substance Abuse and Deaths of Despair Epidemic,Sojourner House,"5907 Penn Avenue, Pittsburgh, PA 15206",https://www.sojournerhousepa.org,info@sojournerhousepa.org,
Sojourner House MOMS Childcare,"Sojourner House provides recovery housing and treatment for mothers with substance use disorders and operates licensed childcare so parents can attend counseling, group therapy, and court-mandated programming. By caring for children onsite and coordinating schedules with clinical services, the program removes two major barriers—childcare and logistics—to help women consistently access treatment and recovery supports.",Volunteer Transportation and Childcare for Treatment Access,Substance Abuse and Deaths of Despair Epidemic,"Sojourner House, Inc.","5460 Penn Avenue, Pittsburgh, PA 15206",https://www.sojournerhousepa.org,info@sojournerhousepa.org,
Sojourner House MOMS Program,"Sojourner House MOMS provides transitional, recovery-focused housing for mothers with substance use disorders and their children in apartment-style homes across Pittsburgh’s East End. Certified peer recovery specialists and alumni mentors support residents with daily recovery routines, house meetings, parenting support, and relapse prevention, while case managers coordinate healthcare, employment, and permanent housing plans.",Peer-Run Transitional and Recovery Housing,Substance Abuse and Deaths of Despair Epidemic,Sojourner House,"5460 Penn Avenue, Pittsburgh, PA 15206",https://www.sojournerhousepa.org,info@sojournerhousepa.org,
Sojourner House Residential Treatment Program & Child Development Center,"Sojourner House provides residential substance use treatment for mothers and integrates a licensed Child Development and Learning Center so children receive care while their parents attend therapy, groups, and case management. This direct childcare support removes a critical barrier to treatment engagement and compliance, including for parents involved with the courts or child welfare.",Volunteer Transportation and Childcare for Treatment Access,Substance Abuse and Deaths of Despair Epidemic,Sojourner House,"5460 Penn Avenue, Pittsburgh, PA 15206",https://www.sojournerhousepa.org,,
Squirrel Hill Health Center – Consumer-Majority Board of Directors,"As a Federally Qualified Health Center, SHHC is governed by a patient-majority board of directors who live in the service area and oversee budgets, quality metrics, and key contracts. This built-in resident oversight ensures that community members evaluate organizational performance and vendor relationships, increasing transparency and trust in critical health services.",Citizen Oversight and Evaluation Committees,Resistance to Change and New Initiatives,Squirrel Hill Health Center,"4516 Browns Hill Road, Pittsburgh, PA 15217",https://www.squirrelhillhealthcenter.org,,
Stack PGH,"Stack PGH is a community-focused coworking space for freelancers and creatives offering shared desks, private offices, conference rooms, and fast Wi‑Fi in the Highland Park business district. It supports remote professionals with flexible, affordable workspace and networking, helping them build sustainable careers and stay rooted in Pittsburgh’s neighborhoods.",Co-working Hubs and Remote Work Support,Brain Drain of Young and Educated,"Stack PGH, LLC","5718 Bryant Street, Pittsburgh, PA 15206",https://www.stackpgh.com,hello@stackpgh.com,
Stand Together,"Stand Together is a student-powered, school-based initiative that trains youth to use lived-experience storytelling, peer-led activities, and social marketing to reduce stigma surrounding mental illness and substance use disorders. Through assemblies, classroom presentations, and student-designed campaigns, trained youth ambassadors share personal narratives, challenge harmful stereotypes, and connect peers to help and resources, directly encouraging help-seeking behaviors in their schools an...",Community Anti‑Stigma and Peer Story Campaigns,Substance Abuse and Deaths of Despair Epidemic,"Allegheny HealthChoices, Inc.","444 Liberty Avenue, Suite 240, Pittsburgh, PA 15222",https://standtogether.againststigma.org,standtogether@ahci.org,
Start on Success (SOS),"Start on Success places high school students into paid, school-supported internships with local employers and public agencies while providing job coaching and soft-skills instruction through the Allegheny Intermediate Unit. Students earn wages and academic credit as they build experience in real workplaces, gaining references and industry exposure. By tying paid work to nearby organizations, SOS creates direct pathways into local jobs and apprenticeships after graduation.",Paid Local Apprenticeships and Youth Internships,Brain Drain of Young and Educated,Allegheny Intermediate Unit,"475 East Waterfront Drive, Homestead, PA 15120",https://www.aiu3.net,,
Startable PGH,"Startable PGH is a paid summer entrepreneurship program where teens design, build, and launch their own products and ventures. Participants receive stipends and seed funding/micro-grants to prototype and test their ideas, culminating in a pitch event, which develops work ethic, practical business skills, and resumes through real-world, youth-led projects.",Paid Youth Employment and Micro-Grants,Intergenerational Transmission of Hopelessness,Innovation Works,"100 S Commons, Suite 102, Pittsburgh, PA 15212",https://startablepgh.org,info@innovationworks.org,
Startable Pittsburgh,"Startable is a youth entrepreneurship program that pays stipends and provides seed funding/micro-grants for teens to design, prototype, and launch their own product-based ventures. Participants work in teams with mentors, receive entrepreneurship training, and present their businesses for small grants—building confidence, resumes, and real-world experience.",Paid Youth Employment and Micro-Grants,Intergenerational Transmission of Hopelessness,"Innovation Works, Inc.","707 Grant Street, Suite 3200, Pittsburgh, PA 15219",https://www.startablepgh.org,info@innovationworks.org,
Startable Pittsburgh,"Startable Pittsburgh is a summer entrepreneurship program where teens design, build, and sell products while earning a stipend and receiving seed micro-grants to prototype and launch youth-led ventures. Run by Innovation Works and community partners, Startable provides coaching, maker-space access, and pitch opportunities that can unlock additional micro-funding. The model directly funds stipended project teams and youth-owned micro-enterprises, cultivating agency, work experience, and a trac...",Paid Youth Employment and Micro-Grants,Intergenerational Transmission of Hopelessness,Innovation Works,"650 Smithfield Street, Suite 2400, Pittsburgh, PA 15222",https://startablepgh.org,info@innovationworks.org,
Sto-Rox Family Center Parent Cafés and Family Support,"The Sto-Rox Family Center hosts regular Parent Cafés—structured, peer-led conversation circles grounded in the Strengthening Families framework—where caregivers share lived experience, problem-solve together, and build mutual support. The center also provides family resources, childcare, and community meals that bring neighbors together and strengthen cross-generational ties. By elevating parent voice and facilitating ongoing peer networks, the program addresses isolation and hopelessness whi...",Restorative Community Circles and Family Support Networks,Intergenerational Transmission of Hopelessness,Focus On Renewal,"420 Chartiers Avenue, McKees Rocks, PA 15136",https://forstorox.org,info@forstorox.org,
Stories of Impact,"New Sun Rising documents and shares multimedia stories of local entrepreneurs, artists, youth program alumni, and community leaders—especially in Pittsburgh’s Northside—who have launched businesses, advanced their education, and built careers with support from the organization. The stories highlight concrete steps, resources, and partnerships that led to success, providing relatable role models for families and youth. Profiles and videos are distributed through a public story hub, newsletters...",Positive Local Narrative Campaign,Intergenerational Transmission of Hopelessness,New Sun Rising,"100 South Commons, Suite 106, Pittsburgh, PA 15212",https://www.newsunrising.org/stories/,info@newsunrising.org,
Street Outreach and Peer Support Services,"Community Human Services employs Certified Peer Specialists and neighborhood outreach workers—often with lived experience in the same communities—to build trust with residents who are wary of institutions. These paid peers explain available housing, benefits, and behavioral health resources, gather feedback on barriers, and recruit participants through consistent relationship-based engagement in the streets and shelters. The credible-messenger model uses trusted neighbors to overcome the 'we’...",Peer Ambassadors and Trusted Neighbor Network,Resistance to Change and New Initiatives,Community Human Services,"2525 Liberty Avenue, Pittsburgh, PA 15222",https://chscorp.org,info@chscorp.org,
Strengthening Families Program: For Parents and Youth 10–14,"The Open Door offers the evidence-based Strengthening Families Program, a multi-week series of parent, youth, and family sessions that builds parenting skills, family communication, and youth resilience to reduce the risk of substance use. The program directly supports families affected by addiction by providing structured, skills-based groups that improve family functioning and protect children from trauma.",Family Support and Child-Focused Services,Substance Abuse and Deaths of Despair Epidemic,"The Open Door, Inc.","665 Philadelphia Street, Indiana, PA 15701",https://www.theopendoor.org,info@theopendoor.org,
Student Advisory Committee,"Cranberry Township’s Student Advisory Committee engages local high school students as a youth council that meets with municipal staff and elected officials to learn about local government and advise on community issues. Participants complete civic projects, contribute youth perspectives to township initiatives, and receive public recognition for their service, directly advancing youth leadership and engagement in municipal decision-making.",Youth Leadership and Civic Engagement Programs,Intergenerational Transmission of Hopelessness,Cranberry Township,"2525 Rochester Road, Cranberry Township, PA 16066",https://www.cranberrytownship.org/346/Student-Advisory-Committee,info@cranberrytownship.org,
Student Assistance Program (SAP) Services,"The Open Door provides SAP liaisons and behavioral health specialists in schools across Indiana County to identify and support students affected by a family member’s substance use. Staff coordinate with parents and school teams, offer family consultation and referrals, and deliver evidence-based parent workshops such as Strengthening Families to improve family functioning. By bridging home, school, and treatment providers, SAP reduces trauma exposure and keeps students connected to care.",Family Support and Child-Focused Services,Substance Abuse and Deaths of Despair Epidemic,"The Open Door, Inc.","665 Philadelphia Street, Indiana, PA 15701",https://www.theopendoor.org,,
Student Civic Leadership Academy (High School),"The City of Pittsburgh’s Student Civic Leadership Academy is a multi-session program that educates high school students about how city government works, introduces them to department leaders, and engages them in hands-on problem-solving and service projects. By giving teens direct access to local officials and structured civic training, the program builds youth voice in public decision-making and recognizes their contributions to neighborhood improvement.",Youth Leadership and Civic Engagement Programs,Intergenerational Transmission of Hopelessness,"City of Pittsburgh, Office of Community Affairs","414 Grant Street, Pittsburgh, PA 15219",https://pittsburghpa.gov/ocla,,
Student Success Stories,"Bidwell Training Center publishes video and written profiles of graduates—many from Pittsburgh’s historically disinvested neighborhoods—who completed no-cost career training and secured stable employment. These narratives detail the obstacles students faced and the step-by-step supports (training, certifications, employer connections) that led to success. The stories are distributed through the website, newsletters, and social channels to inspire residents and demonstrate viable, local pathwa...",Positive Local Narrative Campaign,Intergenerational Transmission of Hopelessness,Bidwell Training Center (Manchester Bidwell Corporation),"1815 Metropolitan Street, Pittsburgh, PA 15233",https://www.bidwelltraining.edu,admissions@bidwelltraining.edu,
Summer Jobs and More (JAM),"JAM places Erie County youth with paid summer employment at local nonprofits, municipalities, and businesses, pairing wages with job-readiness training and mentoring. Administered by the county with community partners, the program helps young people build resumes, learn workplace expectations, and envision viable career pathways in their own region.",Paid Youth Employment and Micro-Grants,Intergenerational Transmission of Hopelessness,Erie County Department of Human Services,"154 West 9th Street, Erie, PA 16501",https://eriecountypa.gov,dhsinfo@eriecountypa.gov,
Superintendent’s Student Advisory Council,"Pittsburgh Public Schools’ Superintendent’s Student Advisory Council convenes student representatives from across the district to advise on policies, school climate, and strategic initiatives. Members develop leadership skills, present recommendations to district leadership, and often spearhead service or improvement projects in their schools and neighborhoods—providing youth a formal voice in decisions and experience addressing community concerns.",Youth Leadership and Civic Engagement Programs,Intergenerational Transmission of Hopelessness,Pittsburgh Public Schools,"341 South Bellefield Avenue, Pittsburgh, PA 15213",https://www.pghschools.org,info@pghschools.org,
Supplier Diversity Program,"The URA’s Supplier Diversity Program embeds local and diverse vendor utilization requirements into development deals and purchasing, prioritizing Western Pennsylvania firms for construction, professional services, and procurement. The program provides outreach and technical assistance to connect local businesses with contract opportunities, advancing a buy-local approach that grows neighborhood-based enterprises.",Buy Local and Contractor Preference Campaigns,Brain Drain of Young and Educated,Urban Redevelopment Authority of Pittsburgh (URA),"412 Boulevard of the Allies, Pittsburgh, PA 15219",https://www.ura.org/pages/supplier-diversity,info@ura.org,
Syringe Services & Harm Reduction Program,"Prevention Point Pittsburgh operates Allegheny County’s authorized syringe services program, providing sterile supplies, safe disposal, and linkages to care. They distribute fentanyl test strips and naloxone, and deliver on-site education on safer use and overdose recognition/response through fixed and mobile outreach in deindustrialized neighborhoods.",Local Harm Reduction Services and Education,Substance Abuse and Deaths of Despair Epidemic,Prevention Point Pittsburgh,"907 West Street, Pittsburgh, PA 15221",https://www.pppgh.org,info@pppgh.org,
Syringe Services & Harm Reduction Program,"Prevention Point Pittsburgh operates a legal syringe services program, mobile outreach, and fixed-site services that provide sterile syringes, safe disposal, naloxone, and fentanyl test strips. They also deliver harm-reduction education, including safer-use practices and overdose prevention training, directly in neighborhoods with high overdose rates across Western Pennsylvania.",Local Harm Reduction Services and Education,Substance Abuse and Deaths of Despair Epidemic,Prevention Point Pittsburgh,"907 West Street, Wilkinsburg, PA 15221",https://pppgh.org,info@pppgh.org,
Syringe Services Program (SSP),"The Erie County Department of Health operates a county-authorized syringe services program that supplies sterile syringes and safe disposal, provides HIV/HCV screening, and distributes naloxone and fentanyl test strips. The department leads community education and training on safer use and overdose prevention in collaboration with local partners to expand access to evidence-based harm reduction.",Local Harm Reduction Services and Education,Substance Abuse and Deaths of Despair Epidemic,Erie County Department of Health,"606 West 2nd Street, Erie, PA 16507",https://eriecountypa.gov/departments/health/,,
TIP Graduation and Hiring Day,"The Trade Institute of Pittsburgh provides hands-on training in masonry, carpentry, and other trades, culminating in formal graduations where students are recognized and often meet employers at on-site hiring events. These public ceremonies celebrate completion, industry certifications, and first job offers, marking a clear rite of passage from training to a career. By honoring effort and success in front of family and community, TIP normalizes skilled career pathways and builds confidence an...",Recognition and Rite-of-Passage Celebrations,Intergenerational Transmission of Hopelessness,Trade Institute of Pittsburgh,"7800 Susquehanna Street, Pittsburgh, PA 15208",https://tipgh.org,info@tipgh.org,
TIP Stories,"The Trade Institute of Pittsburgh publishes short videos, photo essays, and written profiles of trainees—many formerly incarcerated or facing significant barriers—who completed masonry and carpentry programs and moved into family-sustaining careers. These narratives break cycles of hopelessness by showcasing practical training steps, employer partnerships, and the resilience of local residents. Content is shared via the website, newsletters, and social media, and is used in community presenta...",Positive Local Narrative Campaign,Intergenerational Transmission of Hopelessness,Trade Institute of Pittsburgh,"7800 Susquehanna Street, Suite 301, Pittsburgh, PA 15208",https://www.tipgh.org/stories,info@tipgh.org,
Teen Apprenticeship Program (TAP),"Assemble’s Teen Apprenticeship Program (TAP) hires high school youth as paid apprentices to work in small teams on real STEAM projects for the community and local clients. Participants earn stipends while receiving mentorship from teaching artists and technologists, building portfolios, soft skills, and leadership. The stipended, project-based format gives youth tangible accomplishments and role models, aligning with paid employment and youth-led initiatives administered by a neighborhood-bas...",Paid Youth Employment and Micro-Grants,Intergenerational Transmission of Hopelessness,Assemble,"4824 Penn Avenue, Pittsburgh, PA 15224",https://assemblepgh.org,info@assemblepgh.org,
Teen Programs & Community Classes,"Pittsburgh Glass Center runs teen glassblowing and flameworking programs alongside community open studios that intentionally mix ages. Experienced glass artists—including long-time local practitioners and retired industrial craftworkers—teach techniques, mentor youth, and share stories of Pittsburgh’s glass-making legacy. These intergenerational skill-sharing activities honor craftsmanship and give young people tangible routes to meaningful, team-based work.",Intergenerational Skill-Sharing Events,Intergenerational Transmission of Hopelessness,Pittsburgh Glass Center,"5472 Penn Avenue, Pittsburgh, PA 15206",https://www.pittsburghglasscenter.org,info@pittsburghglasscenter.org,
TeenBloc,"TeenBloc is a youth-led policy and organizing council for Pittsburgh Public Schools students that trains participants to research issues, speak at public hearings, and advocate to the School Board. Students receive mentorship from experienced organizers and educators and often stipends for their work, creating a paid pathway to civic leadership while ensuring student voice shapes decisions about schooling and district services.",Youth Councils and Local Leadership Pathways,Brain Drain of Young and Educated,A+ Schools,"1901 Centre Avenue, Suite 302, Pittsburgh, PA 15219",https://www.aplusschools.org,info@aplusschools.org,
TeenBloc,"TeenBloc is a youth-led policy and organizing council for Pittsburgh Public Schools students that trains participants to research issues, speak at public hearings, and advocate to the School Board. Students receive mentorship from experienced organizers and educators and often stipends for their work, creating a paid pathway to civic leadership while ensuring student voice shapes decisions about schooling and district services.",Youth Leadership and Civic Engagement Programs,Intergenerational Transmission of Hopelessness,A+ Schools,"1901 Centre Avenue, Suite 302, Pittsburgh, PA 15219",https://www.aplusschools.org,info@aplusschools.org,
The Big Idea Cooperative Bookstore & Cafe,"The Big Idea is a collectively run, worker-owned bookstore and cafe that shares ownership and management among its workers. By creating democratic jobs and reinvesting revenues locally, it demonstrates how worker cooperatives can build community wealth, provide meaningful work, and help retain creative and civic-minded residents in Western Pennsylvania.",Local Investment Vehicle and Worker Cooperatives,Brain Drain of Young and Educated,The Big Idea Cooperative Bookstore & Cafe,"4812 Liberty Avenue, Pittsburgh, PA 15224",https://bigideapgh.com,info@bigideapgh.com,
The Big Idea: Northside (Community Voting Mini-Grants),"The Big Idea is a public pitch and voting event where Northside residents allocate mini-grant funds to neighborhood projects by casting votes for their priorities. Applicants attend preparatory workshops to refine ideas, then present at a community event where residents directly decide which projects receive funding from a set pool. This open, resident-led voting and transparent selection process operationalizes participatory budgeting and increases trust by giving neighbors real control over...",Participatory Budgeting for Neighborhood Projects,Resistance to Change and New Initiatives,New Sun Rising,"112 Sherman Street, Millvale, PA 15209",https://www.newsunrising.org,info@newsunrising.org,
The Big Table Greater Pittsburgh,"A region-wide day of small-group conversations hosted in homes, libraries, faith spaces, and workplaces that invites residents to share lived experiences and hopes for their communities. Facilitators create respectful, structured listening circles where people can voice past disappointments with institutions, document grievances, and co-identify practical next steps. By validating experiences and aggregating themes for follow-up, the initiative helps rebuild trust and mobilize new engagement.",Listening Circles and Restorative History Sessions,Resistance to Change and New Initiatives,The Pittsburgh Foundation,"Five PPG Place, Suite 250, Pittsburgh, PA 15222",https://pittsburghfoundation.org/bigtable,info@pghfdn.org,
The Bulletin,"The Bulletin is a monthly, nonpartisan neighborhood newspaper covering Bloomfield, Garfield, Friendship, Lawrenceville, and nearby East End communities. It profiles everyday civic contributors, small businesses, and resident-led projects, and promotes local meetings and resources. By elevating personal stories and community initiatives across print and digital channels, it reframes neighborhood identity around shared values and participation.",Local Storytelling and Media Campaign,Resistance to Change and New Initiatives,Bloomfield-Garfield Corporation,"5149 Penn Avenue, Pittsburgh, PA 15224",https://bloomfield-garfield.org/the-bulletin/,bulletin@bloomfield-garfield.org,
The Bulletin (Community Newspaper),"The Bulletin is a free, monthly newspaper that produces and distributes hyperlocal stories across Pittsburgh’s East End, featuring resident profiles, youth achievements, and small business spotlights. By publishing positive, attainable examples of neighbors overcoming obstacles and connecting to training, education, and jobs, it provides role models and concrete pathways to a stable life. Print circulation and online posts ensure these uplifting narratives reach families who may otherwise onl...",Positive Local Narrative Campaign,Intergenerational Transmission of Hopelessness,Bloomfield-Garfield Corporation,"5149 Penn Avenue, Pittsburgh, PA 15224",https://bloomfield-garfield.org/the-bulletin/,info@bloomfield-garfield.org,
The Bulletin (East End Community Newspaper),"The Bulletin is a free monthly newspaper serving Bloomfield, Garfield, Friendship, Lawrenceville, and nearby neighborhoods, with reporting that centers resident perspectives, small business growth, and community-led projects. Regular features document neighborhood history and the people advancing practical solutions today, creating a public record of what works and why. This storytelling counteracts cynicism by showcasing progress and inviting community participation in local decision-making.",Local Storytelling and Media Campaign,Resistance to Change and New Initiatives,Bloomfield-Garfield Corporation,"113 North Pacific Avenue, Pittsburgh, PA 15224",https://bloomfield-garfield.org/the-bulletin,bulletin@bloomfield-garfield.org,
The CARE Center - Student Assistance Program (SAP) and Family Services,"SPHS’s CARE Center operates SAP liaisons in local school districts to identify and support students impacted by family addiction, linking them to counseling and community resources. Complementary family counseling and evidence-based parenting classes (such as Strengthening Families) help caregivers build skills, reduce household stress, and create safer, more stable environments that mitigate trauma and interrupt cycles of substance use.",Family Support and Child-Focused Services,Substance Abuse and Deaths of Despair Epidemic,"Southwestern Pennsylvania Human Services, Inc. (SPHS)","75 East Maiden Street, Washington, PA 15301",https://www.sphs.org,,
The Chill Project (School-Based Behavioral Health),"AHN’s Chill Project places licensed behavioral health clinicians and mindfulness spaces directly in partner schools throughout Western Pennsylvania to deliver therapy, group sessions, and crisis support to students. The program provides training and coaching for teachers and staff in trauma-informed, de-escalation, and stress-regulation practices, integrating mental health care into the school day.",Trauma-Informed Schools and Youth Programs,Substance Abuse and Deaths of Despair Epidemic,Allegheny Health Network,"320 East North Avenue, Pittsburgh, PA 15212",https://www.ahn.org/services/behavioral-health/child-adolescent/chill-project,,
The Chill Project by AHN,"The Chill Project places calming spaces and behavioral health clinicians in partner schools across Western Pennsylvania, teaching students and staff mindfulness and trauma-informed coping strategies. It trains teachers and youth workers in de-escalation and trauma-sensitive classroom practices while providing on-site counseling and group support, helping students impacted by community trauma and addiction. This model builds resilience in schools and strengthens trust in institutions.",Trauma-Informed Schools and Youth Programs,Substance Abuse and Deaths of Despair Epidemic,Allegheny Health Network,"320 East North Avenue, Pittsburgh, PA 15212",https://www.ahn.org/services/behavioral-health/child-adolescent/chill-project,,
The Chill Project by AHN,"The Chill Project places licensed behavioral health therapists and mindfulness coaches inside partner schools across Western Pennsylvania to deliver individual and group counseling, classroom-based resilience skills, and parent workshops. The program trains teachers and staff in trauma‑informed practices so they can recognize, respond to, and buffer student trauma, while also linking families to ongoing counseling and supports through AHN and community partners. By embedding services in schoo...",Trauma-Informed Schools and Community Counseling,Intergenerational Transmission of Hopelessness,Allegheny Health Network (AHN) Behavioral Health,"320 East North Avenue, Pittsburgh, PA 15212",https://www.ahn.org/services/behavioral-health/chill-project,,
The Chill Project by AHN,"The Chill Project embeds mental health clinicians and resilience rooms in partner schools across Western Pennsylvania to provide on-site counseling, skill-building groups, and crisis support for students. It trains teachers and staff in trauma-informed, mindfulness-based classroom strategies so educators can recognize and respond to the effects of trauma. By expanding school-based counseling and educator capacity, it delivers the emotional supports that interrupt intergenerational hopelessness.",Trauma-Informed Schools and Community Counseling,Intergenerational Transmission of Hopelessness,Allegheny Health Network,"565 Coal Valley Road, Jefferson Hills, PA 15025",https://www.ahn.org/services/behavioral-health/programs/chill-project,,
The Chill Project by Allegheny Health Network,"The Chill Project partners with Western Pennsylvania school districts to create mindfulness rooms and embed behavioral health clinicians who provide counseling, stress-reduction skills, and group therapy to students. The program trains teachers and staff in trauma-informed practices and classroom strategies, equipping educators to recognize and respond to trauma while normalizing emotional support in school. By combining school-based counselors with staff training, it directly advances trauma...",Trauma-Informed Schools and Community Counseling,Intergenerational Transmission of Hopelessness,Allegheny Health Network,"320 East North Avenue, Pittsburgh, PA 15212",https://www.ahn.org/services/behavioral-health/chill-project,,
The Clubhouse After-School Program,"Best of the Batch Foundation operates The Clubhouse in Munhall as a dedicated learning hub featuring tutoring, literacy and STEM enrichment, and a fully equipped computer lab with internet access. Staff and volunteers mentor students, provide academic coaching, and offer college and career exploration activities with guidance for older youth as they navigate applications and planning. The welcoming, repurposed community space provides positive role models and consistent support after school.",Community Learning Hubs and Tutoring Centers,Intergenerational Transmission of Hopelessness,Best of the Batch Foundation,"2000 West Street, Munhall, PA 15120",https://www.batchfoundation.org,info@batchfoundation.org,
The Corner LaunchBox,"The Corner LaunchBox offers no-cost incubation with coaching, mentorship, and coworking space to help New Kensington–area residents test and launch businesses. Entrepreneurs receive access to legal and intellectual property office hours through Penn State’s law and entrepreneurship resources, as well as small seed funding opportunities like Idea TestLab microgrants. Shared workspace and equipment, plus ongoing clinics and mentoring, reduce startup costs and build a local pipeline of job-creat...",Cross-Generational Mentorship Network,Brain Drain of Young and Educated,Penn State New Kensington,"701 5th Avenue, New Kensington, PA 15068",https://thecorner.psu.edu,thecorner@psu.edu,
The Corner LaunchBox,"Penn State New Kensington’s Corner LaunchBox offers coaching, accelerator cohorts, and a community mentor network that connects students and emerging founders with local business owners and professionals. Through workshops, office hours, and mentor matching, the program facilitates cross-generational collaborations that help younger entrepreneurs validate ideas, build skills, and tap regional networks in a revitalizing main street setting.",Cross-Generational Mentorship Network,Brain Drain of Young and Educated,Penn State New Kensington,"701 5th Avenue, New Kensington, PA 15068",https://newkensington.psu.edu/corner-launchbox,,
The Corner LaunchBox,"The Corner LaunchBox offers no-cost incubation with coaching, mentorship, and coworking space to help New Kensington–area residents test and launch businesses. Entrepreneurs receive access to legal and intellectual property office hours through Penn State’s law and entrepreneurship resources, as well as small seed funding opportunities like Idea TestLab microgrants. Shared workspace and equipment, plus ongoing clinics and mentoring, reduce startup costs and build a local pipeline of job-creat...",Community Entrepreneurship Incubator and Microgrant Program,Brain Drain of Young and Educated,Penn State New Kensington,"701 5th Avenue, New Kensington, PA 15068",https://thecorner.psu.edu,thecorner@psu.edu,
The Corner LaunchBox,"The Corner LaunchBox is a low-cost incubator and coworking space offering accelerator-style mentorship, no-cost business coaching, and access to free legal support via the Penn State Law Entrepreneur Assistance Clinic and IP Clinic. It provides shared equipment and meeting space, runs programs like Idea TestLab that include small seed funding/microgrants, and connects entrepreneurs to regional microloan partners to launch businesses in the Alle-Kiski Valley.",Community Entrepreneurship Incubator and Microgrant Program,Brain Drain of Young and Educated,Penn State New Kensington,"701 5th Avenue, New Kensington, PA 15068",https://newkensington.psu.edu/corner,thecorner@psu.edu,
The Corner LaunchBox & Coworking,"Located in a refurbished downtown bank building, The Corner offers coworking desks, private offices, conference rooms, and fiber internet to entrepreneurs, freelancers, and remote workers in the Alle-Kiski Valley. As part of Penn State’s LaunchBox network, it adds soft-landing services like free coaching, accelerator programming, and community events that enable residents to grow companies and careers without relocating.",Co-working Hubs and Remote Work Support,Brain Drain of Young and Educated,Penn State New Kensington (Corner LaunchBox),"701 5th Avenue, New Kensington, PA 15068",https://thecorner.place,thecorner@psu.edu,
The Corner LaunchBox powered by Penn State New Kensington,"The Corner LaunchBox offers free or low-cost coworking space, makerspace resources, and a 10-week accelerator for entrepreneurs in the Alle-Kiski Valley. Participants receive individualized coaching, mentorship from experienced founders, and a supportive peer cohort to validate ideas and build viable companies. The program also connects startups to microgrant and microloan options through partner organizations, making entrepreneurship an accessible, community-rooted pathway for local families.",Small Business Incubator and Mentoring,Intergenerational Transmission of Hopelessness,Penn State New Kensington,"701 5th Avenue, New Kensington, PA 15068",https://newkensington.psu.edu/corner-launchbox,thecorner@psu.edu,
The Digital Foundry at New Kensington,"The Digital Foundry at New Kensington is a regional tech and innovation hub that offers digital literacy through advanced training in data, automation, and software skills aligned with Industry 4.0. In partnership with Penn State New Kensington, local schools, and employers, it provides high‑speed connected labs, hands‑on workshops, and workforce programs that prepare residents for remote‑capable and digitally enabled jobs. This keeps talent in the Alle‑Kiski Valley by creating pathways to mo...",Community Broadband and Digital Skills Training,Brain Drain of Young and Educated,Penn State New Kensington,"851 5th Avenue, New Kensington, PA 15068",https://www.digitalfoundrynk.com,info@digitalfoundrynk.com,
The Homepage,"The Homepage is a community newspaper serving Greater Hazelwood (Hazelwood, Glen Hazel, and parts of Greenfield) that features resident profiles, neighborhood history, and updates on community-led projects. By inviting residents to contribute stories and by highlighting local wins alongside candid reflections on challenges, it reframes the neighborhood narrative from deficit and helplessness toward pride, resilience, and agency. Regular coverage of grassroots efforts and everyday changemakers...",Local Storytelling and Media Campaign,Resistance to Change and New Initiatives,"Hazelwood Initiative, Inc.","4901 Second Avenue, Pittsburgh, PA 15207",https://www.hazelwoodhomepage.org,info@hazelwoodinitiative.org,
The Homepage (Greater Hazelwood Community Newspaper),"The Homepage is a monthly print and online newspaper covering Hazelwood, Glen Hazel, and Greenfield, featuring resident-written stories, profiles of local businesses and organizations, and coverage of neighborhood initiatives. It intentionally highlights community resilience and practical lessons from past efforts, while inviting residents to contribute and shape coverage. By celebrating local wins and forthrightly discussing challenges, The Homepage builds trust and reinforces a narrative of...",Local Storytelling and Media Campaign,Resistance to Change and New Initiatives,"Hazelwood Initiative, Inc.","4901 Second Avenue, Pittsburgh, PA 15207",https://www.hazelwoodhomepage.org,editor@hazelwoodhomepage.org,
The Homepage (Hazelwood Community Newspaper),"Hazelwood Initiative publishes The Homepage, a community newspaper and digital platform that regularly features resident profiles, local business success stories, and information on training, jobs, and neighborhood resources. Distributed in print across Hazelwood, Glen Hazel, Greenfield, and Hays and shared online, these stories elevate neighbors who have overcome challenges and highlight realistic steps to economic stability. The narrative approach builds pride, trust, and a sense of belongi...",Positive Local Narrative Campaign,Intergenerational Transmission of Hopelessness,"Hazelwood Initiative, Inc.","4901 Second Avenue, Pittsburgh, PA 15207",https://www.hazelwoodinitiative.org,info@hazelwoodinitiative.org,
The LDA Recovery Center – Peer Recovery Support Services,"The LDA Recovery Center is a Recovery Community Organization that delivers peer-led recovery support in New Kensington and the Alle-Kiski Valley. Certified recovery coaches conduct community outreach, provide telephone and in-person recovery coaching, and connect individuals to detox, treatment, and MAT. LDA’s peers also assist with housing searches, employment readiness, benefit applications, and referrals to social services to remove barriers to recovery.",Peer Recovery Network and Outreach,Substance Abuse and Deaths of Despair Epidemic,"Lost Dreams Awakening, Inc.","408 7th Street, New Kensington, PA 15068",https://www.ldacenter.org,info@ldacenter.org,
The LIFT,"EMTA’s LIFT is a countywide paratransit and shared-ride program that provides on-demand, door-to-door transportation for work, training, and essential trips throughout Erie County. The service links neighborhoods to the Erie Intermodal Transportation Center and major employment corridors, offering flexible mobility for riders who do not own cars.",Community Transit and Mobility Solutions,Brain Drain of Young and Educated,Erie Metropolitan Transit Authority,"127 East 14th Street, Erie, PA 16503",https://www.ride-the-e.com/lift/,,
The LIFT Shared Ride,"The LIFT provides countywide, shared-ride, door-to-door transportation in Erie County for work shifts, training programs, and other essential trips. Riders can connect with EMTA fixed-route services and the Erie Intermodal Transportation Center, creating a flexible mobility network that reduces reliance on car ownership.",Community Transit and Mobility Solutions,Brain Drain of Young and Educated,Erie Metropolitan Transit Authority,"127 East 14th Street, Erie, PA 16503",https://www.ride-the-e.com/lift/,info@ride-the-e.com,
The Labs and Homework Help (Carnegie Library of Pittsburgh – Main),"Carnegie Library of Pittsburgh’s teen-focused Labs and Homework Help turn library rooms into after-school learning hubs with mentors, laptops, maker tools, and reliable internet. Librarians and volunteers provide one-on-one tutoring, help with research and writing (including college essays), and guidance on FAFSA, job searches, and career/college exploration—creating positive role models and pathways to opportunity.",Community Learning Hubs and Tutoring Centers,Intergenerational Transmission of Hopelessness,Carnegie Library of Pittsburgh,"4400 Forbes Avenue, Pittsburgh, PA 15213",https://www.carnegielibrary.org,info@carnegielibrary.org,
The Learning Institute: Trauma-Informed Care Trainings,"Allegheny County DHS’s Learning Institute offers recurring trainings that equip county staff, partner agencies, school personnel, and community leaders with trauma-informed approaches for early identification and response. Sessions cover trauma screening, building trauma-responsive environments, brief intervention skills, and effective referral pathways to treatment and recovery supports. These trainings strengthen local capacity across deindustrialized communities by improving how frontline ...",Train Local Workforce in SBIRT and Trauma-Informed Care,Substance Abuse and Deaths of Despair Epidemic,Allegheny County Department of Human Services,"1 Smithfield Street, Pittsburgh, PA 15222",https://www.alleghenycounty.us/Human-Services/Resources/Training-and-Development.aspx,,
The Parenting Institute – Parenting Education Programs,"Family Resources’ Parenting Institute offers free and low-cost evidence-based parenting classes (e.g., Nurturing Parenting, Triple P) and support groups through neighborhood family support centers. Workshops focus on building positive home routines, effective discipline, and stress-management skills so caregivers can model hope and set clear expectations. The organization also connects families to counseling and community resources, reinforcing resilience and healthy family dynamics.",Family Resilience and Parenting Workshops,Intergenerational Transmission of Hopelessness,Family Resources,"1425 Forbes Avenue, Pittsburgh, PA 15219",https://www.familyresourcespa.org,info@familyresourcespa.org,
The Pittsburgh Promise Scholarship,"The Pittsburgh Promise provides last-dollar scholarships to graduates of Pittsburgh Public Schools who meet academic and attendance benchmarks, helping them afford college or career/technical education. Through its Promise Partners network, local employers commit to internships and priority hiring of Promise Scholars, explicitly linking tuition support to real pathways into local jobs and role models in the region.",Local Scholarship and Apprenticeship Fund,Intergenerational Transmission of Hopelessness,The Pittsburgh Promise,"1901 Centre Avenue, Suite 204, Pittsburgh, PA 15219",https://www.pittsburghpromise.org,info@pittsburghpromise.org,
The Pittsburgh Promise Scholarship,"The Pittsburgh Promise provides last-dollar scholarships to graduates of Pittsburgh Public Schools to pursue postsecondary education or training, funded by local donors and employers. In addition to tuition support based on academic and attendance criteria, the Promise connects scholars with a network of local employer partners for internships and preferred hiring, aligning education with regional workforce demand. This community-backed model showcases attainable pathways to college and caree...",Local Scholarship and Apprenticeship Fund,Intergenerational Transmission of Hopelessness,The Pittsburgh Promise,"1901 Centre Avenue, Suite 204, Pittsburgh, PA 15219",https://pittsburghpromise.org,info@pittsburghpromise.org,
The Progress Fund,"The Progress Fund is a Western Pennsylvania CDFI providing loans and technical assistance to locally owned tourism, agricultural, and main street businesses. By investing patient capital in community enterprises—including cooperative ventures—it serves as a regional investment vehicle that anchors jobs and ownership locally and strengthens neighborhood business corridors.",Local Investment Vehicle and Worker Cooperatives,Brain Drain of Young and Educated,The Progress Fund,"121 North Main Street, Greensburg, PA 15601",https://www.progressfund.org,info@progressfund.org,
The Progress Fund Small Business Loans,"The Progress Fund is a Western Pennsylvania CDFI that finances main street, tourism, and neighborhood businesses with micro and small loans, particularly in rural and deindustrialized towns. Its revolving loan fund model and local decision-making channel capital directly to resident entrepreneurs, creating visible wins—like reopened storefronts and expanded services—that rebuild economic confidence. Technical assistance alongside lending helps ensure businesses succeed and repayments fuel fut...",Community Seed Fund and Microloan Program,Resistance to Change and New Initiatives,The Progress Fund,"425 West Pittsburgh Street, Greensburg, PA 15601",https://www.progressfund.org/loans/,info@progressfund.org,
The Wilkinsburg Sun,"The Wilkinsburg Sun is a monthly newspaper that shares resident stories, business spotlights, and updates on community revitalization and civic life in Wilkinsburg. Its coverage highlights achievements of local entrepreneurs, youth, and neighborhood groups, while transparently reporting on obstacles and lessons learned to encourage informed, sustained engagement. This consistent, positive storytelling combats learned helplessness by showing tangible paths to progress led by residents themselves.",Local Storytelling and Media Campaign,Resistance to Change and New Initiatives,Wilkinsburg Community Development Corporation,"1001 Wood Street, Wilkinsburg, PA 15221",https://wilkinsburgcdc.org/the-wilkinsburg-sun/,info@wilkinsburgcdc.org,
The Wilkinsburg Sun,"The Wilkinsburg Sun is a community newspaper produced with and for Wilkinsburg residents, with printed editions mailed and drop-distributed to households and businesses. It serves as a simple, locally controlled communications system by publishing civic updates, neighborhood and union hall notices, and calls for participation, while inviting resident submissions and letters to the editor to gather feedback. This consistent print vehicle restores trusted, place-based communication across Wilki...",Local Storytelling and Media Campaign,Resistance to Change and New Initiatives,Wilkinsburg Community Development Corporation,"1001 Wood Street, Wilkinsburg, PA 15221",https://wilkinsburgcdc.org,info@wilkinsburgcdc.org,
Tool Lending Library and Community Workshops,"Millvale Community Library operates a Tool Lending Library and hosts community-led workshops on DIY home repair, bike maintenance, trades basics, and job readiness topics like resumes and interviews. Neighbors teach and learn from one another, lowering barriers to getting started on projects and businesses while strengthening local networks of support.",Community Learning Circles and Skills Swaps,Resistance to Change and New Initiatives,Millvale Community Library,"213 Grant Avenue, Millvale, PA 15209",https://www.millvalelibrary.org,info@millvalelibrary.org,
Tool Lending Library and Repair Café,"Millvale Community Library hosts a Tool Lending Library and recurring Repair Café events where volunteer fixers donate time and skills to help neighbors repair household items, with participants encouraged to return as volunteers to pay it forward. While not a formal hour-accounting system, the library organizes shifts and skill-matching so time contributions translate into free repairs, mentoring, and shared access to tools. These routine, reciprocal exchanges demonstrate mutual benefit and ...",Time Bank and Mutual Aid Exchange,Resistance to Change and New Initiatives,Millvale Community Library,"213 Grant Avenue, Millvale, PA 15209",https://www.millvalelibrary.org,info@millvalelibrary.org,
Trade Institute of Pittsburgh,"Trade Institute of Pittsburgh provides hands-on workforce training in masonry, carpentry, welding, and related trades for people facing employment barriers, while co-located in a multi-tenant industrial campus with mission-driven manufacturers and social enterprises. The shared site enables training participants to interact with active businesses and maker tenants, building practical experience and connections that lead to jobs and apprenticeships, including with union partners. This co-locat...","Job Training, Apprenticeships, and Social Enterprises",Substance Abuse and Deaths of Despair Epidemic,Trade Institute of Pittsburgh,"7800 Susquehanna Street, Pittsburgh, PA 15208",https://www.tipgh.org,info@tipgh.org,
Trade Institute of Pittsburgh,"Trade Institute of Pittsburgh provides hands-on workforce training in masonry, carpentry, welding, and related trades for people facing employment barriers, while co-located in a multi-tenant industrial campus with mission-driven manufacturers and social enterprises. The shared site enables training participants to interact with active businesses and maker tenants, building practical experience and connections that lead to jobs and apprenticeships, including with union partners. This co-locat...",Recovery-Friendly Employer Partnerships,Substance Abuse and Deaths of Despair Epidemic,Trade Institute of Pittsburgh,"7800 Susquehanna Street, Pittsburgh, PA 15208",https://www.tipgh.org,info@tipgh.org,
Trade Institute of Pittsburgh (TIP) Training Programs,"TIP provides hands-on training in masonry, carpentry, welding, and other skilled trades for adults facing barriers to employment, with strong wraparound supports and job placement. The program partners with contractors and union apprenticeship programs to place graduates into living-wage careers, restoring purpose and identity through meaningful skilled work in communities hit by deindustrialization.","Job Training, Apprenticeships, and Social Enterprises",Substance Abuse and Deaths of Despair Epidemic,Trade Institute of Pittsburgh,"7800 Susquehanna Street, Pittsburgh, PA 15208",https://www.tipgh.org,info@tipgh.org,
Trade Institute of Pittsburgh Graduation Ceremony,"The Trade Institute of Pittsburgh holds graduation ceremonies for each cohort of its masonry, carpentry, and welding programs, publicly celebrating the work and progress of participants. Graduations often include employer engagement and alumni speakers, reinforcing positive pathways and marking a clear rite of passage from training into family-sustaining employment.",Recognition and Rite-of-Passage Celebrations,Intergenerational Transmission of Hopelessness,Trade Institute of Pittsburgh,"7800 Susquehanna Street, Pittsburgh, PA 15208",https://www.tipgh.org,info@tipgh.org,
Trade Institute of Pittsburgh Pre-Apprenticeship Program,"The Trade Institute of Pittsburgh delivers hands-on pre-apprenticeship training in masonry and carpentry that is built in collaboration with union apprenticeship programs and regional contractors. The program maps out the steps from classroom training to registered apprenticeships and long-term careers in the building trades, bringing employers and unions into the training and hiring process so pathways are visible and attainable. TIP partners with community and reentry organizations and offe...",Employer-Community Career Pathway Partnerships,Intergenerational Transmission of Hopelessness,Trade Institute of Pittsburgh,"7800 Susquehanna Street, Suite 301, Pittsburgh, PA 15208",https://www.tradeinstituteofpittsburgh.org,info@tradeinstituteofpittsburgh.org,
Trade Institute of Pittsburgh Workforce Training,"The Trade Institute of Pittsburgh offers tuition-free training in masonry, carpentry, and related trades, funded by philanthropy and community partners, with wraparound supports for students. TIP actively brokers connections to local contractors and unions that hire its graduates, effectively functioning as an apprenticeship and job-matching pipeline. This model rewards effort with skill credentials and immediate local employment opportunities, providing tangible role models and hope in disin...",Local Scholarship and Apprenticeship Fund,Intergenerational Transmission of Hopelessness,Trade Institute of Pittsburgh,"7800 Susquehanna Street, Suite 301, Pittsburgh, PA 15208",https://www.tipgh.org,info@tipgh.org,
Training and Consultation (TaC) – Trauma-Informed Practices,"AIU3’s TaC team delivers professional development and coaching to educators and youth-serving staff on trauma-informed practices, school-wide Positive Behavioral Interventions and Supports (PBIS), and student assistance. They help districts integrate trauma-sensitive policies, classroom strategies, and referral pathways to school-based mental health partners. This builds educator skill, reduces re-traumatization, and strengthens school capacity to support students affected by the opioid crisis.",Trauma-Informed Schools and Youth Programs,Substance Abuse and Deaths of Despair Epidemic,Allegheny Intermediate Unit 3,"475 East Waterfront Drive, Homestead, PA 15120",https://www.aiu3.net,,
Transportation Improvement Program (TIP) Project Viewer,"SPC’s TIP Project Viewer is an interactive regional dashboard mapping transportation projects across Western Pennsylvania with detailed funding amounts by year, project phases, schedules, and status, allowing the public to track budgets and timelines. SPC’s transportation committees and Public Participation Panels convene regular public meetings—often monthly—where project updates and changes are reviewed, minutes and materials are published, and resident feedback is logged to ensure transpar...",Transparent Project Dashboard and Regular Reporting,Resistance to Change and New Initiatives,Southwestern Pennsylvania Commission,"112 Washington Place, Suite 500, Pittsburgh, PA 15219",https://gis.spcregion.org/tipviewer/,spc@spcregion.org,
Transportation Improvement Program (TIP) Project Viewer,"SPC’s TIP Project Viewer provides an interactive, public dashboard of federally funded transportation projects across the 10-county region, detailing locations, phases, costs, and schedules. The Commission pairs this with recurring public meetings—including monthly Commission and committee meetings and scheduled public comment periods—so residents can review project progress and budgets, ask questions, and hold implementing agencies accountable.",Transparent Project Dashboard and Regular Reporting,Resistance to Change and New Initiatives,Southwestern Pennsylvania Commission (SPC),"112 Washington Place, Suite 400, Pittsburgh, PA 15219",https://www.spcregion.org/programs/transportation-planning/tip/,spc@spcregion.org,
Trauma Response Team (TRT),"Center for Victims’ Trauma Response Team convenes immediate and follow-up community listening circles and support groups after incidents of violence or community trauma. Facilitators create a safe, trauma-informed space to surface past system failures, record concerns, and plan safe paths forward with residents and local institutions—helping heal distrust and reconnect people to resources and collective action.",Listening Circles and Restorative History Sessions,Resistance to Change and New Initiatives,Center for Victims,"3433 East Carson Street, Suite 300, Pittsburgh, PA 15203",https://www.centerforvictims.org,info@centerforvictims.org,
Trauma Support Groups (Trauma-Informed Community Development),"Neighborhood Resilience Project convenes trauma support groups and community healing gatherings where residents share histories of harm, loss, and institutional betrayal. By centering listening and mutual validation, facilitators help communities surface grievances, co-create next steps, and re-engage with local partners in ways that are safe and restorative.",Listening Circles and Restorative History Sessions,Resistance to Change and New Initiatives,Neighborhood Resilience Project,"2038 Bedford Avenue, Pittsburgh, PA 15219",https://www.neighborhoodresilience.org,info@neighborhoodresilience.org,
Trauma-Informed Care Training Initiative,"Allegheny County DHS offers ongoing trauma-informed care training for the local workforce, including school personnel, social service providers, healthcare teams, first responders, and faith-community leaders. Trainings cover recognizing trauma, creating trauma-sensitive environments, de-escalation, and building referral pathways, helping organizations identify concerns early and connect individuals and families to appropriate treatment and recovery supports.",Train Local Workforce in SBIRT and Trauma-Informed Care,Substance Abuse and Deaths of Despair Epidemic,Allegheny County Department of Human Services,"1 Smithfield Street, Pittsburgh, PA 15222",https://www.alleghenycounty.us/Human-Services/Resources/Education-and-Training.aspx,dhsinformation@alleghenycounty.us,
Trauma-Informed Community Development (TICD),"Neighborhood Resilience Project’s TICD convenes clergy, lay leaders, and residents for healing-centered dialogues and trainings that cultivate nonviolent community leadership. In partnership with churches and faith-based groups, these conversations reframe protective roles around caring for neighbors, civic engagement, and block-by-block stewardship rather than armed self-reliance. Co-designed with pastors and community members, TICD activates service teams and peacebuilding practices that st...",Listening Circles and Restorative History Sessions,Resistance to Change and New Initiatives,Neighborhood Resilience Project,"2038 5th Avenue, Pittsburgh, PA 15219",https://www.neighborhoodresilience.org,info@neighborhoodresilience.org,
Trauma-Informed Community Development (TICD),"Neighborhood Resilience Project’s TICD trains and supports neighborhood-based organizers and Block Champions who go door-to-door to listen, build relationships, and map needs on each block. They convene resident circles and problem-solving tables that connect people to resources and channel priorities to partner institutions and local government, strengthening trust and community agency in historically disinvested neighborhoods.",Neighborhood Organizers and Listening Campaigns,Intergenerational Transmission of Hopelessness,Neighborhood Resilience Project,"2038 Bedford Avenue, Pittsburgh, PA 15219",https://www.neighborhoodresilience.org/trauma-informed-community-development,info@neighborhoodresilience.org,
Trauma-Informed Community Development (TICD) Training,"Neighborhood Resilience Project offers training that equips clergy, employers, volunteers, and neighborhood leaders to recognize trauma, respond in supportive ways, and build referral pathways to behavioral health and addiction treatment. Their TICD model strengthens community capacity by embedding trauma-informed practices across faith communities, workplaces, and grassroots organizations, complementing clinical services with early identification and supportive connections.",Train Local Workforce in SBIRT and Trauma-Informed Care,Substance Abuse and Deaths of Despair Epidemic,Neighborhood Resilience Project,"2038 Bedford Avenue, Pittsburgh, PA 15219",https://www.neighborhoodresilience.org,info@neighborhoodresilience.org,
Trauma-Informed Community Development – Community Healing Circles,"Neighborhood Resilience Project facilitates community healing circles and support groups that use a restorative, relationship-centered process to surface harm, build empathy, and strengthen trust among neighbors. Trained community care teams convene circles after conflicts or crises and connect families to peer support, food, and resource navigation, reducing isolation and despair. These ongoing circles cultivate social capital and intergenerational support networks that help residents find m...",Restorative Community Circles and Family Support Networks,Intergenerational Transmission of Hopelessness,Neighborhood Resilience Project,"2038 Bedford Avenue, Pittsburgh, PA 15219",https://www.neighborhoodresilience.org,info@neighborhoodresilience.org,
Trauma-Informed Community and Workplace Training,"Center for Victims provides tailored trauma-informed training to schools, employers, faith communities, and frontline helpers that focuses on early identification of trauma and substance use risk, supportive response, and effective referral to treatment. Sessions teach practical skills for creating safe, resilient environments and coordinating with local behavioral health providers, strengthening community capacity to respond early.",Train Local Workforce in SBIRT and Trauma-Informed Care,Substance Abuse and Deaths of Despair Epidemic,Center for Victims,"3433 East Carson Street, Pittsburgh, PA 15203",https://www.centerforvictims.org,info@centerforvictims.org,
Trauma-Informed Practices & School Support,"Allegheny Intermediate Unit (AIU) trains teachers, counselors, and youth workers across Western Pennsylvania in trauma-informed practices, classroom strategies, PBIS, and restorative approaches. AIU also supports districts’ Student Assistance Programs and connects schools to behavioral health partners, helping embed school-based mental health supports and build trauma-sensitive school climates.",Trauma-Informed Schools and Youth Programs,Substance Abuse and Deaths of Despair Epidemic,Allegheny Intermediate Unit (AIU3),"475 East Waterfront Drive, Homestead, PA 15120",https://www.aiu3.net,info@aiu3.net,
Trauma-Informed Practices Training & Consultation,"The Allegheny Intermediate Unit delivers trauma-informed practices training and coaching to educators, administrators, and school support staff across dozens of Western Pennsylvania districts. Its specialists help schools implement multi-tiered supports, classroom strategies, and policies that recognize the impact of trauma on learning and behavior. By building trauma-informed capacity in schools, the AIU complements school-based counseling and creates safer, more supportive learning environm...",Trauma-Informed Schools and Community Counseling,Intergenerational Transmission of Hopelessness,Allegheny Intermediate Unit,"475 East Waterfront Drive, Homestead, PA 15120",https://www.aiu3.net,,
Trauma-Informed Schools Training and Consultation,"The Allegheny Intermediate Unit trains school personnel—including nurses, counselors, teachers, and administrators—in trauma-informed practices that recognize adverse childhood experiences, promote safe and supportive school environments, and connect students and families to treatment and recovery resources. Workshops and coaching help districts implement screening and referral protocols, de-escalation strategies, and cross-system collaboration with healthcare and social services to intervene...",Train Local Workforce in SBIRT and Trauma-Informed Care,Substance Abuse and Deaths of Despair Epidemic,Allegheny Intermediate Unit (AIU3),"475 East Waterfront Drive, Homestead, PA 15120",https://www.aiu3.net,info@aiu3.net,
Triboro Ecodistrict,"The Triboro Ecodistrict runs standing resident working groups across Millvale, Etna, and Sharpsburg focused on Air, Water, Energy, Mobility, Equity, and Food. Neighbors map problems like flooding and air quality near former industrial sites, co-create project plans, and organize campaigns for green infrastructure, safe streets, and local business and workforce initiatives—maintaining consistent, year-round engagement on community priorities.",Asset‑Based Community Mapping Workshops,Resistance to Change and New Initiatives,New Sun Rising,"112 East Sherman Street, Millvale, PA 15209",https://www.newsunrising.org,info@newsunrising.org,
Triboro Ecodistrict,"Led by New Sun Rising with partners in Millvale, Etna, and Sharpsburg, the Triboro Ecodistrict organizes resident workshops to map social networks, local expertise, small businesses, cultural assets, and key sites. These maps inform neighborhood-scale initiatives around equity, energy, food, water, mobility, and air, demonstrating how existing community strengths can drive change. Ongoing mapping and storytelling activities build confidence and sustain participation across the three boroughs.",Asset‑Based Community Mapping Workshops,Resistance to Change and New Initiatives,New Sun Rising,"112 Sherman Street, Millvale, PA 15209",https://www.newsunrising.org/portfolio_page/triboro-ecodistrict/,info@newsunrising.org,
Triboro Ecodistrict Community Small Grants,"This program funds resident-led projects in Millvale, Etna, and Sharpsburg through a participatory process managed by New Sun Rising. Neighbors attend workshops to develop proposals and take part in public showcase events where community members score or vote on which projects receive mini-grants supported by municipal and foundation partners. The model channels resources into priorities chosen by residents, increasing local control and transparency around how funds are invested.",Participatory Budgeting for Neighborhood Projects,Resistance to Change and New Initiatives,New Sun Rising,"112 Sherman Street, Millvale, PA 15209",https://www.newsunrising.org/portfolio/triboro-ecodistrict/,info@newsunrising.org,
Triboro Ecodistrict Community Workshops,"As part of the Triboro Ecodistrict, New Sun Rising facilitates ongoing resident workshops in Millvale, Etna, and Sharpsburg to map community assets, including local skills, small businesses, meeting spaces, and informal support networks. These sessions produce shared asset maps that inform resident-led projects in energy, mobility, food, water, and air, reframing the narrative from scarcity to community capacity. By elevating what already works, the workshops build trust and spur collaborativ...",Asset‑Based Community Mapping Workshops,Resistance to Change and New Initiatives,New Sun Rising,"112 Sherman Street, Millvale, PA 15209",https://www.newsunrising.org,info@newsunrising.org,
Triboro Ecodistrict Demonstration Projects,"The Triboro Ecodistrict convenes residents, businesses, and municipal staff in Millvale, Etna, and Sharpsburg to co-design small, time-limited pilots focused on energy, mobility, air quality, and place. Pilots typically run for a set season or up to 12 months, with success metrics aligned to EcoDistricts Protocol indicators, and formal close-out decisions to sunset, iterate, or scale. By delivering low-risk, time-bound pilots with transparent evaluation, the initiative counters skepticism and...","Time‑Bound, Co‑Designed Pilot Projects",Resistance to Change and New Initiatives,New Sun Rising,"112 Sherman Street, Millvale, PA 15209",https://www.newsunrising.org/what-we-do/ecodistricts/,info@newsunrising.org,
UPMC Street Medicine – Low-Barrier MOUD Outreach,"UPMC Street Medicine provides mobile, low-threshold access to medications for opioid use disorder, including same-day buprenorphine starts, in encampments, shelters, libraries, and other community sites throughout Allegheny County. Interdisciplinary teams deliver counseling, harm-reduction services, and referrals, and conduct warm handoffs into UPMC outpatient addiction clinics and primary care for ongoing MAT. They maintain regular drop-in outreach stops to ensure predictable, repeat access ...",Mobile Medication-Assisted Treatment (MAT) Access,Substance Abuse and Deaths of Despair Epidemic,UPMC,"1400 Locust Street, Pittsburgh, PA 15219",https://www.upmc.com/services/behavioral-health/programs/street-medicine,,
UPMC Western Behavioral Health Community and School-Based Behavioral Health (CSBBH),"UPMC Western Behavioral Health places multidisciplinary mental health teams directly in partnering schools and provides intensive, trauma-informed services to students and families. Teams deliver counseling in school and extend supports into homes and neighborhoods through mobile family-based services, helping children and parents address trauma, build coping skills, and restore hope. This approach expands school-based counselors and integrates mobile family counseling to interrupt intergener...",Trauma-Informed Schools and Community Counseling,Intergenerational Transmission of Hopelessness,UPMC Western Psychiatric Hospital,"3811 O'Hara Street, Pittsburgh, PA 15213",https://www.upmc.com/services/behavioral-health/child-adolescent-services,,
UPMC Western Behavioral Health School-Based Services,"Licensed therapists are embedded within Western Pennsylvania school districts to provide trauma-informed screening, individual and group counseling, and care coordination. Clinicians collaborate with teachers and families to address the effects of substance use and community trauma on student behavior and learning, using evidence-based approaches like TF-CBT and social-emotional skill-building. The program expands access to mental health care directly in schools while supporting educator capa...",Trauma-Informed Schools and Youth Programs,Substance Abuse and Deaths of Despair Epidemic,UPMC Western Behavioral Health at UPMC Western Psychiatric Hospital,"3811 O'Hara Street, Pittsburgh, PA 15213",https://www.upmc.com/services/behavioral-health/child-adolescent/school-based,,
UPMC Western Behavioral Health at Mon Yough – School-Based and Mobile Therapy,"UPMC Western Behavioral Health at Mon Yough provides school‑based outpatient counseling in Mon Valley districts and coordinates with educators to implement trauma‑informed strategies that improve classroom functioning and engagement. Family Based Mental Health and mobile therapy teams meet with children and caregivers in their homes to address trauma, build parenting skills, and stabilize the family environment. This integrated school‑home model helps students and parents access timely, traum...",Trauma-Informed Schools and Community Counseling,Intergenerational Transmission of Hopelessness,UPMC Western Behavioral Health at Mon Yough,"335 Shaw Avenue, McKeesport, PA 15132",https://www.upmc.com/locations/hospitals/western-psychiatric/behavioral-health/mon-yough,,
UPMC Western Behavioral Health: School-Based Behavioral Health Services,"UPMC embeds licensed mental health clinicians in Western Pennsylvania schools to provide assessment, counseling, and trauma-focused interventions directly on campus. The program collaborates with Student Assistance Program (SAP) teams and trains school staff in trauma-informed practices, improving educators’ capacity to recognize and respond to trauma while reducing barriers to care for students. This aligns with the solution by providing school-based counselors and staff training that stabil...",Trauma-Informed Schools and Youth Programs,Substance Abuse and Deaths of Despair Epidemic,UPMC Western Behavioral Health,"3811 O'Hara Street, Pittsburgh, PA 15213",https://www.upmc.com/services/behavioral-health/child-services/school-based,,
Ujamaa Collective,"Ujamaa Collective is a Black women-led cooperative that operates a retail boutique and supports member-owners to produce, market, and sell their goods. Through cooperative ownership and shared governance, it builds community wealth and agency among residents in the Hill District, keeping profits and decision-making within the neighborhood and modeling pathways for worker-owned enterprises.",Local Investment Vehicle and Worker Cooperatives,Brain Drain of Young and Educated,Ujamaa Collective,"1901 Centre Avenue, Pittsburgh, PA 15219",https://www.ujamaacollective.org,info@ujamaacollective.org,
Ujamaa Collective Cooperative Marketplace and Development Program,"Ujamaa Collective operates a member-owned cooperative marketplace and business development programs that support Black women artisans and entrepreneurs in the Hill District. Its cooperative ownership structure keeps cultural and economic value rooted locally, with members sharing governance and benefits. This approach builds credibility and long-term commitment by ensuring that wealth and decision-making remain with community stakeholders.",Community Land Trusts and Cooperative Ownership,Resistance to Change and New Initiatives,Ujamaa Collective,"1901 Centre Avenue, Suite 103, Pittsburgh, PA 15219",https://www.ujamaacollective.org,info@ujamaacollective.org,
Ujamaa Collective Marketplace & Cooperative Development,"Ujamaa Collective advances cooperative economics by supporting Black women artists and makers with shared retail space, entrepreneurial training, and coordinated market access. Their model cultivates cooperative and community-owned ventures that embed income, governance, and cultural expression in the Hill District and surrounding neighborhoods.",Community Land Trusts and Cooperative Ownership,Resistance to Change and New Initiatives,Ujamaa Collective,"1901 Centre Avenue, Pittsburgh, PA 15219",https://www.ujamaacollective.org,info@ujamaacollective.org,
Unblurred: First Fridays on Penn,"Unblurred is a monthly, evening arts crawl along Penn Avenue where galleries, studios, and creative spaces open late with live music, performances, and local vendors. It celebrates the identity of the Bloomfield-Garfield corridor and creates informal spaces where neighbors, artists, and small businesses mingle and build relationships. Its reliable, year-round cadence fosters continuous community presence between elections.",Cultural Programming and Placemaking Events,Brain Drain of Young and Educated,Bloomfield-Garfield Corporation,"113 N Pacific Avenue, Pittsburgh, PA 15224",https://pennavenue.org,info@bloomfield-garfield.org,
Unblurred: First Fridays on Penn,"A monthly art crawl that transforms the Penn Avenue corridor into a lively public space with gallery openings, pop-up performances, street vendors, and youth-centered arts showcases. By regularly activating sidewalks and storefronts with arts and culture, Unblurred builds neighborhood pride, strengthens social ties among residents and creatives, and makes the area more attractive for young people to stay and contribute.",Cultural Programming and Placemaking Events,Brain Drain of Young and Educated,Bloomfield-Garfield Corporation,"5149 Penn Avenue, Pittsburgh, PA 15224",https://bloomfield-garfield.org/unblurred-first-fridays/,info@bloomfield-garfield.org,
Uncommon Grounds Café,"Uncommon Grounds Café, a ministry hub in Aliquippa, hosts recovery and family support meetings and serves as safe, accessible space for community services. The café mobilizes volunteers from churches and civic organizations to mentor participants, facilitates peer-led groups, and actively coordinates referrals to county treatment providers, housing, and other resources for people affected by the opioid crisis.",Faith-Based and Civic Support Coalitions,Substance Abuse and Deaths of Despair Epidemic,Church Army USA,"380 Franklin Avenue, Aliquippa, PA 15001",https://www.uncommongroundscafe.org,info@uncommongroundscafe.org,
Uncommon Grounds Café Community Arts & Service,"Uncommon Grounds Café is a volunteer-driven community arts hub on Aliquippa’s main street that hosts open mics, exhibits, and civic events while coordinating service projects and job-skills opportunities. By activating public space with arts and hands-on volunteer roles, it strengthens neighborhood identity, builds trust, and offers purposeful engagement for residents.","Community Gardens, Arts, and Civic Projects for Identity Rebuilding",Substance Abuse and Deaths of Despair Epidemic,Uncommon Grounds Café,"380 Franklin Avenue, Aliquippa, PA 15001",https://www.uncommongroundscafe.org,info@uncommongroundscafe.org,
Uncommon Grounds Café Community Support and Recovery Groups,"A ministry of Church Army USA, Uncommon Grounds Café hosts free recovery meetings, community support circles, and outreach events in a welcoming coffeehouse setting. Local churches and civic volunteers serve as mentors, facilitate peer-led groups, offer space for one-on-one support, and connect individuals and families to treatment, housing, and social services—directly implementing a faith-and-civic coalition model.",Faith-Based and Civic Support Coalitions,Substance Abuse and Deaths of Despair Epidemic,Church Army USA,"380 Franklin Avenue, Aliquippa, PA 15001",https://www.uncommongroundscafe.org,info@uncommongroundscafe.org,
Union Project Ceramics,"Union Project operates a public ceramics studio offering classes, community workshops, and workforce-aligned training like kiln operation, providing hands-on, creative skill-building. Their public art projects and accessible studio space foster social ties and neighborhood pride, giving residents meaningful maker opportunities that reconnect them to place.","Community Gardens, Arts, and Civic Projects for Identity Rebuilding",Substance Abuse and Deaths of Despair Epidemic,Union Project,"801 North Negley Avenue, Pittsburgh, PA 15206",https://www.unionproject.org,info@unionproject.org,
Urban Farmers in Training (UFIT),"UFIT is a paid, seasonal internship where high school youth work in teams on Grow Pittsburgh’s urban farms, earning stipends while learning agriculture, teamwork, and small-scale entrepreneurship by growing and marketing produce. The program builds work ethic and confidence through hands-on, youth-led projects administered by a trusted community organization.",Paid Youth Employment and Micro-Grants,Intergenerational Transmission of Hopelessness,Grow Pittsburgh,"6587 Hamilton Avenue, Suite 2W, Pittsburgh, PA 15206",https://www.growpittsburgh.org/what-we-do/urban-farmers-in-training/,info@growpittsburgh.org,
Veterans Place Transitional Housing & Recovery Program,"Veterans Place operates a transitional housing campus that includes sober living and recovery supports for veterans experiencing homelessness and substance use challenges. Many staff are veterans and Certified Peer Specialists who lead peer recovery groups, provide case management, and connect residents to healthcare, employment, and permanent housing. By combining peer-led services with structured, abstinence-based housing in renovated residential facilities, the program advances recovery an...",Peer-Run Transitional and Recovery Housing,Substance Abuse and Deaths of Despair Epidemic,Veterans Place of Washington Boulevard,"945 Washington Boulevard, Pittsburgh, PA 15206",https://www.veteransplaceusa.org,info@veteransplaceusa.org,
Veterans Place Transitional Housing Program,"Veterans Place operates sober, supportive transitional housing on its Washington Boulevard campus for veterans experiencing homelessness and substance use challenges. Peer veteran staff and recovery specialists facilitate groups, recovery coaching, and connections to VA and community treatment, while case managers coordinate benefits, workforce development, and permanent housing placement.",Peer-Run Transitional and Recovery Housing,Substance Abuse and Deaths of Despair Epidemic,Veterans Place of Washington Boulevard,"945 Washington Boulevard, Pittsburgh, PA 15206",https://veteransplaceusa.org,info@veteransplaceusa.org,
Victim Offender Dialogue (VOD),"Center for Victims facilitates structured, trauma-informed dialogues between people harmed and people who caused harm, allowing participants to tell their stories, acknowledge past failures, and explore repair. These listening-centered sessions validate lived experiences and document grievances while identifying safe, actionable steps forward, helping rebuild trust between community members and institutions.",Listening Circles and Restorative History Sessions,Resistance to Change and New Initiatives,Center for Victims,"3433 East Carson Street, Suite 200, Pittsburgh, PA 15203",https://www.centerforvictims.org,info@centerforvictims.org,
Victim Offender Dialogue and Community Restorative Practices,"Center for Victims facilitates restorative processes such as Victim Offender Dialogue and community group conferencing that bring together those harmed and those responsible to acknowledge harm, repair relationships, and rebuild trust. These structured, facilitator-led circles are used in schools and neighborhoods to address conflicts publicly, reduce cynicism, and model accountability and healing.",Restorative Community Circles and Family Support Networks,Intergenerational Transmission of Hopelessness,Center for Victims,"3433 East Carson Street, Pittsburgh, PA 15203",https://www.centerforvictims.org,info@centerforvictims.org,
Volunteer-for-Store-Credit Mutual Aid Exchange,"Pittsburgh Center for Creative Reuse operates a volunteer program where community members log hours sorting donations and preparing materials, and receive store credit proportional to their time contributed. This time-for-credit model functions like a local time bank, converting hours of community service into access to supplies that support education, art, and neighborhood projects. By valuing everyone’s time and facilitating everyday cooperation, it fosters reciprocity and trust.",Time Bank and Mutual Aid Exchange,Resistance to Change and New Initiatives,Pittsburgh Center for Creative Reuse,"214 N Lexington Street, Pittsburgh, PA 15208",https://www.pccr.org,info@pccr.org,
WIOA Youth Work Experience & Paid Internship Program,"The Private Industry Council’s WIOA Youth program in Westmoreland and Fayette Counties places eligible youth in paid work experiences and internships with local employers while providing coaching, supportive services, and credential opportunities. Employer partners reserve placement slots, supervise participants on site, and frequently transition successful interns into employment or registered apprenticeships. The program gives young people income, hands-on skills, and a direct pathway to lo...",School-to-Work Apprenticeships and Paid Internships,Intergenerational Transmission of Hopelessness,"Private Industry Council of Westmoreland/Fayette, Inc.","219 Donohoe Road, Greensburg, PA 15601",https://www.privateindustrycouncil.com,info@privateindustrycouncil.com,
Warm Handoff & Certified Recovery Specialist Program,"AICDAC’s Certified Recovery Specialists conduct hospital and community outreach across Armstrong, Indiana, and Clarion counties to rapidly connect individuals to treatment following overdose or crisis. Peers provide ongoing recovery coaching and help clients navigate housing, transportation, employment services, and benefits, creating a sustained support network that reduces relapse and overdose risk.",Peer Recovery Network and Outreach,Substance Abuse and Deaths of Despair Epidemic,Armstrong-Indiana-Clarion Drug & Alcohol Commission,"300 Indian Springs Road, Suite 200, Indiana, PA 15701",https://www.aicdac.org,,
West Bayfront Spring Cleanup & Community Picnics,"Our West Bayfront coordinates seasonal neighborhood cleanups where residents and partners tackle litter, planting, and small beautification projects across the West Bayfront. These hands-on workdays are paired with community picnics and block-style gatherings that celebrate volunteers, build neighbor-to-neighbor trust, and reinforce that collective action can improve the area.",Neighborhood Improvement Days and Block Celebrations,Resistance to Change and New Initiatives,Our West Bayfront,"404 West 8th Street, Erie, PA 16502",https://www.ourwestbayfront.org,info@ourwestbayfront.org,
Westmoreland County Crisis Hotline & Mobile Crisis,"WCSI operates countywide crisis intervention with mobile teams that include mental health professionals and peer support to respond in the community without law enforcement. They assess risk, de-escalate crises, and link people to treatment, case management, and recovery services, aiming to divert individuals from arrest or hospitalization and maintain safety where they live.",Community Mental Health Crisis Response Team,Substance Abuse and Deaths of Despair Epidemic,"Westmoreland Case Management and Supports, Inc.","770 East Pittsburgh Street, Greensburg, PA 15601",https://www.wcsi.org,,
Westmoreland County Drug Treatment Court,"The Westmoreland County Drug Treatment Court offers a treatment-focused alternative to jail for people charged with nonviolent, substance-related offenses. Through coordinated case management, frequent court reviews, and connections to community treatment providers, participants address addiction while working toward dismissal or reduction of charges. This diversion model helps prevent long-term criminal records and supports sustained recovery and reentry.","Legal Aid, Reentry, and Diversion Supports",Substance Abuse and Deaths of Despair Epidemic,Court of Common Pleas of Westmoreland County,"2 North Main Street, Greensburg, PA 15601",https://www.co.westmoreland.pa.us/176/Drug-Treatment-Court,,
Westmoreland County Drug Treatment Court,"This problem-solving court diverts eligible nonviolent offenders with substance use disorders into structured treatment and intensive judicial supervision in lieu of traditional prosecution. Participants receive coordinated services (including MAT and counseling) and, upon successful completion, may receive reduced charges or case outcomes that avoid incarceration, supporting long-term recovery and community safety.","Legal Aid, Reentry, and Diversion Supports",Substance Abuse and Deaths of Despair Epidemic,Westmoreland County Court of Common Pleas,"2 North Main Street, Greensburg, PA 15601",https://www.co.westmoreland.pa.us/464/Drug-Treatment-Court,,
What's So Cool About Manufacturing? (Southwestern PA),"Catalyst Connection coordinates the Southwestern PA edition of this student video contest, where middle school teams produce short, shareable videos profiling local manufacturers and the people who work there. The videos are distributed online and through social media and community screenings, showcasing real career pathways, diverse role models, and modern, family-sustaining jobs in the region. By elevating success stories from local firms and workers who have overcome obstacles, the campaig...",Positive Local Narrative Campaign,Intergenerational Transmission of Hopelessness,Catalyst Connection,"4501 Lytle Street, Suite 301, Pittsburgh, PA 15207",https://www.whatssocool.org/contests/southwestern-pa/,info@catalystconnection.org,
Wilkinsburg Family Support Center at Hosanna House,"The Wilkinsburg Family Support Center offers parenting workshops, fatherhood groups, and peer support that help caregivers set expectations, establish positive routines, and strengthen relationships at home. On-site staff connect families to stress-management resources, counseling, and job/financial coaching offered through Hosanna House and partners, addressing both emotional and economic pressures. As a trusted community hub, the center creates a supportive environment where families can mo...",Family Resilience and Parenting Workshops,Intergenerational Transmission of Hopelessness,"Hosanna House, Inc.","807 Wallace Avenue, Wilkinsburg, PA 15221",https://hosannahouse.org,info@hosannahouse.org,
Women’s Business Center (WBC) at Chatham University,"The WBC offers coaching, mentorship, and training for women entrepreneurs by connecting them with seasoned business owners, executives, and subject experts across Western Pennsylvania. Through one-on-one advising, mentorship circles, and networking events, the center facilitates cross-generational relationships that transfer practical know-how and expand professional networks. This builds confidence, leadership, and anchored opportunity for emerging founders in the region’s communities.",Cross-Generational Mentorship Network,Brain Drain of Young and Educated,Center for Women’s Entrepreneurship at Chatham University,"1 Woodland Road, Pittsburgh, PA 15232",https://www.chatham.edu/centers/center-for-womens-entrepreneurship,cwe@chatham.edu,
Work Hard Pittsburgh,"Work Hard Pittsburgh is a cooperative incubator that helps launch and support worker-owned businesses through shared services, training, and access to capital. By structuring new enterprises as worker co-ops, it ensures that the people doing the work own the assets and govern decision-making. This approach directly addresses skepticism by rooting economic development in local ownership and long-term, community-controlled value creation.",Community Land Trusts and Cooperative Ownership,Resistance to Change and New Initiatives,Work Hard Pittsburgh,"744 E Warrington Avenue, Pittsburgh, PA 15210",https://www.workhardpgh.com,,
Workforce Development & Building Trades Pre-Apprenticeship,"The Energy Innovation Center convenes unions, contractors, utilities, and community partners to deliver pre-apprenticeship and upskilling programs aligned to registered apprenticeships in the skilled trades and energy sectors, with clear steps from entry-level roles to journeyperson-level credentials. Participants learn in a union-led environment with coaching, employer exposure, and referrals to wraparound supports such as transportation and readiness services, translating local employer dem...",Employer-Community Career Pathway Partnerships,Intergenerational Transmission of Hopelessness,Energy Innovation Center (Pittsburgh Gateways Corporation),"1435 Bedford Avenue, Pittsburgh, PA 15219",https://www.eicpittsburgh.org,,
Workforce Development and Commercial Services,"Goodwill of Southwestern Pennsylvania provides job training, placement, and supportive services while operating social enterprises—such as retail, e-commerce, custodial, and contract manufacturing—that offer paid, on-the-job experience. These enterprises and training pathways specifically support individuals with barriers, including those in recovery from substance use, by building skills, work history, and confidence. The combination of training, wages, and wraparound supports helps resident...","Job Training, Apprenticeships, and Social Enterprises",Substance Abuse and Deaths of Despair Epidemic,Goodwill of Southwestern Pennsylvania,"118 52nd Street, Pittsburgh, PA 15201",https://www.goodwillswpa.org,info@goodwillswpa.org,
Workforce Development and Reentry Services,"Goodwill of Southwestern Pennsylvania collaborates with a broad coalition of employers to expand second-chance hiring for jobseekers in recovery, providing work readiness training, placement, and ongoing job coaching. The program helps employers implement recovery-friendly policies, connects employees to peer recovery and supportive services, and leverages on-the-job training and retention supports to sustain successful return-to-work outcomes.",Recovery-Friendly Employer Partnerships,Substance Abuse and Deaths of Despair Epidemic,Goodwill of Southwestern Pennsylvania,"118 52nd Street, Pittsburgh, PA 15201",https://www.goodwillswpa.org,info@goodwillswpa.org,
Year Up Greater Pittsburgh,"Year Up Greater Pittsburgh provides a tuition-free, 6- to 12-month program that combines technical and professional skills training with a paid corporate internship at leading Pittsburgh-area employers. Participants (ages 18–29) earn a stipend during training and are matched to internships that often lead to local, full-time roles. This employer-led model gives young adults income, in-demand skills, and strong local connections that anchor talent in the region.",Paid Local Apprenticeships and Youth Internships,Brain Drain of Young and Educated,"Year Up, Inc.","808 Ridge Avenue, Pittsburgh, PA 15212",https://www.yearup.org/locations/pittsburgh,admissions.pittsburgh@yearup.org,
Youth & Teen Programs,"Touchstone’s Youth & Teen Programs offer weekend intensives, summer camps, and community open houses in blacksmithing, ceramics, glass, metals, and woodworking. Students learn directly from seasoned master craftspeople—often older artisans from regional trades—who pass along techniques and stories about their working lives. The intergenerational, hands-on learning preserves regional craft traditions and shows youth credible pathways into creative and manual professions.",Intergenerational Skill-Sharing Events,Intergenerational Transmission of Hopelessness,Touchstone Center for Crafts,"1049 Wharton Furnace Road, Farmington, PA 15437",https://touchstonecrafts.org,info@touchstonecrafts.org,
Youth Civic Leadership Academy (YCLA),"The City of Pittsburgh’s Youth Civic Leadership Academy is a free program that trains high school students in how city government works and invites them to provide input to departments on issues affecting their neighborhoods. Through hands-on sessions with public safety, public works, planning, and other offices, participants practice problem-solving, learn civic processes, and gain recognition for community-minded projects—directly reflecting youth leadership and civic engagement.",Youth Leadership and Civic Engagement Programs,Intergenerational Transmission of Hopelessness,"City of Pittsburgh, Office of Community Affairs","414 Grant Street, Pittsburgh, PA 15219",https://pittsburghpa.gov/oca,oca@pittsburghpa.gov,
Youth Express,"Youth Express trains middle and high school students to interview and collaborate with adults and elders to produce radio stories and oral histories about neighborhood life, work, and culture. Adult producers and community storytellers mentor teens in journalism and audio production in the studio and in the field. The intergenerational storytelling fosters empathy, civic ties, and shared identity in neutral community venues across Western Pennsylvania.",Local Storytelling and Media Campaign,Resistance to Change and New Initiatives,"SLB Radio Productions, Inc.","10 Children’s Way, Pittsburgh, PA 15212",https://www.slbradio.org,slb@slbradio.org,
Youth Express,"Youth Express is a youth media initiative that equips teens across the Pittsburgh region to produce and distribute short audio stories, interviews, and profiles of neighbors, entrepreneurs, and community role models. By elevating the voices and successes of local people who have overcome obstacles and built meaningful careers, it creates a steady stream of positive, locally focused narratives. Stories air on radio, stream online, and circulate via podcasts and social media to reach families a...",Positive Local Narrative Campaign,Intergenerational Transmission of Hopelessness,"SLB Radio Productions, Inc.","10 Children's Way, Pittsburgh, PA 15212",https://www.youthexpress.org,info@slbradio.org,
Youth Farm,"Hilltop Urban Farm’s Youth Farm offers regular, season-long agriculture education where local farmers and older neighborhood gardeners mentor children and teens in growing, harvesting, and selling produce. Sessions incorporate storytelling about the Hilltop’s past, food traditions, and the value of work, while teaching practical skills like tool use, soil care, and running a farm stand. The program builds cross-generational bonds and shows youth tangible, dignified pathways in food and land-b...",Intergenerational Skill-Sharing Events,Intergenerational Transmission of Hopelessness,Hilltop Urban Farm,"700 Cresswell Street, Pittsburgh, PA 15210",https://hilltopurbanfarm.org,info@hilltopurbanfarm.org,
Youth Farm,"Hilltop Urban Farm’s Youth Farm program pairs neighborhood growers and veteran gardeners with youth to teach agriculture, tool use, and food entrepreneurship. Elders lead planting, harvesting, and cooking/preservation sessions that transmit practical skills and local foodways while youth gain confidence and purpose through meaningful, visible work. Regular community workdays and harvest events foster cross-age ties and pride in place.",Intergenerational Skill-Sharing Events,Intergenerational Transmission of Hopelessness,Hilltop Urban Farm,"700 Cresswell Street, Pittsburgh, PA 15210",https://www.hilltopurbanfarm.org,info@hilltopurbanfarm.org,
Youth Leadership Armstrong,"Youth Leadership Armstrong brings high school students together for monthly sessions with county officials, business leaders, and nonprofits to learn how local systems work and to collaborate on community service and problem-solving projects. The program develops civic knowledge, leadership skills, and a pipeline of youth who can contribute informed voices to decisions affecting Armstrong County communities.",Youth Leadership and Civic Engagement Programs,Intergenerational Transmission of Hopelessness,Armstrong County Chamber of Commerce,"139 Market Street, Kittanning, PA 16201",https://www.armstrongchamber.org,info@armstrongchamber.org,
Youth Philanthropy Internship,"The Pittsburgh Foundation’s Youth Philanthropy Internship is a summer civic leadership program where high school students research community needs, develop a request-for-proposals, and award grants to local nonprofits. Interns learn public problem-solving, stakeholder engagement, and public communication—giving them meaningful decision-making power and visible, community-recognized roles in improving neighborhoods.",Youth Leadership and Civic Engagement Programs,Intergenerational Transmission of Hopelessness,The Pittsburgh Foundation,"5 PPG Place, Suite 250, Pittsburgh, PA 15222",https://pittsburghfoundation.org/youth-philanthropy,info@pghfdn.org,
Youth Support Partners Unit,"The Youth Support Partners (YSP) Unit hires and trains young adults with lived experience in county systems as paid peers who co-facilitate planning, sit on advisory groups, and partner with DHS leadership to improve services. Through structured mentorship, professional development, and roles embedded alongside agency decision-makers, YSPs ensure that youth and young-adult perspectives directly influence policies and service delivery across Allegheny County.",Youth Councils and Local Leadership Pathways,Brain Drain of Young and Educated,Allegheny County Department of Human Services,"1 Smithfield Street, Pittsburgh, PA 15222",https://www.alleghenycounty.us/Human-Services/Programs-Services/Youths/Youth-Support-Partners.aspx,DHS-Response@alleghenycounty.us,
Youth Tree Team,"Tree Pittsburgh’s Youth Tree Team hires Pittsburgh-area high school students for paid summer positions caring for the urban forest in neighborhoods across the city. Youth earn hourly wages while gaining certifications, teamwork experience, and exposure to green careers through a local environmental nonprofit that partners with city agencies and community groups. These local work experiences build skills, income, and neighborhood ties that make staying in the region more attractive.",Paid Local Apprenticeships and Youth Internships,Brain Drain of Young and Educated,Tree Pittsburgh,"32 62nd Street, Pittsburgh, PA 15201",https://www.treepittsburgh.org/programs/youth-tree-team,info@treepittsburgh.org,
YouthWorks,"Goodwill SWPA’s YouthWorks program connects teens and young adults to paid work experiences and internships with local employers, public agencies, and nonprofits across Southwestern Pennsylvania, including as an operator for the Learn & Earn summer jobs program. Participants receive wages, coaching, and soft-skills training while working in real workplaces that match their interests. By aligning young people with paid, employer-led opportunities close to home, YouthWorks builds the relationsh...",Paid Local Apprenticeships and Youth Internships,Brain Drain of Young and Educated,Goodwill of Southwestern Pennsylvania,"118 52nd Street, Pittsburgh, PA 15201",https://www.goodwillswpa.org/youthworks,info@goodwillswpa.org,
re:solve Crisis Network – Walk-In and Residential Crisis Services,"re:solve provides a safe, supervised place for people in behavioral health and substance-related crises to stabilize, including those who are intoxicated. Its 24/7 walk-in center and short-term residential crisis services offer basic medical observation by clinical staff, warm meals, and a calm environment to recover. Staff make warm handoffs to detox, treatment programs, and housing or shelter placements across Allegheny County.",Sobering Centers and Short-Term Respite Care,Substance Abuse and Deaths of Despair Epidemic,UPMC Western Behavioral Health (re:solve Crisis Network),"333 North Braddock Avenue, Pittsburgh, PA 15208",https://www.resolvecrisisservices.org,,
re:solve Crisis Services,"re:solve provides 24/7 mobile crisis response in Allegheny County, dispatching clinicians and trained crisis workers to behavioral health emergencies in the community instead of police. Teams de-escalate situations on-site, coordinate with 911 and EMS to divert people from arrest or unnecessary hospitalization, and connect individuals and families to ongoing treatment, peer support, and social services.",Community Mental Health Crisis Response Team,Substance Abuse and Deaths of Despair Epidemic,UPMC Western Behavioral Health,"333 North Braddock Avenue, Pittsburgh, PA 15208",https://www.upmc.com/services/behavioral-health/programs/resolve-crisis-services,,
resolve Crisis Services,"resolve provides a 24/7 non-police crisis response for Allegheny County, including a hotline, walk-in center, and mobile crisis teams staffed by clinicians and peer specialists who respond on-site to mental health and substance use crises. Teams de-escalate situations, conduct safety planning, and coordinate transportation and warm handoffs to treatment, housing, and social supports to divert people from arrest or unnecessary emergency department use.",Community Mental Health Crisis Response Team,Substance Abuse and Deaths of Despair Epidemic,UPMC Western Behavioral Health,"333 North Braddock Avenue, Pittsburgh, PA 15208",https://www.upmc.com/services/behavioral-health/resolve-crisis-services,,
resolve Crisis Services Mobile Crisis Team,"resolve operates 24/7 countywide mobile crisis teams that dispatch licensed clinicians and trained peer specialists to people experiencing mental health or substance-use crises anywhere in the community. They coordinate with 988 and 911 to send a non-police response when safe, de-escalate situations onsite, create safety plans, and link individuals to treatment, housing, and recovery supports. This diverts people from arrest and emergency departments while connecting them to ongoing care.",Community Mental Health Crisis Response Team,Substance Abuse and Deaths of Despair Epidemic,UPMC Western Behavioral Health (UPMC Western Psychiatric Hospital),"333 North Braddock Avenue, Pittsburgh, PA 15208",https://www.upmc.com/services/behavioral-health/resolve-crisis-services,,
resolve Crisis Services Mobile Crisis Team,"resolve Crisis Services operates 24/7 mobile crisis teams that respond to homes, schools, and communities in Allegheny County to de-escalate crises and provide short-term counseling for youth and families. Using trauma-informed approaches, clinicians stabilize situations, safety-plan, and link families to school-based and community mental health services. These mobile supports reach families who might not access clinic care, helping prevent school disruption and compounding trauma.",Trauma-Informed Schools and Community Counseling,Intergenerational Transmission of Hopelessness,UPMC Western Psychiatric Hospital,"333 North Braddock Avenue, Pittsburgh, PA 15208",https://www.resolvecall.org,,
resolve Crisis Services – Walk-In and Crisis Residential,"resolve provides a 24/7 walk-in crisis center and a short-term Crisis Residential Unit where adults can safely stabilize, sleep off intoxication, receive basic medical observation, and get meals. Staff deliver warm handoffs to detox, treatment, housing, and community supports, diverting people from emergency rooms and jail while connecting them to ongoing care.",Sobering Centers and Short-Term Respite Care,Substance Abuse and Deaths of Despair Epidemic,UPMC Western Behavioral Health – resolve Crisis Services,"333 North Braddock Avenue, Pittsburgh, PA 15208",https://www.upmc.com/services/behavioral-health/resolve-crisis-services,,
