Name,Description,Solution,Obstacle,Organization,Address,Website,Email,Phone,Latitude,Longitude
100 Percent Pittsburgh Community Listening,"The Pittsburgh Foundation’s 100 Percent Pittsburgh initiative conducts a continuing series of community listening sessions across the region—including deindustrialized river towns—to elevate the priorities of low-wage workers and families. Sessions rotate by neighborhood, include stipends, food, and when possible childcare and interpretation, and are facilitated with community partners to center local voices. Findings are published and used to guide grantmaking and inform public officials and...",Town Hall and Listening Tour Series,No Locally Attuned Progressive Leaders from Working-Class Communities,The Pittsburgh Foundation,"5 PPG Place, Suite 250, Pittsburgh, PA 15222",https://pittsburghfoundation.org,info@pittsburghfoundation.org,
15210 Neighbor Nights,"Neighbor Nights are recurring evening gatherings that pop up at different host sites across Pittsburgh’s Hilltop neighborhoods (Allentown, Beltzhoover, Carrick, etc.). Co-hosted with libraries, churches, and small businesses, these events feature shared food, games, resource tables, and discussion prompts that help residents meet one another and stay engaged between elections. The rotating host model distributes the work, makes participation accessible across neighborhoods, and builds ongoing...",Pop-up Community Evenings,Absence of Year-Round Democratic Party Presence and Organizing,Neighborhood Allies,"3058 Centre Avenue, Suite 201, Pittsburgh, PA 15219",https://neighborhoodallies.org,info@neighborhoodallies.org,
1Hood Media,"1Hood Media is a Pittsburgh-based arts and media organization that produces short videos, podcasts, livestreams, and social media campaigns elevating community and worker voices. Their programs regularly feature interviews with local workers, organizers, and small-business employees, turning complex policy debates into human stories that circulate widely on neighborhood social channels and build trust through consistent, culturally grounded storytelling.",Local media and storytelling campaign,Communication Gaps Between Top Union Officials and Rank-and-File Members,1Hood Media,"460 Melwood Avenue, Pittsburgh, PA 15213",https://1hood.org,info@1hood.org,
1Hood Power Endorsements,"1Hood Power, a Western PA community-based civic organization, conducts public candidate forums, questionnaires, and endorsement votes grounded in input from respected local community leaders and working-class residents. The group publishes endorsement slates and coordinates year-round civic engagement, amplifying credible local voices to back candidates committed to worker-centered and community-rooted policies.",Local Candidate Endorsement Circle,No Locally Attuned Progressive Leaders from Working-Class Communities,1Hood Power,"460 Melwood Avenue, Pittsburgh, PA 15213",https://www.1hoodpower.org,,
1Hood Power Endorsements,"1Hood Power is a community-led civic engagement organization that conducts public candidate forums, circulates questionnaires, and coordinates community review panels before issuing endorsements. By elevating trusted local leaders and grassroots organizers from Pittsburgh neighborhoods to vet and publicly back candidates, it functions as a community endorsement circle that prioritizes worker-centered agendas and local representation.",Local Candidate Endorsement Circle,No Locally Attuned Progressive Leaders from Working-Class Communities,1Hood Power,"460 Melwood Avenue, Pittsburgh, PA 15213",https://1hoodpower.org,info@1hoodpower.org,
1Hood Power Voter Education & GOTV,"1Hood Power conducts ongoing voter education, neighborhood canvassing, and candidate forums led by trusted community members from Pittsburgh’s working-class Black communities. Their teams connect policy issues like public safety, jobs, and wages to everyday experiences and run sustained, year-round GOTV and civic participation efforts that extend beyond campaign cycles.",Election Day Worker Mobilization & Voter Education,No Locally Attuned Progressive Leaders from Working-Class Communities,1Hood Power,"460 Melwood Avenue, Pittsburgh, PA 15213",https://1hoodpower.org,info@1hoodpower.org,
32BJ Member Political Program – Western Pennsylvania,"SEIU 32BJ organizes building service workers in Western Pennsylvania into member endorsement committees that interview candidates and vote on local endorsements. Trained Member Political Organizers then share short, member-written messages and guidance through workplace meetings and neighbor-to-neighbor outreach, ensuring endorsements reflect rank-and-file priorities in specific buildings and communities rather than national scripts.",Local endorsement councils made of members,Communication Gaps Between Top Union Officials and Rank-and-File Members,SEIU Local 32BJ,"650 Smithfield Street, Suite 1220, Pittsburgh, PA 15222",https://www.seiu32bj.org,info@seiu32bj.org,
32BJ SEIU Member Political Organizers (MPO) and Bargaining Committees — Pittsburgh District,"32BJ SEIU’s Pittsburgh District runs member-led bargaining committees and a Member Political Organizer (MPO) program in which frontline workers develop endorsement criteria, interview candidates, and communicate decisions back to coworkers. This participatory structure links bargaining priorities to endorsement guidelines set by rank-and-file members, rebuilding local peer-to-peer networks and making union political messaging more credible and responsive.",Pilot participatory bargaining and decision-making,Communication Gaps Between Top Union Officials and Rank-and-File Members,"32BJ Service Employees International Union (SEIU), Pittsburgh District Office","707 Grant Street, Suite 1405, Pittsburgh, PA 15219",https://www.seiu32bj.org,info@seiu32bj.org,
412 Food Rescue – Home Delivery and Food Rescue Network,"This region-wide mutual aid network mobilizes volunteers via an app to pick up surplus food and deliver it directly to community sites and households, preventing waste while sharing food neighbor-to-neighbor. The Home Delivery program pairs volunteers with nearby recipients for recurring drops, creating ongoing relationships that strengthen local trust and civic participation.",Mutual Aid Networks,Absence of Year-Round Democratic Party Presence and Organizing,412 Food Rescue,"6140 Station Street, Pittsburgh, PA 15206",https://www.412foodrescue.org,info@412foodrescue.org,
7800 Susquehanna,"Bridgeway Capital owns and operates this former factory as affordable, mission-driven production space for small manufacturers, fabricators, and makers. By holding the property long-term and leasing flexible industrial suites at accessible rates, it preserves industrial real estate in Homewood and supports stable, quality jobs for local firms.",Preserve Affordable Industrial Space via Community Land Trusts,Cultural Disconnection Between Progressive Messaging and Working-Class Identity,Bridgeway Capital,"7800 Susquehanna Street, Pittsburgh, PA 15208",https://www.bridgewaycapital.org/real-estate/7800-susquehanna/,info@bridgewaycapital.org,
7800 Susquehanna,"Bridgeway Capital’s 7800 Susquehanna is a multi-tenant manufacturing and maker campus that co-locates small manufacturers, creative enterprises, and workforce training—including the Trade Institute of Pittsburgh—under one roof. The building’s affordable spaces and shared amenities create steady public activity and training opportunities while producing rental income, illustrating how co-locating tool- and maker-oriented enterprises can activate large facilities in ways directly transferable t...",Preserve Affordable Industrial Space via Community Land Trusts,Cultural Disconnection Between Progressive Messaging and Working-Class Identity,Bridgeway Capital,"7800 Susquehanna Street, Pittsburgh, PA 15208",https://www.bridgewaycapital.org/places/7800-susquehanna/,info@bridgewaycapital.org,
7800 Susquehanna,"Bridgeway Capital purchased and holds a former industrial building in Homewood and leases affordable, production-ready space to small manufacturers, makers, and social enterprises under a long-term, mission-first ownership model. This multi-tenant, nonprofit stewardship keeps the asset in community-oriented hands and stabilizes employment by ensuring that the facility endures beyond any single tenant’s fortunes. It reflects a community-owned industrial land trust approach by decoupling proper...",Small Business and Maker Hubs,Cultural Disconnection Between Progressive Messaging and Working-Class Identity,Bridgeway Capital,"7800 Susquehanna Street, Pittsburgh, PA 15208",https://www.bridgewaycapital.org,info@bridgewaycapital.org,
7800 Susquehanna – Affordable Production Space,"Bridgeway Capital owns and manages the 7800 Susquehanna Street complex, a former factory redeveloped into affordable studios and light-industrial spaces for small manufacturers, fabricators, and creative producers. As a mission-driven owner, Bridgeway offers below-market leases and shared amenities, effectively acting as a community-minded landholder that keeps production space accessible. This preserves industrial capacity in a disinvested neighborhood and supports local manufacturing jobs.",Preserve Affordable Industrial Space via Community Land Trusts,Cultural Disconnection Between Progressive Messaging and Working-Class Identity,Bridgeway Capital,"7800 Susquehanna Street, Pittsburgh, PA 15208",https://www.bridgewaycapital.org/real-estate/7800-susquehanna/,info@bridgewaycapital.org,
90.5 WESA — Local News & The Confluence,"WESA produces daily local news coverage and The Confluence, a weekday public affairs program and podcast featuring interviews on neighborhood issues, civic opportunities, and community events across Western Pennsylvania. By offering year-round radio segments and on-demand podcasts highlighting resident voices, local initiatives, and how to get involved, WESA functions as an ongoing community media presence between election cycles.",Community Media — Newsletter & Podcast,Absence of Year-Round Democratic Party Presence and Organizing,Pittsburgh Community Broadcasting Corporation,"67 Bedford Square, Pittsburgh, PA 15203",https://www.wesa.fm,news@wesa.fm,
AFL-CIO Community Services Labor Liaison,"United Way of Southwestern Pennsylvania employs labor liaisons who are embedded with local labor councils and unions to surface on-the-job concerns and connect them to community agendas. These paid liaisons coordinate year-round outreach between union members, municipal leaders, and service providers, ensuring worker priorities shape local policy, disaster response, and neighborhood initiatives across Allegheny and surrounding counties.",Workplace-to-Community Liaisons,No Locally Attuned Progressive Leaders from Working-Class Communities,United Way of Southwestern Pennsylvania,"1250 Penn Avenue, Pittsburgh, PA 15222",https://uwswpa.org,info@uwswpa.org,
AFL-CIO Community Services Labor Liaison Program,"United Way of Southwestern Pennsylvania’s Labor Liaison Program formally links area labor unions with churches, schools, neighborhood associations, and human service providers to meet community needs. Labor liaisons coordinate union member volunteerism, resource drives, and rapid response for issues like food access, emergency assistance, and safety, often in partnership with congregations and civic groups. This infrastructure reconnects unions to locally rooted, face-to-face service and advo...",Neighborhood Mutual Aid + Worker Support Networks,Absence of Labor-Community Coalitions,United Way of Southwestern Pennsylvania,"1250 Penn Avenue, Pittsburgh, PA 15222",https://uwswpa.org,info@uwswpa.org,
ALCOSAN Scholastic Outreach & Summer Internship Program,"ALCOSAN’s Scholastic Outreach and paid Summer Internship connect high school and college students with real-world wastewater treatment, green infrastructure, and environmental engineering careers. Students receive mentoring from engineers and unionized plant trades, tour the treatment facility, and participate in career days—creating a clear school‑to‑work pathway into high‑demand, environmentally focused jobs that serve Western Pennsylvania communities.",School‑to‑Work Pathways with Cross‑Sector Mentors,Absence of Labor-Community Coalitions,Allegheny County Sanitary Authority (ALCOSAN),"3300 Preble Avenue, Pittsburgh, PA 15233",https://www.alcosan.org/engage/scholastic-outreach,outreach@alcosan.org,
ATU Local 85 COPE (Committee on Political Education),"ATU Local 85’s COPE conducts civic engagement at Pittsburgh Regional Transit bus garages and maintenance facilities. The committee invites candidates and officeholders to pre‑shift meet‑and‑greets and town hall‑style Q&As at garages like Ross, West Mifflin, and Collier, and holds on‑site voter registration and issue briefings for operators and mechanics. Hosting these events at transit workplaces makes political actors accessible in everyday settings and centers the voices of frontline workers.",Civic Engagement at Job Sites,Cultural Disconnection Between Progressive Messaging and Working-Class Identity,Amalgamated Transit Union Local 85,"101 S 26th Street, Pittsburgh, PA 15203",https://atu85.com,,
Advanced Manufacturing Registered Apprenticeships (Intermediary Services),"Catalyst Connection acts as a regional apprenticeship intermediary for advanced manufacturing, helping small and mid-sized employers establish and register paid apprenticeships such as CNC Machinist, Industrial Manufacturing Technician, and Robotics Technician. The organization partners with employers, unions, and community colleges to align related technical instruction with on-the-job training, creating scalable earn-and-learn pathways to family-supporting jobs in Western Pennsylvania’s man...",Expand Local Apprenticeship Programs,Cultural Disconnection Between Progressive Messaging and Working-Class Identity,Catalyst Connection,"4501 Lytle Street, Suite 310, Pittsburgh, PA 15207",https://www.catalystconnection.org,info@catalystconnection.org,
Advocacy Program,"Just Harvest’s advocacy team organizes candidate forums on hunger and poverty and prepares community volunteers to help run them effectively. Short trainings coach residents on planning professional events, moderating and facilitating Q&A, documenting candidate responses, and coordinating follow-up with campaigns to maintain relationships and track commitments to low-income communities.",Volunteer Training for Hosting Candidates,Campaign Visits Concentrated in Urban Pittsburgh Rather Than Industrial Communities,Just Harvest,"16 Terminal Way, Pittsburgh, PA 15219",https://www.justharvest.org,info@justharvest.org,
Air Pollution Control Advisory Committee (APCAC),"APCAC is a standing advisory council to the Allegheny County Health Department that includes representatives from labor, environmental organizations, community groups, business/industry, and public health. Meeting regularly, the committee reviews and recommends air quality regulations and priorities that directly affect community health and industrial facilities, including those on former and current brownfield sites. Community members can attend meetings, submit input, and serve on working g...",Local Labor‑Community Council,Absence of Labor-Community Coalitions,Allegheny County Health Department,"301 39th Street, Pittsburgh, PA 15201",https://www.alleghenycounty.us/Health-Department/Programs/Air-Quality/Air-Quality.aspx,aqcomments@alleghenycounty.us,
Air Quality Advisory Committee,"The Allegheny County Health Department’s Air Quality Advisory Committee includes community representatives who review proposed regulations, monitoring plans, and enforcement policies. Through public meetings and working groups, residents from industrial and working-class neighborhoods provide feedback, co-develop policy recommendations, and hold regulators and industry accountable for air quality and health outcomes.",Neighborhood Listening Sessions and Citizen Advisory Boards,Cultural Disconnection Between Progressive Messaging and Working-Class Identity,Allegheny County Health Department,"542 Fourth Avenue, Pittsburgh, PA 15219",https://www.alleghenycounty.us/Health-Department/Programs/Air-Quality/Air-Quality-Advisory-Committee.aspx,aqcomments@alleghenycounty.us,
Air Quality Advisory Committee (AQAC),"The Allegheny County Health Department’s Air Quality Advisory Committee is a standing committee of residents, labor representatives, environmental advocates, and industry that reviews proposed air regulations, permits, and policies affecting communities such as the Mon Valley. Meetings are open to the public and include opportunities for comments and community presentations, creating a formal venue for neighbors to influence decisions and hold ACHD and industrial operators accountable. The co...",Neighborhood Listening Sessions and Citizen Advisory Boards,Cultural Disconnection Between Progressive Messaging and Working-Class Identity,Allegheny County Health Department,"542 Fourth Avenue, Pittsburgh, PA 15219",https://www.alleghenycounty.us/Health-Department/Programs/Air-Quality/Air-Quality-Advisory-Committee.aspx,achdweb@alleghenycounty.us,
All-In Pittsburgh Equitable Development Collaborative,"All-In Pittsburgh convenes residents, community groups, labor, and public agencies in time-bound working groups and design sessions to co-create policy solutions around housing, workforce development, and small-business support. These participatory labs generate implementable proposals, toolkits, and policy recommendations that are delivered to City Council, the Urban Redevelopment Authority, and Allegheny County departments. The process centers local voices from industrial and disinvested ne...",Community Policy Labs,No Locally Attuned Progressive Leaders from Working-Class Communities,Neighborhood Allies,"500 Grant Street, Suite 2650, Pittsburgh, PA 15219",https://neighborhoodallies.org,info@neighborhoodallies.org,
Allegheny County Analytics,"Allegheny County’s Analytics team publishes data briefs, interactive maps, and dashboards on housing stability, health, human services, economic hardship, and neighborhood conditions. It implements the solution by compiling local evidence of needs—often at granular municipal or neighborhood scales—and making the data, methods, and visualizations publicly available for policymakers, campaigns, journalists, and advocates to understand and respond to community challenges.",Collaborative Data and Needs Dashboard,Campaign Visits Concentrated in Urban Pittsburgh Rather Than Industrial Communities,"Allegheny County Department of Human Services, Office of Analytics, Technology and Planning","1 Smithfield Street, Pittsburgh, PA 15222",https://www.alleghenycountyanalytics.us,DHS-Research@alleghenycounty.us,
Allegheny County Analytics,"Allegheny County Analytics publishes dashboards, reports, and data visualizations drawn from the county’s integrated data warehouse on topics such as poverty, housing stability, service access, and neighborhood conditions. The site includes interactive maps and downloadable datasets that identify disparities and infrastructure needs across communities beyond the city. Its evidence products are designed for policymakers, media, and advocacy organizations to inform equitable strategies and publ...",Collaborative Data and Needs Dashboard,Campaign Visits Concentrated in Urban Pittsburgh Rather Than Industrial Communities,Allegheny County Department of Human Services,"1 Smithfield Street, Pittsburgh, PA 15222",https://www.alleghenycountyanalytics.us,DHS-Research@alleghenycounty.us,
Allegheny County Analytics & DHS Open Data,"Allegheny County Analytics provides public dashboards, reports, and open datasets on human services, housing, and community well‑being for Western Pennsylvania. Nonprofits, faith-based organizations, and advocacy coalitions use the site to share research, monitor impact metrics, and coordinate around needs identified in the data, reducing duplication of efforts. The county team publishes datasets (also through WPRDC) and hosts stakeholder updates that function as a shared information backbone...",Data & Resource Sharing Platform,Absence of Labor-Community Coalitions,Allegheny County Department of Human Services,"1 Smithfield Street, Pittsburgh, PA 15222",https://www.alleghenycountyanalytics.us,DHS-Research@alleghenycounty.us,
Allegheny County Analytics (DHS Research & Evaluation),"Allegheny County Analytics provides public dashboards, maps, and reports on human services and community conditions, including housing instability, behavioral health, overdose trends, workforce participation, and neighborhood risk indicators. Each dashboard offers downloadable data and often accompanying briefs or case studies that surface needs in low‑income and formerly industrial communities across the county. Journalists, advocates, and candidates use these resources to understand service...",Collaborative Data and Needs Dashboard,Campaign Visits Concentrated in Urban Pittsburgh Rather Than Industrial Communities,Allegheny County Department of Human Services,"One Smithfield Street, Pittsburgh, PA 15222",https://www.alleghenycountyanalytics.us,DHS-Research@alleghenycounty.us,
Allegheny County Jail Collaborative – Reentry Employment & Training,"The Jail Collaborative coordinates employment and training services for people leaving the Allegheny County Jail, integrating job readiness, employer engagement, and connections to treatment and social supports. By aligning workforce providers, PA CareerLink, and employers willing to hire returning citizens, the initiative creates supported return-to-work pathways that continue post-release to promote stability and retention.",Employer Return-to-Work Programs for Recovery and Reentry,Cultural Disconnection Between Progressive Messaging and Working-Class Identity,Allegheny County Department of Human Services / Allegheny County Jail Collaborative,"1 Smithfield Street, Pittsburgh, PA 15222",https://www.alleghenycounty.us/Human-Services/Programs-Services/Crime-Justice/Adult-Jail/Jail-Collaborative.aspx,DHS-Information@alleghenycounty.us,
Allegheny County Meetings & Events Calendar,"Allegheny County’s online Meetings & Events Calendar aggregates dates, locations, and details for County Council, boards, commissions, and county-hosted community meetings across municipalities. Residents can see where county officials will be present, track district hearings and town halls, and access participation information. This public calendar operationalizes the solution by making official engagement visible beyond the City of Pittsburgh into communities throughout the county.",Civic Calendar and Visit Tracker,Campaign Visits Concentrated in Urban Pittsburgh Rather Than Industrial Communities,Allegheny County,"436 Grant Street, Pittsburgh, PA 15219",https://www.alleghenycounty.us/meetings,webmaster@alleghenycounty.us,
Allegheny-Fayette CLC COPE Endorsements,"The Allegheny-Fayette Central Labor Council runs a Committee on Political Education (COPE) that screens candidates through questionnaires and interviews conducted by local union delegates, shop stewards, and worker-leaders from industrial communities. The council then publicly endorses candidates committed to worker-centered policies and year-round collaboration with labor, providing a credible local voice that reflects regional working-class priorities.",Local Candidate Endorsement Circle,No Locally Attuned Progressive Leaders from Working-Class Communities,"Allegheny-Fayette Central Labor Council, AFL-CIO","1459 Woodruff Street, Pittsburgh, PA 15220",https://www.facebook.com/AlleghenyFayetteCLC,,
Allegheny-Fayette Central Labor Council Faith & Community Outreach,"The Allegheny-Fayette Central Labor Council facilitates partnerships between unions and local congregations, coordinating clergy involvement in worker justice campaigns and organizing community service drives that support workers and their families during strikes or layoffs. They help unions connect with faith communities for meeting space, public witness events, and pastoral support, and convene ongoing dialogues to align labor goals with shared community values. This formal labor council in...",Faith‑Labor Bridge Program,Absence of Labor-Community Coalitions,"Allegheny-Fayette Central Labor Council, AFL-CIO","1459 Banksville Road, Suite 200, Pittsburgh, PA 15216",https://www.pittsburghlabor.org,info@pittsburghlabor.org,
Allegheny-Fayette Central Labor Council – Community-Labor Coalition & Community Services,"The Allegheny-Fayette Central Labor Council convenes year-round tables that bring together union locals, neighborhood organizations, clergy, and community partners to identify shared priorities around good jobs, wages, public transit, and housing stability. Through its standing committees and its partnership with community allies, the council coordinates joint advocacy, service projects, and rapid response efforts that address working families’ needs beyond the workplace. This ongoing labor–c...",Union-Community Issue Councils,No Locally Attuned Progressive Leaders from Working-Class Communities,"Allegheny-Fayette Central Labor Council, AFL-CIO","1459 Woodruff Street, Pittsburgh, PA 15220",https://www.aflciopgh.org,,
AlphaLab Gear Hardware Accelerator,"AlphaLab Gear is a hardware-focused incubator that provides shared prototyping labs and equipment (electronics benches, 3D printing, machining, and testing) plus intensive business coaching to help founders build and scale physical products and small manufacturing ventures. The program connects startups to regional contract manufacturers, supply-chain mentors, and corporate partners for pilots and procurement, growing local supplier capacity in Western Pennsylvania.",Small Business and Maker Hubs,Cultural Disconnection Between Progressive Messaging and Working-Class Identity,Innovation Works,"6024 Broad Street, Pittsburgh, PA 15206",https://alphalabgear.org,info@alphalab.org,
Alphabet City Community Events,"City of Asylum hosts frequent free readings, conversations, salons, and storytelling nights at its Alphabet City venue that bring neighbors together in an informal setting. The events encourage peer-to-peer discussion before and after programs and often feature local authors, civic leaders, and occasionally elected officials, creating organic contexts for political conversation and introductions outside of formal campaign structures.",Neighborhood peer salons and social events,Communication Gaps Between Top Union Officials and Rank-and-File Members,City of Asylum Pittsburgh,"40 W North Avenue, Pittsburgh, PA 15212",https://cityofasylum.org,info@cityofasylum.org,
Alphabet City Public Programs,"City of Asylum’s Alphabet City hosts free, weekly public programs—author talks, discussions on democracy, community dialogues, and cultural events—in partnership with libraries, universities, and local nonprofits. By offering a permanent, nonpartisan venue open to all, the initiative provides reliable physical space where residents can regularly gather, learn, and engage in civic life on Pittsburgh’s Northside.",Partnering with Local Institutions,Absence of Year-Round Democratic Party Presence and Organizing,City of Asylum Pittsburgh,"40 W North Avenue, Pittsburgh, PA 15212",https://www.cityofasylum.org,info@cityofasylum.org,
Alphabet City Public Programs & Salons,"City of Asylum’s Alphabet City hosts frequent salon-style readings, talks, and community conversations that function as informal civic spaces where neighbors gather, share stories, and discuss pressing community concerns. The regular, accessible programming nurtures social ties and enables organic dialogue among residents and local leaders, creating a welcoming environment for civic discussion and candidate introductions during election seasons.",Neighborhood peer salons and social events,Communication Gaps Between Top Union Officials and Rank-and-File Members,City of Asylum Pittsburgh,"40 W North Avenue, Pittsburgh, PA 15212",https://www.cityofasylum.org,info@cityofasylum.org,
Ambassador Program (ReClaim Ambassadors),"Grounded Strategies’ Ambassador Program trains residents of disinvested neighborhoods to organize around vacant land reuse and community-led projects. The curriculum covers one-on-one listening, meeting facilitation, volunteer coordination, digital mapping and outreach, and how to connect policies and funding streams to tangible local improvements. Graduates become neighborhood ambassadors who lead workdays, host trainings, and coach peers—creating a sustained train-the-trainer pipeline.",Train-the-trainer civic leadership academy,Communication Gaps Between Top Union Officials and Rank-and-File Members,Grounded Strategies,"6587 Hamilton Avenue, Pittsburgh, PA 15206",https://groundedpgh.org,info@groundedpgh.org,
AmeriCorps VISTA at Mon Valley Initiative,"Mon Valley Initiative hosts yearlong AmeriCorps VISTA members who build capacity for community development corporations and neighborhood groups in towns like Homestead, Braddock, and Duquesne. VISTAs receive a living stipend while supporting resident organizing, workforce initiatives, and local policy advocacy—embedding young leaders in deindustrialized communities to strengthen governance and civic participation.",Civic Apprenticeships for Young Workers,No Locally Attuned Progressive Leaders from Working-Class Communities,Mon Valley Initiative,"305 East 8th Avenue, Homestead, PA 15120",https://monvalleyinitiative.com,info@monvalleyinitiative.com,
Annual Awards Dinner & Neighbor of the Year Awards,"The Northside Leadership Conference presents annual Neighbor of the Year and related awards to recognize resident leaders, block captains, and civic volunteers from Pittsburgh’s working-class Northside neighborhoods. Public ceremonies and neighborhood-wide promotion raise the visibility of trusted, local voices and reinforce a culture of year-round, community-centered leadership rather than elite-driven recognition.",Visible Local Leadership Awards,No Locally Attuned Progressive Leaders from Working-Class Communities,Northside Leadership Conference,"306 East Ohio Street, Pittsburgh, PA 15212",https://www.pittsburghnorthside.com,info@pittsburghnorthside.com,
Annual Community Awards,"Mon Valley Initiative hosts an annual awards celebration honoring grassroots neighborhood leaders, union partners, and civic volunteers who drive community revitalization across the Mon Valley. The event lifts up workers and resident leaders from deindustrialized towns, making their service visible through public recognition and media outreach and reinforcing year-round collaboration between community groups, labor, and local officials.",Visible Local Leadership Awards,No Locally Attuned Progressive Leaders from Working-Class Communities,Mon Valley Initiative,"305 East 8th Avenue, Homestead, PA 15120",https://monvalleyinitiative.com,info@monvalleyinitiative.com,
Annual Community Awards Dinner,"Mon Valley Initiative’s Annual Community Awards Dinner recognizes residents, union partners, municipal leaders, and volunteers for leadership in Western Pennsylvania’s industrial river communities. By lifting up people who improve housing, workforce pathways, and neighborhood quality of life, the event builds visibility for trusted local voices. This recognition program helps the region see community leadership reflected in workers and neighbors, not just metropolitan elites.",Visible Local Leadership Awards,No Locally Attuned Progressive Leaders from Working-Class Communities,Mon Valley Initiative,"305 East 8th Avenue, Homestead, PA 15120",https://monvalleyinitiative.com,info@monvalleyinitiative.com,
Annual Labor Day Mass and Blessing of Workers,"The Diocese of Pittsburgh hosts a Labor Day Mass that invites union members, labor leaders, and congregations to worship together and lift up the dignity of work. Clergy provide pastoral outreach and public blessing of workers while parishes connect with local unions to plan ongoing support such as hosting meetings, organizing food or childcare support during strikes, and amplifying worker‑justice campaigns throughout the year.",Faith‑Labor Bridge Program,Absence of Labor-Community Coalitions,Catholic Diocese of Pittsburgh – Office for Social Concerns,"2900 Noblestown Road, Pittsburgh, PA 15205",https://diopitt.org,info@diopitt.org,
Annual Labor Day Mass and Blessing of Workers,"The Diocese of Pittsburgh hosts an annual interfaith-leaning Mass at St. Paul Cathedral that invites union members, worker leaders, and congregations to pray together and lift up Catholic social teaching on the dignity of work and workers’ rights. Through pastoral outreach and parish engagement, diocesan leaders help normalize faith–labor collaboration and encourage congregations to support local worker campaigns with presence, space, and volunteer assistance.",Faith‑Labor Bridge Program,Absence of Labor-Community Coalitions,Roman Catholic Diocese of Pittsburgh (St. Paul Cathedral),"108 North Dithridge Street, Pittsburgh, PA 15213",https://www.diopitt.org,info@diopitt.org,
Apprenticeship Pittsburgh,"Partner4Work’s Apprenticeship Pittsburgh coordinates registered apprenticeships and pre-apprenticeships with local employers, unions, schools, and community organizations across Allegheny County. By funding training partners and aligning Career and Technical Education (CTE) programs with union and industry pathways, it helps employers prioritize hiring nearby residents and creates a seamless local pipeline into family-sustaining jobs—strengthening neighborhood ties and reducing long commutes.",Local Apprenticeship Scholarships and Wage Supplements,Cultural Disconnection Between Progressive Messaging and Working-Class Identity,Partner4Work,"650 Smithfield Street, Suite 2400, Pittsburgh, PA 15222",https://www.partner4work.org,info@partner4work.org,
Apprenticeship Pittsburgh,"Partner4Work’s Apprenticeship Pittsburgh coordinates registered apprenticeships and pre-apprenticeships with local employers, unions, schools, and community organizations across Allegheny County. By funding training partners and aligning Career and Technical Education (CTE) programs with union and industry pathways, it helps employers prioritize hiring nearby residents and creates a seamless local pipeline into family-sustaining jobs—strengthening neighborhood ties and reducing long commutes.",Union–Community Partnerships,Cultural Disconnection Between Progressive Messaging and Working-Class Identity,Partner4Work,"650 Smithfield Street, Suite 2400, Pittsburgh, PA 15222",https://www.partner4work.org,info@partner4work.org,
Apprenticeship Pittsburgh,"Partner4Work’s Apprenticeship Pittsburgh coordinates registered apprenticeships and pre-apprenticeships with local employers, unions, schools, and community organizations across Allegheny County. By funding training partners and aligning Career and Technical Education (CTE) programs with union and industry pathways, it helps employers prioritize hiring nearby residents and creates a seamless local pipeline into family-sustaining jobs—strengthening neighborhood ties and reducing long commutes.",Expand Local Apprenticeship Programs,Cultural Disconnection Between Progressive Messaging and Working-Class Identity,Partner4Work,"650 Smithfield Street, Suite 2400, Pittsburgh, PA 15222",https://www.partner4work.org,info@partner4work.org,
Apprenticeship Pittsburgh,"Partner4Work’s Apprenticeship Pittsburgh coordinates registered apprenticeships and pre-apprenticeships with local employers, unions, schools, and community organizations across Allegheny County. By funding training partners and aligning Career and Technical Education (CTE) programs with union and industry pathways, it helps employers prioritize hiring nearby residents and creates a seamless local pipeline into family-sustaining jobs—strengthening neighborhood ties and reducing long commutes.",School‑to‑Work Pathways with Cross‑Sector Mentors,Absence of Labor-Community Coalitions,Partner4Work,"650 Smithfield Street, Suite 2400, Pittsburgh, PA 15222",https://www.partner4work.org,info@partner4work.org,
"Apprenticeship Pittsburgh (training, ITA, and OJT supports)","Partner4Work operates Apprenticeship Pittsburgh and related workforce programs that help residents enter high-demand trades by providing tuition assistance (Individual Training Accounts) and supportive services that function like scholarships for approved training and pre-apprenticeships. They also offset early employment costs through paid work experience and on-the-job training wage reimbursements to employers, which act as short-term wage supplements during the first months of an apprentic...",Local Apprenticeship Scholarships and Wage Supplements,Cultural Disconnection Between Progressive Messaging and Working-Class Identity,Partner4Work (Pittsburgh/Allegheny County Workforce Development Board),"650 Smithfield Street, Suite 2600, Pittsburgh, PA 15222",https://www.partner4work.org,info@partner4work.org,
Apprenticeship Readiness Program (ARP),"Partner4Work’s Apprenticeship Readiness Program prepares Pittsburgh-area residents for entry into Department of Labor–registered building trades apprenticeships through math refreshers, hands-on exposure, and union-led orientations. Delivered with the Builders Guild of Western Pennsylvania and local unions/contractors, the program connects graduates directly to apprenticeship openings and local hiring on public works and commercial projects, creating clear pathways to stable, family-sustainin...",Local Apprenticeship Scholarships and Wage Supplements,Cultural Disconnection Between Progressive Messaging and Working-Class Identity,Partner4Work,"650 Smithfield Street, Suite 2600, Pittsburgh, PA 15222",https://www.partner4work.org,info@partner4work.org,
Apprenticeship Readiness and Building Trades Pathways (stipends and scholarships),"The Energy Innovation Center Institute runs apprenticeship-readiness programs in building operations, HVAC, electrical, and energy-related trades that include participant stipends and wraparound supports funded by local philanthropy and employer partners. The Institute provides scholarships that cover tuition, certifications, and tools, and often short-term stipends for trainees while they transition to paid apprenticeships with union and employer partners. This community-backed funding model...",Local Apprenticeship Scholarships and Wage Supplements,Cultural Disconnection Between Progressive Messaging and Working-Class Identity,Energy Innovation Center Institute,"1435 Bedford Avenue, Pittsburgh, PA 15219",https://www.eicpittsburgh.org,info@eicpittsburgh.org,
ApprenticeshipPGH,"ApprenticeshipPGH is Partner4Work’s regional initiative that organizes pre-apprenticeship and registered apprenticeship pathways with unions, manufacturers, and public schools across Allegheny County. The program brokers employer hiring commitments, aligns training with JATCs and community colleges, and prioritizes residents—especially from city neighborhoods and nearby mill towns—for apprenticeship slots and related employment. This coordinated pipeline helps people train and work closer to ...","Plain‑Language, Respectful Local Messaging",Cultural Disconnection Between Progressive Messaging and Working-Class Identity,Partner4Work (Pittsburgh/Allegheny County Workforce Development Board),"650 Smithfield Street, Suite 2600, Pittsburgh, PA 15222",https://www.partner4work.org,info@partner4work.org,
ApprenticeshipPGH,"ApprenticeshipPGH is a youth-focused pre-apprenticeship that partners with unions, community colleges, and local employers to create direct pathways into registered apprenticeships and entry-level jobs in sectors like advanced manufacturing, IT, and healthcare. By brokering employer partnerships and aligning classroom learning with on-the-job training, it advances hire-local strategies that connect Pittsburgh-area residents to stable careers and deepen ties between workers and neighborhood em...",Expand Local Apprenticeship Programs,Cultural Disconnection Between Progressive Messaging and Working-Class Identity,Partner4Work,"650 Smithfield Street, Suite 2600, Pittsburgh, PA 15222",https://www.partner4work.org,info@partner4work.org,
Archives & Special Collections (Archives of Industrial Society and Oral Histories),"The University of Pittsburgh’s Archives & Special Collections preserves the Archives of Industrial Society and related oral history collections documenting steel, coal, transportation, and labor organizing across Western Pennsylvania. These interviews and primary sources are accessible to the public and researchers, supplying authentic worker voices and visual materials that can be used in storytelling, community engagement, and civic communications.",Oral History and Heritage Projects,Campaign Visits Concentrated in Urban Pittsburgh Rather Than Industrial Communities,University of Pittsburgh Library System,"3960 Forbes Avenue, Pittsburgh, PA 15260",https://www.library.pitt.edu/archives-special-collections,archives@pitt.edu,
Archives of Industrial Society (AIS) – Oral Histories,"The University of Pittsburgh’s Archives & Special Collections houses the Archives of Industrial Society, which includes recorded interviews with steelworkers, union leaders, and community members, plus rich photographic and artifact collections from Western Pennsylvania mill towns. These curated, publicly available resources offer authentic local stories that can inform communications and engagement in deindustrialized communities.",Oral History and Heritage Projects,Campaign Visits Concentrated in Urban Pittsburgh Rather Than Industrial Communities,University of Pittsburgh Library System,"3960 Forbes Avenue, Pittsburgh, PA 15260",https://www.library.pitt.edu/archives-special-collections,archives@pitt.edu,
Art on Tap,"Art on Tap is a recurring first-Friday, after-hours program with live music, local brews and bites, and access to galleries at The Westmoreland. It provides an informal, welcoming environment where Westmoreland County residents gather regularly to celebrate regional art and meet neighbors. The series strengthens social ties and local identity through consistent cultural nights in a trusted community space.",Arts & Culture Nights,Absence of Year-Round Democratic Party Presence and Organizing,The Westmoreland Museum of American Art,"221 N Main Street, Greensburg, PA 15601",https://thewestmoreland.org,info@thewestmoreland.org,
Avenues of Hope,"Avenues of Hope is a place-based investment strategy focused on seven historic Black main streets in Pittsburgh, coupling community-led planning with capital for small business growth, affordable housing, and cultural corridor revitalization. The program requires robust resident engagement and aligns public financing with environmental performance, accessibility, and health standards. In partnership with workforce agencies and contractors, URA projects commonly include prevailing-wage and loc...",Place‑Based Economic Renewal Plans,Absence of Labor-Community Coalitions,Urban Redevelopment Authority of Pittsburgh (URA),"412 Boulevard of the Allies, Pittsburgh, PA 15219",https://www.ura.org,info@ura.org,
B-PEP Community Forums & Candidate Nights,"B-PEP convenes ongoing community forums and candidate nights in trusted neighborhood spaces such as churches and community centers throughout Pittsburgh. Structured as open, conversational gatherings with time to mingle and ask questions, these events encourage neighbors to talk with each other about local priorities—jobs, public safety, housing—while meeting candidates and public officials. The format mirrors informal neighborhood salons, rebuilding social ties and creating authentic context...",Neighborhood peer salons and social events,Communication Gaps Between Top Union Officials and Rank-and-File Members,Black Political Empowerment Project (B-PEP),"2201 Wylie Avenue, Suite 204, Pittsburgh, PA 15219",https://www.b-pep.net,b-pep@b-pep.net,
Battle of Homestead Foundation,"The Battle of Homestead Foundation produces public programs, oral histories, and documentary screenings that center workers’ voices and regional labor history. By hosting multimedia talks and film events at the historic Pump House and in partnership with unions, schools, and congregations, they elevate stories from workers, residents, and faith leaders to build shared understanding and civic will around community renewal.",Joint Public Education and Storytelling Campaigns,Absence of Labor-Community Coalitions,Battle of Homestead Foundation,"880 E Waterfront Drive, Munhall, PA 15120",https://www.battleofhomestead.org,info@battleofhomestead.org,
Battle of Homestead Foundation Events at The Pump House,"The Battle of Homestead Foundation hosts lectures, concerts, commemorations, and storytelling programs at the historic Pump House that spotlight labor history and the lives of steelworkers. By interpreting the 1892 Homestead Strike and contemporary worker experiences, these public events celebrate industrial labor, nurture respect for manual skills, and strengthen community identity rooted in working-class heritage.",Industrial Heritage and Labor Cultural Events,Cultural Disconnection Between Progressive Messaging and Working-Class Identity,Battle of Homestead Foundation,"880 E Waterfront Drive, Munhall, PA 15120",https://battleofhomestead.org,,
Battle of Homestead Foundation Podcast,"The Battle of Homestead Foundation Podcast documents Western Pennsylvania’s labor history and contemporary worker experiences through interviews with steelworkers, union organizers, teachers, nurses, and other trades. Episodes and live programs at the Historic Pump House are shared as audio streams, short video clips, and on social media—creating a locally rooted storytelling platform that humanizes issues and reconnects communities to worker voices.",Local media and storytelling campaign,Communication Gaps Between Top Union Officials and Rank-and-File Members,Battle of Homestead Foundation,"880 E Waterfront Drive, Munhall, PA 15120",https://battleofhomestead.org,,
Battle of Homestead Foundation Public Programs,"The Battle of Homestead Foundation preserves and shares the stories of steelworkers and their families through talks, performances, walking tours, and community events based at the historic Pump House. Programs frequently feature readings, music, and storytelling rooted in labor history and civic action, helping residents connect pride in protection and responsibility with solidarity, caregiving, and community-building. By foregrounding workers’ voices and cultural expression, the initiative ...",Industrial Heritage and Labor Cultural Events,Cultural Disconnection Between Progressive Messaging and Working-Class Identity,Battle of Homestead Foundation,"880 East Waterfront Drive, Munhall, PA 15120",https://battleofhomestead.org,info@battleofhomestead.org,
Battle of Homestead Foundation Public Programs,"The Battle of Homestead Foundation preserves and shares the stories of steelworkers and their families through talks, performances, walking tours, and community events based at the historic Pump House. Programs frequently feature readings, music, and storytelling rooted in labor history and civic action, helping residents connect pride in protection and responsibility with solidarity, caregiving, and community-building. By foregrounding workers’ voices and cultural expression, the initiative ...",Joint Public Education and Storytelling Campaigns,Absence of Labor-Community Coalitions,Battle of Homestead Foundation,"880 East Waterfront Drive, Munhall, PA 15120",https://battleofhomestead.org,info@battleofhomestead.org,
Battle of Homestead Program Series,"The Battle of Homestead Foundation runs public talks, film nights, and cultural programs at the historic Pump House that function as relaxed social gatherings for union households and community members. These events regularly include time for informal conversation and Q&A with labor leaders, historians, and occasionally candidates, rebuilding social ties and enabling organic, peer-based political dialogue rooted in local work and community history.",Neighborhood peer salons and social events,Communication Gaps Between Top Union Officials and Rank-and-File Members,Battle of Homestead Foundation,"880 E Waterfront Drive, Munhall, PA 15120",https://battleofhomestead.org,info@battleofhomestead.org,
Be Here: Venango County Storytelling & Talent Attraction,"Be Here profiles residents, entrepreneurs, and community projects across Venango County, producing written stories, photography, and short videos that reflect local history, current challenges, and strengths. These features are published on the Be Here website and social channels and are shared with local newspapers and partners to extend reach across Western Pennsylvania. The campaign provides smaller, post-industrial towns with a consistent platform to tell their own stories and counter cit...",Community Storytelling and Media Campaign,Campaign Visits Concentrated in Urban Pittsburgh Rather Than Industrial Communities,Bridge Builders Community Foundations,"206 Seneca Street, Oil City, PA 16301",https://beherevenango.org,info@bbcf.org,
Beaver County CED Industrial Parks,"The Beaver County Corporation for Economic Development assembles and remediates brownfields, then develops and holds multi‑tenant industrial parks, offering ground leases and affordable space to manufacturers through a nonprofit, public‑private structure. By keeping land under mission‑driven control, the initiative preserves attainable industrial space for smaller firms and sustains stable, locally rooted employment across the county.",Preserve Affordable Industrial Space via Community Land Trusts,Cultural Disconnection Between Progressive Messaging and Working-Class Identity,Beaver County Corporation for Economic Development,"250 Insurance Street, Suite 300, Beaver, PA 15009",https://www.beavercountyced.org,,
Beaver County Chamber Events & Legislative Calendar,"The Beaver County Chamber of Commerce maintains a public events and legislative calendar highlighting forums, legislative breakfasts, and visits by local, state, and federal officials to Beaver County communities. By publicizing candidate appearances and elected officials’ listening sessions, the Chamber provides a visible, regularly updated tracker that helps residents and local media see who is engaging outside of Pittsburgh.",Civic Calendar and Visit Tracker,Campaign Visits Concentrated in Urban Pittsburgh Rather Than Industrial Communities,Beaver County Chamber of Commerce,"650 Corporation Street, Suite 201, Beaver, PA 15009",https://www.beavercountychamber.com/events,info@beavercountychamber.com,
Beaver County Chamber Nonpartisan Candidate Forums,"The Beaver County Chamber of Commerce hosts nonpartisan forums for county, municipal, and judicial candidates where local employers and employees pose questions tied to the regional economy and workplace issues. The Chamber’s moderators request specific timelines and benchmarks from candidates; sessions are recorded and shared via the Chamber’s website, email newsletter, and local media partners to keep commitments visible to the community.",Local candidate forums and accountability sessions,Communication Gaps Between Top Union Officials and Rank-and-File Members,Beaver County Chamber of Commerce,"650 Corporation Street, Beaver, PA 15009",https://www.beavercountychamber.com,info@beavercountychamber.com,
Beaver County Industrial Parks Program,"BCCED develops and manages multiple industrial parks in Beaver County, holding land and facilities that it leases or sells at competitive, non-speculative rates to manufacturing firms. As a countywide development nonprofit, it uses public-private financing and long-term site control to preserve industrial parcels for job-creating uses. The program provides affordable, ready-to-occupy space that helps small manufacturers expand and stabilizes the regional industrial base.",Preserve Affordable Industrial Space via Community Land Trusts,Cultural Disconnection Between Progressive Messaging and Working-Class Identity,Beaver County Corporation for Economic Development,"250 Insurance Street, Suite 300, Beaver, PA 15009",https://www.bcced.org,,
Bidwell Training Center Career Training Programs,"Bidwell Training Center offers tuition-free, employer-driven training programs in fields like healthcare and horticulture technology, built in close partnership with regional employers. Instruction is cohort-based and highly peer-supported, with workshops and labs that mirror skill-sharing, and career services that place graduates directly into jobs. This creates a talent pipeline for displaced workers to transition into stable, in-demand sectors.","Plain‑Language, Respectful Local Messaging",Cultural Disconnection Between Progressive Messaging and Working-Class Identity,Bidwell Training Center (Manchester Bidwell Corporation),"1815 Metropolitan Street, Pittsburgh, PA 15233",https://www.bidwelltraining.edu,admissions@bidwelltraining.edu,
Block Ambassador Program,"Lawrenceville United recruits and trains Block Ambassadors—resident liaisons on each block—who check in with neighbors, share resources, and elevate issues to the organization and public agencies. Ambassadors coordinate small gatherings like porch meetings and block meetups, collect concerns, and connect residents to services and problem-solving channels, maintaining neighborhood connectivity even without a dedicated hall.",Train-the-trainer civic leadership academy,Communication Gaps Between Top Union Officials and Rank-and-File Members,Lawrenceville United,"3429 Butler Street, Pittsburgh, PA 15201",https://www.lunited.org,info@lunited.org,
Block Ambassador Program,"The Hilltop Alliance Block Ambassador Program equips neighborhood volunteers to conduct routine door-knocking and phone outreach across the South Hilltop communities to share resources, invite residents to meetings, and surface local issues. Ambassadors serve as consistent, year-round connectors between households and community services, building trust and helping identify new leaders on each block.",Year-Round Volunteer Canvass & Phone Teams,Absence of Year-Round Democratic Party Presence and Organizing,Hilltop Alliance,"831 East Warrington Avenue, Pittsburgh, PA 15210",https://www.pghhilltopalliance.org,info@pghhilltopalliance.org,
Block Ambassador Program,"Lawrenceville United recruits and trains Block Ambassadors—resident liaisons on each block—who check in with neighbors, share resources, and elevate issues to the organization and public agencies. Ambassadors coordinate small gatherings like porch meetings and block meetups, collect concerns, and connect residents to services and problem-solving channels, maintaining neighborhood connectivity even without a dedicated hall.",Year-Round Volunteer Canvass & Phone Teams,Absence of Year-Round Democratic Party Presence and Organizing,Lawrenceville United,"3429 Butler Street, Pittsburgh, PA 15201",https://www.lunited.org,info@lunited.org,
Block Ambassador and Neighbor-to-Neighbor Listening Canvass,"Lawrenceville United organizes regular door-to-door listening canvasses to collect residents’ priorities and concerns while strengthening communication at the block level. Staff and volunteer block ambassadors address rumors and misinformation about neighborhood issues and local processes, ensuring accurate information circulates through trusted neighbors. The program explicitly maps and trains block ambassadors as trusted messengers who can be deployed for targeted outreach and rapid communi...",Neighborhood canvass and listening campaigns,Communication Gaps Between Top Union Officials and Rank-and-File Members,Lawrenceville United,"4615 Butler Street, Pittsburgh, PA 15201",https://www.lunited.org,info@lunited.org,
Block Associations Program,"Operation Better Block organizes Homewood residents at the block level into resident-led associations that meet regularly to address housing conditions, safety, youth opportunities, and development priorities. Staff support block leaders to survey neighbors, set agendas, and coordinate actions like cleanups, vacant property tracking, landlord engagement, and advocacy with city departments—creating a year-round organizing presence rooted in everyday concerns.",Neighborhood Civic Committees,Absence of Year-Round Democratic Party Presence and Organizing,"Operation Better Block, Inc.","801 N Homewood Avenue, Pittsburgh, PA 15208",https://www.obbinc.org,info@obbinc.org,
Block Captains Program,"Lawrenceville United recruits and trains residents to serve as block captains who organize their specific blocks, host regular meetings, gather input, and problem-solve on issues like traffic safety, housing quality, and school concerns. Captains coordinate neighbor-led actions and connect blocks to LU’s standing committees and monthly neighborhood meetings, ensuring continuous, resident-driven organizing between election cycles.",Block Captain Network,Absence of Year-Round Democratic Party Presence and Organizing,Lawrenceville United,"5151 Butler Street, Pittsburgh, PA 15201",https://www.lunited.org,info@LUnited.org,
Block Captains Program,"Lawrenceville United recruits and trains residents to serve as block captains who organize their specific blocks, host regular meetings, gather input, and problem-solve on issues like traffic safety, housing quality, and school concerns. Captains coordinate neighbor-led actions and connect blocks to LU’s standing committees and monthly neighborhood meetings, ensuring continuous, resident-driven organizing between election cycles.",Neighborhood Civic Committees,Absence of Year-Round Democratic Party Presence and Organizing,Lawrenceville United,"5151 Butler Street, Pittsburgh, PA 15201",https://www.lunited.org,info@LUnited.org,
Block Steward Program,"Operation Better Block’s Block Steward Program recruits and trains resident leaders to adopt their block, serve as the primary point of contact for neighbors, and share information door-to-door and via block meetings. Stewards organize clean-ups and small gatherings, collect concerns, and escalate service requests and community needs to OBB and municipal partners year-round—creating decentralized, continuous outreach between larger initiatives.",Block Captain Network,Absence of Year-Round Democratic Party Presence and Organizing,"Operation Better Block, Inc.","801 N Homewood Ave, Pittsburgh, PA 15208",https://www.obbinc.org,info@obbinc.org,
Block Stewardship Program,"Operation Better Block’s Block Stewardship Program trains and supports resident leaders to serve as block stewards who share information, organize block meetings and cleanups, and act as liaisons between neighbors and service providers. These stewards escalate community concerns to OBB and local officials and sustain regular communication on their streets, creating a decentralized, continuous outreach network.",Block Captain Network,Absence of Year-Round Democratic Party Presence and Organizing,"Operation Better Block, Inc.","801 N Homewood Avenue, Pittsburgh, PA 15208",https://www.obbinc.org,info@obbinc.org,
Block Watch & Block Association Network,"Operation Better Block organizes resident-led block associations throughout Homewood and recruits block captains to serve as trusted points of contact on each block. Captains distribute information, host neighbor meetings and walk-throughs, and escalate issues like blight, safety, and services to OBB and city partners—creating a decentralized, year-round outreach network.",Block Captain Network,Absence of Year-Round Democratic Party Presence and Organizing,"Operation Better Block, Inc.","801 N Homewood Avenue, Pittsburgh, PA 15208",https://www.obbinc.org,info@obbinc.org,
Bloomfield Candidate Forum Series,"Bloomfield Development Corporation runs nonpartisan candidate forums for municipal, county, and state races, inviting residents, small business owners, and local workers to pose practical neighborhood and workplace questions. Candidates are asked to commit to measurable actions on issues like safe streets, small-business and service-sector concerns, and housing; BDC records and shares highlights and full videos across neighborhood channels for transparency and follow-up.",Local candidate forums and accountability sessions,Communication Gaps Between Top Union Officials and Rank-and-File Members,Bloomfield Development Corporation,"4900 Liberty Avenue, Pittsburgh, PA 15224",https://bloomfieldpgh.org,info@bloomfieldpgh.org,
Bloomfield Development Review and Community Benefits Agreements,"Bloomfield Development Corporation convenes public development review meetings and bargaining sessions with project sponsors to craft CBAs that reflect neighborhood priorities. Agreements commonly include local hiring and apprenticeship opportunities, affordable housing or community fund contributions, and mitigation of construction impacts like noise, dust, and traffic. BDC works with residents, small businesses, labor partners, and faith organizations to define benefits, memorializes them i...",Community Benefit Agreements for Redevelopment,Absence of Labor-Community Coalitions,Bloomfield Development Corporation,"4900 Liberty Avenue, Pittsburgh, PA 15224",https://www.bloomfieldpgh.org,info@bloomfieldpgh.org,
Bloomfield Neighborhood Candidate Forums,"Bloomfield Development Corporation hosts nonpartisan, resident-led forums for city, county, and school board races that directly address neighborhood priorities like small business support, safe streets, and fair development. Residents craft and ask the questions, and BDC records and distributes highlights through newsletters, social media, and community partners to document candidate promises and maintain accountability.",Local candidate forums and accountability sessions,Communication Gaps Between Top Union Officials and Rank-and-File Members,Bloomfield Development Corporation,"4901 Liberty Avenue, Pittsburgh, PA 15224",https://bloomfieldpgh.org,info@bloomfieldpgh.org,
Bloomfield-Garfield Corporation,"The Bloomfield-Garfield Corporation convenes resident committees and regular community forums focused on core neighborhood concerns like housing, youth opportunities, public safety, and business district vitality. These committees organize block-level cleanups, support code enforcement and anti-blight campaigns, evaluate development projects, and coordinate with schools and service providers based on priorities residents set together. The result is a standing, resident-driven civic infrastruc...",Neighborhood Civic Committees,Absence of Year-Round Democratic Party Presence and Organizing,Bloomfield-Garfield Corporation,"113 North Pacific Avenue, Pittsburgh, PA 15224",https://bloomfield-garfield.org,info@bloomfield-garfield.org,
Breaking Barriers,"Breaking Barriers funds partner agencies to remove employment obstacles for working-class residents, providing targeted assistance such as childcare support, transit passes, and other transportation help for those in training or starting new jobs. By covering these critical costs, the initiative enables participants to reliably attend classes, interviews, and early weeks of employment.",Transportation and Childcare Support for Trainees,Cultural Disconnection Between Progressive Messaging and Working-Class Identity,Partner4Work,"650 Smithfield Street, Suite 2400, Pittsburgh, PA 15222",https://www.partner4work.org,info@partner4work.org,
Breathe Project,"The Breathe Project is a regional coalition that uses multimedia storytelling—videos, photo essays, blogs, and social media—to elevate the lived experiences of residents and workers impacted by air pollution and industrial change. They collaborate with schools, community groups, unions, and congregations to host town halls and documentary screenings across the Mon Valley and greater Pittsburgh, building empathy and political will for healthy jobs and environmental justice.",Joint Public Education and Storytelling Campaigns,Absence of Labor-Community Coalitions,Breathe Project,"1435 Bedford Avenue, Suite A, Pittsburgh, PA 15219",https://breatheproject.org,info@breatheproject.org,
Business Opportunities and Small Contractor Development,"ALCOSAN’s multi-year Clean Water Plan creates substantial, ongoing contracting opportunities for local firms through its business opportunities and small-contractor development efforts. By packaging bids, mentoring regional contractors, and encouraging participation of Western Pennsylvania companies, the authority directs public infrastructure spending to local manufacturers and builders, providing predictable demand for skilled labor and trades.",Local Procurement and Buy-Local Policies,Cultural Disconnection Between Progressive Messaging and Working-Class Identity,Allegheny County Sanitary Authority (ALCOSAN),"3300 Preble Avenue, Pittsburgh, PA 15233",https://www.alcosan.org/business/business-opportunities,businessopportunities@alcosan.org,
Butler County Chamber of Commerce,"The Chamber hosts nonpartisan candidate forums, legislative breakfasts, and community speaking engagements throughout Butler County’s boroughs and townships, creating opportunities for candidates to meet voters outside of Pittsburgh. Its staff and volunteers help coordinate itineraries, connect campaigns with local venues and employers for tours, and elevate small-town stops that reflect the region’s industrial heritage.",Local Welcome Committee,Campaign Visits Concentrated in Urban Pittsburgh Rather Than Industrial Communities,Butler County Chamber of Commerce,"130 S Main Street, Butler, PA 16001",https://www.butlercountychamber.com,chamber@butlercountychamber.com,
Butler County Chamber of Commerce Meet the Candidates Forums,"The Butler County Chamber of Commerce convenes open, nonpartisan 'Meet the Candidates' forums each election cycle, typically hosted in accessible community venues across the county such as municipal buildings and college community spaces. All candidates are invited to participate, the format provides equal time and moderated, locally focused questions, and events are widely publicized to connect office-seekers with residents in Butler and surrounding towns.",Nonpartisan Candidate Forums in Town Halls,Campaign Visits Concentrated in Urban Pittsburgh Rather Than Industrial Communities,Butler County Chamber of Commerce,"130 South Main Street, Butler, PA 16001",https://www.butlercountychamber.com,info@butlercountychamber.com,
Butler County Events Calendar & Visitors Guide,"The Butler County Tourism & Convention Bureau maintains a county-wide online events calendar where community organizations can post meetings, volunteer needs, and local happenings. They produce a printed Visitors Guide with event listings distributed throughout the county and push updates via email and Facebook, providing both digital and physical channels that keep residents continuously informed and engaged.",Shared Community Calendar & Messaging Groups,Absence of Year-Round Democratic Party Presence and Organizing,Butler County Tourism & Convention Bureau,"310 East Grandview Avenue, Zelienople, PA 16063",https://www.visitbutlercounty.com,info@visitbutlercounty.com,
CCAC Apprenticeships & Pre-Apprenticeships,"CCAC partners with manufacturers, utilities, and union training programs to sponsor and deliver U.S. Department of Labor–registered apprenticeships, providing the related technical instruction while employers provide paid, on‑the‑job training. Programs in areas like mechatronics, machining, and industrial maintenance are designed with industry to create clear pathways into family-supporting skilled jobs in Western Pennsylvania.",Expand Local Apprenticeship Programs,Cultural Disconnection Between Progressive Messaging and Working-Class Identity,Community College of Allegheny County (CCAC),"1000 McKee Road, Oakdale, PA 15071",https://www.ccac.edu/workforce/apprenticeships.php,,
CCAC Apprenticeships and Industry Partnerships,"Community College of Allegheny County partners with union apprenticeship programs (e.g., Steamfitters Local 449, Operating Engineers Local 66, IBEW Local 5) and employers to deliver joint training, college credit, and stackable credentials aligned to the building and energy trades. CCAC convenes advisory councils with unions and companies, hosts community-facing info sessions, and integrates mentorship and supportive services, helping residents transition from pre-apprenticeship into register...",Union–Community Partnerships,Cultural Disconnection Between Progressive Messaging and Working-Class Identity,Community College of Allegheny County (CCAC),"800 Allegheny Avenue, Pittsburgh, PA 15233",https://www.ccac.edu,admissions@ccac.edu,
CCAC Mobile Welding Training Center,"Community College of Allegheny County operates a self-contained mobile welding lab that brings hands-on welding instruction directly to high schools, employers, and neighborhood sites across Western Pennsylvania. The unit is outfitted with welding booths and simulators, enabling short, pop-up training sessions and entry-level upskilling aligned to industry needs without requiring learners to travel to a campus.",Mobile Trade Training Units,Cultural Disconnection Between Progressive Messaging and Working-Class Identity,Community College of Allegheny County (Workforce Development),"800 Allegheny Avenue, Pittsburgh, PA 15233",https://www.ccac.edu/workforce,workforce@ccac.edu,
CCAC West Hills Center – Advanced Manufacturing & Skilled Trades Certificates,"Community College of Allegheny County’s West Hills Center delivers short, stackable certificate pathways in welding, CNC/machining, HVAC-R, mechatronics, and industrial maintenance that align with regional employer demand. Programs are designed to stack into diplomas and associate degrees and incorporate industry-recognized credentials, with prior learning assessment options that recognize relevant work experience to accelerate advancement. Employer advisory boards and placement services crea...",Blue-Collar Career Pathways and Credentials,Cultural Disconnection Between Progressive Messaging and Working-Class Identity,Community College of Allegheny County,"1000 McKee Road, Oakdale, PA 15071",https://www.ccac.edu,admissions@ccac.edu,
CCAC West Hills Center – Workforce and Apprenticeship Programs,"CCAC’s West Hills Center operates as a shared workforce training hub with labs for welding, HVAC and building automation, mechatronics, and energy-related trades that support legacy manufacturing and emerging clean-energy sectors. The college collaborates with multiple building-trades apprenticeship programs and employers to align curricula, award college credit for apprenticeship training, and deliver industry-recognized credentials. Faculty drawn from local industry and unions lead instruct...",Shared Workforce Training Hubs,Absence of Labor-Community Coalitions,Community College of Allegheny County (West Hills Center),"1000 McKee Road, Oakdale, PA 15071",https://www.ccac.edu/locations/west-hills-center/,,
"CCAC Workforce Development Short-Term Certificates (Welding, CNC, HVAC, Mechatronics)","CCAC offers short, stackable certificates in welding, CNC machining, HVAC, and mechatronics that align to regional employer demand and can be stacked into diplomas and associate degrees. Programs embed industry-recognized credentials (e.g., AWS, NIMS, EPA 608, OSHA-10) and use employer advisory input and placement partnerships to define local career ladders. CCAC also evaluates prior learning and experience for advanced standing and credit-by-exam, helping working adults accelerate to higher-...",Blue-Collar Career Pathways and Credentials,Cultural Disconnection Between Progressive Messaging and Working-Class Identity,Community College of Allegheny County (Workforce Development & Continuing Education),"1000 McKee Road, Oakdale, PA 15071",https://www.ccac.edu/workforce,workforce@ccac.edu,
CCJ Events Calendar & Community Communications,"Center for Coalfield Justice maintains an online events calendar and regularly promotes community meetings, trainings, and resource-sharing events in Washington and Greene counties through email lists and active Facebook outreach. They also distribute printed materials and meeting notices at partner sites, ensuring residents without reliable internet still receive updates. This coordinated calendar-plus-group messaging strategy keeps year-round engagement visible across deindustrialized commu...",Shared Community Calendar & Messaging Groups,Absence of Year-Round Democratic Party Presence and Organizing,Center for Coalfield Justice,"30 East Beau Street, Washington, PA 15301",https://centerforcoalfieldjustice.org,info@centerforcoalfieldjustice.org,
CONNECT (Congress of Neighboring Communities),"CONNECT hosts regular congress meetings, policy working groups, and community forums that convene City of Pittsburgh officials, university policy experts, and leaders and residents from adjacent and river valley municipalities. These town-to-city exchanges surface shared solutions on transportation, public safety, infrastructure, and economic revitalization while building relationships between urban decision-makers and industrial town communities.",Town-to-City Exchange Events,Campaign Visits Concentrated in Urban Pittsburgh Rather Than Industrial Communities,University of Pittsburgh Graduate School of Public and International Affairs (GSPIA),"230 South Bouquet Street, Pittsburgh, PA 15260",https://www.connect.pitt.edu,connectpgh@pitt.edu,
CONNECT Annual Congress and Policy Working Groups,"CONNECT hosts an annual congress and ongoing working-group meetings that bring the City of Pittsburgh together with leaders from dozens of neighboring post-industrial boroughs (e.g., Braddock, Duquesne, Rankin) to address shared issues like public safety, infrastructure, and mobility. University of Pittsburgh experts facilitate and contribute research, while sessions often include community stakeholders from these river and mill towns, fostering town-to-city relationships and jointly develope...",Town-to-City Exchange Events,Campaign Visits Concentrated in Urban Pittsburgh Rather Than Industrial Communities,Congress of Neighboring Communities (CONNECT) at the University of Pittsburgh,"230 S Bouquet Street, Pittsburgh, PA 15260",https://www.connect.pitt.edu,connect@pitt.edu,
CONNECT Events Calendar,"The Congress of Neighboring Communities (CONNECT) at the University of Pittsburgh maintains a public events calendar featuring meetings, forums, and listening sessions that convene municipal leaders, county officials, and state legislators from communities throughout Allegheny County. By aggregating these engagements, CONNECT provides a transparent view of where and how officials are interacting with residents across suburban and post-industrial municipalities.",Civic Calendar and Visit Tracker,Campaign Visits Concentrated in Urban Pittsburgh Rather Than Industrial Communities,"Congress of Neighboring Communities (CONNECT), University of Pittsburgh","230 S Bouquet Street, Pittsburgh, PA 15260",https://www.connect.pitt.edu/events,connect@pitt.edu,
COPE (Committee on Political Education) Worksite Briefings,"IBEW Local 5’s COPE program coordinates jobsite ‘gate’ meetings and lunch-and-learn sessions led by stewards and journeyworkers to explain the local’s candidate endorsements and ballot positions and how they were decided. These short, on-site talks include time for questions so members can vet the rationale, raise issues tied to local ordinances and contracts, and ensure leadership is accountable to the rank and file.",Workplace-based information sessions,Communication Gaps Between Top Union Officials and Rank-and-File Members,International Brotherhood of Electrical Workers (IBEW) Local Union 5,"5 Hot Metal Street, Pittsburgh, PA 15203",https://ibew5.org,,
COPE and Member-to-Member Program,"IBEW Local 5’s Committee on Political Education (COPE) and member-to-member efforts recruit forepersons, job stewards, and experienced electricians as volunteer ambassadors who educate fellow members and their families about policy issues and elections. These leaders also help connect union households to apprenticeship opportunities, benefit fund resources, and community services, using the credibility of tradespeople to foster trusted civic engagement across Western Pennsylvania.",Peer Ambassadors and Trusted Messengers,Cultural Disconnection Between Progressive Messaging and Working-Class Identity,International Brotherhood of Electrical Workers (IBEW) Local Union No. 5,"5 Hot Metal Street, Suite 400, Pittsburgh, PA 15203",https://www.ibew5.org,,
Cambria Regional Chamber,"The Chamber develops a Legislative Priorities platform and a Community Profile for the Greater Johnstown area and shares these briefing materials with visiting campaigns, policymakers, and journalists. These concise packets translate local needs in jobs, infrastructure, health, and education from Cambria County’s deindustrialized communities, providing evidence‑based context during tours and meetings with officials.",Community Issues Packet for Visitors,Campaign Visits Concentrated in Urban Pittsburgh Rather Than Industrial Communities,Cambria Regional Chamber,"416 Main Street, Suite 200, Johnstown, PA 15901",https://www.crchamber.com,info@crchamber.com,
Cambria Regional Chamber Community Candidate Forums,"The Cambria Regional Chamber facilitates nonpartisan forums for local and county races in Johnstown and surrounding boroughs, holding events in community spaces such as libraries, civic halls, and municipal centers. These forums provide equal speaking time, moderated discussion, and resident-submitted questions on local priorities, bringing candidates from all parties into direct dialogue with deindustrialized communities.",Nonpartisan Candidate Forums in Town Halls,Campaign Visits Concentrated in Urban Pittsburgh Rather Than Industrial Communities,The Cambria Regional Chamber,"416 Main Street, Suite 200, Johnstown, PA 15901",https://www.johnstownchamber.com,,
Cambria Regional Chamber Events & Candidate Forums,"The Cambria Regional Chamber in Johnstown runs a public events calendar that includes candidate forums, legislative updates, and visits by elected officials to Cambria County communities. This centralized listing enables residents and media in a historically industrial area to track when and how leaders are engaging locally, advancing transparency and participation outside major urban centers.",Civic Calendar and Visit Tracker,Campaign Visits Concentrated in Urban Pittsburgh Rather Than Industrial Communities,Cambria Regional Chamber,"416 Main Street, Suite 100, Johnstown, PA 15901",https://www.johnstownchamber.com/events,info@johnstownchamber.com,
Campaigns & Actions,"Pittsburghers for Public Transit mobilizes riders and transit workers by coordinating carpools, bus passes, and occasional charter buses so residents from deindustrialized towns can attend public hearings, candidate town halls, and regional agency meetings. Their organizing ensures people from communities like the Mon Valley have transportation to political events where decisions about transit, jobs, and neighborhood investment are being made.",Transportation and Accessibility Support,Campaign Visits Concentrated in Urban Pittsburgh Rather Than Industrial Communities,Pittsburghers for Public Transit,"5119 Penn Avenue, Pittsburgh, PA 15224",https://www.pittsburghforpublictransit.org,info@pittsburghforpublictransit.org,
Candidate Forum Toolkit & Training,"Allies for Children offers a nonpartisan Candidate Forum Toolkit and hands-on trainings for parents and community partners to host education-focused candidate forums in school districts and municipalities. The trainings cover event planning, neutral moderation techniques, templates to document candidate positions, and strategies for post-forum follow-up with campaigns. This helps residents in suburban and river valley communities convene candidates locally and sustain policy conversations.",Volunteer Training for Hosting Candidates,Campaign Visits Concentrated in Urban Pittsburgh Rather Than Industrial Communities,Allies for Children,"810 River Avenue, Suite 100, Pittsburgh, PA 15212",https://www.alliesforchildren.org,info@alliesforchildren.org,
Candidate Forums & Civic Engagement Series,"The Urban League of Greater Pittsburgh co-hosts and leads nonpartisan candidate forums and community accountability sessions centered on equitable economic opportunity, workforce access, and public services. Community leaders facilitate member- and resident-driven questions, and the Urban League publishes video highlights and policy responses to track commitments and inform voters through its communications channels.",Local candidate forums and accountability sessions,Communication Gaps Between Top Union Officials and Rank-and-File Members,Urban League of Greater Pittsburgh,"610 William Penn Place, Suite 1200, Pittsburgh, PA 15219",https://ulpgh.org,info@ulpgh.org,
Candidate Forums & Legislative Series (Westmoreland County),"The Westmoreland County Chamber of Commerce hosts rotating candidate forums and legislative Q&A sessions at venues across the county, including small industrial and ex-industrial boroughs and cities. Working with local chambers, borough councils, and community centers, the series ensures candidates regularly meet voters in towns like Latrobe, Jeannette, New Kensington, and Monessen rather than concentrating solely on metropolitan audiences.",Local Debate Circuit,Campaign Visits Concentrated in Urban Pittsburgh Rather Than Industrial Communities,Westmoreland County Chamber of Commerce,"241 Tollgate Hill Road, Greensburg, PA 15601",https://www.westmorelandchamber.com,info@westmorelandchamber.com,
Candidate Forums (League of Women Voters of Greater Pittsburgh),"The League of Women Voters of Greater Pittsburgh organizes nonpartisan candidate forums across municipalities in Allegheny County, often hosted in libraries, borough halls, and community centers. All candidates on the ballot are invited and receive equal time, with trained moderators focusing questions on local concerns like jobs, infrastructure, and public safety. These well-publicized events bring campaigns into communities beyond the city core and give residents in working-class towns a vo...",Nonpartisan Candidate Forums in Town Halls,Campaign Visits Concentrated in Urban Pittsburgh Rather Than Industrial Communities,League of Women Voters of Greater Pittsburgh,"436 7th Avenue, Suite 350, Pittsburgh, PA 15219",https://lwvpgh.org,info@lwvpgh.org,
Candidate Forums (Voters Service),"The League of Women Voters of Greater Pittsburgh runs nonpartisan candidate forums and voter education in venues that are accessible to working people. Partnering with labor and community groups, they frequently host forums in union halls and building-trades training centers—work-adjacent settings that bring candidates into everyday environments for workers across Western Pennsylvania.",Civic Engagement at Job Sites,Cultural Disconnection Between Progressive Messaging and Working-Class Identity,League of Women Voters of Greater Pittsburgh,"436 Seventh Avenue, Suite 350, Pittsburgh, PA 15219",https://www.lwvpgh.org,info@lwvpgh.org,
Candidate Forums and Community Roundtables,"The Beaver County Chamber of Commerce organizes nonpartisan candidate forums and issue-focused roundtables throughout the county, often hosted at union halls, churches, libraries, and small businesses. These events function as listening sessions where residents and employers articulate their priorities on jobs, infrastructure, and community safety, while candidates are invited to hear concerns and commit to follow-up.",Listening Sessions with Key Community Institutions,Campaign Visits Concentrated in Urban Pittsburgh Rather Than Industrial Communities,Beaver County Chamber of Commerce,"4949 Brodhead Road, Suite 2B, Monaca, PA 15061",https://www.beavercountychamber.com,info@beavercountychamber.com,
Candidate Forums and Voter Registration,"Monessen Public Library & Cultural Center hosts nonpartisan voter registration drives and provides reliable information on how to vote, important deadlines, and what to expect at the polls. In partnership with local civic groups, the library organizes and promotes candidate forums and shares details on how residents can attend or request candidate events—ensuring Monessen and surrounding Mon Valley communities are included in the local political conversation.",Nonpartisan Voter Education and Registration Drives,Campaign Visits Concentrated in Urban Pittsburgh Rather Than Industrial Communities,Monessen Public Library & Cultural Center,"326 Donner Avenue, Monessen, PA 15062",https://www.monessenlibrary.org,monessenlibrary@gmail.com,
Capacity Building Programs (Launch and Grow) Workshops,"New Sun Rising’s Capacity Building Programs provide regular workshops and clinics on grant writing, fundraising, project management, and community leadership for grassroots leaders and neighborhood projects. Sessions are held at the Millvale Food + Energy Hub and other community venues, creating a welcoming space for collaboration across Western Pennsylvania communities. By equipping residents and emerging organizers with practical skills and networks, the program increases local capacity for...",Community Skill-Building Workshops,Absence of Year-Round Democratic Party Presence and Organizing,New Sun Rising,"112 Sherman Street, Millvale, PA 15209",https://www.newsunrising.org,info@newsunrising.org,
Career & Technical Scholarships,"The Community Foundation for the Alleghenies administers donor-funded scholarships specifically for students pursuing vocational, trade, and technical programs across Western Pennsylvania. These awards cover tuition, tools, and certification costs tied to high-demand trades, operating as community-funded scholarships that lower upfront expenses for individuals entering apprenticeship pathways or pre-apprenticeship training.",Local Apprenticeship Scholarships and Wage Supplements,Cultural Disconnection Between Progressive Messaging and Working-Class Identity,Community Foundation for the Alleghenies,"216 Franklin Street, Suite 400, Johnstown, PA 15901",https://cfalleghenies.org,info@cfalleghenies.org,
Casa San Jose Candidate Forums & Accountability Sessions,"Casa San Jose holds nonpartisan candidate forums and accountability sessions centered on Latino immigrant workers and families in Pittsburgh’s South Hills. Participants ask practical questions about wage theft enforcement, language access, and public services; candidates are asked to commit to concrete policy steps on the record, and Casa San Jose livestreams the events bilingually and distributes clips and summaries through its website, Facebook, and WhatsApp lists to ensure ongoing accounta...",Local candidate forums and accountability sessions,Communication Gaps Between Top Union Officials and Rank-and-File Members,Casa San Jose,"2116 Broadway Avenue, Pittsburgh, PA 15216",https://casasanjose.org,info@casasanjose.org,
Casa San José Charlas,"Casa San José hosts ongoing Charlas—informal, Spanish-language community meetings—at its Beechview office and neighborhood sites. These gatherings provide food, child care, and a welcoming space for immigrant workers and families to share stories, discuss issues, learn their rights, and meet with public officials and service providers. By centering peer-to-peer conversation in a relaxed setting, Charlas rebuild neighborhood social ties and create organic opportunities for civic discussion and...",Neighborhood peer salons and social events,Communication Gaps Between Top Union Officials and Rank-and-File Members,Casa San José,"2116 Broadway Avenue, Pittsburgh, PA 15216",https://casasanjose.org,info@casasanjose.org,
Casa San José Civic Engagement & Voter Education,"Casa San José trains promotoras and community leaders—many of them local workers—to register and educate Latino residents across Western Pennsylvania about voting, workers’ rights, and how government decisions affect daily life. They operate nonpartisan, year-round outreach in neighborhoods and workplaces and coordinate GOTV efforts leading up to elections.",Election Day Worker Mobilization & Voter Education,No Locally Attuned Progressive Leaders from Working-Class Communities,Casa San José,"1601 Broadway Avenue, Pittsburgh, PA 15216",https://casasanjose.org,info@casasanjose.org,
Casa San José Community Organizing Program,"Casa San José’s Community Organizing Program regularly arranges carpools, van rides, and coordinated transit for immigrant and Latino residents to attend city council sessions, legislative visits, and candidate forums across Allegheny County and neighboring counties. Staff and volunteer “compañeros” manage ride sign-ups, pick-up locations, and interpretation support so community members from outside core urban neighborhoods can access regional political events and participate fully.",Transportation and Accessibility Support,Campaign Visits Concentrated in Urban Pittsburgh Rather Than Industrial Communities,Casa San José,"2116 Broadway Avenue, Pittsburgh, PA 15216",https://casasanjose.org,info@casasanjose.org,
Casa San José Worker Support and Community Partnership,"Casa San José, a ministry rooted in Catholic social teaching, partners with unions and worker advocates to support immigrant workers through legal clinics, wage theft assistance, and accompaniment—often hosted in church facilities with pastoral outreach. They collaborate on worker rights trainings and solidarity actions, and mobilize congregations to provide childcare, transportation, and meeting space during labor campaigns. This faith-based, union-connected model builds durable bridges betw...",Faith‑Labor Bridge Program,Absence of Labor-Community Coalitions,Casa San José (a ministry of the Sisters of St. Joseph of Baden),"2116 Broadway Avenue, Pittsburgh, PA 15216",https://www.casasanjose.org,info@casasanjose.org,
Center for Coalfield Justice,"Center for Coalfield Justice provides legal and advocacy support to residents in Washington and Greene Counties facing contamination and damage from coal mining, oil and gas development, and related industrial activities. They monitor permits and enforcement actions, file formal comments and administrative appeals, and connect impacted residents with attorneys to pursue remediation and claims for health and property losses.",Joint Public Education and Storytelling Campaigns,Absence of Labor-Community Coalitions,Center for Coalfield Justice,"14 East Beau Street, Washington, PA 15301",https://www.coalfieldjustice.org,info@coalfieldjustice.org,
Center for Coalfield Justice,"The Center for Coalfield Justice organizes a broad coalition of energy workers, health professionals, faith leaders, small businesses, and environmental and labor allies in Washington and Greene Counties to ensure safe, fair jobs and accountable corporate practices. They coordinate community advocacy, watchdogging, and public campaigns that challenge employer pressure tactics and industry public-relations dominance, while offering residents and workers legal, technical, and organizing support...",Regional Coalition to Request Official Visits,Campaign Visits Concentrated in Urban Pittsburgh Rather Than Industrial Communities,Center for Coalfield Justice,"103 East Beau Street, Washington, PA 15301",https://www.centerforcoalfieldjustice.org,info@centerforcoalfieldjustice.org,
Center for Coalfield Justice,"The Center for Coalfield Justice provides transportation coordination—carpools, van rentals, and gas stipends—to help residents of Washington and Greene Counties travel to legislative town halls, candidate forums, and agency hearings that are often held in Pittsburgh or other hubs. By removing travel barriers for rural and energy-impacted communities, CCJ ensures residents can show up, be heard, and engage decision-makers in regional political spaces.",Transportation and Accessibility Support,Campaign Visits Concentrated in Urban Pittsburgh Rather Than Industrial Communities,Center for Coalfield Justice,"14 E Beau Street, Washington, PA 15301",https://centerforcoalfieldjustice.org,info@centerforcoalfieldjustice.org,
Center for Coalfield Justice – Just Transition & Community Organizing Committees,"Center for Coalfield Justice organizes ongoing committees and working groups that bring together union workers from energy and building trades, local residents, small-business owners, and civic and faith leaders in Washington and Greene Counties to identify shared priorities around jobs, public health, and environmental safety. These union–community councils coordinate joint advocacy for policies that protect both livelihoods and health, and collaborate on concrete projects such as workforce ...",Union-Community Issue Councils,No Locally Attuned Progressive Leaders from Working-Class Communities,Center for Coalfield Justice,"30 East Beau Street, Suite 300, Washington, PA 15301",https://www.coalfieldjustice.org,info@coalfieldjustice.org,
Center for Loving Kindness and Civic Engagement,"The Center for Loving Kindness at the JCC convenes community dialogues, listening sessions, and nonpartisan civic action workshops that bring together neighbors, congregations, and local partners. Using the JCC’s facilities as dependable gathering spaces, the program formally partners with faith groups, schools, and neighborhood organizations to host regular meetings that strengthen social trust and civic participation.",Nonpartisan Voter Education and Registration Drives,Campaign Visits Concentrated in Urban Pittsburgh Rather Than Industrial Communities,Jewish Community Center of Greater Pittsburgh,"5738 Forbes Avenue, Pittsburgh, PA 15217",https://jccpgh.org/center-for-loving-kindness,info@jccpgh.org,
Center for Loving Kindness and Civic Engagement,"The Center for Loving Kindness at the JCC convenes community dialogues, listening sessions, and nonpartisan civic action workshops that bring together neighbors, congregations, and local partners. Using the JCC’s facilities as dependable gathering spaces, the program formally partners with faith groups, schools, and neighborhood organizations to host regular meetings that strengthen social trust and civic participation.",Partnering with Local Institutions,Absence of Year-Round Democratic Party Presence and Organizing,Jewish Community Center of Greater Pittsburgh,"5738 Forbes Avenue, Pittsburgh, PA 15217",https://jccpgh.org/center-for-loving-kindness,info@jccpgh.org,
Center for Metal Arts Blacksmithing Workshops & Public Programs,"Hands-on forging and metalworking classes offered in the historic Cambria Iron Works Blacksmith Shop, alongside public demonstrations and community events. By teaching traditional trades and highlighting the craft of metalworkers, the program restores respect for manual skills and connects residents to the region’s industrial identity.",Industrial Heritage and Labor Cultural Events,Cultural Disconnection Between Progressive Messaging and Working-Class Identity,Center for Metal Arts,"106 Iron Street, Johnstown, PA 15906",https://www.centerformetalarts.org,info@centerformetalarts.org,
Charlas Comunitarias,"Informal, recurring community conversations and coffee hours where Latino neighbors share resources, build networks, and discuss local issues. Casa San Jose holds these pop-up gatherings at rotating churches, schools, and storefronts across the South Hills and other neighborhoods, distributing the hosting and increasing accessibility. The consistent, neighborhood-based format strengthens trust and civic connectedness between election cycles.",Pop-up Community Evenings,Absence of Year-Round Democratic Party Presence and Organizing,Casa San Jose,"2116 Broadway Avenue, Pittsburgh, PA 15216",https://casasanjose.org,info@casasanjose.org,
Child Care Works Subsidy (ELRC Region 5),"ELRC Region 5 administers Pennsylvania’s Child Care Works subsidy for Allegheny County, providing childcare vouchers to eligible families who are working, in training, or pursuing education. Parents can use the subsidy with licensed providers so they can attend workforce training, interviews, or start new jobs. This directly implements the solution by offsetting childcare costs that otherwise prevent participation.",Transportation and Childcare Support for Trainees,Cultural Disconnection Between Progressive Messaging and Working-Class Identity,"ELRC Region 5, operated by Trying Together","304 Wood Street, Suite 400, Pittsburgh, PA 15222",https://tryingtogether.org/elrc-region-5,info@tryingtogether.org,
City of Asylum @ Alphabet City Events,"Near-nightly free literary readings, global music concerts, and community conversations hosted in the Alphabet City venue on the Northside. The consistent cadence of cultural events creates an inclusive third place where residents regularly gather, connect across differences, and build trust through shared arts experiences.",Arts & Culture Nights,Absence of Year-Round Democratic Party Presence and Organizing,City of Asylum Pittsburgh,"40 West North Avenue, Pittsburgh, PA 15212",https://cityofasylum.org/events,info@cityofasylum.org,
Civic Engagement,"YWCA Greater Pittsburgh incorporates nonpartisan voter registration and education into its ongoing housing, economic empowerment, and family support services. Staff host voter information tables at resource fairs, workforce workshops, and community events throughout the year, helping clients update registrations and make voting plans. This integrates civic participation into routine service delivery and keeps engagement going beyond election seasons.",Year-Round Voter Engagement as Service,Absence of Year-Round Democratic Party Presence and Organizing,YWCA Greater Pittsburgh,"305 Wood Street, Pittsburgh, PA 15222",https://www.ywcapgh.org,info@ywcapgh.org,
Civic Engagement,"Casa San Jose’s Civic Engagement program offers year-round, culturally competent voter registration and education alongside legal clinics, social services, and community events for Latino/a immigrants. They set up registration tables at back-to-school nights, health and resource fairs, and neighborhood gatherings, framing participation as an act of community care and responsibility. This continuous, service-oriented approach keeps civic engagement active between election cycles.",Year-Round Voter Engagement as Service,Absence of Year-Round Democratic Party Presence and Organizing,Casa San Jose,"2116 Broadway Avenue, Pittsburgh, PA 15216",https://www.casasanjose.org,info@casasanjose.org,
Civic Engagement & Community Organizing,"Just Harvest runs year-round volunteer phone banks and neighborhood canvasses focused on connecting residents with benefits and services such as SNAP, WIC, and tax credits, and on mobilizing around food access issues. Volunteers provide direct assistance and collect community concerns during regular outreach, sustaining trust between elections and developing resident leaders who advocate for policy changes.",Year-Round Volunteer Canvass & Phone Teams,Absence of Year-Round Democratic Party Presence and Organizing,Just Harvest,"16 Terminal Way, Pittsburgh, PA 15219",https://www.justharvest.org,info@justharvest.org,
Civic Engagement & Voter Education,"Casa San Jose’s civic engagement team trains local Latino/a promotores—trusted community members and workers—to register voters, explain election processes, and connect issues like wages, healthcare, and public safety to policy choices. They conduct bilingual, neighborhood-based outreach year-round and organize GOTV phone/text banks and rides to the polls, ensuring that immigrant workers and families in Western Pennsylvania have credible, culturally competent guides to civic participation.",Election Day Worker Mobilization & Voter Education,No Locally Attuned Progressive Leaders from Working-Class Communities,Casa San Jose,"2116 Broadway Avenue, Pittsburgh, PA 15216",https://casasanjose.org,info@casasanjose.org,
Civic Engagement & Voter Registration,"YWCA Westmoreland County runs nonpartisan voter registration drives—often tied to National Voter Registration Day and other community events—throughout Greensburg and surrounding towns. The organization provides neutral information about voting rules, mail-in ballots, and polling places, and partners on public forums to elevate local issues. Staff also share guidance on contacting campaigns and inviting candidates to community venues for nonpartisan forums.",Nonpartisan Voter Education and Registration Drives,Campaign Visits Concentrated in Urban Pittsburgh Rather Than Industrial Communities,YWCA Westmoreland County,"424 N Main Street, Greensburg, PA 15601",https://www.ywcawestmoreland.org,info@ywcawestmoreland.org,
Civic Engagement Candidate Forums,"Casa San Jose organizes nonpartisan, community-led candidate forums that center immigrant workers and families in Allegheny County. Staff and volunteer leaders collect questions about workplace protections, public safety, and neighborhood issues in advance and during the forum, ask candidates to make specific, measurable commitments, and livestream/record events for distribution on social media to ensure broad accountability.",Local candidate forums and accountability sessions,Communication Gaps Between Top Union Officials and Rank-and-File Members,Casa San Jose,"2116 Broadway Avenue, Pittsburgh, PA 15216",https://www.casasanjose.org,info@casasanjose.org,
Civic Engagement Program,"Casa San Jose conducts year-round, nonpartisan voter registration and education with Latino residents in Pittsburgh and surrounding Western Pennsylvania towns. The program provides bilingual guidance on voter eligibility, registration, vote-by-mail, and Election Day procedures, and co-hosts candidate forums and issue nights that teach participants how to engage candidates and request appearances in their neighborhoods.",Election Day Worker Mobilization & Voter Education,No Locally Attuned Progressive Leaders from Working-Class Communities,Casa San Jose,"2116 Broadway Avenue, Pittsburgh, PA 15216",https://casasanjose.org,info@casasanjose.org,
Civic Engagement Program,"Just Harvest’s Civic Engagement Program helps low-income residents participate in public decision-making by coordinating transportation to city and county hearings, state legislative town halls, and candidate forums. They organize rides, connect volunteers for carpools, and provide transit fare assistance so people from neighborhoods and suburbs outside Pittsburgh’s core can attend key political events.",Transportation and Accessibility Support,Campaign Visits Concentrated in Urban Pittsburgh Rather Than Industrial Communities,Just Harvest: A Center for Action Against Hunger,"16 Terminal Way, Pittsburgh, PA 15219",https://www.justharvest.org,info@justharvest.org,
Civic Engagement Program,"Casa San Jose conducts year-round, nonpartisan voter registration and education with Latino residents in Pittsburgh and surrounding Western Pennsylvania towns. The program provides bilingual guidance on voter eligibility, registration, vote-by-mail, and Election Day procedures, and co-hosts candidate forums and issue nights that teach participants how to engage candidates and request appearances in their neighborhoods.",Nonpartisan Voter Education and Registration Drives,Campaign Visits Concentrated in Urban Pittsburgh Rather Than Industrial Communities,Casa San Jose,"2116 Broadway Avenue, Pittsburgh, PA 15216",https://casasanjose.org,info@casasanjose.org,
Civic Engagement Program,"Casa San José’s Civic Engagement Program conducts nonpartisan voter registration and education woven into the organization’s ongoing community services for Latino immigrants, including legal clinics, school nights, and resource fairs. Staff and volunteers register eligible voters, explain mail-in ballots, and provide language-accessible materials at events people already attend for assistance. This service-first approach sustains year-round civic participation and builds trust through a famil...",Year-Round Voter Engagement as Service,Absence of Year-Round Democratic Party Presence and Organizing,Casa San José,"2116 Broadway Avenue, Pittsburgh, PA 15216",https://www.casasanjose.org,info@casasanjose.org,
Civic Engagement Program,"Casa San Jose’s Civic Engagement program provides bilingual voter registration, voter education, and assistance with voting logistics at community support hours, cultural events, school-based family nights, and neighborhood resource fairs. By embedding this support into their ongoing social services for Latino communities, they maintain a year-round, service-oriented presence that normalizes civic participation.",Year-Round Voter Engagement as Service,Absence of Year-Round Democratic Party Presence and Organizing,Casa San Jose,"2116 Broadway Avenue, Pittsburgh, PA 15216",https://www.casasanjose.org,info@casasanjose.org,
Civic Engagement Program,"Just Harvest integrates voter registration, mail-in ballot assistance, and nonpartisan election education into its core services like free tax preparation, SNAP/benefits enrollment help, and outreach at County Assistance Offices and farmers markets. By offering voter engagement whenever they serve clients, they make democratic participation a routine community service rather than an episodic campaign activity.",Year-Round Voter Engagement as Service,Absence of Year-Round Democratic Party Presence and Organizing,Just Harvest,"16 Terminal Way, Pittsburgh, PA 15219",https://www.justharvest.org,info@justharvest.org,
Civic Engagement and Voter Outreach Program,"Just Harvest conducts nonpartisan door-to-door and phone listening campaigns in Western Pennsylvania to understand residents’ economic concerns and barriers to participation. Organizers provide clear, accurate information that counters misinformation about mail-in ballots, voter eligibility, and public benefits, while recording issues that matter to households. They also recruit neighborhood leaders to serve as trusted messengers, creating a community map that can be used to deploy peer-to-pe...",Neighborhood canvass and listening campaigns,Communication Gaps Between Top Union Officials and Rank-and-File Members,Just Harvest: A Center for Action Against Hunger,"16 Terminal Way, Pittsburgh, PA 15219",https://www.justharvest.org,info@justharvest.org,
Civic Engagement and Voter Registration,"Just Harvest runs nonpartisan voter registration and education drives at community sites, benefits offices, and food distribution locations, reaching working-class neighborhoods throughout the Mon Valley and greater Western Pennsylvania. Staff and trained volunteers explain how to register, vote by mail, and navigate polling places, and they connect residents with information about local candidate events and how to ask questions or request forums so community concerns are heard.",Nonpartisan Voter Education and Registration Drives,Campaign Visits Concentrated in Urban Pittsburgh Rather Than Industrial Communities,Just Harvest: A Center for Action Against Hunger,"16 Terminal Way, Pittsburgh, PA 15203",https://www.justharvest.org,info@justharvest.org,
Civic Engagement: Voter Registration & Education,"Just Harvest conducts nonpartisan voter registration and education with low-income residents at human services offices, food pantries, and community events throughout Allegheny County. Staff and trained volunteers help people complete voter registrations and mail-in ballot applications, clarify ID and deadline rules, and share neutral information about local offices and issues. They also connect residents to nonpartisan candidate forums and provide tips on how to ask campaigns to hold events ...",Nonpartisan Voter Education and Registration Drives,Campaign Visits Concentrated in Urban Pittsburgh Rather Than Industrial Communities,Just Harvest,"16 Terminal Way, Pittsburgh, PA 15219",https://www.justharvest.org,info@justharvest.org,
Civic Forums and Voter Education,"The Jefferson Educational Society organizes nonpartisan public forums and debates on local issues and elections in Erie County, connecting residents with candidates and factual information about the voting process. Events often include voter registration opportunities in partnership with nonpartisan groups and provide neutral guidance on deadlines, mail-in voting, and how to pose questions to candidates. JES helps residents learn how to request candidate appearances and town halls in their ow...",Nonpartisan Voter Education and Registration Drives,Campaign Visits Concentrated in Urban Pittsburgh Rather Than Industrial Communities,Jefferson Educational Society,"3207 State Street, Erie, PA 16508",https://www.jeserie.org,info@jeserie.org,
Civic Leadership Academy,"The City of Pittsburgh’s Civic Leadership Academy is a free cohort-based course that trains residents in how local government works and how to effectively engage with it. Participants learn practical civic skills like running effective meetings, public speaking, and navigating city departments and boards, creating a pipeline of informed neighborhood leaders who can organize and facilitate community efforts year-round.",Train-the-trainer civic leadership academy,Communication Gaps Between Top Union Officials and Rank-and-File Members,"City of Pittsburgh, Office of Community Affairs","414 Grant Street, Pittsburgh, PA 15219",https://pittsburghpa.gov/oca/cla,,
Civic Leadership Academy,"The City of Pittsburgh’s Civic Leadership Academy is a cohort-based program that teaches residents how city government works and how to engage effectively with it. Participants meet agency directors, learn how boards, authorities, and commissions operate, and practice public speaking and advocacy so they can serve in appointed roles or organize around local issues year-round. The program elevates credible neighborhood voices—often from historically industrial communities—into civic leadership...",Local Worker Leadership Fellowship,No Locally Attuned Progressive Leaders from Working-Class Communities,City of Pittsburgh,"414 Grant Street, Pittsburgh, PA 15219",https://pittsburghpa.gov/cla,,
Civic Leadership Academy,"The Civic Leadership Academy is a free, multi-week course that teaches Pittsburgh residents how city government works and how to effectively advocate, testify, and collaborate with departments and authorities. The curriculum builds public speaking and policy literacy and connects graduates to opportunities to serve on city boards, commissions, and advisory groups. By demystifying government and providing mentorship from department leaders, it prepares working residents to take on visible civi...",Local Worker Leadership Fellowship,No Locally Attuned Progressive Leaders from Working-Class Communities,"City of Pittsburgh, Office of Community Affairs","414 Grant Street, Pittsburgh, PA 15219",https://pittsburghpa.gov/cla,oca@pittsburghpa.gov,
Civic Leadership Academy,"The City of Pittsburgh’s Civic Leadership Academy is a free, cohort-based course that teaches residents how local government works and how to lead in their neighborhoods. Participants build skills in public speaking, policy literacy, and community problem-solving while meeting department directors and learning pathways to serve on city boards and commissions. Graduates—many from deindustrialized neighborhoods—gain mentorship and connections to lead civic campaigns and take on public roles.",Local Worker Leadership Fellowship,No Locally Attuned Progressive Leaders from Working-Class Communities,City of Pittsburgh Office of Community Affairs,"414 Grant Street, Pittsburgh, PA 15219",https://pittsburghpa.gov/oca/cla,oca@pittsburghpa.gov,
Civic Leadership Academy,"The City of Pittsburgh’s Civic Leadership Academy is a free cohort-based course that trains residents in how local government works and how to effectively engage with it. Participants learn practical civic skills like running effective meetings, public speaking, and navigating city departments and boards, creating a pipeline of informed neighborhood leaders who can organize and facilitate community efforts year-round.",Civic Apprenticeship & Leadership Program,Absence of Year-Round Democratic Party Presence and Organizing,"City of Pittsburgh, Office of Community Affairs","414 Grant Street, Pittsburgh, PA 15219",https://pittsburghpa.gov/oca/cla,,
Civic Leadership Academy,"A free, 10-week academy where residents learn how city government works by engaging directly with department leaders and touring facilities. Sessions include practice with public meeting norms, how to navigate city services, and how to collaborate with neighbors to address local issues. Alumni are encouraged and supported to serve on boards, commissions, and neighborhood organizations, building a year-round pipeline of civic leaders.",Civic Apprenticeship & Leadership Program,Absence of Year-Round Democratic Party Presence and Organizing,City of Pittsburgh,"414 Grant Street, Pittsburgh, PA 15219",https://pittsburghpa.gov/servepgh/cla,servepgh@pittsburghpa.gov,
Civic Leadership Academy (CLA),"The City of Pittsburgh’s Civic Leadership Academy is a multi-week, cohort-based training that teaches residents how city departments work, how to navigate services, and how to organize around neighborhood priorities. Sessions build skills in listening, public meeting participation, and facilitation; alumni are encouraged to serve as community liaisons who host neighborhood sessions and train neighbors on applying city policies to local issues.",Train-the-trainer civic leadership academy,Communication Gaps Between Top Union Officials and Rank-and-File Members,"City of Pittsburgh, Office of Community Affairs (ServePGH)","414 Grant Street, Pittsburgh, PA 15219",https://pittsburghpa.gov/servepgh/cla,servepgh@pittsburghpa.gov,
Civic Leadership Academy (City of Pittsburgh),"The City of Pittsburgh’s Civic Leadership Academy is a free, cohort-based program that trains residents in how city departments work, how to navigate services, and how to effectively engage neighbors through meetings and public processes. Participants practice listening, facilitation, and project planning, then serve as community ambassadors who share what they’ve learned, host neighborhood sessions, and help translate city and state policy into local action—creating a local network of traine...",Train-the-trainer civic leadership academy,Communication Gaps Between Top Union Officials and Rank-and-File Members,"City of Pittsburgh, Office of Community Affairs","414 Grant Street, Pittsburgh, PA 15219",https://pittsburghpa.gov/oca,ocapgh@pittsburghpa.gov,
CivicCLP,"CivicCLP is Carnegie Library of Pittsburgh’s nonpartisan civic engagement hub that helps residents register to vote, learn voting processes and deadlines, and understand ballot options. The library hosts voter education sessions, shares guides to local issues, and maintains information about how to find and attend candidate forums and community meetings, connecting people across Western Pennsylvania to trusted, neutral election resources.",Nonpartisan Voter Education and Registration Drives,Campaign Visits Concentrated in Urban Pittsburgh Rather Than Industrial Communities,Carnegie Library of Pittsburgh,"4400 Forbes Avenue, Pittsburgh, PA 15213",https://www.carnegielibrary.org/services/civicclp/,info@carnegielibrary.org,
CivicCLP,"CivicCLP is Carnegie Library of Pittsburgh’s ongoing, nonpartisan civic engagement series that partners with community organizations, universities, and local government to host voter education, issue forums, workshops on how local government works, and candidate conversations across library branches. By using neighborhood libraries as trusted, accessible venues and collaborating with groups like the county elections office and the League of Women Voters, CivicCLP provides reliable physical sp...",Year-Round Voter Engagement as Service,Absence of Year-Round Democratic Party Presence and Organizing,Carnegie Library of Pittsburgh,"4400 Forbes Avenue, Pittsburgh, PA 15213",https://www.carnegielibrary.org,info@carnegielibrary.org,
CivicCLP,"CivicCLP is the Carnegie Library of Pittsburgh’s ongoing civic engagement initiative that incorporates voter registration and election education into everyday library services and public programs. Library staff and volunteers host voter information tables at branch events, provide registration forms and assistance year-round, and partner with community groups for school and neighborhood resource nights. By using trusted library spaces, the program normalizes voting as a routine civic service ...",Year-Round Voter Engagement as Service,Absence of Year-Round Democratic Party Presence and Organizing,Carnegie Library of Pittsburgh,"4400 Forbes Avenue, Pittsburgh, PA 15213",https://www.carnegielibrary.org/tag/civicclp/,info@carnegielibrary.org,
CivicCLP,"CivicCLP is Carnegie Library of Pittsburgh’s ongoing, nonpartisan civic engagement series that partners with community organizations, universities, and local government to host voter education, issue forums, workshops on how local government works, and candidate conversations across library branches. By using neighborhood libraries as trusted, accessible venues and collaborating with groups like the county elections office and the League of Women Voters, CivicCLP provides reliable physical sp...",Partnering with Local Institutions,Absence of Year-Round Democratic Party Presence and Organizing,Carnegie Library of Pittsburgh,"4400 Forbes Avenue, Pittsburgh, PA 15213",https://www.carnegielibrary.org,info@carnegielibrary.org,
CivicCLP,"CivicCLP is a year-round series from Carnegie Library of Pittsburgh that hosts nonpartisan civic education programs, community forums, and skills workshops at library branches across the city. The library regularly partners with schools, universities, and community organizations to co-host voter information sessions, government 101 workshops, and dialogues, providing a neutral, reliable physical space for civic life in multiple neighborhoods.",Partnering with Local Institutions,Absence of Year-Round Democratic Party Presence and Organizing,Carnegie Library of Pittsburgh,"4400 Forbes Avenue, Pittsburgh, PA 15213",https://www.carnegielibrary.org/series/civicclp/,info@carnegielibrary.org,
CivicCLP (Civic Engagement at Carnegie Library of Pittsburgh),"CivicCLP is a recurring series of nonpartisan programs—voter information sessions, policy discussions, candidate forums, and civic skill-building workshops—hosted across Carnegie Library branches. The library partners with local institutions like the League of Women Voters, universities, and community groups to offer reliable, accessible physical spaces for ongoing civic life. By leveraging trusted neighborhood libraries as hosts, CivicCLP provides year-round, nonpartisan venues where residen...",Partnering with Local Institutions,Absence of Year-Round Democratic Party Presence and Organizing,Carnegie Library of Pittsburgh,"4400 Forbes Avenue, Pittsburgh, PA 15213",https://www.carnegielibrary.org/series/civicclp/,info@carnegielibrary.org,
CivicCLP (Civic Engagement at the Library),"Carnegie Library of Pittsburgh’s CivicCLP initiative hosts nonpartisan voter registration tables, workshops, and information sessions across its neighborhood branches. Library staff and partners help residents register to vote, apply for mail-in ballots, verify polling places, and find reliable, nonpartisan information on local races and issues. Branches also promote community candidate forums and assist patrons in learning how to attend or request candidate events in their neighborhoods.",Nonpartisan Voter Education and Registration Drives,Campaign Visits Concentrated in Urban Pittsburgh Rather Than Industrial Communities,Carnegie Library of Pittsburgh,"4400 Forbes Avenue, Pittsburgh, PA 15213",https://www.carnegielibrary.org,info@carnegielibrary.org,
CivicCLP Event Series,"Carnegie Library of Pittsburgh’s CivicCLP program maintains a public calendar of nonpartisan civic events, including candidate forums, issue briefings, and listening sessions hosted at libraries across city neighborhoods. By consistently posting these appearances, CivicCLP helps residents see which candidates and officeholders are engaging locally and facilitates access to events outside traditional political venues.",Civic Calendar and Visit Tracker,Campaign Visits Concentrated in Urban Pittsburgh Rather Than Industrial Communities,Carnegie Library of Pittsburgh,"4400 Forbes Avenue, Pittsburgh, PA 15213",https://www.carnegielibrary.org/series/civicclp/,info@carnegielibrary.org,
CivicCLP Events Calendar,"Carnegie Library of Pittsburgh maintains a public events calendar that regularly features civic engagement events such as candidate forums, elected officials’ office hours, voter information sessions, and community listening events hosted at library locations. By aggregating and promoting these appearances in one place, the CivicCLP calendar makes it easy for residents and media to see who is engaging locally and when.",Civic Calendar and Visit Tracker,Campaign Visits Concentrated in Urban Pittsburgh Rather Than Industrial Communities,Carnegie Library of Pittsburgh,"4400 Forbes Avenue, Pittsburgh, PA 15213",https://www.carnegielibrary.org/events,info@carnegielibrary.org,
CivicCLP – Voter Education & Registration,"CivicCLP at Carnegie Library of Pittsburgh offers nonpartisan voter education workshops, registration tables (including on National Voter Registration Day), and curated resources on local elections. Librarians help residents understand how to register, locate polling places, research local issues and candidates via neutral tools like Vote411, and find or attend candidate forums or submit questions to campaigns.",Nonpartisan Voter Education and Registration Drives,Campaign Visits Concentrated in Urban Pittsburgh Rather Than Industrial Communities,Carnegie Library of Pittsburgh,"4400 Forbes Avenue, Pittsburgh, PA 15213",https://www.carnegielibrary.org,info@carnegielibrary.org,
CivicCLP: Voting Resources,"Carnegie Library of Pittsburgh’s CivicCLP integrates voter registration and education into everyday library services, offering guidance on registration, deadlines, and voting options at branches across the city. The library hosts recurring registration pop-ups and informational sessions with community partners during regular programs and neighborhood events, ensuring a steady, service-based civic presence year-round.",Year-Round Voter Engagement as Service,Absence of Year-Round Democratic Party Presence and Organizing,Carnegie Library of Pittsburgh,"4400 Forbes Avenue, Pittsburgh, PA 15213",https://www.carnegielibrary.org/services/voting/,info@carnegielibrary.org,
Clean Up Wilkinsburg,"Wilkinsburg CDC organizes recurring community clean‑up days and beautification efforts that mobilize residents to remove litter, plant and maintain public planters, and improve shared spaces in the borough’s business districts and neighborhoods. These volunteer-led workdays create visible, ongoing investment in local blocks and provide regular opportunities for neighbors to connect and collaborate.",Neighborhood Improvement Projects,Absence of Year-Round Democratic Party Presence and Organizing,Wilkinsburg Community Development Corporation,"1001 Wood Street, Wilkinsburg, PA 15221",https://wilkinsburgcdc.org,info@wilkinsburgcdc.org,
Comité de Líderes (Community Organizing),"Casa San José trains resident leaders (promotores) to conduct multilingual door-to-door and phone listening in Latino neighborhoods throughout Allegheny County. These canvasses document community concerns, dispel misinformation about civic processes and endorsements, and map trusted messengers who are then deployed for follow-up outreach, town halls, and resource navigation.",Neighborhood canvass and listening campaigns,Communication Gaps Between Top Union Officials and Rank-and-File Members,Casa San José,"2116 Broadway Avenue, Pittsburgh, PA 15216",https://www.casasanjose.org,info@casasanjose.org,
Committee on Political Education (COPE),"IBEW Local 5’s COPE is a member-led committee that interviews local candidates, deliberates, and votes on endorsements for races across Western Pennsylvania. Composed of active rank-and-file members from different shops and trades, the council produces worksite-specific flyers, texts, and talking points that members use to discuss endorsements with co-workers, and organizes member-to-member labor walks—providing locally tailored guidance instead of relying on national messaging.",Local endorsement councils made of members,Communication Gaps Between Top Union Officials and Rank-and-File Members,International Brotherhood of Electrical Workers Local Union No. 5,"5 Hot Metal Street, Suite 100, Pittsburgh, PA 15203",https://www.ibew5.org,,
Community & Labor Power Building,"Center for Coalfield Justice works with United Mine Workers locals, building trades, and grassroots community groups in Washington and Greene Counties to elevate worker voices on economic transition and energy policy. It co-hosts listening sessions, legal clinics, and candidate/issue forums in church halls, public libraries, volunteer fire halls, and schools—trusted places where residents already gather. By pairing unions with these local institutions, the initiative amplifies worker perspect...",Partnerships with trusted local institutions,Communication Gaps Between Top Union Officials and Rank-and-File Members,Center for Coalfield Justice,"14 East Beau Street, Washington, PA 15301",https://centerforcoalfieldjustice.org,info@centerforcoalfieldjustice.org,
Community & Workforce Development Program (Mon Valley),"Mon Valley Initiative convenes multi-municipal, resident-led planning processes that integrate housing rehab, small business development, and brownfield-to-neighborhood reuse throughout former steel communities. Its workforce program connects local residents to pre-apprenticeship and union apprenticeship pathways and coordinates with municipal governments, environmental partners, and employers to ensure projects use high-road labor standards. By pairing remediation and reinvestment with commu...",Place‑Based Economic Renewal Plans,Absence of Labor-Community Coalitions,Mon Valley Initiative,"305 East 8th Avenue, Homestead, PA 15120",https://www.monvalleyinitiative.com,info@monvalleyinitiative.com,
Community Action Teams (CATs) and Neighborhood Cleanups,"Operation Better Block organizes resident-led Community Action Teams that coordinate regular block cleanups, vacant lot maintenance, and beautification projects in Homewood. By equipping neighbors to schedule clean-ups, plant flowers, and steward public spaces, the program creates visible improvements that build pride, strengthen relationships, and sustain ongoing community interaction.",Neighborhood Improvement Projects,Absence of Year-Round Democratic Party Presence and Organizing,"Operation Better Block, Inc.","801 N Homewood Avenue, Pittsburgh, PA 15208",https://www.obbinc.org,info@obbinc.org,
Community Advisory Council – Pitt Community Engagement Center (Homewood),"The Homewood CEC’s Community Advisory Council is a standing group of neighborhood residents and stakeholders that co-designs programs, sets priorities, and evaluates the university’s community investments. Through regular meetings and open listening sessions, the council channels working-class voices into decisions about workforce training, youth programs, and services delivered at the center—holding Pitt accountable to Homewood’s agenda and needs. This structure ensures local expertise guide...",Neighborhood Listening Sessions and Citizen Advisory Boards,Cultural Disconnection Between Progressive Messaging and Working-Class Identity,University of Pittsburgh Office of Engagement and Community Affairs,"622 N Homewood Avenue, Pittsburgh, PA 15208",https://cec.pitt.edu/centers/homewood/,homewoodcec@pitt.edu,
Community Benefits Agreements Policy for URA-Supported Projects,"The URA requires projects that receive public land, financing, or tax incentives to execute community benefits agreements that include goals for local hiring and apprenticeship opportunities, MWBE participation, affordable housing, environmental and pollution mitigation measures, and neighborhood services. URA staff facilitate negotiations between developers and community organizations, incorporate benefits into development agreements, and enforce compliance through performance reporting and ...",Community Benefit Agreements for Redevelopment,Absence of Labor-Community Coalitions,Urban Redevelopment Authority of Pittsburgh,"412 Boulevard of the Allies, Pittsburgh, PA 15219",https://www.ura.org,info@ura.org,
Community Candidate Forums & Voter Engagement,"Hazelwood Initiative organizes nonpartisan candidate forums and voter information sessions for Hazelwood, Glen Hazel, and nearby river-valley neighborhoods shaped by deindustrialization. Events feature on-site voter registration and plain-language election guides, and they share instructions for residents to contact campaigns, submit questions, and request candidate visits—amplifying the voices of communities outside typical campaign stops.",Nonpartisan Voter Education and Registration Drives,Campaign Visits Concentrated in Urban Pittsburgh Rather Than Industrial Communities,"Hazelwood Initiative, Inc.","4901 Second Avenue, Pittsburgh, PA 15207",https://hazelwoodinitiative.org,info@hazelwoodinitiative.org,
Community Candidate Forums and Debates,"Pittsburgh Community Television (PCTV21) partners with neighborhood councils, the League of Women Voters, and civic groups to host and broadcast nonpartisan candidate forums from community venues across Allegheny County. These events bring candidates into local halls and centers, while PCTV’s cable and streaming distribution expands access for residents of river and mill towns who cannot attend in person. Moderation and ground rules ensure balanced participation from all invited candidates an...",Nonpartisan Candidate Forums in Town Halls,Campaign Visits Concentrated in Urban Pittsburgh Rather Than Industrial Communities,Pittsburgh Community Television (PCTV21),"1300 Western Avenue, Pittsburgh, PA 15233",https://www.pctv21.org,info@pctv21.org,
Community Captains Listening Sessions,"Vision Together 2025 mobilizes ""Community Captains"" to host listening sessions in neighborhoods across Johnstown, partnering with unions, congregations, small businesses, and schools to gather resident input on jobs, safety, and quality of life. Candidates and officeholders are invited to participate, listen, and report back on progress, reinforcing that deindustrialized communities have voice in regional decision-making.",Listening Sessions with Key Community Institutions,Campaign Visits Concentrated in Urban Pittsburgh Rather Than Industrial Communities,Vision Together 2025,"416 Main Street, Suite 200, Johnstown, PA 15901",https://www.johnstown25.com,info@johnstown25.com,
Community Collaboration and Implementation Plan (CCIP) for the Lower Hill District,"The CCIP is a community benefits framework co-created by residents, Hill CDC, labor partners, faith leaders, and developers to guide the redevelopment of the former Civic Arena site in the Lower Hill. It sets concrete targets for local hiring, minority- and women-owned business participation, and pathways into union apprenticeships and construction careers through partners such as the Builders Guild of Western Pennsylvania and the A. Philip Randolph Institute. Resident-led committees and the ...",Place‑Based Economic Renewal Plans,Absence of Labor-Community Coalitions,Hill Community Development Corporation,"2015 Centre Avenue, Suite 200, Pittsburgh, PA 15219",https://www.hilldistrict.org,info@hilldistrict.org,
Community Collaboration and Implementation Plan (CCIP) – Lower Hill District,"The CCIP is a resident-designed benefits and implementation framework guiding the redevelopment of the former Civic Arena site to ensure local hiring into union jobs, robust opportunities for small and minority-owned businesses, and investments in cultural legacy projects. Through public visioning sessions and standing implementation committees, the Hill CDC coordinates with labor unions, the City, the Pittsburgh Penguins development team, and NGOs to align workforce pipelines with union appr...",Place‑Based Economic Renewal Plans,Absence of Labor-Community Coalitions,Hill Community Development Corporation (Hill CDC),"2015 Centre Avenue, Suite 200, Pittsburgh, PA 15219",https://www.hilldistrict.org/ccip,info@hilldistrict.org,
Community Conversations,"SHIM partners with congregations and area school districts in the South Hills to host community conversations and issue forums where residents share needs around economic stability, inclusion, and neighborhood services. These events, often held in church halls and school cafeterias, include invited participation from municipal leaders and school board or county candidates who respond to community priorities. As a multi-faith network rooted in local institutions, SHIM’s model centers listening...",Listening Sessions with Key Community Institutions,Campaign Visits Concentrated in Urban Pittsburgh Rather Than Industrial Communities,South Hills Interfaith Movement (SHIM),"5301 Park Avenue, Bethel Park, PA 15102",https://www.shimcares.org,info@shimcares.org,
Community Conversations,"CCJ organizes ongoing Community Conversations across Washington and Greene counties—often in union halls, libraries, and church spaces—so residents can articulate priorities on energy transition, public health, and good jobs. The organization invites local and state officials and candidates to listen and respond, ensuring policymaking is informed by coalfield workers and families. These institution-based listening sessions center voices from deindustrialized communities that are frequently ov...",Listening Sessions with Key Community Institutions,Campaign Visits Concentrated in Urban Pittsburgh Rather Than Industrial Communities,Center for Coalfield Justice,"14 East Beau Street, Washington, PA 15301",https://www.centerforcoalfieldjustice.org,info@centerforcoalfieldjustice.org,
Community Conversations & Listening Project,"Center for Coalfield Justice runs ongoing listening sessions and town halls across coal and gas communities in Washington, Greene, and nearby counties to elevate the lived experiences of energy workers and their neighbors. Sessions rotate among municipal halls, union halls, and libraries; worker-leaders help facilitate, and CCJ offers translation and childcare support when requested to remove participation barriers. Input is documented in public-facing reports, comment letters, and policy mem...",Town Hall and Listening Tour Series,No Locally Attuned Progressive Leaders from Working-Class Communities,Center for Coalfield Justice,"30 East Beau Street, Washington, PA 15301",https://centerforcoalfieldjustice.org,info@centerforcoalfieldjustice.org,
Community Conversations & Neighborhood Events,"Lawrenceville United organizes rotating Community Conversations, block-level socials, and neighborhood gatherings that prioritize informal dialogue and storytelling among residents. These events routinely include opportunities to meet local officials and community leaders in non-campaign settings, rebuilding peer networks and creating organic contexts for discussing local issues and civic engagement.",Neighborhood peer salons and social events,Communication Gaps Between Top Union Officials and Rank-and-File Members,Lawrenceville United,"1346 Butler Street, Pittsburgh, PA 15201",https://www.lunited.org,info@lunited.org,
Community Cookouts & Conversations,"A recurring series of pop-up community gatherings—cookouts, coffee hours, and listening sessions—held at rotating parks, libraries, churches, and union halls across Washington and Greene counties. Events are typically in the evening and focus on building relationships, sharing food, and discussing local issues in trusted, accessible spaces. The rotating host model maintains a consistent presence between election cycles and strengthens neighborhood ties across multiple towns.",Pop-up Community Evenings,Absence of Year-Round Democratic Party Presence and Organizing,Center for Coalfield Justice,"30 East Beau Street, Suite 101, Washington, PA 15301",https://centerforcoalfieldjustice.org,info@centerforcoalfieldjustice.org,
Community Development Program,"Mon Valley Initiative’s Community Development Program convenes regular town halls and listening sessions in industrial river towns such as Homestead, Braddock, Clairton, and Duquesne to elevate the voices of workers and residents on housing, jobs, and environmental health. Meetings rotate among neighborhood venues, are co-facilitated with local leaders (including labor and tenant representatives), and offer supports like translation or childcare through community partners when needed. Partici...",Community Policy Labs,No Locally Attuned Progressive Leaders from Working-Class Communities,Mon Valley Initiative,"305 East 8th Avenue, Homestead, PA 15120",https://monvalleyinitiative.com,info@monvalleyinitiative.com,
Community Development Program,"Mon Valley Initiative’s Community Development Program convenes regular town halls and listening sessions in industrial river towns such as Homestead, Braddock, Clairton, and Duquesne to elevate the voices of workers and residents on housing, jobs, and environmental health. Meetings rotate among neighborhood venues, are co-facilitated with local leaders (including labor and tenant representatives), and offer supports like translation or childcare through community partners when needed. Partici...",Town Hall and Listening Tour Series,No Locally Attuned Progressive Leaders from Working-Class Communities,Mon Valley Initiative,"305 East 8th Avenue, Homestead, PA 15120",https://monvalleyinitiative.com,info@monvalleyinitiative.com,
Community Development Program,"MVI convenes resident-led community teams across Mon Valley municipalities to tackle blight, brownfields, and local job growth. Teams analyze neighborhood conditions, prioritize projects, and organize campaigns—such as vacant property inventories, mill site reuse planning, and small business support—working year-round with municipal leaders. This structure mirrors Local Issue Working Groups by maintaining continuous, issue-focused collaboration and action.",Local Issue Working Groups,Absence of Year-Round Democratic Party Presence and Organizing,Mon Valley Initiative,"305 East 8th Avenue, Homestead, PA 15120",https://www.monvalleyinitiative.com,info@monvalleyinitiative.com,
Community Engagement & Outreach,"The Hilltop Alliance organizes year-round door-to-door outreach and phone check-ins across Allentown and surrounding hilltop neighborhoods to connect residents with small business assistance, housing programs, and neighborhood services. Volunteers support listening canvasses and phone trees that surface local priorities and nurture emerging block leaders, creating sustained, non-electoral civic infrastructure.",Year-Round Volunteer Canvass & Phone Teams,Absence of Year-Round Democratic Party Presence and Organizing,Hilltop Alliance,"831 East Warrington Avenue, Pittsburgh, PA 15210",https://www.pghhilltopalliance.org,info@pghhilltopalliance.org,
Community Engagement Center in Homewood,"The CEC is a neutral, shared space where the University of Pittsburgh and community partners co-locate to offer workforce trainings, health and legal clinics, youth and adult education, and public forums. Community organizations, civic groups, and issue-based coalitions use the center’s meeting rooms to jointly plan initiatives and host events, making it a practical hub that bridges residents, nonprofits, and cross-sector partners—including those focused on labor, environment, and faith.",Shared Civic Hub Spaces,Absence of Labor-Community Coalitions,"University of Pittsburgh, Office of Engagement and Community Affairs","622 N Homewood Avenue, Pittsburgh, PA 15208",https://cec.pitt.edu,homewoodcec@pitt.edu,
Community Engagement and Door-to-Door Outreach,"The Bloomfield-Garfield Corporation conducts neighborhood listening canvasses and block-by-block outreach to identify residents’ priorities on housing, development, and public safety. Staff and volunteers correct rumors and misinformation encountered during outreach and maintain a network of block captains and community ambassadors—trusted messengers who carry updates and mobilize neighbors for meetings and decision-making.",Neighborhood canvass and listening campaigns,Communication Gaps Between Top Union Officials and Rank-and-File Members,Bloomfield-Garfield Corporation,"5321 Penn Avenue, Pittsburgh, PA 15224",https://bloomfield-garfield.org,info@bloomfield-garfield.org,
Community Engagement — Neighborhood Block Watch Support,"The Bureau of Police Community Engagement Office supports and trains Neighborhood Block Watch groups citywide, encouraging residents to designate block captains who serve as local contacts. These captains distribute safety information, convene regular meetings with Zone officers, and escalate community concerns—functioning as a decentralized, continuous outreach network.",Block Captain Network,Absence of Year-Round Democratic Party Presence and Organizing,"City of Pittsburgh, Bureau of Police Community Engagement Office","1203 Western Avenue, Pittsburgh, PA 15233",https://pittsburghpa.gov/police/community-affairs,,
Community Enterprise Clinic,"Duquesne University’s Community Enterprise Clinic offers no-cost and low-cost legal services to startups and community enterprises, including worker cooperatives and employee-ownership transitions. The clinic assists with cooperative governance and operating agreements, capitalization and securities compliance for member investment, and legal steps required for converting existing businesses (including small manufacturers) into worker-owned firms.",Worker-Owned Cooperative Support,Cultural Disconnection Between Progressive Messaging and Working-Class Identity,Duquesne University Thomas R. Kline School of Law,"900 Locust Street, Pittsburgh, PA 15282",https://www.duq.edu/academics/schools/law/clinics/community-enterprise-clinic,,
Community Flower Gardens Program,"Western Pennsylvania Conservancy coordinates more than 100 community flower gardens that are planted and maintained by volunteer teams across the region. These resident-led sites deliver highly visible, seasonal beautification and recurring opportunities for neighbors to work together, strengthening pride and ongoing interaction in public spaces.",Neighborhood Improvement Projects,Absence of Year-Round Democratic Party Presence and Organizing,Western Pennsylvania Conservancy,"800 Waterfront Drive, Pittsburgh, PA 15222",https://waterlandlife.org/places/community-gardens/,info@paconserve.org,
Community Food Centers and Family Support,"South Hills Interfaith Movement operates community food centers, family support services, and emergency assistance for immigrant and low-income families in Pittsburgh’s South Hills. Volunteers collect and distribute food, provide mentoring and navigation support, and help with urgent needs, creating a mutual aid network embedded in neighborhood life. SHIM’s Bethel Park facility offers a consistent, physical space where residents both contribute and receive support.",Mutual Aid Networks,Absence of Year-Round Democratic Party Presence and Organizing,South Hills Interfaith Movement (SHIM),"5301 Park Avenue, Bethel Park, PA 15102",https://shimcares.org,info@shimcares.org,
Community Forge,"Community Forge purchased and converted a vacant neighborhood school into a community hub operated with cooperative-style governance. Coworking memberships and affordable room and event rentals fund building operations, while residents and members participate in advisory councils and volunteer days to maintain the space. Though a nonprofit, it implements the cooperative hall approach by combining member participation, shared decision-making, and rental income to sustain a local gathering place.",Shared Civic Hub Spaces,Absence of Labor-Community Coalitions,Community Forge,"1256 Franklin Avenue, Wilkinsburg, PA 15221",https://www.communityforge.org,info@communityforge.org,
Community Forge,"Community Forge is a neighborhood campus that houses multiple nonprofits and community groups providing workforce training, entrepreneurship support, education, childcare, and civic engagement activities. The site maintains regular open hours and hosts job fairs, legal/benefits clinics, and workshops with community and labor partners, creating a co-located resource hub where residents can directly access services and engage with organizers, trainers, and advocates in one place.",Shared Civic Hub Spaces,Absence of Labor-Community Coalitions,Community Forge,"1256 Franklin Avenue, Wilkinsburg, PA 15221",https://www.communityforgepgh.com,info@communityforgepgh.com,
Community Forge,"Community Forge repurposes a former school into a multi-tenant community hub that co-locates social enterprises, nonprofits, and workforce/entrepreneurship programs with shared event and classroom space. This model brings steady activity and lease revenue while enabling training and small-business development, aligning with the solution of activating large community buildings—like union halls—by housing cooperative cafes, makers, and skill-building programs together.",Community-Owned Small Spaces,Absence of Year-Round Democratic Party Presence and Organizing,Community Forge,"1256 Franklin Avenue, Pittsburgh, PA 15221",https://www.communityforgepgh.org,info@communityforgepgh.org,
Community Forge,"Community Forge purchased and converted a vacant neighborhood school into a community hub operated with cooperative-style governance. Coworking memberships and affordable room and event rentals fund building operations, while residents and members participate in advisory councils and volunteer days to maintain the space. Though a nonprofit, it implements the cooperative hall approach by combining member participation, shared decision-making, and rental income to sustain a local gathering place.",Neighborhood Community Hubs (Volunteer-Run),Absence of Year-Round Democratic Party Presence and Organizing,Community Forge,"1256 Franklin Avenue, Wilkinsburg, PA 15221",https://www.communityforge.org,info@communityforge.org,
Community Forge Campus,"Community Forge operates a former school as a community-driven campus with a gymnasium, classrooms, and event/meeting spaces used for youth sports, arts, workshops, and neighborhood gatherings. By offering low-cost, inclusive programming and room rentals without partisan affiliation, it functions as an alternative social hub that strengthens civic connection in Wilkinsburg and surrounding communities.",Community-Owned Small Spaces,Absence of Year-Round Democratic Party Presence and Organizing,Community Forge,"1256 Franklin Ave, Pittsburgh, PA 15221",https://www.communityforge.org,hello@communityforge.org,
Community Forge Community Hub,"Community Forge transforms a former school into a year-round civic and community hub that provides affordable, nonpartisan meeting space for neighborhood associations, youth programs, mutual aid groups, and civic organizations. They partner with local schools and community groups to host regular trainings, town halls, and resource fairs, creating a reliable physical venue for organizing and connection in Wilkinsburg and the East End.",Partnering with Local Institutions,Absence of Year-Round Democratic Party Presence and Organizing,Community Forge,"1256 Franklin Avenue, Wilkinsburg, PA 15221",https://www.communityforgepgh.com,hello@communityforgepgh.com,
Community Forge Community Hub,"Community Forge revitalized a former school into a volunteer-supported neighborhood hub offering meeting rooms, co-working, public events, and resource-sharing for local groups year-round. The model relies on shared tenancy, partnerships with community organizations and small businesses, and rotating volunteers who facilitate open hours, post community information, and host sign-ups for programs.",Neighborhood Community Hubs (Volunteer-Run),Absence of Year-Round Democratic Party Presence and Organizing,Community Forge,"1256 Franklin Avenue, Wilkinsburg, PA 15221",https://www.communityforgepgh.org,info@communityforgepgh.org,
Community Forge Community Hub Programs,"Community Forge operates a former school as a community center that hosts recurring town halls, tenant and worker organizing meetings, youth programs, and civic workshops. The organization partners with neighborhood groups, schools, unions, mutual-aid networks, and faith-based organizations to provide nonpartisan, reliable meeting space. By formalizing partnerships and a shared calendar, Community Forge ensures year-round civic life rooted in a trusted, physical place.",Partnering with Local Institutions,Absence of Year-Round Democratic Party Presence and Organizing,Community Forge,"1256 Franklin Avenue, Pittsburgh, PA 15221",https://www.communityforge.org,info@communityforge.org,
Community Forge Neighborhood Dinners & Civic Meetups,"Community Forge convenes recurring community dinners, coffee hours, and neighborhood meetups at its Wilkinsburg campus, often co-hosted with grassroots groups and block clubs. These informal gatherings help rebuild trust and cross-neighborhood relationships, while providing a welcoming space for community issue forums and periodic candidate meet-and-greets that enable organic political conversation among peers.",Neighborhood peer salons and social events,Communication Gaps Between Top Union Officials and Rank-and-File Members,Community Forge,"1256 Franklin Avenue, Wilkinsburg, PA 15221",https://www.communityforgepgh.com,info@communityforgepgh.com,
Community Garden Program,"Grow Pittsburgh’s Community Garden Program helps neighborhoods start and sustain resident-led community gardens by providing training, materials, and leadership development. Regular workdays, planting, and shared maintenance cultivate long-term stewardship, social ties, and visible reinvestment in local spaces.",Neighborhood Improvement Projects,Absence of Year-Round Democratic Party Presence and Organizing,Grow Pittsburgh,"7495 Susquehanna Street, Suite 100, Pittsburgh, PA 15208",https://www.growpittsburgh.org/what-we-do/community-gardens/,info@growpittsburgh.org,
Community Gardens and Greenspaces,"Western Pennsylvania Conservancy coordinates more than 100 community gardens and greenspaces across the region, engaging local residents in planning, planting, and maintaining visible neighborhood improvements. These resident-led gardens function as shared gathering places, foster ongoing volunteer interaction, and build community pride through sustained, hands-on stewardship.",Neighborhood Improvement Projects,Absence of Year-Round Democratic Party Presence and Organizing,Western Pennsylvania Conservancy,"800 Waterfront Drive, Pittsburgh, PA 15222",https://waterlandlife.org/what-we-do/community-greenspace/,info@paconserve.org,
Community Health Deputies,"Neighborhood Resilience Project’s Community Health Deputies are neighborhood-based volunteers who conduct ongoing block-by-block wellness and listening visits in the Hill District and nearby communities. Deputies surface resident concerns, correct misinformation (on public health, services, and civic issues), and map informal leaders and trusted messengers to support targeted outreach and coordinated response campaigns.",Neighborhood canvass and listening campaigns,Communication Gaps Between Top Union Officials and Rank-and-File Members,Neighborhood Resilience Project,"2038 Bedford Avenue, Pittsburgh, PA 15219",https://www.neighborhoodresilience.org,info@neighborhoodresilience.org,
Community Health Deputy Program,"Neighborhood Resilience Project trains and deploys Community Health Deputies who serve as trusted liaisons embedded in Pittsburgh neighborhoods. These deputies conduct regular check-ins, organize small block-level gatherings, collect residents’ concerns, and connect people to health care, food, housing, and trauma support—bringing services and listening sessions directly to residents without relying on a formal hall.",Block Captain Network,Absence of Year-Round Democratic Party Presence and Organizing,Neighborhood Resilience Project,"2038 Bedford Avenue, Pittsburgh, PA 15219",https://www.neighborhoodresilience.org,info@neighborhoodresilience.org,
Community Initiatives and Regranting Programs,"Community Foundation for the Alleghenies administers multiple donor-seeded funds and regranting programs that support collaborative projects across Western Pennsylvania’s deindustrialized communities, including Johnstown and surrounding counties. Many grant rounds use community advisory committees to determine awards and track results, directing funds to efforts that link environmental restoration and resilience (e.g., green infrastructure, river and trail work) with local job creation and ne...",Collaborative Grant Fund for Cross‑Sector Projects,Absence of Labor-Community Coalitions,Community Foundation for the Alleghenies,"216 Franklin Street, Suite 400, Johnstown, PA 15901",https://www.cfalleghenies.org,info@cfalleghenies.org,
Community Kitchen Pittsburgh Culinary Training,"Community Kitchen Pittsburgh delivers a culinary workforce training program for people with significant barriers to employment, including returning citizens and individuals in recovery. They partner with treatment providers and social services for wraparound supports and coordinate externships and direct job placements with restaurants, hospitals, and food service employers committed to second-chance hiring.",Employer Return-to-Work Programs for Recovery and Reentry,Cultural Disconnection Between Progressive Messaging and Working-Class Identity,Community Kitchen Pittsburgh,"107 Flowers Avenue, Pittsburgh, PA 15207",https://communitykitchenpgh.org,info@communitykitchenpgh.org,
Community LandCare and Vacant Lot Improvement,"Grounded supports residents in transforming vacant lots into cared-for community spaces—coordinating cleanups, providing materials, and facilitating gardens and gathering areas through its Community LandCare program. By engaging local stewards for ongoing maintenance and activation, the program creates visible, sustained improvements that build neighborhood pride and regular interaction.",Neighborhood Improvement Projects,Absence of Year-Round Democratic Party Presence and Organizing,Grounded (formerly Grounded Strategies),"6587 Hamilton Avenue, Pittsburgh, PA 15206",https://groundedpgh.org,info@groundedpgh.org,
Community Leadership Program,"Mon Valley Initiative’s Community Leadership Program equips neighborhood and grassroots leaders with skills in organizing, public speaking, meeting facilitation, and nonprofit/board budgeting and oversight. Led by experienced local practitioners, the short course format builds practical, community-rooted leadership capacity in Western Pennsylvania’s deindustrialized towns and neighborhoods.",Local Worker Leadership Fellowship,No Locally Attuned Progressive Leaders from Working-Class Communities,Mon Valley Initiative,"305 East 8th Avenue, Homestead, PA 15120",https://monvalleyinitiative.com,info@monvalleyinitiative.com,
Community Leadership Program (CLP),"Mon Valley Initiative’s multi-week Community Leadership Program builds civic skills among residents of former mill and river towns across the Mon Valley. Participants receive training in public speaking, meeting facilitation, policy and local government, campaign basics, and community organizing, with mentorship from local officials and experienced community leaders. Graduates often go on to lead neighborhood campaigns, serve on municipal boards and planning commissions, and run for local off...",Train-the-trainer civic leadership academy,Communication Gaps Between Top Union Officials and Rank-and-File Members,Mon Valley Initiative,"305 East 8th Avenue, Homestead, PA 15120",https://monvalleyinitiative.com,info@monvalleyinitiative.com,
Community Leadership Program (CLP),"Mon Valley Initiative’s multi-week Community Leadership Program builds civic skills among residents of former mill and river towns across the Mon Valley. Participants receive training in public speaking, meeting facilitation, policy and local government, campaign basics, and community organizing, with mentorship from local officials and experienced community leaders. Graduates often go on to lead neighborhood campaigns, serve on municipal boards and planning commissions, and run for local off...",Local Worker Leadership Fellowship,No Locally Attuned Progressive Leaders from Working-Class Communities,Mon Valley Initiative,"305 East 8th Avenue, Homestead, PA 15120",https://monvalleyinitiative.com,info@monvalleyinitiative.com,
Community Legal Clinics (Ask a Lawyer and Mobile Advice Clinics),"Neighborhood Legal Services runs recurring pop-up legal advice clinics at libraries and community organizations throughout Allegheny, Beaver, Butler, and Lawrence counties. Volunteer attorneys provide brief advice on civil legal issues and connect attendees to ongoing representation, self-help resources, and partner services—bringing legal aid into neighborhoods and building ongoing engagement beyond one-time events.",Rotating Pop-Up Resource Clinics,Absence of Year-Round Democratic Party Presence and Organizing,Neighborhood Legal Services,"928 Penn Avenue, Pittsburgh, PA 15222",https://nlsa.us,info@nlsa.us,
Community Listening Sessions in Coal and Gas Communities,"Center for Coalfield Justice convenes ongoing listening sessions in Washington and Greene County towns—often hosted at churches, union halls, and school facilities—where residents define priorities around energy transition, jobs, and public health. CCJ invites candidates and policymakers to attend and listen, translating community-voiced concerns into concrete policy asks that reflect the needs of deindustrialized communities outside major urban cores.",Listening Sessions with Key Community Institutions,Campaign Visits Concentrated in Urban Pittsburgh Rather Than Industrial Communities,Center for Coalfield Justice,"30 E Beau Street, Washington, PA 15301",https://www.centerforcoalfieldjustice.org,info@centerforcoalfieldjustice.org,
Community Meetings & Listening Sessions,"Our West Bayfront organizes regular community meetings and listening sessions that invite residents of Erie’s West Bayfront neighborhoods to speak directly with City of Erie officials, police, and local service providers about safety, housing, and public space priorities. These recurring, issue-based gatherings solicit input on projects and budgets and maintain year-round engagement beyond election cycles. OWB shares summaries and updates via its website and newsletters, documenting community...",Issue-Based Public Forums & Listening Sessions,Absence of Year-Round Democratic Party Presence and Organizing,Our West Bayfront,"404 West 8th Street, Erie, PA 16502",https://ourwestbayfront.org,info@ourwestbayfront.org,
Community Meetings and Neighborhood Events,"Lawrenceville United convenes recurring neighborhood gatherings—community meetings, social meetups, and block-level events—that bring residents together in informal settings to build trust and relationships. These gatherings create organic spaces for peer-to-peer conversations about local issues and civic life, and they provide opportunities for neighbors to meet community leaders and discuss priorities outside of formal campaign structures, aligning closely with the peer-salon approach.",Neighborhood peer salons and social events,Communication Gaps Between Top Union Officials and Rank-and-File Members,Lawrenceville United,"118 52nd Street, Pittsburgh, PA 15201",https://www.lunited.org,info@lunited.org,
Community Meetings on Oil & Gas Health Impacts,"The Environmental Health Project hosts recurring community meetings and listening sessions across Western Pennsylvania counties to hear residents’ concerns about shale gas development and related health and environmental issues. EHP invites local officials, health professionals, and agency representatives, and publishes meeting summaries, toolkits, and data reports that reflect resident input and guide follow-up action. This regular, issue-based engagement builds trust and accountability whil...",Issue-Based Public Forums & Listening Sessions,Absence of Year-Round Democratic Party Presence and Organizing,Environmental Health Project,"2001 Waterdam Plaza Drive, Suite 201, McMurray, PA 15317",https://www.environmentalhealthproject.org,info@environmentalhealthproject.org,
Community Needs Assessment,"The Community Foundation for the Alleghenies compiles local data and resident input into concise, topic-specific briefs for Cambria and Somerset counties covering health, education, workforce, housing, and infrastructure. These materials are used to brief local governments, state and federal officials, and journalists, and to prepare issue packets for visiting delegations and candidates so they can quickly grasp Johnstown-area community priorities and actionable recommendations.",Community Issues Packet for Visitors,Campaign Visits Concentrated in Urban Pittsburgh Rather Than Industrial Communities,Community Foundation for the Alleghenies,"216 Franklin Street, Suite 400, Johnstown, PA 15901",https://www.cfalleghenies.org,info@cfalleghenies.org,
Community Oral History & Public Programs,"The Heinz History Center curates exhibits and oral history initiatives that document the experiences of workers, immigrants, and neighborhood leaders, often in collaboration with schools, unions, and congregations. Through community story-collection drives, public talks, and film screenings, the Center convenes diverse voices to educate the public and inspire collective action for equitable community renewal.",Joint Public Education and Storytelling Campaigns,Absence of Labor-Community Coalitions,Senator John Heinz History Center,"1212 Smallman Street, Pittsburgh, PA 15222",https://www.heinzhistorycenter.org,info@heinzhistorycenter.org,
Community Organizing,"Center for Coalfield Justice forms ongoing resident teams in Washington and Greene Counties to address energy, public health, and economic transition issues, including mine reclamation and petrochemical/brownfield impacts. Participants research local conditions, develop policy proposals, and coordinate sustained campaigns, town halls, and monitoring efforts with community leaders. This keeps people engaged between election cycles and builds a standing civic presence focused on community-defin...",Local Issue Working Groups,Absence of Year-Round Democratic Party Presence and Organizing,Center for Coalfield Justice,"30 E Beau Street, Suite 205, Washington, PA 15301",https://centerforcoalfieldjustice.org,info@centerforcoalfieldjustice.org,
Community Organizing,"Casa San Jose’s Community Organizing program builds neighborhood-based volunteer teams that conduct year-round door-to-door outreach and phone trees with Latino immigrant families to share information on services, rights, and local issues. Volunteers and promotores check in with residents, connect them to legal aid, healthcare, and emergency assistance, and surface emerging community leaders through ongoing conversations.",Year-Round Volunteer Canvass & Phone Teams,Absence of Year-Round Democratic Party Presence and Organizing,Casa San Jose,"2116 Broadway Avenue, Pittsburgh, PA 15216",https://casasanjose.org,info@casasanjose.org,
Community Organizing,"Center for Coalfield Justice organizes teams of local volunteers and staff who routinely go door-to-door and make phone calls across Washington and Greene Counties about environmental health, air and water quality, and access to services like legal support and water testing. Their year-round outreach keeps residents informed, builds trust in rural communities, and identifies emerging leaders who join issue committees and lead neighborhood efforts.",Year-Round Volunteer Canvass & Phone Teams,Absence of Year-Round Democratic Party Presence and Organizing,Center for Coalfield Justice,"14 East Beau Street, Washington, PA 15301",https://www.centerforcoalfieldjustice.org,info@centerforcoalfieldjustice.org,
Community Organizing,"Action United recruits member volunteers to conduct regular door-to-door outreach and phone banks on housing, utility affordability, tax fairness, and access to public services across Western Pennsylvania. Between elections, teams canvass neighborhoods to share resources (e.g., tenant rights and utility assistance), collect resident concerns, and invite people into meetings and campaigns—building ongoing relationships and elevating new local leaders.",Year-Round Volunteer Canvass & Phone Teams,Absence of Year-Round Democratic Party Presence and Organizing,Action United,"5907 Penn Avenue, Suite 300, Pittsburgh, PA 15206",https://actionunited.org,info@actionunited.org,
Community Organizing & Leadership Development,"Casa San Jose trains immigrant community members as promotores/navigators through cohorts that cover listening campaigns, house-meeting facilitation, digital outreach tools, and how to translate federal and state immigration policy into local actions. Graduates conduct peer education across parishes and neighborhoods, effectively serving as community trainers who build civic participation and mutual aid networks.",Train-the-trainer civic leadership academy,Communication Gaps Between Top Union Officials and Rank-and-File Members,Casa San Jose,"2116 Broadway Avenue, Pittsburgh, PA 15216",https://casasanjose.org,info@casasanjose.org,
Community Organizing & Promotores,"Casa San José trains community promotores and volunteers to conduct ongoing door-to-door outreach and maintain phone trees with Latino families across Allegheny County. These teams connect residents to services (legal clinics, language access, health resources), gather concerns for advocacy, and host house meetings—keeping communication open year-round and developing new community leaders.",Year-Round Volunteer Canvass & Phone Teams,Absence of Year-Round Democratic Party Presence and Organizing,Casa San José,"2116 Broadway Avenue, Pittsburgh, PA 15216",https://casasanjose.org,info@casasanjose.org,
Community Organizing Committees,"CCJ sustains resident-led committees in Washington and Greene Counties focused on persistent issues like petrochemical development, brownfields, and air and water quality. Committees conduct research and community science, craft policy recommendations, and organize campaigns—such as public hearing testimony, local ordinance work, and transition-focused jobs advocacy—to address long-term economic and environmental challenges. The structure maintains continuous engagement so residents can shape...",Local Issue Working Groups,Absence of Year-Round Democratic Party Presence and Organizing,Center for Coalfield Justice,"30 E Beau Street, Washington, PA 15301",https://centerforcoalfieldjustice.org,info@centerforcoalfieldjustice.org,
Community Organizing Fellowship,"Center for Coalfield Justice’s Community Organizing Fellowship develops grassroots leaders in Washington and Greene Counties through short training cycles focused on base-building, one-on-one listening, meeting facilitation, and digital advocacy. Fellows learn to translate state and federal energy and environmental policy into local impacts affecting jobs, health, and communities. They then host house meetings and workshops in their towns, functioning as community trainers who carry skills an...",Train-the-trainer civic leadership academy,Communication Gaps Between Top Union Officials and Rank-and-File Members,Center for Coalfield Justice,"30 East Beau Street, Washington, PA 15301",https://www.coalfieldjustice.org,info@coalfieldjustice.org,
Community Organizing Fellowship,"Center for Coalfield Justice trains residents of coal and gas communities—including current and former energy, construction, and manufacturing workers—to become community ambassadors who conduct door‑to‑door outreach and peer education. Fellows connect neighbors to legal clinics, health screenings, and benefits navigation, and facilitate nonpartisan civic participation in township and county decision‑making—leveraging trusted local messengers from industrial communities.",Peer Ambassadors and Trusted Messengers,Cultural Disconnection Between Progressive Messaging and Working-Class Identity,Center for Coalfield Justice,"14 West Maiden Street, Washington, PA 15301",https://centerforcoalfieldjustice.org,info@centerforcoalfieldjustice.org,
Community Organizing Program,"Center for Coalfield Justice’s Community Organizing Program in Washington and Greene counties uplifts resident and worker voices, counters corporate PR like “Friends of Coal,” and builds cross-worker/community solidarity around health, safety, and economic dignity. Through trainings, story-sharing, and public campaigns that encourage neighbors to support workers who speak up, CCJ cultivates community norms that value collective wellbeing over individual loyalty to employers.",Workplace-to-Community Liaisons,No Locally Attuned Progressive Leaders from Working-Class Communities,Center for Coalfield Justice,"30 East Beau Street, Suite 101, Washington, PA 15301",https://www.centerforcoalfieldjustice.org,info@centerforcoalfieldjustice.org,
Community Organizing Program,"Center for Coalfield Justice’s Community Organizing Program in Washington and Greene counties uplifts resident and worker voices, counters corporate PR like “Friends of Coal,” and builds cross-worker/community solidarity around health, safety, and economic dignity. Through trainings, story-sharing, and public campaigns that encourage neighbors to support workers who speak up, CCJ cultivates community norms that value collective wellbeing over individual loyalty to employers.",Peer Ambassadors and Trusted Messengers,Cultural Disconnection Between Progressive Messaging and Working-Class Identity,Center for Coalfield Justice,"30 East Beau Street, Suite 101, Washington, PA 15301",https://www.centerforcoalfieldjustice.org,info@centerforcoalfieldjustice.org,
Community Organizing Program,"Center for Coalfield Justice’s Community Organizing Program in Washington and Greene counties uplifts resident and worker voices, counters corporate PR like “Friends of Coal,” and builds cross-worker/community solidarity around health, safety, and economic dignity. Through trainings, story-sharing, and public campaigns that encourage neighbors to support workers who speak up, CCJ cultivates community norms that value collective wellbeing over individual loyalty to employers.",Transportation and Accessibility Support,Campaign Visits Concentrated in Urban Pittsburgh Rather Than Industrial Communities,Center for Coalfield Justice,"30 East Beau Street, Suite 101, Washington, PA 15301",https://www.centerforcoalfieldjustice.org,info@centerforcoalfieldjustice.org,
Community Organizing Program,"Center for Coalfield Justice’s Community Organizing Program in Washington and Greene counties uplifts resident and worker voices, counters corporate PR like “Friends of Coal,” and builds cross-worker/community solidarity around health, safety, and economic dignity. Through trainings, story-sharing, and public campaigns that encourage neighbors to support workers who speak up, CCJ cultivates community norms that value collective wellbeing over individual loyalty to employers.",Volunteer Training for Hosting Candidates,Campaign Visits Concentrated in Urban Pittsburgh Rather Than Industrial Communities,Center for Coalfield Justice,"30 East Beau Street, Suite 101, Washington, PA 15301",https://www.centerforcoalfieldjustice.org,info@centerforcoalfieldjustice.org,
Community Organizing Program,"CCJ facilitates ongoing, issue-based working groups of residents in Washington and Greene Counties focused on energy transition, mine land reclamation, petrochemical development, and public health. Community members conduct research (surveys, mapping, meetings), craft local solutions and policy proposals, and coordinate campaigns that keep engagement active year-round on brownfields, jobs, and environmental justice.",Local Issue Working Groups,Absence of Year-Round Democratic Party Presence and Organizing,Center for Coalfield Justice,"30 East Beau Street, Washington, PA 15301",https://centerforcoalfieldjustice.org,info@centerforcoalfieldjustice.org,
Community Organizing and Advocacy,"The Center for Coalfield Justice organizes residents in Washington and Greene Counties to attend public hearings, candidate forums, and township or county meetings on issues affecting coalfield and post-industrial communities. The team sets up carpools, rents vans, and coordinates pick‑ups in remote towns to ensure people can get to regional political events and have a voice in decisions impacting their lives.",Transportation and Accessibility Support,Campaign Visits Concentrated in Urban Pittsburgh Rather Than Industrial Communities,Center for Coalfield Justice,"14 East Beau Street, Washington, PA 15301",https://www.centerforcoalfieldjustice.org,info@centerforcoalfieldjustice.org,
Community Organizing and Just Transition Ambassadors,"Center for Coalfield Justice trains local residents—including coal, gas, and building-trades workers—in Washington and Greene Counties to serve as peer organizers and trusted messengers. These ambassadors host kitchen-table conversations, canvass their towns, and connect neighbors to services such as environmental health resources, legal assistance, and energy bill help, while also preparing them to testify at hearings and participate in public decision-making.",Peer Ambassadors and Trusted Messengers,Cultural Disconnection Between Progressive Messaging and Working-Class Identity,Center for Coalfield Justice,"14 E. Beau Street, Washington, PA 15301",https://www.centerforcoalfieldjustice.org,info@centerforcoalfieldjustice.org,
Community Organizing and Promotores Program,"Casa San Jose trains promotores—trusted community leaders—who conduct door-to-door outreach and listening calls with Spanish-speaking residents across Allegheny County. These promotores identify household needs and concerns, correct misinformation about public services and elections, and connect residents to resources, building confidence in local institutions. By mapping and mobilizing trusted messengers embedded in neighborhoods, the program strengthens localized, peer-to-peer communication...",Neighborhood canvass and listening campaigns,Communication Gaps Between Top Union Officials and Rank-and-File Members,Casa San Jose,"2116 Broadway Avenue, Pittsburgh, PA 15216",https://www.casa-san-jose.org,,
Community Organizing and Promotores Program,"Casa San Jose’s promotores and organizers conduct door-to-door and phone outreach in Latino communities across Pittsburgh and surrounding towns to listen for needs and barriers. They address misinformation about public services, workers’ rights, and civic processes, and cultivate a network map of trusted faith, workplace, and family messengers who can relay accurate information and connect neighbors to resources.",Neighborhood canvass and listening campaigns,Communication Gaps Between Top Union Officials and Rank-and-File Members,Casa San Jose,"2116 Broadway Ave, Pittsburgh, PA 15216",https://casasanjose.org,info@casasanjose.org,
Community Outreach & Engagement,"MVI convenes recurring, small-group listening meetings in churches, municipal buildings, and neighborhood centers throughout the Mon Valley. Trained staff and resident leaders facilitate conversations to surface local priorities, then synthesize what they heard into neighborhood action plans delivered to municipal officials and partner agencies. MVI publicly tracks progress and timelines at subsequent meetings and through updates to keep residents informed and hold institutions accountable.",Volunteer Training for Hosting Candidates,Campaign Visits Concentrated in Urban Pittsburgh Rather Than Industrial Communities,Mon Valley Initiative,"305 East 8th Avenue, Homestead, PA 15120",https://monvalleyinitiative.com,info@monvalleyinitiative.com,
Community Outreach & Engagement,"MVI convenes regular listening sessions and community meetings in Mon Valley municipalities—co-hosted with neighborhood churches, civic groups, and small business associations—to surface resident priorities on housing, blight, transportation, and jobs. These gatherings invite municipal leaders and candidates to hear concerns from towns like Homestead, Braddock, and Clairton and to collaborate on next steps. By rooting engagement in trusted local institutions, MVI implements the listening mode...",Listening Sessions with Key Community Institutions,Campaign Visits Concentrated in Urban Pittsburgh Rather Than Industrial Communities,Mon Valley Initiative,"305 East 8th Avenue, Homestead, PA 15120",https://www.monvalleyinitiative.com,info@monvalleyinitiative.com,
Community Outreach & Planning Listening Sessions,"Mon Valley Initiative convenes structured listening sessions across former mill towns in the Mon Valley, partnering with congregations, union locals, business associations, and schools to host conversations where residents set priorities for revitalization, jobs, housing, and public services. They invite municipal, county, and state candidates and officeholders to attend and respond, helping bridge the campaign attention gap between Pittsburgh and deindustrialized communities.",Listening Sessions with Key Community Institutions,Campaign Visits Concentrated in Urban Pittsburgh Rather Than Industrial Communities,Mon Valley Initiative,"305 East 8th Avenue, Homestead, PA 15120",https://monvalleyinitiative.com,info@monvalleyinitiative.com,
Community Outreach and Engagement Canvasses,"Mon Valley Initiative partners with local CDCs to coordinate door-to-door canvasses and phone listening in towns like Homestead, Braddock, and Clairton. These campaigns surface resident priorities, correct misinformation about redevelopment and public programs, and build networks of block captains and trusted messengers who can be mobilized for ongoing civic outreach.",Neighborhood canvass and listening campaigns,Communication Gaps Between Top Union Officials and Rank-and-File Members,Mon Valley Initiative,"305 East 8th Avenue, Homestead, PA 15120",https://monvalleyinitiative.com,info@monvalleyinitiative.com,
Community Planning and Advocacy,"OPDC organizes issue-based working groups and rapid community labs where Oakland residents, workers, and students co-develop policy and program solutions on housing affordability, mobility, and small-business support. These sessions produce concrete recommendations and implementation steps that OPDC advances with City of Pittsburgh officials, universities, and agency partners to influence neighborhood plans and policies.",Community Policy Labs,No Locally Attuned Progressive Leaders from Working-Class Communities,Oakland Planning and Development Corporation (OPDC),"294 Semple Street, Pittsburgh, PA 15213",https://www.opdc.org,info@opdc.org,
Community Profile and Briefing Materials for Cambria–Somerset,"JARI produces concise community profiles, sector snapshots, and issue one-pagers that highlight regional priorities such as workforce, transportation infrastructure, business climate, and education pipelines. These packets are routinely used to brief visiting officials, campaign teams, and media during tours and economic development meetings in Johnstown and other nearby industrial communities.",Community Issues Packet for Visitors,Campaign Visits Concentrated in Urban Pittsburgh Rather Than Industrial Communities,Johnstown Area Regional Industries (JARI),"245 Market Street, Suite 200, Johnstown, PA 15901",https://www.jari.com,info@jari.com,
Community Programs & Heritage Events,"Rivers of Steel organizes tours, festivals, and public dialogues at sites like the Carrie Blast Furnaces and throughout Mon Valley towns that historically anchored steelmaking. These events intentionally bring Pittsburgh-based civic leaders, university scholars, and residents of industrial communities together to discuss preservation, redevelopment, equitable tourism, and workforce strategies—building relationships and co-creating place-based policy ideas.",Town-to-City Exchange Events,Campaign Visits Concentrated in Urban Pittsburgh Rather Than Industrial Communities,Rivers of Steel,"623 East 8th Avenue, Homestead, PA 15120",https://riversofsteel.com,info@riversofsteel.com,
Community Programs & Partnerships,"Union Project maintains a restored historic community center that partners with schools, youth groups, arts and neighborhood organizations, and faith communities to host regular classes, meetings, and public events in a nonpartisan setting. Through ongoing facility access and collaborative programming, it provides dependable physical space for civic life where residents can build relationships, share information, and participate in community problem‑solving.",Partnering with Local Institutions,Absence of Year-Round Democratic Party Presence and Organizing,Union Project,"801 North Negley Avenue, Pittsburgh, PA 15206",https://www.unionproject.org,info@unionproject.org,
Community Relations Council (CRC) Civic Engagement & Candidate Forum Training,"The CRC provides civic engagement trainings that prepare volunteers and partner congregations to organize and moderate nonpartisan candidate forums and legislative meetings. Sessions include agenda design, moderator skills, objective documentation of dialogue, and building follow-up action plans to track commitments. These tools enable residents to professionally host candidates and maintain constructive relationships across Western Pennsylvania.",Volunteer Training for Hosting Candidates,Campaign Visits Concentrated in Urban Pittsburgh Rather Than Industrial Communities,Jewish Federation of Greater Pittsburgh,"2000 Technology Drive, Pittsburgh, PA 15219",https://jewishpgh.org/crc,info@jewishpgh.org,
Community Resource Center and Rapid Response,"Casa San Jose supports Latino immigrants with mutual aid including food distributions, emergency cash assistance, and accompaniment to medical, school, and legal appointments. Its promotores and volunteers provide rides, translation, and rapid-response support that fosters reciprocal, trusting relationships with families year-round. The Beechview office serves as a neighborhood hub for ongoing mutual support and civic engagement.",Mutual Aid Networks,Absence of Year-Round Democratic Party Presence and Organizing,Casa San Jose,"2116 Broadway Avenue, Pittsburgh, PA 15216",https://casasanjose.org,info@casasanjose.org,
Community Spotlight,"Rivers of Steel’s Community Spotlight and related oral history efforts collaborate with residents of Mon Valley and other former mill towns to collect interviews, photos, and short videos about steel heritage, present-day challenges, and local strengths. Stories are published on Rivers of Steel’s website and social channels, integrated into exhibitions at the Bost Building and the Pump House, and promoted through partnerships with regional outlets, elevating the voices of deindustrialized com...",Community Storytelling and Media Campaign,Campaign Visits Concentrated in Urban Pittsburgh Rather Than Industrial Communities,Rivers of Steel Heritage Corporation,"623 E 8th Avenue, Homestead, PA 15120",https://riversofsteel.com,info@riversofsteel.com,
Community Town Halls & Listening Sessions,"Center for Coalfield Justice organizes ongoing town halls and listening sessions across Washington and Greene Counties that bring together union members (including energy and manufacturing locals), municipal officials, and state legislators to co-develop action plans on jobs, health, and environmental issues. Events use trained neutral facilitators and include structured Q&A, with CCJ publishing post-event notes that list agreed next steps, responsible parties, and timelines. This approach di...",Town-to-City Exchange Events,Campaign Visits Concentrated in Urban Pittsburgh Rather Than Industrial Communities,Center for Coalfield Justice,"30 E. Beau Street, Suite 101, Washington, PA 15301",https://centerforcoalfieldjustice.org,info@centerforcoalfieldjustice.org,
Community Tree Planting and Tree Tender Program,"Tree Pittsburgh coordinates neighborhood-based tree plantings and ongoing care with local residents, training volunteers as Tree Tenders to steward street trees long-term. These hands-on planting days and care cycles beautify blocks, reduce blight, and bring neighbors together repeatedly to maintain and improve public spaces.",Neighborhood Improvement Projects,Absence of Year-Round Democratic Party Presence and Organizing,Tree Pittsburgh,"32 62nd Street, Pittsburgh, PA 15201",https://www.treepittsburgh.org,info@treepittsburgh.org,
Community Workshops at Pitt CEC – Homewood,"The University of Pittsburgh’s Community Engagement Center in Homewood runs ongoing community workshops and trainings on topics such as grant writing, nonprofit management, tenant rights, and community organizing. Programs are co-designed with residents and local groups and hosted in a dedicated neighborhood space, making it a consistent gathering place between elections. These sessions strengthen local leadership and expand residents’ ability to influence decisions and secure resources for t...",Community Skill-Building Workshops,Absence of Year-Round Democratic Party Presence and Organizing,University of Pittsburgh Community Engagement Centers (CEC),"622 N Homewood Avenue, Pittsburgh, PA 15208",https://cec.pitt.edu,cecinfo@pitt.edu,
Community and Political Engagement Committees,"The Allegheny-Fayette Central Labor Council convenes standing committees and ad hoc coalitions that include union representatives, neighborhood advocates, faith leaders, and partner community organizations to identify local priorities such as living-wage jobs, worker safety, and equitable development. These committees coordinate year-round campaigns and community projects (e.g., pro-worker municipal policies, apprenticeship outreach, and relief efforts) that reflect shared goals across labor ...",Union-Community Issue Councils,No Locally Attuned Progressive Leaders from Working-Class Communities,"Allegheny-Fayette Central Labor Council, AFL-CIO","1459 Woodruff Street, Pittsburgh, PA 15220",https://www.aflcpgh.org,,
CommuteInfo Vanpool & Carpool Program,"CommuteInfo matches workers by home area, worksite, and shift to form carpools and vanpools across the 10-county Southwestern Pennsylvania region. Groups designate volunteer drivers and share costs for vehicles and fuel, coordinating pick-ups and drop-offs aligned with plant shift times and common commute corridors from suburbs and neighboring states. This creates a cooperative, social commute that reduces stress, lowers costs, and rebuilds daily contact among co-workers.",Transportation and Childcare Support for Trainees,Cultural Disconnection Between Progressive Messaging and Working-Class Identity,Southwestern Pennsylvania Commission (SPC),"112 Washington Place, Suite 500, Pittsburgh, PA 15219",https://www.commuteinfo.org,info@commuteinfo.org,
Congress of Neighboring Communities (CONNECT),"CONNECT convenes and facilitates collaboration among the City of Pittsburgh and its adjacent municipalities through neutral meeting facilitation, working groups, and applied policy research. Housed at the University of Pittsburgh, it provides structured agendas, facilitation training opportunities, and student/faculty technical assistance that help local leaders design inclusive processes and evaluate outcomes. This university–community partnership strengthens initiatives so they can scale re...",Cross-Regional Mentorship Network,No Locally Attuned Progressive Leaders from Working-Class Communities,University of Pittsburgh Graduate School of Public and International Affairs (GSPIA),"230 S Bouquet Street, Pittsburgh, PA 15260",https://www.connect.pitt.edu,connect@pitt.edu,
Construction Trades Training with Stipend,"The Trade Institute of Pittsburgh provides intensive masonry, carpentry, and welding training and offers a daily training stipend and supportive services so trainees can focus on skill building without losing income. TIP partners with contractors and unions to place graduates into paid on-the-job training and apprenticeships, combining classroom shop instruction with immediate wage-earning opportunities.",Paid On-the-Job Retraining,Cultural Disconnection Between Progressive Messaging and Working-Class Identity,Trade Institute of Pittsburgh,"7800 Susquehanna Street, Pittsburgh, PA 15208",https://www.tipgh.org,info@tipgh.org,
Corner LaunchBox Speaker Series & Community Forums,"Penn State New Kensington’s Corner LaunchBox runs speaker series, pitch nights, and co-design sessions that bring Penn State faculty, Pittsburgh-based partners, municipal officials, and New Kensington residents together to tackle downtown revitalization and entrepreneurship. These joint events create a structured town-to-city exchange that connects university expertise and urban leaders with a historic industrial community to develop shared, actionable solutions.",Town-to-City Exchange Events,Campaign Visits Concentrated in Urban Pittsburgh Rather Than Industrial Communities,Penn State New Kensington – The Corner LaunchBox,"701 5th Avenue, New Kensington, PA 15068",https://newkensington.psu.edu/corner-launchbox,thecorner@psu.edu,
Coro Fellows Program in Public Affairs (Pittsburgh),"Coro’s full-time fellowship places emerging leaders with host sites across the region—including labor unions, municipal departments, and community organizations—where they receive day-to-day mentoring from veteran practitioners. The curriculum emphasizes community organizing, public deliberation, and stakeholder engagement, and fellows lead projects and convenings that connect institutions with residents. By embedding young adults alongside experienced civic workers, Coro builds cross-generat...",Youth-worker apprenticeship and civic engagement program,Communication Gaps Between Top Union Officials and Rank-and-File Members,Coro Pittsburgh,"601 Grant Street, Suite 330, Pittsburgh, PA 15219",https://coropittsburgh.org,info@coropittsburgh.org,
Coro Fellows in Public Affairs – Pittsburgh,"Coro’s nine‑month fellowship places emerging organizers and civic leaders in rotating, short‑term placements with host organizations across government, labor, faith‑based institutions, environmental justice groups, and community nonprofits in the Pittsburgh region. Fellows learn each sector’s priorities through hands‑on projects and convene stakeholders to co‑design cross‑sector campaigns, building durable relationships that outlast the fellowship term. The model directly implements the solut...",Cross‑Sector Fellowship Program,Absence of Labor-Community Coalitions,Coro Pittsburgh,"2719 Penn Avenue, Pittsburgh, PA 15222",https://coropittsburgh.org,info@coropittsburgh.org,
Crawford County Candidate Forums,"Allegheny College’s Center for Political Participation collaborates with local media and the League of Women Voters to host nonpartisan candidate forums that rotate among venues across Crawford County. The series brings candidates to communities like Meadville, Titusville, and surrounding boroughs, creating a circuit of debates and Q&A sessions so campaigns regularly meet voters outside metropolitan centers.",Local Debate Circuit,Campaign Visits Concentrated in Urban Pittsburgh Rather Than Industrial Communities,"Center for Political Participation, Allegheny College","520 North Main Street, Meadville, PA 16335",https://sites.allegheny.edu/ccp,ccp@allegheny.edu,
Creative Business Accelerator,"Bridgeway Capital’s Creative Business Accelerator runs regular workshops and clinics on business planning, pricing, marketing, and grant writing for artists and creative entrepreneurs. By convening peer cohorts and providing hands-on coaching, the program strengthens practical skills and cultivates community-based leaders who can organize projects and access resources for neighborhood revitalization.",Community Skill-Building Workshops,Absence of Year-Round Democratic Party Presence and Organizing,"Bridgeway Capital, Inc.","500 Grant Street, Suite 2900, Pittsburgh, PA 15219",https://www.bridgewaycapital.org/creative-business-accelerator/,info@bridgewaycapital.org,
Crossing Fences,"Crossing Fences is a youth media and oral-history program in which teen participants interview and record the life and work stories of older men in their neighborhoods, producing podcasts and public showcases. The project creates structured, recurring intergenerational events that elevate elders as knowledge-bearers and role models while teaching youth interviewing, audio production, and storytelling skills. By preserving neighborhood histories and highlighting dignified pathways through work...",Local media and storytelling campaign,Communication Gaps Between Top Union Officials and Rank-and-File Members,"SLB Radio Productions, Inc.","10 Children's Way, Suite 300, Pittsburgh, PA 15212",https://slbradio.org,info@slbradio.org,
Crossing Fences,"Crossing Fences is a youth media and oral-history program in which teen participants interview and record the life and work stories of older men in their neighborhoods, producing podcasts and public showcases. The project creates structured, recurring intergenerational events that elevate elders as knowledge-bearers and role models while teaching youth interviewing, audio production, and storytelling skills. By preserving neighborhood histories and highlighting dignified pathways through work...",Joint Public Education and Storytelling Campaigns,Absence of Labor-Community Coalitions,"SLB Radio Productions, Inc.","10 Children's Way, Suite 300, Pittsburgh, PA 15212",https://slbradio.org,info@slbradio.org,
Culinary Job Training Program – Supportive Services,"Community Kitchen Pittsburgh’s job training program includes case management and barrier-reduction supports to help participants enter and stay in the workforce. The organization provides transportation assistance (e.g., bus passes) and helps trainees address child care needs through referrals and limited financial support so they can attend training, interviews, and early shifts. This targeted help directly mitigates day-to-day obstacles that prevent completion and job placement.",Transportation and Childcare Support for Trainees,Cultural Disconnection Between Progressive Messaging and Working-Class Identity,Community Kitchen Pittsburgh,"107 Flowers Avenue, Pittsburgh, PA 15207",https://ckpgh.org,info@ckpgh.org,
Culinary Training & Supported Employment Program,"Community Kitchen Pittsburgh trains justice‑involved individuals and people in recovery for culinary jobs and places them with employer partners in restaurants, catering, and institutional food service. The program integrates case management, recovery‑friendly supports, and job coaching with employer engagement to create a supported hiring pipeline and improve retention.",Employer Return-to-Work Programs for Recovery and Reentry,Cultural Disconnection Between Progressive Messaging and Working-Class Identity,Community Kitchen Pittsburgh,"107 Flowers Avenue, Pittsburgh, PA 15207",https://www.ckpgh.org,info@ckpgh.org,
"DRIVE (Democrat, Republican, Independent Voter Education) – Local 249 Political Committee","Teamsters Local 249’s DRIVE committee is comprised of rank-and-file members who vet candidates through questionnaires and interviews and then vote on endorsements for county, municipal, and state races in the Pittsburgh region. The committee produces short, member-written endorsement summaries and distributes tailored guidance through gate handbills, terminal meetings, and steward networks, ensuring that messages reflect local workplace realities rather than top-down national talking points.",Local endorsement councils made of members,Communication Gaps Between Top Union Officials and Rank-and-File Members,International Brotherhood of Teamsters Local 249,"4701 Butler Street, Pittsburgh, PA 15201",https://www.teamsterslocal249.org,,
"DRIVE (Democrat, Republican, Independent Voter Education) – Teamsters Local 249","Teamsters Local 249’s DRIVE committee organizes rank-and-file members and shop stewards to interview and evaluate local candidates on worker-centered issues such as wages, safety, and fair scheduling. Following screenings, the local issues public endorsements and deploys members for get-out-the-vote efforts, serving as a trusted, community-rooted endorsement body for working people in the Pittsburgh area.",Local Candidate Endorsement Circle,No Locally Attuned Progressive Leaders from Working-Class Communities,International Brotherhood of Teamsters Local 249,"4701 Butler Street, Pittsburgh, PA 15201",https://www.teamsterslocal249.org,,
DRIVE Member-to-Member Worksite Meetings,"Teamsters Local 249 implements the union’s DRIVE program with brief, shift-change and depot-based meetings where stewards and business agents explain endorsements, how member committees weighed local issues like logistics jobs and safety, and why the union took a position. Sessions are interactive with Q&A, enabling members to challenge assumptions, surface workplace-specific concerns, and channel feedback to the local’s executive board.",Workplace-based information sessions,Communication Gaps Between Top Union Officials and Rank-and-File Members,International Brotherhood of Teamsters Local 249,"4701 Butler Street, Pittsburgh, PA 15201",https://www.teamsterslocal249.org,,
Department of Equity and Inclusion – MWDBE/Small Business Program,"Allegheny County sets participation goals for local Minority, Women, and Disadvantaged Business Enterprises on county contracts in construction, professional services, and commodities. The department certifies vendors, conducts compliance monitoring, and hosts buyer–supplier engagement, steering county procurement to Western Pennsylvania contractors and manufacturers and creating reliable demand for local jobs.",Local Procurement and Buy-Local Policies,Cultural Disconnection Between Progressive Messaging and Working-Class Identity,Allegheny County Department of Equity and Inclusion,"542 Forbes Avenue, Pittsburgh, PA 15219",https://www.alleghenycounty.us/equity-and-inclusion,dei@alleghenycounty.us,
Detre Library & Archives,"The Detre Library & Archives at the Heinz History Center stewards extensive labor and industry collections, including oral histories, union records, photographs, and community archives from Western Pennsylvania. Staff support research and community-driven documentation, and the materials are used in exhibits and online resources that amplify worker voices—providing richly contextual narratives candidates can draw upon to understand industrial towns.",Oral History and Heritage Projects,Campaign Visits Concentrated in Urban Pittsburgh Rather Than Industrial Communities,Senator John Heinz History Center,"1212 Smallman Street, Pittsburgh, PA 15222",https://www.heinzhistorycenter.org/collections/detre-library-archives,library@heinzhistorycenter.org,
Detre Library & Archives,"The Detre Library & Archives at the Heinz History Center holds extensive labor and industry collections—including oral histories, company photo archives, and union records—that document the lives and work of Western Pennsylvania’s steel, coal, glass, and manufacturing communities. By preserving and providing public access to these firsthand accounts and materials, the program equips educators, journalists, and civic leaders with stories that communicate local identity and working-class experi...",Oral History and Heritage Projects,Campaign Visits Concentrated in Urban Pittsburgh Rather Than Industrial Communities,Senator John Heinz History Center,"1212 Smallman Street, Pittsburgh, PA 15222",https://www.heinzhistorycenter.org,info@heinzhistorycenter.org,
Detre Library & Archives Oral History Collections,"The Detre Library & Archives maintains extensive oral histories documenting Western Pennsylvania’s industrial workforce, labor movements, and immigrant communities, alongside photographs and artifacts. These accessible collections and exhibits provide place-based narratives that can be used in outreach and messaging to connect with residents of mill and river towns beyond Pittsburgh’s urban core.",Oral History and Heritage Projects,Campaign Visits Concentrated in Urban Pittsburgh Rather Than Industrial Communities,Senator John Heinz History Center,"1212 Smallman Street, Pittsburgh, PA 15222",https://www.heinzhistorycenter.org,info@heinzhistorycenter.org,
Development Activities Meetings (DAMs) & Community Forums,"Bloomfield Development Corporation convenes recurring issue-based public forums and DAMs where residents can directly question developers, city planners, and elected officials about projects and neighborhood priorities. Meetings are scheduled year-round, and BDC posts agendas, summaries, and outcomes online to document commitments and maintain accountability, signaling an ongoing civic presence beyond election cycles.",Issue-Based Public Forums & Listening Sessions,Absence of Year-Round Democratic Party Presence and Organizing,Bloomfield Development Corporation,"4905 Liberty Avenue, Pittsburgh, PA 15224",https://bloomfieldpgh.org,info@bloomfieldpgh.org,
Development Activities Meetings (DAMs) and Community Forums,"Lawrenceville United, a City of Pittsburgh Registered Community Organization, hosts Development Activities Meetings and other neighborhood forums where residents question developers and engage directly with city planning, public safety, and council offices about community priorities. Meetings are held throughout the year as structured listening sessions to surface concerns, negotiate community benefits, and inform decision-making. LU publishes meeting materials, presentations, and notes onlin...",Issue-Based Public Forums & Listening Sessions,Absence of Year-Round Democratic Party Presence and Organizing,Lawrenceville United,"1346 Butler Street, Pittsburgh, PA 15201",https://www.lunited.org,info@lunited.org,
Digital Foundry at New Kensington,"The Digital Foundry offers collaborative workspaces, training labs, and meeting rooms equipped with robust internet and advanced digital manufacturing tools, enabling residents and small firms to work, learn, and collaborate locally. Through employer partnerships, industry certifications, and coaching, it helps participants build remote-capable digital skills and connect to job pathways and project-based work that do not require daily commuting to larger cities.",Small Business and Maker Hubs,Cultural Disconnection Between Progressive Messaging and Working-Class Identity,Penn State New Kensington and Economic Growth Connection of Westmoreland,"855 5th Avenue, New Kensington, PA 15068",https://digitalfoundrynk.com,info@digitalfoundrynk.com,
Downtown Awards,"The Pittsburgh Downtown Partnership’s Downtown Awards recognize workers, small business owners, neighborhood stewards, and civic partners who strengthen Pittsburgh’s core and surrounding communities. By publicly celebrating ambassadors, service teams, and grassroots leaders, the awards elevate everyday contributors as visible, credible leaders. This counters elite-only narratives and reflects the lived experiences of local workers.",Visible Local Leadership Awards,No Locally Attuned Progressive Leaders from Working-Class Communities,Pittsburgh Downtown Partnership,"925 Liberty Avenue, Pittsburgh, PA 15222",https://downtownpittsburgh.com,info@downtownpittsburgh.com,
EIC Workforce Development and First Source Hiring Support,"The Energy Innovation Center partners with unions, developers, and community groups to deliver pre-apprenticeship, apprenticeship readiness, and referral pipelines that fulfill local hiring and training commitments within community benefits agreements across Pittsburgh. EIC hosts training programs and employer connections for residents, including from neighborhoods adjacent to major redevelopment sites, and tracks outcomes for compliance reporting. This enables projects with CBAs to meet obli...",Community Benefit Agreements for Redevelopment,Absence of Labor-Community Coalitions,Energy Innovation Center,"1435 Bedford Avenue, Pittsburgh, PA 15219",https://www.eicpittsburgh.org,info@eicpittsburgh.org,
East End Food Co-op,"East End Food Co-op is a member-owned grocery cooperative where thousands of local member-owners democratically govern the store and its community space. The co-op sustains a permanent brick-and-mortar location with classes, forums, and partnerships that foster routine, year-round engagement. By using cooperative ownership and member investment, it maintains a community-controlled space that serves residents’ needs beyond election cycles.",Community-Owned Small Spaces,Absence of Year-Round Democratic Party Presence and Organizing,East End Food Co-op,"7516 Meade Street, Pittsburgh, PA 15208",https://www.eastendfood.coop,info@eastendfood.coop,
East Liberty Presbyterian Church Community Meeting Spaces,"As part of its justice ministries, East Liberty Presbyterian Church opens its social halls and classrooms to community organizations for low- or no-cost use. The church regularly hosts public forums, labor-solidarity gatherings, voter and benefits clinics, and environmental justice teach-ins, providing a neutral civic space where unions, faith groups, and neighborhood organizations can meet and plan together. Volunteer-led staffing and partnerships help make the church a shared civic hub that...",Shared Civic Hub Spaces,Absence of Labor-Community Coalitions,East Liberty Presbyterian Church,"116 South Highland Avenue, Pittsburgh, PA 15206",https://www.cathedralofhope.org,info@cathedralofhope.org,
EcoInnovation District (Uptown/West Oakland),"The EcoInnovation District is a community-driven plan stewarded by Uptown Partners and public agencies to guide equitable development, small business growth, green infrastructure, and mobility improvements in Uptown and West Oakland. Residents helped craft the neighborhood vision and implementation framework, which emphasizes brownfield reuse, building performance, and health-focused public realm investments. The plan’s implementation teams work with unions, the Energy Innovation Center, and ...",Place‑Based Economic Renewal Plans,Absence of Labor-Community Coalitions,Uptown Partners of Pittsburgh,"2005 Fifth Avenue, Pittsburgh, PA 15219",https://uptownpartners.org,info@uptownpartners.org,
"Ecodistrict Community Ambassadors (Millvale, Etna, Sharpsburg)","New Sun Rising’s Ecodistrict Community Ambassadors are local residents hired and trained to run repeated door-to-door and phone listening campaigns about community priorities like jobs, mobility, and energy. Ambassadors map trusted messengers block-by-block, collect and track concerns, and host feedback loops that correct rumors and misinformation while connecting neighbors to resources and advocacy campaigns.",Neighborhood canvass and listening campaigns,Communication Gaps Between Top Union Officials and Rank-and-File Members,New Sun Rising,"112 Sherman Street, Millvale, PA 15209",https://www.newsunrising.org,info@newsunrising.org,
Education & Outreach Program,"Fair Housing Partnership of Greater Pittsburgh conducts ongoing tenant and fair-housing rights trainings for renters, community groups, and service providers, covering topics like lease terms, habitability, discrimination, and eviction defense. These workshops bring residents together to learn practical advocacy tools and build community capacity to navigate housing systems and organize for fair treatment.",Community Skill-Building Workshops,Absence of Year-Round Democratic Party Presence and Organizing,Fair Housing Partnership of Greater Pittsburgh,"2840 Liberty Avenue, Suite 205, Pittsburgh, PA 15222",https://www.pittsburghfairhousing.org,info@pittsburghfairhousing.org,
Election Candidate Forums,"The Pittsburgh North Regional Chamber hosts nonpartisan candidate forums across northern Allegheny and southern Butler County communities, typically at municipal buildings and community centers such as the Cranberry Township Municipal Center and Pine Community Center. The Chamber invites candidates from all parties and ensures equal speaking time and neutral facilitation, keeping the focus on township-level issues like transportation, small manufacturing, and public safety. These well-promote...",Nonpartisan Candidate Forums in Town Halls,Campaign Visits Concentrated in Urban Pittsburgh Rather Than Industrial Communities,Pittsburgh North Regional Chamber,"5000 Brooktree Road, Suite 100, Wexford, PA 15090",https://www.pghnorthchamber.com,info@pghnorthchamber.com,
Election Candidate Forums (Washington County),"The Washington County Chamber of Commerce runs a rotating series of nonpartisan candidate forums and policy Q&As in collaboration with municipal partners and civic groups across the county. Events move among Mon Valley and other towns—such as Washington, Monongahela, California, and Charleroi—to ensure candidates regularly appear in deindustrial communities and respond directly to local voters’ questions.",Local Debate Circuit,Campaign Visits Concentrated in Urban Pittsburgh Rather Than Industrial Communities,Washington County Chamber of Commerce,"375 Southpointe Boulevard, Suite 240, Canonsburg, PA 15317",https://www.washcochamber.com,info@washcochamber.com,
Electrical Apprenticeship Program (JATC),"IBEW Local 5’s registered apprenticeship is an earn-while-you-learn model where apprentices are full-time, paid employees receiving progressive wages while completing thousands of hours of supervised on-the-job training. The program pairs this paid work experience with tuition-free, scheduled classroom instruction, creating a clear wage-supported pathway for adults—including displaced workers—to retrain into high-demand electrical trades.",Paid On-the-Job Retraining,Cultural Disconnection Between Progressive Messaging and Working-Class Identity,IBEW Local Union No. 5 Joint Apprenticeship & Training Committee,"5 Hot Metal Street, Suite 100, Pittsburgh, PA 15203",https://ibew5jatc.org,,
Electrical Distribution Technology (Duquesne Light Program),"This CCAC program, developed with Duquesne Light Company and aligned with IBEW lineworker standards, trains residents for energy-sector careers including grid maintenance, safety, and emerging distributed energy technologies. By combining classroom instruction at the West Hills Center with hands-on labs and utility-led mentoring, it creates a locally governed pathway into union apprenticeships and utility jobs. Community outreach and recruitment target residents from deindustrialized neighbor...",Shared Workforce Training Hubs,Absence of Labor-Community Coalitions,Community College of Allegheny County (in partnership with Duquesne Light Company),"1000 McKee Road, Oakdale, PA 15071",https://www.ccac.edu/academics/programs/engineering-and-advanced-manufacturing/electrical-distribution-technology-aas.php,admissions@ccac.edu,
Employment Institute (Barrier Removal Supports),"Auberle’s Employment Institute provides job training and placement services with robust barrier-removal supports, including transportation assistance (bus passes or ride-share support) and help arranging or paying for childcare for eligible participants. These services enable working-class adults to consistently attend training, interviews, and early employment. The program tailors supports to each participant so logistics do not derail job entry.",Transportation and Childcare Support for Trainees,Cultural Disconnection Between Progressive Messaging and Working-Class Identity,Auberle,"1101 Hartman Street, McKeesport, PA 15132",https://www.auberle.org/employment-institute,info@auberle.org,
Employment Institute (EI),"Auberle’s Employment Institute provides paid work experience, industry certifications, and direct connections to employer partners for adults and youth with barriers to employment, including those reentering from incarceration or in addiction recovery. EI pairs participants with career coaches, coordinates with courts and treatment providers, and offers retention supports so employers can confidently implement second‑chance hiring.",Employer Return-to-Work Programs for Recovery and Reentry,Cultural Disconnection Between Progressive Messaging and Working-Class Identity,Auberle,"1101 Hartman Street, McKeesport, PA 15132",https://www.auberle.org/employment-institute,info@auberle.org,
Employment Institute Supportive Services,"Auberle’s Employment Institute pairs skills training and job placement with wraparound supports, including bus passes, gas cards, and help accessing childcare subsidies so participants can attend classes, interviews, and new jobs. The program tailors assistance based on individual barriers and provides case management to sustain employment.",Transportation and Childcare Support for Trainees,Cultural Disconnection Between Progressive Messaging and Working-Class Identity,Auberle,"1101 Hartman Street, McKeesport, PA 15132",https://www.auberle.org/employment-institute,info@auberle.org,
Energy Innovation Center,"The Energy Innovation Center co-locates multiple union apprenticeship programs (including IBEW Local 5, Operating Engineers Local 95, and Steamfitters Local 449) with social enterprises, startups, and workforce nonprofits in one facility. This mix of tenants produces rent revenue and daily activity while creating hands-on training opportunities, employer connections, and community events in a labor-integrated setting—advancing the co-location model that keeps worker development at the center.",Shared Civic Hub Spaces,Absence of Labor-Community Coalitions,Energy Innovation Center Institute (EICI),"1435 Bedford Avenue, Pittsburgh, PA 15219",https://www.eicpittsburgh.org,,
Energy Innovation Center,"Housed in the rehabilitated former Connelley Trade School, the Energy Innovation Center operates as a nonpartisan community and workforce hub with extensive training labs, classrooms, and event/meeting spaces. It partners with unions, employers, and nonprofits to deliver job training and certification programs while making neutral gathering spaces available for community use. This adaptive reuse creates a community-oriented alternative to partisan venues where residents can build skills and s...",Shared Civic Hub Spaces,Absence of Labor-Community Coalitions,Energy Innovation Center Institute,"1435 Bedford Avenue, Pittsburgh, PA 15219",https://www.eicpittsburgh.org,info@eicpittsburgh.org,
Energy Innovation Center Institute Workforce Development,"EICI operates an employer- and union-partnered workforce hub where industry, labor, and educators jointly design curricula in building operations, energy systems, and skilled trades. Employer advisory councils (including trade unions and facilities/energy employers) guide training content, coordinate hands-on labs and paid work-based learning, and connect completers into union apprenticeships and entry-level facilities roles. This council model aligns neighborhood-level training with real hir...",Union–Community Partnerships,Cultural Disconnection Between Progressive Messaging and Working-Class Identity,Energy Innovation Center Institute,"1435 Bedford Avenue, Pittsburgh, PA 15219",https://www.eicpittsburgh.org,info@eicpittsburgh.org,
Energy Innovation Center Institute Workforce Development,"EICI operates an employer- and union-partnered workforce hub where industry, labor, and educators jointly design curricula in building operations, energy systems, and skilled trades. Employer advisory councils (including trade unions and facilities/energy employers) guide training content, coordinate hands-on labs and paid work-based learning, and connect completers into union apprenticeships and entry-level facilities roles. This council model aligns neighborhood-level training with real hir...",Environmental Justice + Labor Working Groups,Absence of Labor-Community Coalitions,Energy Innovation Center Institute,"1435 Bedford Avenue, Pittsburgh, PA 15219",https://www.eicpittsburgh.org,info@eicpittsburgh.org,
Energy Innovation Center Institute Workforce Development Programs,"The Energy Innovation Center Institute partners with building trades unions and employers to deliver hands-on training in energy efficiency, building systems, and water/wastewater green infrastructure. By placing trainees in real retrofit labs and project-based learning with unions like IBEW and Steamfitters, it creates on-the-job pathways into unionized work improving building performance and installing clean-energy systems. This directly aligns environmental goals (reduced emissions, health...",Joint Environmental‑Job Transition Projects,Cultural Disconnection Between Progressive Messaging and Working-Class Identity,Energy Innovation Center Institute (Pittsburgh Gateways Corporation),"1435 Bedford Avenue, Pittsburgh, PA 15219",https://www.eic-institute.org,info@eic-institute.org,
Energy Innovation Center Institute – Workforce & Industry Partnerships,"The EIC Institute coordinates community recruitment with faith and neighborhood groups and delivers training designed with and by union partners (e.g., IBEW, Steamfitters, Operating Engineers) to prepare residents for high-quality union careers in construction, energy, and green building. These pipelines supply neighborhood redevelopment projects—often on remediated sites—with a local, union-ready workforce while advancing energy-efficiency and healthy building practices. As part of place-bas...",Place‑Based Economic Renewal Plans,Absence of Labor-Community Coalitions,Energy Innovation Center Institute,"1435 Bedford Avenue, Pittsburgh, PA 15219",https://www.eicpittsburgh.org,info@eicpittsburgh.org,
Energy Innovation Center Institute – Workforce Development & Pre‑Apprenticeship,"Energy Innovation Center Institute partners with building trade unions, K–12 schools, and regional employers to deliver pre‑apprenticeship and apprenticeship-aligned training in energy-efficient construction, HVAC, electrical, and green building technologies. Union instructors from locals such as IBEW, Steamfitters, and Sheet Metal Workers mentor students, while employers and environmental partners provide site visits, lab experiences, and career fairs that build a pipeline into high‑road, gr...",School‑to‑Work Pathways with Cross‑Sector Mentors,Absence of Labor-Community Coalitions,"Energy Innovation Center Institute, Inc.","1435 Bedford Avenue, Pittsburgh, PA 15219",https://www.eicpittsburgh.org,info@eicpittsburgh.org,
Energy Innovation Center Institute – Workforce Development Partnerships,"The Energy Innovation Center Institute convenes unions, community organizations, and employers to co-design training and apprenticeship-aligned programs in high-demand building and energy trades. By hosting regular forums, employer roundtables, and hands-on labs with building trades partners (e.g., Steamfitters Local 449, Sheet Metal Workers Local 12, and IBEW), the EIC creates joint training and mentorship pathways that connect neighborhood residents to union contractors and long-term careers.",Union–Community Partnerships,Cultural Disconnection Between Progressive Messaging and Working-Class Identity,Energy Innovation Center Institute,"1435 Bedford Avenue, Pittsburgh, PA 15219",https://www.eicpittsburgh.org,info@eicpittsburgh.org,
Energy Innovation Center Institute – Workforce Development and Apprenticeship Partnerships,"The Energy Innovation Center Institute convenes trade unions, contractors, and employers to deliver hands-on training in clean energy and high-performance building systems, including building automation, CHP, HVAC retrofits, and solar PV. Apprentices and incumbent workers train on real equipment and are placed with union contractors for energy retrofit projects across Western Pennsylvania, aligning decarbonization goals with family-sustaining careers through paid on-the-job training.",Joint Environmental‑Job Transition Projects,Cultural Disconnection Between Progressive Messaging and Working-Class Identity,Energy Innovation Center Institute,"1435 Bedford Avenue, Pittsburgh, PA 15219",https://www.eicpittsburgh.org,info@eicpittsburgh.org,
Energy Innovation Center Workforce & Union Training Collaboratives,"The Energy Innovation Center serves as a hub where unions, employers, and community partners co-locate training labs, develop curricula, and run hiring events tied to building operations, energy, and construction careers. By hosting regular forums and collaborative training initiatives with trade unions and regional companies, the EIC helps align skills to employer demand and connects community-based participants to apprenticeships and unionized job opportunities.",Union–Community Partnerships,Cultural Disconnection Between Progressive Messaging and Working-Class Identity,Energy Innovation Center,"1435 Bedford Avenue, Pittsburgh, PA 15219",https://www.eicpittsburgh.org,,
Energy Innovation Center Workforce Development,"The Energy Innovation Center functions as a shared training hub where trade unions, community colleges, and environmental organizations co-design and deliver curricula in advanced manufacturing, building retrofits, HVAC, and energy systems. Programs hosted at the center engage unions such as IBEW Local 5, Steamfitters Local 449, and Operating Engineers Local 66 alongside partners like CCAC and Green Building Alliance to align skills with high-performance, green building standards. Community m...",Shared Workforce Training Hubs,Absence of Labor-Community Coalitions,Pittsburgh Gateways Corporation,"1435 Bedford Avenue, Pittsburgh, PA 15219",https://www.eicpittsburgh.org,info@eicpittsburgh.org,
Energy Innovation Center Workforce Development and Education,"The Energy Innovation Center partners with construction trade unions and employers to deliver pre-apprenticeship and apprenticeship-aligned training in high‑performance building operations, energy efficiency retrofits, solar/EV infrastructure, and green construction. Trainees move directly onto paid, union projects modernizing schools, hospitals, and public buildings, aligning environmental upgrades with secure employment and on‑the‑job training pathways.",Joint Environmental‑Job Transition Projects,Cultural Disconnection Between Progressive Messaging and Working-Class Identity,Pittsburgh Gateways Corporation (Energy Innovation Center),"1435 Bedford Avenue, Pittsburgh, PA 15219",https://www.eicpittsburgh.org,info@eicpittsburgh.org,
Energy Innovation Center Workforce Development and Industry Partnerships,"The Energy Innovation Center trains local residents for high-demand energy, building performance, and construction careers in collaboration with building trades unions and employers, emphasizing family-sustaining union jobs and clean energy skills. The Center also incubates small businesses and supports MWDBE contractors, connecting them to green building projects that advance neighborhood environmental performance. Community partners and residents help shape program offerings and outreach, f...",Place‑Based Economic Renewal Plans,Absence of Labor-Community Coalitions,Energy Innovation Center Institute (operated by Pittsburgh Gateways Corporation),"1435 Bedford Avenue, Pittsburgh, PA 15219",https://www.eicpittsburgh.org,info@eicpittsburgh.org,
Energy Innovation Center Workforce Development and Training,"The Energy Innovation Center operates a shared training hub where labor unions, community colleges, and environmental organizations co-locate labs and co-develop curricula for building performance, energy-efficiency retrofits, and clean energy careers. Programs hosted at the EIC include union apprenticeship classrooms and certifications delivered alongside community college partners and sustainability groups, aligning legacy trades skills with emerging green-sector needs. Community residents ...",Shared Workforce Training Hubs,Absence of Labor-Community Coalitions,Pittsburgh Gateways Corporation / Energy Innovation Center,"1435 Bedford Avenue, Pittsburgh, PA 15219",https://www.energyinnovationcenter.com,,
Energy Innovation Center Workforce Development and Training Programs,"The Energy Innovation Center is a locally governed workforce training hub that hosts union apprenticeship classrooms, community college partners, and nonprofit organizations focused on energy efficiency, building performance, and clean‑energy construction. It brings together building trades unions, community colleges, and environmental/community partners to co-develop and deliver curricula on retrofits, HVAC controls, and building systems. Journeyworkers and neighborhood residents often serve...",Shared Workforce Training Hubs,Absence of Labor-Community Coalitions,Energy Innovation Center Institute,"1435 Bedford Avenue, Pittsburgh, PA 15219",https://www.eicpittsburgh.org,,
Erie County Candidate Forums and Debates,"The Jefferson Educational Society hosts nonpartisan public forums and debates for local and county races in partnership with community groups, sourcing questions from workers and residents on jobs, economic development, and neighborhood well-being. Candidates are pressed for specific, trackable commitments; sessions are recorded and broadcast in collaboration with local media and distributed online to ensure wide access and ongoing accountability.",Local candidate forums and accountability sessions,Communication Gaps Between Top Union Officials and Rank-and-File Members,Jefferson Educational Society,"3207 State Street, Erie, PA 16508",https://www.jeserie.org,info@jeserie.org,
Erie County Data Center,"The Erie County Data Center provides a public GIS hub with dashboards and story maps on broadband coverage, transportation, infrastructure, land use, demographics, and economic conditions across Erie County’s municipalities. It centralizes local datasets and visualizes them at the neighborhood and community scale, making needs and opportunities legible to non-technical audiences. Campaigns, reporters, and advocacy groups use the site to ground proposals and reporting in up-to-date local evide...",Collaborative Data and Needs Dashboard,Campaign Visits Concentrated in Urban Pittsburgh Rather Than Industrial Communities,Erie County Department of Planning and Community Development,"150 East Front Street, Suite 300, Erie, PA 16507",https://eriecountypa.gov/departments/planning-and-community-development/data-center/,planning@eriecountypa.gov,
Erie Food Co-op,"Erie Food Co-op is a member-owned cooperative grocery that uses member equity and community support to acquire and maintain its storefronts, ensuring local, democratic control. The stores function as everyday gathering places with bulletin boards, classes, and events that strengthen neighborhood ties throughout the year. This cooperative model keeps ownership and decision-making in the hands of residents rather than outside operatives.",Community-Owned Small Spaces,Absence of Year-Round Democratic Party Presence and Organizing,Erie Food Co-op,"1341 West 26th Street, Erie, PA 16508",https://www.eriefc.coop,info@eriefc.coop,
Erie Reader,"Erie Reader is an independent alt-weekly that publishes in-depth features, newsletters, and podcasts highlighting local leaders, worker perspectives, neighborhood revitalization, and cross-sector collaborations in Northwestern Pennsylvania. Its solutions-focused reporting elevates community problem-solving—from cooperative and small business development to civic partnerships and inclusive cultural institutions, including faith-based efforts. This community media approach strengthens civic ide...",Local Storytelling Media Hub,No Locally Attuned Progressive Leaders from Working-Class Communities,Erie Reader,"1001 State Street, Suite 107, Erie, PA 16501",https://www.eriereader.com,contact@eriereader.com,
Events & Candidate Forums Calendar,"The League of Women Voters of Greater Pittsburgh maintains a public events calendar and VOTE411 listings that aggregate candidate forums, debates, and voter information sessions across Allegheny County and nearby communities. By posting dates, locations, and links for nonpartisan forums and listening sessions, it enables residents and media to see when and where candidates and elected officials are engaging locally, including in suburban and ex‑industrial river towns outside Pittsburgh. This ...",Civic Calendar and Visit Tracker,Campaign Visits Concentrated in Urban Pittsburgh Rather Than Industrial Communities,League of Women Voters of Greater Pittsburgh,"436 7th Avenue, Suite 350, Pittsburgh, PA 15219",https://www.lwvpgh.org,info@lwvpgh.org,
Fab Lab on the Road (Mobile Fab Lab),"Carnegie Science Center’s mobile Fab Lab brings CNC machining, laser cutting, electronics, and digital fabrication equipment to schools and community venues across Western Pennsylvania. Through traveling workshops and pop-up labs, students and adult learners get hands-on experience with machining processes and electrical circuits that connect directly to advanced manufacturing and skilled trades pathways.",Mobile Trade Training Units,Cultural Disconnection Between Progressive Messaging and Working-Class Identity,Carnegie Science Center – Fab Lab,"1 Allegheny Avenue, Pittsburgh, PA 15212",https://www.carnegiesciencecenter.org/educators/fab-lab/,fablab@carnegiesciencecenter.org,
Facade Improvement Program,"Lawrenceville Corporation’s Facade Improvement Program offers matching grants and design guidance to property owners and small businesses to restore and paint storefronts and building facades, often coordinated with volunteer-led block beautification efforts. The visible improvements catalyze continued investment and increase foot traffic, while the collaborative process builds relationships among residents, merchants, and community partners.",Neighborhood Improvement Projects,Absence of Year-Round Democratic Party Presence and Organizing,Lawrenceville Corporation,"100 43rd Street, Pittsburgh, PA 15201",https://www.lawrencevillecorp.com/programs/facade-improvement/,info@lawrencevillecorp.com,
Fair Housing & Know Your Rights Trainings,"The City of Pittsburgh’s Commission on Human Relations conducts free trainings for tenants, neighborhood groups, and service providers on fair housing laws, tenant rights, reasonable accommodations, and how to file complaints. These workshops are offered regularly in community settings across the city, helping renters build the knowledge and organizing capacity needed to navigate housing challenges and advocate effectively for themselves and their neighbors.",Community Skill-Building Workshops,Absence of Year-Round Democratic Party Presence and Organizing,City of Pittsburgh Commission on Human Relations,"414 Grant Street, Pittsburgh, PA 15219",https://www.pittsburghpa.gov/chr/,chr@pittsburghpa.gov,
Farm to School and Local Food Purchasing,"Pittsburgh Public Schools intentionally sources a portion of cafeteria food from Pennsylvania farms and regional processors, integrating local sourcing criteria into bids and vendor agreements. This institutional purchasing strategy channels school district dollars to nearby producers and food manufacturers, building predictable demand for local businesses while improving meal quality for students.",Local Procurement and Buy-Local Policies,Cultural Disconnection Between Progressive Messaging and Working-Class Identity,"Pittsburgh Public Schools, Food & Nutrition Services","341 South Bellefield Avenue, Pittsburgh, PA 15213",https://www.pghschools.org/foodandnutrition,,
Farm to School and Local Sourcing (Food & Nutrition Services),"Pittsburgh Public Schools increases purchasing of foods from Western Pennsylvania farms and processors through its Farm to School and local sourcing efforts. By shifting cafeteria procurement toward nearby producers and distributors, the district creates steady institutional demand that supports regional agriculture and food manufacturing jobs.",Local Procurement and Buy-Local Policies,Cultural Disconnection Between Progressive Messaging and Working-Class Identity,Pittsburgh Public Schools – Food & Nutrition Services,"341 South Bellefield Avenue, Pittsburgh, PA 15213",https://www.pghschools.org/foodservice,,
Festival of Combustion,"An annual industrial arts festival held at the historic Carrie Blast Furnaces that features blacksmithing, welding, metal casting, glassblowing, and other hands-on demonstrations by skilled tradespeople. By celebrating the region’s steelmaking legacy and inviting families to try manual skills, the event honors industrial work and rebuilds civic pride and identity around labor.",Industrial Heritage and Labor Cultural Events,Cultural Disconnection Between Progressive Messaging and Working-Class Identity,Rivers of Steel Heritage Corporation,"623 E 8th Avenue, Homestead, PA 15120",https://riversofsteel.com,info@riversofsteel.com,
Financial Opportunity Center (Workforce Development),"Mon Valley Initiative’s FOC hosts recurring job-readiness workshops—resume building, interview practice, networking, and workplace skills—alongside financial coaching and homebuyer/tenant education. Group sessions foster peer support while building concrete skills, helping residents in deindustrialized river towns strengthen employability and step into leadership roles within their communities.",Community Skill-Building Workshops,Absence of Year-Round Democratic Party Presence and Organizing,Mon Valley Initiative,"305 East 8th Avenue, Homestead, PA 15120",https://monvalleyinitiative.com/programs/workforce-development/,info@monvalleyinitiative.com,
First Fridays at The Westmoreland,"A monthly evening program with live music, art activities, and community-focused programming at the museum. These regular after-hours gatherings invite residents from across Westmoreland County and the broader region to connect informally around the arts, nurturing trust and a sense of local identity.",Arts & Culture Nights,Absence of Year-Round Democratic Party Presence and Organizing,The Westmoreland Museum of American Art,"221 North Main Street, Greensburg, PA 15601",https://thewestmoreland.org,info@thewestmoreland.org,
First Fridays at the Frick,"First Fridays are outdoor evening concerts and cultural gatherings on the Frick lawn featuring local bands, food vendors, and museum access. The events are family-friendly and low-cost, drawing residents from diverse East End neighborhoods to relax together in an informal setting. Regular summertime programming creates predictable opportunities for connection and community-building through shared arts experiences.",Arts & Culture Nights,Absence of Year-Round Democratic Party Presence and Organizing,The Frick Pittsburgh,"7227 Reynolds Street, Pittsburgh, PA 15208",https://www.thefrickpittsburgh.org,info@thefrickpittsburgh.org,
Food Rescue Heroes,"412 Food Rescue organizes a volunteer-driven mutual aid network that redistributes surplus food from retailers and farms to households and community sites across Western Pennsylvania via its Food Rescue Hero app. Volunteers provide the rides that move rescued food—often directly to people with mobility or transportation barriers—and the organization mobilizes emergency distributions during crises. This ongoing, neighbor-to-neighbor effort builds reciprocal relationships while meeting immediat...",Mutual Aid Networks,Absence of Year-Round Democratic Party Presence and Organizing,412 Food Rescue,"6140 Station Street, Pittsburgh, PA 15206",https://412foodrescue.org,info@412foodrescue.org,
Food Rescue Heroes Volunteer Network,"412 Food Rescue’s volunteer network coordinates thousands of neighbors to transport surplus food to community sites, union halls, and directly to households of workers experiencing hardship from layoffs, strikes, or organizing drives. Working with labor and community partners, the program provides no-cost groceries so families can reallocate limited resources toward childcare, transportation, and other essentials. Volunteers receive training via the Food Rescue Heroes platform and in-person s...",Neighborhood Mutual Aid + Worker Support Networks,Absence of Labor-Community Coalitions,412 Food Rescue,"1 S 27th Street, Suite 300, Pittsburgh, PA 15203",https://412foodrescue.org,info@412foodrescue.org,
Free Store 15104,"Free Store 15104 is a volunteer-run community hub in Braddock that operates year-round to distribute free household goods and clothing while providing a consistent neighborhood gathering point. Rotating volunteer shifts staff open hours, maintain a community bulletin board, and help neighbors connect to local services and signup opportunities. The store leverages donations and partnerships with local businesses and nonprofits to keep costs low, functioning as a low-barrier, physical space for...",Mutual Aid Networks,Absence of Year-Round Democratic Party Presence and Organizing,For Good PGH,"420 Braddock Avenue, Braddock, PA 15104",https://www.freestore15104.org,info@freestore15104.org,
Free Store 15104,"A volunteer-powered mutual aid hub where neighbors donate and pick up clothing, baby goods, household items, and emergency supplies at no cost. The store operates year-round, coordinating community drives and rapid response distributions so residents can both give and receive support, building reciprocal relationships and a regular gathering point for ongoing civic organizing.",Mutual Aid Networks,Absence of Year-Round Democratic Party Presence and Organizing,For Good PGH,"420 Braddock Avenue, Braddock, PA 15104",https://forgoodpgh.org,info@forgoodpgh.org,
Free Store 15104,"Free Store 15104 is a volunteer-run storefront hub where neighbors gather, share essential goods at no cost, and access community notices and sign-ups for local services throughout the year. It keeps overhead low through rotating volunteer shifts and partnerships with area retailers and donors, while functioning as a welcoming, physical touchpoint for relationship-building in Braddock.",Mutual Aid Networks,Absence of Year-Round Democratic Party Presence and Organizing,For Good PGH,"420 Braddock Avenue, Braddock, PA 15104",https://freestore15104.org,freestore15104@gmail.com,
Free Store 15104,"Free Store 15104 is a volunteer-run storefront hub where neighbors gather, share essential goods at no cost, and access community notices and sign-ups for local services throughout the year. It keeps overhead low through rotating volunteer shifts and partnerships with area retailers and donors, while functioning as a welcoming, physical touchpoint for relationship-building in Braddock.",Neighborhood Community Hubs (Volunteer-Run),Absence of Year-Round Democratic Party Presence and Organizing,For Good PGH,"420 Braddock Avenue, Braddock, PA 15104",https://freestore15104.org,freestore15104@gmail.com,
Free Store 15104,"Free Store 15104 is a volunteer-run community hub in Braddock that operates year-round to distribute free household goods and clothing while providing a consistent neighborhood gathering point. Rotating volunteer shifts staff open hours, maintain a community bulletin board, and help neighbors connect to local services and signup opportunities. The store leverages donations and partnerships with local businesses and nonprofits to keep costs low, functioning as a low-barrier, physical space for...",Neighborhood Community Hubs (Volunteer-Run),Absence of Year-Round Democratic Party Presence and Organizing,For Good PGH,"420 Braddock Avenue, Braddock, PA 15104",https://www.freestore15104.org,info@freestore15104.org,
Free Store 15104,"Free Store 15104 operates a volunteer-run, small-footprint storefront in Braddock that is open year-round as a neighborhood touchpoint. Residents drop in to pick up free essentials, connect with neighbors, and find information about local resources and events via posted notices and staff guidance. The hub keeps costs low through donated goods, rotating volunteer shifts, and partnerships with local retailers and nonprofits, functioning as an ongoing gathering and information space.",Neighborhood Community Hubs (Volunteer-Run),Absence of Year-Round Democratic Party Presence and Organizing,Free Store 15104,"420 Braddock Avenue, Braddock, PA 15104",https://freestore15104.org,,
Free Tax Prep (VITA) and SNAP Enrollment Pop-Up Clinics,"Just Harvest operates rotating, site-based free tax preparation clinics during tax season at libraries, community centers, and partner nonprofits across Allegheny County, while also offering on-site SNAP/Medicaid enrollment help. These pop-up resource days are staffed by trained volunteers and partner organizations and are designed to connect residents into Just Harvest’s year-round benefits navigation, advocacy, and referral network.",Rotating Pop-Up Resource Clinics,Absence of Year-Round Democratic Party Presence and Organizing,Just Harvest,"16 Terminal Way, Pittsburgh, PA 15219",https://justharvest.org,info@justharvest.org,
Free Tax Preparation (VITA) Program,"Just Harvest operates free IRS-certified VITA tax-preparation sites and seasonal pop-up intake tables at rotating libraries, community centers, and municipal buildings across Allegheny County. These clinics are staffed by trained volunteers and partner organizations, and they also help residents enroll in public benefits like SNAP/WIC and the Health Insurance Marketplace. The recurring neighborhood-based pop-ups draw people into Just Harvest’s ongoing casework and referrals to local service n...",Rotating Pop-Up Resource Clinics,Absence of Year-Round Democratic Party Presence and Organizing,Just Harvest,"16 Terminal Way, Pittsburgh, PA 15219",https://justharvest.org,info@justharvest.org,
Future Road Builders,"Future Road Builders is an interactive, plain-language outreach program that introduces highway construction careers, apprenticeships, and union pathways using local job examples and worker testimonials. Developed for Western Pennsylvania audiences, it emphasizes earn-while-you-learn opportunities, safety, benefits, and long-term livelihoods instead of generic retraining messages. The program humanizes infrastructure work by centering real tradespeople and the dignity of building the region’s...","Plain‑Language, Respectful Local Messaging",Cultural Disconnection Between Progressive Messaging and Working-Class Identity,Constructors Association of Western Pennsylvania (CAWP),"800 Cranberry Woods Drive, Suite 110, Cranberry Township, PA 16066",https://www.futureroadbuilders.com,info@cawp.org,
GROW (Green Revitalization of Our Waterways) Program,"ALCOSAN’s GROW program funds and coordinates green infrastructure and stream restoration projects across Western Pennsylvania municipalities to reduce sewer overflows. The initiative regularly brings together municipal partners, community organizations, and union contractors to scope and deliver projects like rain gardens and permeable pavements, creating opportunities for apprenticeship and journeyman labor in the building trades. By aligning environmental restoration priorities with a union...",Environmental Justice + Labor Working Groups,Absence of Labor-Community Coalitions,Allegheny County Sanitary Authority (ALCOSAN),"3300 Preble Avenue, Pittsburgh, PA 15233",https://www.alcosan.org/what-we-do/clean-water-plan/grow,,
Gallery Crawl in the Cultural District,"The Pittsburgh Cultural Trust hosts recurring evening crawls where galleries, theaters, and public spaces across Downtown present free exhibitions, live music, dance, and performances. By activating multiple blocks with accessible arts programming and extended hours, the Crawl draws diverse residents into informal, shared spaces where they can meet, socialize, and build connections around local culture.",Arts & Culture Nights,Absence of Year-Round Democratic Party Presence and Organizing,Pittsburgh Cultural Trust,"803 Liberty Avenue, Pittsburgh, PA 15222",https://trustarts.org,info@trustarts.org,
Gallery Crawl in the Cultural District,"The Gallery Crawl is a free, multi-venue cultural festival that fills Downtown’s Cultural District with live music, public art, dance, food vendors, and open galleries several times per year. By turning blocks of the neighborhood into a festive, walkable commons, it creates a neutral, community-centered atmosphere where residents from across the region can gather and connect. The Crawl highlights local artists and cultural heritage while fostering belonging and trust in shared public spaces.",Arts & Culture Nights,Absence of Year-Round Democratic Party Presence and Organizing,Pittsburgh Cultural Trust,"803 Liberty Avenue, Pittsburgh, PA 15222",https://trustarts.org/crawl,info@trustarts.org,
Garfield Block Watch,"The Garfield Block Watch convenes resident leaders and street representatives to share information, organize block meetings and events, and coordinate with public safety and city services. By empowering block-level contacts who escalate concerns to the Bloomfield-Garfield Corporation and municipal partners, the program maintains a decentralized, continuous presence across the neighborhood.",Block Captain Network,Absence of Year-Round Democratic Party Presence and Organizing,Bloomfield-Garfield Corporation,"5149 Penn Avenue, Pittsburgh, PA 15224",https://bloomfield-garfield.org,info@bloomfield-garfield.org,
Gazette 2.0,"Gazette 2.0 is a community newspaper serving McKees Rocks, Stowe, and nearby Ohio River communities. It distributes a printed paper and maintains local beat coverage, letters to the editor, and community announcements that invite residents to submit news and feedback. By providing a consistent, hyperlocal print channel and public bulletin for neighborhoods that lost other outlets, it helps restore trusted local communication infrastructure.","Restore local communications: newsletters, phone trees, and text lists",Communication Gaps Between Top Union Officials and Rank-and-File Members,Gazette 2.0,"706 Broadway Avenue, McKees Rocks, PA 15136",https://www.gazette20.com,news@gazette20.com,
"Good Morning, Strip!","A standing, monthly coffee-hour meet-up that moves from one Strip District business to another, Good Morning, Strip! brings residents, merchants, and local officials together for conversation and neighborhood updates. The rotating host businesses act as pop-up community spaces, making the gatherings accessible to different parts of the neighborhood. This consistent, low-barrier model strengthens relationships and keeps momentum year-round, not just during campaign seasons.",Pop-up Community Evenings,Absence of Year-Round Democratic Party Presence and Organizing,Strip District Neighbors,"2835 Smallman Street, Pittsburgh, PA 15222",https://stripdistrictneighbors.org,info@stripdistrictneighbors.org,
Goodwill SWPA Reentry Services,"Goodwill of Southwestern Pennsylvania provides reentry-focused employment services that combine job readiness, industry training, and direct employer engagement to create second-chance hiring pathways. Working with community treatment and social service partners, Goodwill offers supportive case management and retention services that help individuals in recovery or returning from incarceration succeed at work.",Employer Return-to-Work Programs for Recovery and Reentry,Cultural Disconnection Between Progressive Messaging and Working-Class Identity,Goodwill of Southwestern Pennsylvania,"118 52nd Street, Pittsburgh, PA 15201",https://www.goodwillswpa.org,info@goodwillswpa.org,
Goodwill SWPA Workforce Development & Career Services,"Goodwill of Southwestern Pennsylvania operates workforce centers where career navigators provide individualized coaching, training referrals, and direct employer connections in fields with demonstrated local demand. Staff use labor-market data to guide participants into high-demand career pathways and host hiring events that reflect real-time needs of Western Pennsylvania employers.",Local Workforce Data Dashboards and Career Navigators,Cultural Disconnection Between Progressive Messaging and Working-Class Identity,Goodwill of Southwestern Pennsylvania,"118 52nd Street, Pittsburgh, PA 15201",https://www.goodwillswpa.org,info@goodwillswpa.org,
Government Affairs & Candidate Forums,"The Chamber convenes government affairs events and candidate forums in Charleroi, Monongahela, Monessen, and neighboring Mon Valley towns, coordinating logistics, venues, and local hosts. They also arrange plant and main‑street tours that introduce visitors and candidates to current employers, redevelopment sites, and neighborhood leaders. By acting as a welcome committee for campaign and policy visits, they ensure small‑town stops are included and that working‑class communities are heard.",Regional Coalition to Request Official Visits,Campaign Visits Concentrated in Urban Pittsburgh Rather Than Industrial Communities,Mon Valley Regional Chamber of Commerce,"1 Chamber Plaza, Charleroi, PA 15022",https://www.mvrchamber.org,info@mvrchamber.org,
Government Affairs & Candidate Forums,"The Chamber convenes government affairs events and candidate forums in Charleroi, Monongahela, Monessen, and neighboring Mon Valley towns, coordinating logistics, venues, and local hosts. They also arrange plant and main‑street tours that introduce visitors and candidates to current employers, redevelopment sites, and neighborhood leaders. By acting as a welcome committee for campaign and policy visits, they ensure small‑town stops are included and that working‑class communities are heard.",Local Welcome Committee,Campaign Visits Concentrated in Urban Pittsburgh Rather Than Industrial Communities,Mon Valley Regional Chamber of Commerce,"1 Chamber Plaza, Charleroi, PA 15022",https://www.mvrchamber.org,info@mvrchamber.org,
Government Affairs & Public Policy,"The Chamber’s Government Affairs & Public Policy program hosts candidate forums, legislative breakfasts, and listening events across Westmoreland County in partnership with local business owners and community venues. Residents and small employers question candidates and elected officials about workforce, infrastructure, and Main Street concerns, shaping both advocacy and local agendas. Using chambers and member businesses as the convening institutions directly implements the solution of small...",Listening Sessions with Key Community Institutions,Campaign Visits Concentrated in Urban Pittsburgh Rather Than Industrial Communities,Westmoreland County Chamber of Commerce,"241 Tollgate Hill Road, Greensburg, PA 15601",https://www.westmorelandchamber.com,info@westmorelandchamber.com,
Government Affairs Candidate Forums,"The Washington County Chamber of Commerce organizes open, issues-focused candidate forums for local and state races and rotates the venue among host communities across Washington County. This approach brings candidates to a series of towns—including former mill communities—so residents outside the Pittsburgh core can ask questions and be heard in their own neighborhoods.",Local Debate Circuit,Campaign Visits Concentrated in Urban Pittsburgh Rather Than Industrial Communities,Washington County Chamber of Commerce,"375 Southpointe Boulevard, Suite 240, Canonsburg, PA 15317",https://www.washcochamber.com,info@washcochamber.com,
Government Affairs Committee,"The Washington County Chamber’s Government Affairs Committee facilitates nonpartisan candidate visits and public forums throughout the county’s small cities and boroughs, not just the metro fringe. It builds visit itineraries, arranges plant and downtown tours, and lines up speaking opportunities with civic clubs and neighborhood groups—functioning as a coordinated welcome committee that spotlights the needs and strengths of deindustrialized communities.",Local Welcome Committee,Campaign Visits Concentrated in Urban Pittsburgh Rather Than Industrial Communities,Washington County Chamber of Commerce,"375 Southpointe Boulevard, Suite 240, Canonsburg, PA 15317",https://www.washcochamber.com,info@washcochamber.com,
Government Affairs Committee,"The Indiana County Chamber’s Government Affairs Committee hosts nonpartisan candidate forums, organizes site visits, and schedules community roundtables across boroughs and townships outside major urban centers. Acting as a local welcome hub, it coordinates tours of industrial parks, main streets, and community institutions, ensuring candidates and elected officials meet residents where they live and work in smaller Western Pennsylvania communities.",Local Welcome Committee,Campaign Visits Concentrated in Urban Pittsburgh Rather Than Industrial Communities,Indiana County Chamber of Commerce,"1019 Philadelphia Street, Indiana, PA 15701",https://www.indianacountychamber.com,info@indianacountychamber.com,
Government Affairs Program,"The Manufacturers & Business Association’s Government Affairs program connects policymakers and candidates with manufacturers through plant tours, on-site roundtables, and candidate forums hosted at member facilities. By staging events on factory floors and in warehouses throughout Northwestern and Western Pennsylvania, the program brings civic engagement directly to job sites and shop floors.",Civic Engagement at Job Sites,Cultural Disconnection Between Progressive Messaging and Working-Class Identity,Manufacturers & Business Association,"2171 West 38th Street, Erie, PA 16508",https://www.mbausa.org,info@mbausa.org,
Greater Hazelwood Community Collaborative – Community Benefits Campaign,"Anchored by Hazelwood Initiative, the Collaborative organizes residents, faith leaders, labor allies, and environmental justice groups to negotiate community benefits for Hazelwood Green and related developments, prioritizing local hiring, apprenticeship pathways, anti-displacement funds, and pollution mitigation. The coalition runs public meetings, gathers community input and signatures, and engages developers and public authorities to codify commitments in binding agreements. It also monito...",Community Benefit Agreements for Redevelopment,Absence of Labor-Community Coalitions,"Hazelwood Initiative, Inc.","4901 Second Avenue, Pittsburgh, PA 15207",https://www.hazelwoodinitiative.org,info@hazelwoodinitiative.org,
Greater Hazelwood Community Land Trust,"The Greater Hazelwood Community Land Trust, supported by Hazelwood Initiative, stewards land for permanently affordable housing and community‑serving commercial spaces along Second Avenue and surrounding blocks. By assembling and holding key sites under community ownership, the initiative can keep storefront rents affordable for local and cooperative enterprises and use community committees to guide tenant selection that favors living‑wage job creators and shared ownership models. Faith congr...",Community Land Trusts + Worker Co‑ops,Absence of Labor-Community Coalitions,"Hazelwood Initiative, Inc.","4901 Second Avenue, Pittsburgh, PA 15207",https://www.hazelwoodinitiative.org,info@hazelwoodinitiative.org,
Greater Hazelwood Community Meetings & Night Markets,"Hazelwood Initiative hosts recurring neighborhood meetings and seasonal evening markets and gatherings along Second Avenue that bring residents together around food, music, and storytelling. These informal, community-centered events rebuild social ties and create organic spaces for civic discussion—allowing neighbors to share concerns, connect with local organizations and leaders, and engage in nonpartisan conversations that can include introductions to candidates during election periods.",Neighborhood peer salons and social events,Communication Gaps Between Top Union Officials and Rank-and-File Members,"Hazelwood Initiative, Inc.","4901 Second Avenue, Pittsburgh, PA 15207",https://www.hazelwoodinitiative.org,info@hazelwoodinitiative.org,
Greater Hazelwood Neighborhood Plan Implementation,"Hazelwood Initiative leads resident-driven implementation of the City-adopted Greater Hazelwood Neighborhood Plan, coordinating partners across sectors to guide redevelopment of the Hazelwood Green brownfield and the Second Avenue business corridor. The initiative blends anti-displacement housing strategies, small business support, cultural heritage programming, and green infrastructure to improve environmental health and economic opportunity. Working with workforce agencies and building trad...",Place‑Based Economic Renewal Plans,Absence of Labor-Community Coalitions,"Hazelwood Initiative, Inc.","4901 Second Avenue, Pittsburgh, PA 15207",https://www.hazelwoodinitiative.org,info@hazelwoodinitiative.org,
Greater Hazelwood Neighborhood Plan – Community Action Teams,"Hazelwood Initiative convenes short-term Community Action Teams that bring residents, workers, and small-business owners together to co-design solutions on jobs pipelines, main-street business supports, affordable housing, and mobility. The teams translate these collaborative sessions into concrete policy and project proposals that are presented to City of Pittsburgh departments, the Urban Redevelopment Authority, and other public partners for implementation. This ongoing, resident-driven pro...",Community Policy Labs,No Locally Attuned Progressive Leaders from Working-Class Communities,"Hazelwood Initiative, Inc.","4901 Second Avenue, Pittsburgh, PA 15207",https://www.hazelwoodinitiative.org,info@hazelwoodinitiative.org,
Greater Hazelwood Neighborhood Plan – Implementation,"This resident-led plan coordinates the transformation of the former LTV Steel brownfield at Hazelwood Green and the Second Avenue business district with priorities set by neighborhood stakeholders. Hazelwood Initiative convenes unions, workforce partners, and NGOs to connect residents to union apprenticeships for ongoing construction and green-infrastructure work at Mill 19 and across the neighborhood, while supporting small businesses, cultural institutions, and anti-displacement strategies....",Place‑Based Economic Renewal Plans,Absence of Labor-Community Coalitions,"Hazelwood Initiative, Inc.","4901 Second Avenue, Pittsburgh, PA 15207",https://www.hazelwoodinitiative.org,info@hazelwoodinitiative.org,
Greater Hill District Development Review Panel (DRP),"The DRP implements the community-authored Greater Hill District Master Plan by ensuring proposed developments advance resident priorities for cultural heritage, small business opportunities, environmental health, and equitable economic growth. Through a public review process, residents co-create community benefits and implementation commitments, including local hiring, M/WBE participation, and neighborhood-serving uses. The Hill CDC coordinates with labor, training providers, and NGOs so that...",Place‑Based Economic Renewal Plans,Absence of Labor-Community Coalitions,Hill Community Development Corporation,"2015-2017 Centre Avenue, Pittsburgh, PA 15219",https://www.hilldistrict.org,info@hilldistrict.org,
Greater Pittsburgh Digital Inclusion Alliance (GPDIA),"GPDIA is a regional coalition that convenes ongoing working groups of residents, community organizations, libraries, and other partners to close broadband gaps across Western Pennsylvania. Members map connectivity barriers, co-create solutions such as community Wi‑Fi networks, device distribution, and digital skills training, and advocate for public investment and policy changes. The alliance meets regularly throughout the year, sustaining engagement and coordinated action on a persistent loc...",Local Issue Working Groups,Absence of Year-Round Democratic Party Presence and Organizing,Neighborhood Allies (convener),"5149 Penn Avenue, Pittsburgh, PA 15224",https://neighborhoodallies.org,info@neighborhoodallies.org,
Green Playces,"Green Playces partners with residents to transform vacant lots into community-designed green spaces, gardens, and mini-parks that are built and stewarded by neighbors. Through design workshops, community build days, and maintenance support, the program coordinates resident-led physical improvements that visibly enhance blocks and create ongoing opportunities for people to gather and connect.",Neighborhood Improvement Projects,Absence of Year-Round Democratic Party Presence and Organizing,Grounded Strategies,"6587 Hamilton Avenue, Pittsburgh, PA 15206",https://groundedpgh.org/green-playces,info@groundedpgh.org,
Green Revitalization of Our Waterways (GROW) Program,"ALCOSAN’s GROW program funds and coordinates green stormwater infrastructure and sewer rehabilitation projects that reduce combined sewer overflows while creating local construction jobs. Projects are typically built by union contractors under prevailing wage, providing on-the-job experience for laborers and operating engineers installing rain gardens, permeable pavements, and other green infrastructure across Allegheny County.",Joint Environmental‑Job Transition Projects,Cultural Disconnection Between Progressive Messaging and Working-Class Identity,Allegheny County Sanitary Authority (ALCOSAN),"3300 Preble Avenue, Pittsburgh, PA 15233",https://www.alcosan.org/what-we-do/programs/grow,grow@alcosan.org,
Greene County Chamber of Commerce,"Through its government affairs and events programming, the Chamber organizes nonpartisan candidate forums and legislative breakfasts across small towns in Greene County, giving candidates structured speaking slots in venues outside of Pittsburgh. The Chamber’s volunteer network facilitates plant and farm tours, site visits, and Main Street walkabouts, effectively operating as a local welcome committee that coordinates itineraries and ensures campaigns include rural and ex-industrial communities.",Local Welcome Committee,Campaign Visits Concentrated in Urban Pittsburgh Rather Than Industrial Communities,Greene County Chamber of Commerce,"315 S Washington Street, Waynesburg, PA 15370",https://www.greenechamber.org,info@greenechamber.org,
Grounded Ambassador Program,"Grounded Strategies’ Ambassador Program equips neighborhood residents with community organizing, listening, project planning, and meeting facilitation skills to address vacant land and environmental justice issues. Ambassadors use digital mapping/storytelling tools and are expected to mentor new volunteers and lead block-level trainings, creating a train-the-trainer pipeline that spreads practical skills across communities.",Train-the-trainer civic leadership academy,Communication Gaps Between Top Union Officials and Rank-and-File Members,Grounded Strategies,"6587 Hamilton Avenue, Pittsburgh, PA 15206",https://groundedpgh.org,info@groundedpgh.org,
Grounded Ambassadors Program,"Grounded trains and supports neighborhood Ambassadors to organize small working groups that tackle tangible issues such as vacant lot activation, park improvements, and community greening. Ambassadors use practical, short-term projects with visible results to recruit volunteers and rebuild local civic capacity, often serving as a springboard for new or revitalized block clubs and associations. The program supplies tools, mini-grants, and outreach support to sustain momentum.",Train-the-trainer civic leadership academy,Communication Gaps Between Top Union Officials and Rank-and-File Members,Grounded Strategies,"6587 Hamilton Avenue, Suite 2W, Pittsburgh, PA 15206",https://groundedpgh.org,info@groundedpgh.org,
Grounded Community Micro-Project Grants,"Grounded Strategies offers micro-grants and stipends to residents, ambassadors, and block groups to implement community-designed projects on vacant lots, including pop-up events, signage, outreach activities, and translation of materials. These flexible, quick-turn funds enable grassroots action and peer-to-peer engagement led by local members without dependence on large, centralized organizations.",Community micro-grants for grassroots organizing,Communication Gaps Between Top Union Officials and Rank-and-File Members,Grounded Strategies,"6587 Hamilton Avenue, Pittsburgh, PA 15206",https://groundedpgh.org,info@groundedpgh.org,
Group Against Smog and Pollution (GASP),"GASP is a Pittsburgh-based nonprofit that uses legal advocacy to hold polluters and regulators accountable in Allegheny County and surrounding Western Pennsylvania communities. Its attorneys and legal staff monitor enforcement actions, file administrative appeals (including before the Environmental Hearing Board), and assist residents with documenting violations, submitting complaints, and pursuing remedies for health and property harms stemming from industrial pollution.",Joint Public Education and Storytelling Campaigns,Absence of Labor-Community Coalitions,Group Against Smog and Pollution,"1133 South Braddock Avenue, Suite 1A, Pittsburgh, PA 15218",https://gasp-pgh.org,info@gasp-pgh.org,
Group Tour & Itinerary Planning,"Visit Lawrence County provides no‑cost itinerary planning, venue referrals, and local guide connections for groups, officials, and campaigns visiting New Castle, Ellwood City, and other mill towns. They routinely organize small‑town tours and can schedule speaking opportunities with partners like historical societies and chambers, functioning as a nonpartisan welcome committee. This helps candidates and civic leaders include deindustrialized communities in their travel plans and engage reside...",Local Welcome Committee,Campaign Visits Concentrated in Urban Pittsburgh Rather Than Industrial Communities,Visit Lawrence County,"229 S Jefferson Street, New Castle, PA 16101",https://www.visitlawrencecounty.com,info@visitlawrencecounty.com,
HackPGH (Pittsburgh’s Makerspace),"HackPGH operates a shared workshop with tools for woodworking, metalworking, electronics, 3D printing, and fabrication, giving makers and micro-manufacturers affordable access to production resources. The space provides classes, mentorship from experienced members, and open build nights that incubate product ideas and small manufacturing ventures. Public demos and networking events help connect makers to local buyers, collaborators, and manufacturers.",Small Business and Maker Hubs,Cultural Disconnection Between Progressive Messaging and Working-Class Identity,HackPGH,"1936 Fifth Avenue, Pittsburgh, PA 15219",https://www.hackpgh.org,info@hackpgh.org,
Hazelwood Initiative,"Hazelwood Initiative supports resident-led committees and neighborhood planning working groups that tackle housing stability, community safety, and economic opportunity in Greater Hazelwood. Through recurring “HI Community” meetings and task teams tied to the neighborhood plan, residents set priorities and coordinate actions such as anti-displacement advocacy, home repair events, and park/streetscape improvements. This committee structure maintains an ongoing civic presence and channels local...",Neighborhood Civic Committees,Absence of Year-Round Democratic Party Presence and Organizing,"Hazelwood Initiative, Inc.","4901 Second Avenue, Pittsburgh, PA 15207",https://www.hazelwoodinitiative.org,info@hazelwoodinitiative.org,
Heat and Frost Insulators Local 2 JATC,"Insulators Local 2 trains workers to install and maintain mechanical insulation on piping, ducts, and equipment—one of the most cost‑effective energy efficiency measures in industrial and commercial facilities. Through a registered apprenticeship with paid on‑the‑job training on union projects, the program directly supports emissions reductions and lower energy costs while creating family‑sustaining careers in Western Pennsylvania.",Joint Environmental‑Job Transition Projects,Cultural Disconnection Between Progressive Messaging and Working-Class Identity,Heat and Frost Insulators and Allied Workers Local 2,"1180 Lebanon Road, West Mifflin, PA 15122",https://www.insulators2.org,,
Hello Neighbor: Global Gatherings,"Regular community potlucks and social evenings that bring together refugee and immigrant families with long-time Pittsburgh residents. Events are hosted at rotating partner sites—libraries, community centers, faith spaces, and local businesses—so gatherings are spread across neighborhoods and remain accessible. The rotating host model builds relationships and maintains year-round engagement beyond election seasons.",Pop-up Community Evenings,Absence of Year-Round Democratic Party Presence and Organizing,Hello Neighbor,"6425 Living Place, Suite 200, Pittsburgh, PA 15206",https://www.helloneighbor.io,info@helloneighbor.io,
Heritage Discovery Center (Iron & Steel Gallery),"Operated by the Johnstown Area Heritage Association, the Heritage Discovery Center features the Iron & Steel Gallery and related programs that interpret the region’s steel industry and immigrant labor history. Through exhibits, storytelling, and community festivals that center working-class experiences, the initiative honors industrial work and helps rebuild pride and belonging in a deindustrialized community.",Industrial Heritage and Labor Cultural Events,Cultural Disconnection Between Progressive Messaging and Working-Class Identity,Johnstown Area Heritage Association,"201 6th Avenue, Johnstown, PA 15906",https://www.jaha.org,info@jaha.org,
Heritage Discovery Center – Community Archives & Oral History,"JAHA’s Heritage Discovery Center maintains community archives and ongoing oral history projects capturing the lives of steelworkers, immigrants, and mill town families, complemented by photo and artifact collections and interpretive exhibits. These stories present Johnstown’s industrial identity in residents’ own words and can be used in communications to help audiences—and candidates—understand and connect with the region’s working-class communities.",Oral History and Heritage Projects,Campaign Visits Concentrated in Urban Pittsburgh Rather Than Industrial Communities,Johnstown Area Heritage Association,"201 6th Avenue, Johnstown, PA 15906",https://www.jaha.org,info@jaha.org,
Heritage Discovery Center: Iron & Steel Gallery,"A permanent museum exhibit that tells the story of Johnstown’s iron and steel industries through artifacts, oral histories, and interactive displays about workers, unions, and immigrant communities. The gallery and related public programs elevate the dignity of industrial labor and create a shared civic narrative rooted in the region’s working-class heritage.",Industrial Heritage and Labor Cultural Events,Cultural Disconnection Between Progressive Messaging and Working-Class Identity,Johnstown Area Heritage Association,"201 6th Avenue, Johnstown, PA 15906",https://www.jaha.org,info@jaha.org,
Hilltop Alliance Community Calendar & E-Alerts,"Hilltop Alliance curates an online calendar and publishes regular email updates that highlight neighborhood meetings, cleanups, resource fairs, and volunteer opportunities across the Hilltop communities (Allentown, Beltzhoover, Knoxville, and more). They complement digital outreach with printed flyers and storefront postings at their Warrington Avenue office and partner sites, and use Facebook pages/groups to keep residents connected in real time.",Shared Community Calendar & Messaging Groups,Absence of Year-Round Democratic Party Presence and Organizing,Hilltop Alliance,"831 East Warrington Avenue, Pittsburgh, PA 15210",https://pghhilltopalliance.org,info@pghhilltopalliance.org,
Hilltop Alliance Community Calendar & E-Newsletter,"Hilltop Alliance curates a community calendar and regular e-newsletters that promote meetings, cleanups, resource fairs, and volunteer opportunities across Allentown, Beltzhoover, Knoxville, and other Hilltop neighborhoods. Events are shared through the organization’s Facebook page and neighborhood groups, and printed flyers are posted at the Hilltop office and partner sites to keep offline neighbors in the loop. The mix of online and on-the-ground outreach ensures consistent visibility and e...",Shared Community Calendar & Messaging Groups,Absence of Year-Round Democratic Party Presence and Organizing,Hilltop Alliance,"831 East Warrington Avenue, Pittsburgh, PA 15210",https://www.pghhilltopalliance.org,info@pghhilltopalliance.org,
Hilltop Block Watches Network,"Hilltop Alliance convenes and supports resident-led block watches and neighborhood action teams across Allentown, Beltzhoover, Knoxville, and surrounding Hilltop neighborhoods. These groups meet monthly to identify priorities, coordinate community cleanups, safety walks, youth and resource fairs, and collaborate with city departments—maintaining a continuous organizing infrastructure rooted in day-to-day neighborhood concerns.",Neighborhood Civic Committees,Absence of Year-Round Democratic Party Presence and Organizing,Hilltop Alliance,"831 E Warrington Avenue, Pittsburgh, PA 15210",https://www.pghhilltopalliance.org,info@pghhilltopalliance.org,
Hilltop Resident Committees and Public Safety/Neighborhood Working Groups,"Hilltop Alliance convenes resident-led committees and recurring neighborhood working groups across Allentown, Beltzhoover, and other Hilltop communities that focus on housing, safety, and business district vitality. Through regular meetings and block-level organizing, the committees set priorities, coordinate cleanups and improvement projects, and maintain a steady, local organizing infrastructure year-round.",Neighborhood Civic Committees,Absence of Year-Round Democratic Party Presence and Organizing,Hilltop Alliance,"831 East Warrington Avenue, Pittsburgh, PA 15210",https://www.pghhilltopalliance.org,info@pghhilltopalliance.org,
Historic Pittsburgh (Oral Histories Collection),"Historic Pittsburgh is a collaborative digital initiative that aggregates oral histories, photographs, maps, and archival materials from institutions across Western Pennsylvania, including mill and river towns. Its oral history collections enable communicators and campaign staff to incorporate authentic worker voices and images directly into storytelling, offering a nuanced, place-based understanding of the region’s industrial heritage.",Oral History and Heritage Projects,Campaign Visits Concentrated in Urban Pittsburgh Rather Than Industrial Communities,Carnegie Library of Pittsburgh and University of Pittsburgh Library System,"4400 Forbes Avenue, Pittsburgh, PA 15213",https://historicpittsburgh.org,info@carnegielibrary.org,
Horticulture Technology Program,"Bidwell Training Center’s Horticulture Technology Program provides free, accredited training that prepares students for careers in sustainable landscaping, urban agriculture, and greenhouse operations. The program partners with environmental organizations and employers such as public gardens and conservation groups to deliver internships, industry mentorship, and site-based learning. By linking students from area schools to paid externships and jobs, it creates a direct pipeline into green ca...",School‑to‑Work Pathways with Cross‑Sector Mentors,Absence of Labor-Community Coalitions,Bidwell Training Center,"1815 Metropolitan Street, Pittsburgh, PA 15233",https://www.bidwelltraining.edu,admissions@bidwelltraining.edu,
Horticulture Technology Program,"Bidwell Training Center’s Horticulture Technology program prepares students for sustainable horticulture, urban agriculture, and greenhouse operations through hands‑on labs and employer‑driven curricula. The program partners with environmental institutions and regional employers (e.g., conservatories, botanical gardens, landscape firms) to provide mentoring, internships, and site visits—creating a green career pipeline that links training to jobs in Western Pennsylvania.",School‑to‑Work Pathways with Cross‑Sector Mentors,Absence of Labor-Community Coalitions,"Bidwell Training Center, Inc.","1815 Metropolitan Street, Pittsburgh, PA 15233",https://www.bidwelltraining.edu/programs/horticulture-technology/,info@bidwelltraining.edu,
Housing Opportunity Fund Advisory Board,"The URA’s Housing Opportunity Fund Advisory Board is made up of city residents, including renters and homeowners with lived experience of housing instability, who review the HOF Annual Allocation Plan, program guidelines, and performance reports. The board recommends funding priorities, evaluates outcomes, and monitors how partner vendors and program administrators perform, ensuring a resident-led oversight mechanism that keeps housing investments responsive to community needs.",Neighborhood Listening Sessions and Citizen Advisory Boards,Cultural Disconnection Between Progressive Messaging and Working-Class Identity,Urban Redevelopment Authority of Pittsburgh,"412 Boulevard of the Allies, Pittsburgh, PA 15219",https://www.ura.org/pages/housing-opportunity-fund,hof@ura.org,
Housing Opportunity Fund Advisory Board,"The HOF Advisory Board is a public, standing advisory group that includes community members with lived experience of housing instability, nonprofit practitioners, and neighborhood leaders. It reviews and recommends the HOF Allocation Plan, co-designs program guidelines for homeowner support, rental assistance, and anti-displacement initiatives, and publicly evaluates outcomes to hold the URA and partners accountable for equitable spending. Regular meetings and listening sessions invite workin...",Neighborhood Listening Sessions and Citizen Advisory Boards,Cultural Disconnection Between Progressive Messaging and Working-Class Identity,Urban Redevelopment Authority of Pittsburgh,"412 Boulevard of the Allies, Suite 901, Pittsburgh, PA 15219",https://www.ura.org/pages/housing-opportunity-fund-advisory-board,hof@ura.org,
How to Run for Local Office,"Penn State Extension’s nonpartisan workshops prepare Western Pennsylvania residents to run viable campaigns for municipal and school board offices. Sessions cover the nuts and bolts of filing and compliance alongside campaign planning, building volunteer operations, small-donor fundraising, and communicating with local media. Extension educators provide templates, checklists, and follow-up resources, and connect participants to county-level civic networks that can support grassroots campaign ...",Neighborhood Candidate Incubator,No Locally Attuned Progressive Leaders from Working-Class Communities,Penn State Extension – Westmoreland County,"214 Donohoe Road, Suite E, Greensburg, PA 15601",https://extension.psu.edu/how-to-run-for-local-office,westmorelandext@psu.edu,
Hunger Action Community Conversations and Candidate Engagement,"Greater Pittsburgh Community Food Bank convenes community conversations in Mon Valley and surrounding towns at pantries, churches, and schools to hear directly from working families about food access, wages, and transportation barriers. During advocacy campaigns and election seasons, the Food Bank and partners invite policymakers and candidates to attend these sessions or adjacent forums to listen and commit to solutions, elevating voices from deindustrialized communities beyond central Pitts...",Listening Sessions with Key Community Institutions,Campaign Visits Concentrated in Urban Pittsburgh Rather Than Industrial Communities,Greater Pittsburgh Community Food Bank,"1 North Linden Street, Duquesne, PA 15110",https://www.pittsburghfoodbank.org,info@pittsburghfoodbank.org,
IBEW Local 5 Apprenticeship & Community Outreach,"IBEW Local 5 promotes union electrical careers through simple, respectful messages like “Earn While You Learn” and member testimonials that spotlight the skilled trades. Their recruitment materials and events elevate workers’ voices and focus on career pride, safety, and family-supporting wages, offering a clear alternative to dismissive, college-only rhetoric.","Plain‑Language, Respectful Local Messaging",Cultural Disconnection Between Progressive Messaging and Working-Class Identity,International Brotherhood of Electrical Workers Local Union No. 5,"5 Hot Metal Street, Pittsburgh, PA 15203",https://ibew5.org,,
IBEW Local 5 COPE (Committee on Political Education),"IBEW Local 5’s COPE runs peer-led political education and endorsements, delivered where members work. Business agents and steward networks conduct brief on-site toolbox talks and gate/shift-change meetings at job sites across the region to explain endorsements, how Local 5 reached them, and how local permitting, utility regulation, and prevailing wage policies affect jobs; structured Q&A lets members question decisions and provide feedback to union leadership.",Workplace-based information sessions,Communication Gaps Between Top Union Officials and Rank-and-File Members,International Brotherhood of Electrical Workers Local Union No. 5,"5 Hot Metal Street, Suite 400, Pittsburgh, PA 15203",https://ibew5.org,,
IBEW Local 5 COPE (Committee on Political Education),"IBEW Local 5’s COPE runs peer-led political education and endorsements, delivered where members work. Business agents and steward networks conduct brief on-site toolbox talks and gate/shift-change meetings at job sites across the region to explain endorsements, how Local 5 reached them, and how local permitting, utility regulation, and prevailing wage policies affect jobs; structured Q&A lets members question decisions and provide feedback to union leadership.",Civic Engagement at Job Sites,Cultural Disconnection Between Progressive Messaging and Working-Class Identity,International Brotherhood of Electrical Workers Local Union No. 5,"5 Hot Metal Street, Suite 400, Pittsburgh, PA 15203",https://ibew5.org,,
IBEW Local 5 COPE (Committee on Political Education),"IBEW Local 5’s COPE organizes on‑site civic engagement for electrical workers across Western Pennsylvania. The committee hosts candidate nights at the union hall and coordinates jobsite walk‑throughs and tailgate‑style Q&As with candidates at major construction sites and service garages, along with voter registration and issue education during break times. These activities connect political actors directly with tradespeople at their workplaces and reflect the priorities of working‑class members.",Civic Engagement at Job Sites,Cultural Disconnection Between Progressive Messaging and Working-Class Identity,International Brotherhood of Electrical Workers Local 5,"5 Hot Metal Street, Pittsburgh, PA 15203",https://www.ibew5.org,,
IBEW Local 5 COPE Committee,"IBEW Local 5’s COPE (Committee on Political Education) brings together active electricians from jobsites across Allegheny and neighboring counties to conduct local candidate interviews, recommend endorsements, and put those endorsements to a vote of the membership. The committee crafts short, member-driven messages and jobsite-specific guidance (palm cards, steward briefings, and foreman announcements) that speak directly to local working conditions and community concerns.",Local endorsement councils made of members,Communication Gaps Between Top Union Officials and Rank-and-File Members,International Brotherhood of Electrical Workers Local 5,"5 Hot Metal Street, Suite 100, Pittsburgh, PA 15203",https://ibew5.org,,
IBEW Local 5 Joint Apprenticeship & Training Program,"IBEW Local 5’s JATC provides paid, multi-year union apprenticeship training that includes solar PV, EV charging infrastructure, and energy-efficient electrical systems. Apprentices gain on-the-job experience on regional clean-energy and retrofit projects under union contracts, turning energy upgrades into stable careers for Western Pennsylvania residents. The program ties environmental modernization of buildings and infrastructure directly to high-road, union employment.",Joint Environmental‑Job Transition Projects,Cultural Disconnection Between Progressive Messaging and Working-Class Identity,IBEW Local Union No. 5 Joint Apprenticeship & Training Committee,"5 Hot Metal Street, Pittsburgh, PA 15203",https://ibew5.org,,
IBEW Local 5 Joint Apprenticeship and Training Program (JATC) with Civic Engagement,"IBEW Local 5’s apprenticeship pairs trainees with journeyman electricians in the classroom and on job sites, creating continuous mentorship and transfer of craft knowledge and union culture. The local hosts COPE meetings, candidate nights, and member-to-member outreach in which apprentices participate alongside veteran members, learning civic engagement and organizing in real contexts. This cross-generational model strengthens the union hall’s role as a community hub linking work, mentorship,...",Youth-worker apprenticeship and civic engagement program,Communication Gaps Between Top Union Officials and Rank-and-File Members,International Brotherhood of Electrical Workers Local Union No. 5,"5 Hot Metal Street, Pittsburgh, PA 15203",https://www.ibew5.org,,
IBEW Local 5 Union Hall,"IBEW Local 5’s hall on Hot Metal Street serves as a community hub where members and neighbors gather for meetings, apprenticeship information sessions, safety trainings, and voter education or candidate nights coordinated with local labor councils. By opening their union hall to civic partners and campaigns, they provide a neutral, worker-centered space that reconnects rank-and-file electricians with one another and with public officials.",Repurpose union halls as community hubs,Communication Gaps Between Top Union Officials and Rank-and-File Members,International Brotherhood of Electrical Workers Local Union No. 5,"5 Hot Metal Street, Pittsburgh, PA 15203",https://ibew5.org,,
IBEW Local 5/NECA Joint Apprenticeship Training Program,"This joint union–employer apprenticeship operated by IBEW Local 5 and the Western Pennsylvania Chapter of NECA provides comprehensive classroom and on-the-job training with contractor mentors and journey-level instructors. The training center collaborates with community groups and workforce partners for outreach events, application workshops, and pre-apprenticeship bridges, ensuring a coordinated pipeline from neighborhoods into high-quality union electrician careers with participating employ...",Union–Community Partnerships,Cultural Disconnection Between Progressive Messaging and Working-Class Identity,"IBEW Local 5 and Western Pennsylvania Chapter, NECA Joint Apprenticeship and Training Committee","5 Hot Metal Street, Pittsburgh, PA 15203",https://www.ibew5.org,,
IU1 Mobile Fab Lab,"Intermediate Unit 1’s Mobile Fab Lab is a fully equipped digital fabrication lab on wheels that visits schools and communities across Washington, Fayette, and Greene counties. The lab provides hands-on training in fabrication technologies such as CNC routing, laser cutting, electronics, and CAD/CAM—introducing students to trade-related skills and pathways in advanced manufacturing without requiring a trip to a distant campus.",Mobile Trade Training Units,Cultural Disconnection Between Progressive Messaging and Working-Class Identity,Intermediate Unit 1,"1 Intermediate Unit Drive, Coal Center, PA 15423",https://www.iu1.org,info@iu1.org,
IU5 Mobile Fab Lab,"Northwest Tri-County Intermediate Unit 5 deploys a Mobile Fab Lab that brings fabrication and maker technologies directly to regional schools and community sites in Erie, Crawford, and Warren counties. The lab delivers pop-up workshops that expose participants to practical trade-adjacent skills such as digital design, machining processes via CNC and laser systems, and basic electronics, seeding interest in welding, machining, and related industrial careers.",Mobile Trade Training Units,Cultural Disconnection Between Progressive Messaging and Working-Class Identity,Northwest Tri-County Intermediate Unit 5,"252 Waterford Street, Edinboro, PA 16412",https://www.iu5.org,info@iu5.org,
IUE-CWA Local 506 COPE Endorsements,"IUE-CWA Local 506 in Erie operates a Committee on Political Education (COPE) in which union members and shop stewards vet local and state candidates on manufacturing jobs, trade policy, and collective bargaining rights. The local publicizes endorsements and organizes member turnout and volunteer efforts, functioning as a grassroots, worker-led endorsement circle in a key industrial community of Western Pennsylvania.",Local Candidate Endorsement Circle,No Locally Attuned Progressive Leaders from Working-Class Communities,IUE-CWA Local 506,"3923 Main Street, Erie, PA 16511",https://www.iue-cwa506.org,,
Industrial Manufacturing Technician (IMT) Apprenticeship,"Catalyst Connection partners with regional manufacturers to sponsor the IMT registered apprenticeship and related earn-and-learn pathways, aligning classroom instruction with paid, on-the-job training. Employers commit to hiring and advancing apprentices, and Catalyst Connection helps braid funding to reduce training costs, creating local, skills-based routes out of poverty.",Community Manufacturing Microgrant Fund,Cultural Disconnection Between Progressive Messaging and Working-Class Identity,Catalyst Connection,"4501 Lytle Street, Suite 200, Pittsburgh, PA 15207",https://www.catalystconnection.org,info@catalystconnection.org,
Industrial Manufacturing Technician (IMT) Registered Apprenticeship,"Catalyst Connection operates and supports registered apprenticeships like the IMT program, aligning training with employer demand and providing structured on-the-job learning plus classroom instruction. Working with manufacturers and training providers, it enables workers to earn while they learn and gain credentials that are portable across multiple firms. This coordinated model diversifies career options, reduces dependence on any one employer, and strengthens worker agency in the regional ...",Paid On-the-Job Retraining,Cultural Disconnection Between Progressive Messaging and Working-Class Identity,Catalyst Connection,"4501 Lytle Street, Suite 301, Pittsburgh, PA 15207",https://www.catalystconnection.org,info@catalystconnection.org,
Industry & Labor History Initiatives,"The Heinz History Center curates exhibitions and public programs that illuminate Pittsburgh’s industrial innovations and labor movements, including steel, glass, and electrical manufacturing. Through artifact-rich galleries, community partnerships, and oral history collections that document workers’ experiences, the Center honors manual skills and anchors civic identity in the region’s working-class heritage.",Industrial Heritage and Labor Cultural Events,Cultural Disconnection Between Progressive Messaging and Working-Class Identity,Senator John Heinz History Center,"1212 Smallman Street, Pittsburgh, PA 15222",https://www.heinzhistorycenter.org,info@heinzhistorycenter.org,
Industry 4.0 Mini-Grant Program,"Northwest Industrial Resource Center (NWIRC) offers small matching grants to manufacturers in Northwest Pennsylvania to adopt Industry 4.0 technologies, upgrade equipment, improve safety, and train workers. By offsetting costs for tooling, automation, cybersecurity, and related services, the program helps small shops modernize while planning for job retention and growth in the local community—directly aligning with a community manufacturing microgrant fund.",Community Manufacturing Microgrant Fund,Cultural Disconnection Between Progressive Messaging and Working-Class Identity,Northwest Industrial Resource Center (NWIRC),"8425 Peach Street, Erie, PA 16509",https://www.nwirc.org,info@nwirc.org,
Industry Partnerships,"Partner4Work’s Industry Partnerships employ sector coordinators who convene unions, workers, employers, training providers, and public officials to align workforce needs with community priorities. These coordinators gather frontline worker feedback through labor partners in manufacturing, construction, and healthcare, translate it into training and policy agendas, and facilitate regular engagement with city and county government—serving as ongoing workplace-to-community liaisons that shape lo...",Workplace-to-Community Liaisons,No Locally Attuned Progressive Leaders from Working-Class Communities,Partner4Work,"650 Smithfield Street, Suite 2600, Pittsburgh, PA 15222",https://www.partner4work.org,info@partner4work.org,
Industry Partnerships and Sector Strategies,"Partner4Work convenes industry partnerships that bring together unions, employers, community groups, and local officials to align worker needs with community investments and policies. Paid sector strategists and employer engagement staff facilitate regular tables where worker feedback informs training, infrastructure, and community benefit priorities—functioning as liaisons between workplaces and municipal decision-makers throughout the Pittsburgh region.",Workplace-to-Community Liaisons,No Locally Attuned Progressive Leaders from Working-Class Communities,Partner4Work (Pittsburgh/Allegheny County Workforce Development Board),"650 Smithfield Street, Suite 2600, Pittsburgh, PA 15222",https://www.partner4work.org,info@partner4work.org,
Intro to the Trades & Apprenticeship Readiness,"The Builders Guild of Western Pennsylvania coordinates the region’s building trades unions and community partners to recruit, screen, and prepare residents—especially from historically excluded neighborhoods—for registered apprenticeships tied to public infrastructure and green projects. Working with utilities and local governments, the program aligns training to upcoming stormwater, river restoration, and brownfield redevelopment work so participants can move directly into union jobs. This c...",Environmental Justice + Labor Working Groups,Absence of Labor-Community Coalitions,Builders Guild of Western Pennsylvania,"319 North Shore Drive, Suite 200, Pittsburgh, PA 15212",https://www.buildersguild.org,info@buildersguild.org,
It’s Your Turn (WISR),"It’s Your Turn is a long-running, weekday community talk show on WISR that features local officials, nonprofit leaders, and residents discussing neighborhood issues, events, and civic opportunities in Butler County and surrounding Western Pennsylvania communities. As a consistent, year-round community radio segment with live call-ins and local interviews, it sustains visibility for civic life and highlights resident voices.",Community Media — Newsletter & Podcast,Absence of Year-Round Democratic Party Presence and Organizing,Butler Radio Network (WISR/WLER/WBUT),"252 Pillow Street, Butler, PA 16001",https://butlerradio.com,newsroom@butlerradio.com,
JAHA Archives & Collections,"The Johnstown Area Heritage Association collects worker oral histories, photographs, and industrial artifacts documenting the region’s steel and coal heritage. These collections anchor exhibitions at the Heritage Discovery Center and support community storytelling, educational programs, and media projects that convey Johnstown’s identity to audiences—including candidates and policymakers—seeking an authentic sense of place.",Oral History and Heritage Projects,Campaign Visits Concentrated in Urban Pittsburgh Rather Than Industrial Communities,Johnstown Area Heritage Association,"201 6th Avenue, Johnstown, PA 15906",https://www.jaha.org,info@jaha.org,
JFCS Career Services,"JFCS Career Services offers one-on-one career navigation, including assessments, job search coaching, resume/interview support, and direct connections to hiring employers. Counselors act as career navigators who align clients with in-demand roles and training based on local labor-market trends and employer feedback, helping jobseekers move into stable, family-sustaining work.",Local Workforce Data Dashboards and Career Navigators,Cultural Disconnection Between Progressive Messaging and Working-Class Identity,Jewish Family and Community Services of Pittsburgh,"5743 Bartlett Street, Pittsburgh, PA 15217",https://www.jfcspgh.org/services/career-services,careerservices@jfcspgh.org,
Job & Career Education Center (JCEC),"Carnegie Library of Pittsburgh’s JCEC offers recurring workshops on resume writing, interview prep, job search strategies, and digital literacy, along with drop‑in career labs. These free public sessions bring residents together to practice practical skills, receive one-on-one feedback, and build confidence—directly supporting community capacity and leadership development year-round.",Community Skill-Building Workshops,Absence of Year-Round Democratic Party Presence and Organizing,Carnegie Library of Pittsburgh,"4400 Forbes Avenue, Pittsburgh, PA 15213",https://www.carnegielibrary.org/services/job-career-education-center-jcec/,info@carnegielibrary.org,
Job & Career Education Center (JCEC),"The JCEC at Carnegie Library of Pittsburgh runs free, recurring workshops and drop-in labs on resume writing, cover letters, interviewing, job search strategies, and digital literacy. These sessions bring neighbors together in a trusted, year-round public space and provide practical skill-building and coaching that strengthens participants’ confidence and leadership capacity in their communities.",Community Skill-Building Workshops,Absence of Year-Round Democratic Party Presence and Organizing,Carnegie Library of Pittsburgh,"4400 Forbes Avenue, Pittsburgh, PA 15213",https://www.carnegielibrary.org/services/job-career-education-center/,info@carnegielibrary.org,
Job & Career Education Center (JCEC) Workshops,"The Job & Career Education Center at Carnegie Library of Pittsburgh–Main hosts free, recurring workshops on resume writing, interviewing, job search strategies, and digital skills. Library staff and partner organizations also present civic and housing-focused sessions, such as tenant rights and navigating local resources. By offering year-round, in-person classes that bring neighbors together to learn practical skills, the JCEC builds community capacity and prepares residents to take on leade...",Community Skill-Building Workshops,Absence of Year-Round Democratic Party Presence and Organizing,Carnegie Library of Pittsburgh,"4400 Forbes Avenue, Pittsburgh, PA 15213",https://www.carnegielibrary.org,info@carnegielibrary.org,
Johnstown Area Heritage Association Collections,"JAHA collects and interprets oral histories, photographs, and artifacts related to Johnstown’s steel and coal legacy and the experiences of immigrant and working-class families. Through the Heritage Discovery Center and online collections, the organization shares worker narratives and neighborhood memories that help audiences— including policymakers and candidates—grasp the economic and cultural history of a deindustrialized community.",Oral History and Heritage Projects,Campaign Visits Concentrated in Urban Pittsburgh Rather Than Industrial Communities,Johnstown Area Heritage Association,"201 6th Avenue, Johnstown, PA 15902",https://www.jaha.org,info@jaha.org,
Just Films (Pittsburgh),"Just Films is a Pittsburgh screening series and discussion forum that uses documentaries and post-film panels to uplift lived experiences on work, equity, and community well-being. Co-produced with local partners, it hosts events at universities, community venues, and sometimes faith spaces, featuring workers, residents, union leaders, and clergy whose stories catalyze public dialogue and collective action.",Joint Public Education and Storytelling Campaigns,Absence of Labor-Community Coalitions,YWCA Greater Pittsburgh (Just Films Pittsburgh collaborative),"305 Wood Street, Pittsburgh, PA 15222",https://www.justfilmspgh.org,info@ywcapgh.org,
Just Harvest Civic Engagement & Coalition Work,"Just Harvest partners with labor unions and faith-based and neighborhood organizations to advance living wages, paid sick time, and anti-poverty policies. The group co-hosts voter education sessions, benefits clinics, and policy forums in public libraries, churches, and community centers—venues with daily contact with residents—where union members often speak and volunteer. These collaborations connect union priorities to trusted local institutions and broaden the reach of pro-worker messages.",Partnerships with trusted local institutions,Communication Gaps Between Top Union Officials and Rank-and-File Members,Just Harvest,"16 Terminal Way, Pittsburgh, PA 15219",https://www.justharvest.org,info@justharvest.org,
Just Transition,"Center for Coalfield Justice organizes worker- and resident-led policy design sessions, listening circles, and task groups to co-create practical transition strategies in energy-impacted Western Pennsylvania communities. Participants develop proposals for retraining, reclamation and infrastructure jobs, and small-business supports, which CCJ packages into policy memos and presents to county commissioners, state agencies, and local councils. These short, focused labs elevate credible local voi...",Community Policy Labs,No Locally Attuned Progressive Leaders from Working-Class Communities,Center for Coalfield Justice,"30 East Beau Street, Suite 101, Washington, PA 15301",https://centerforcoalfieldjustice.org,info@centerforcoalfieldjustice.org,
Just Transition Program,"Center for Coalfield Justice convenes workers, unions, community groups, and local leaders in Washington and Greene Counties to plan a just transition from extractive industries toward clean manufacturing, reclamation, and restoration jobs. Through ongoing roundtables and project-based working groups, CCJ identifies priority brownfield cleanups, river and watershed restoration needs, and collaborates with labor to co-design training aligned with union standards. This directly implements the s...",Environmental Justice + Labor Working Groups,Absence of Labor-Community Coalitions,Center for Coalfield Justice,"30 East Beau Street, Washington, PA 15301",https://centerforcoalfieldjustice.org,info@centerforcoalfieldjustice.org,
Justice and Peace Outreach for Worker Rights,"The Sisters of St. Joseph of Baden engage congregations and community partners across Western Pennsylvania to advocate for worker dignity, living wages, and safe workplaces, often in collaboration with unions and worker centers (including sponsorship of Casa San José). They host dialogues on Catholic social teaching and labor, offer space for trainings and coalition meetings, and mobilize faith volunteers and pastoral support for workers during organizing drives and economic hardship.",Faith‑Labor Bridge Program,Absence of Labor-Community Coalitions,Sisters of St. Joseph of Baden,"1020 West State Street, Baden, PA 15005",https://www.stjoseph-baden.org,info@stjoseph-baden.org,
Jóvenes con Propósito (Youth Program),"Jóvenes con Propósito is Casa San Jose’s youth leadership and organizing program for Latino teens and young adults. Participants receive civic education, community organizing training, and facilitation skills, then plan and lead community meetings, know-your-rights sessions, and advocacy visits with local officials. The program builds culturally rooted, low-barrier pathways into public leadership for immigrant youth.",Civic Apprenticeship & Leadership Program,Absence of Year-Round Democratic Party Presence and Organizing,Casa San Jose,"2116 Broadway Avenue, Pittsburgh, PA 15216",https://casasanjose.org,info@casasanjose.org,
KEYS Service Corps AmeriCorps,"KEYS places members in paid, locally rooted service positions at schools and community-based nonprofits throughout Allegheny County for a school-year or full-year term. Members lead youth programs, support neighborhood initiatives, and coordinate volunteers, gaining hands-on experience in community organizing, program management, and collaboration with local government. This stipend-supported service functions as a civic apprenticeship that equips young residents with governance and policy en...",Civic Apprenticeships for Young Workers,No Locally Attuned Progressive Leaders from Working-Class Communities,Allegheny County Department of Human Services,"1 Smithfield Street, Pittsburgh, PA 15222",https://keysservicecorps.alleghenycounty.us,keys@alleghenycounty.us,
KEYS Service Corps AmeriCorps,"KEYS offers full-year and summer paid national service terms for young adults who are placed at schools, community centers, and neighborhood nonprofits across Allegheny County, including in Mon Valley and other deindustrialized areas. Members receive a living stipend while they lead civic projects, coordinate volunteer efforts, and partner with local governments and institutions—developing practical skills in community organizing, public service delivery, and local problem-solving.",Civic Apprenticeships for Young Workers,No Locally Attuned Progressive Leaders from Working-Class Communities,Allegheny County Department of Human Services,"1 Smithfield Street, Pittsburgh, PA 15222",https://www.keysservicecorps.org,keys@alleghenycounty.us,
Knead Community Café,"Knead Community Café is a pay-what-you-can, volunteer-supported café that provides a welcoming, year-round community hub in New Kensington. Beyond meals, the storefront offers shared tables for conversation, a bulletin board with local resources and events, volunteer signups, and a consistent public presence where neighbors can connect and get information. The model relies on rotating volunteers, donated meals, and partnerships with local farms and businesses to keep costs low while sustainin...",Neighborhood Community Hubs (Volunteer-Run),Absence of Year-Round Democratic Party Presence and Organizing,Knead Community Café,"1011 Barnes Street, New Kensington, PA 15068",https://www.kneadcommunitycafe.org,info@kneadcommunitycafe.org,
Know Your Rights Legal Clinics & Resource Fairs,"Casa San Jose organizes monthly ""Know Your Rights"" and immigration legal-aid clinics that rotate among parishes and community spaces in neighborhoods such as Beechview, Brookline, and the South Hills. Staff and volunteer attorneys provide brief consultations while bilingual community navigators assist with benefit applications, referrals, and follow-up case management. These pop-up clinics draw families into Casa’s ongoing programs and local partner networks for sustained support.",Rotating Pop-Up Resource Clinics,Absence of Year-Round Democratic Party Presence and Organizing,Casa San Jose,"2116 Broadway Avenue, Pittsburgh, PA 15216",https://casasanjose.org,info@casasanjose.org,
Labor & Economic Justice Ministry,"First Unitarian Church of Pittsburgh’s Labor & Economic Justice Ministry partners with local unions and worker centers to host forums, provide meeting space, and mobilize congregants in support of organizing drives. The ministry has participated in campaigns with unions such as SEIU and UNITE HERE, coordinated volunteer support for workers (e.g., food and childcare during prolonged actions), and regularly brings clergy and union leaders together for dialogue and joint advocacy.",Faith‑Labor Bridge Program,Absence of Labor-Community Coalitions,First Unitarian Church of Pittsburgh,"605 Morewood Avenue, Pittsburgh, PA 15213",https://www.first-unitarian-pgh.org,office@first-unitarian-pgh.org,
Labor Community Services & Community Partnership Initiatives,"United Way of Southwestern Pennsylvania’s labor–community initiatives work year-round with local AFL-CIO labor councils and a network of neighborhood groups, faith congregations, social service providers, and small-business stakeholders to identify shared priorities like housing stability, healthcare access, workforce pathways, and community safety. Through joint committees and cross-sector working groups, they coordinate advocacy, resource navigation, and projects (e.g., eviction prevention,...",Union-Community Issue Councils,No Locally Attuned Progressive Leaders from Working-Class Communities,United Way of Southwestern Pennsylvania,"1250 Penn Avenue, Pittsburgh, PA 15222",https://www.uwswpa.org,info@uwswpa.org,
Labor Market Information & Data Dashboards,"Partner4Work publishes user-friendly local labor-market dashboards and analyses for Allegheny County, including data on in-demand occupations, wages, and real-time job postings. It also funds and coordinates career navigators across PA CareerLink Pittsburgh/Allegheny County and sector partnerships, matching jobseekers with employers and aligning training to actual hiring needs.",Local Workforce Data Dashboards and Career Navigators,Cultural Disconnection Between Progressive Messaging and Working-Class Identity,Partner4Work,"650 Smithfield Street, Pittsburgh, PA 15222",https://www.partner4work.org,info@partner4work.org,
Labor Neighbor,"Labor Neighbor is the AFL-CIO’s member-to-member civic engagement program locally coordinated by the Allegheny-Fayette Central Labor Council. It trains union leaders, stewards, and blue‑collar volunteers to act as peer ambassadors who canvass, phone bank, and hold worksite conversations that connect union households and their neighbors to voting information, worker-centered policy issues, and community services, using trusted messengers from the trades and industrial workplaces.",Peer Ambassadors and Trusted Messengers,Cultural Disconnection Between Progressive Messaging and Working-Class Identity,"Allegheny-Fayette Central Labor Council, AFL-CIO","1453 Banksville Road, Pittsburgh, PA 15216",https://www.aflciopgh.org,,
Labor Neighbor (Member-to-Member Program),"Labor Neighbor is the AFL-CIO’s member-to-member outreach program coordinated locally by the Allegheny-Fayette Central Labor Council. The council recruits and trains union volunteers from affiliated locals to conduct door-to-door canvassing of union households, worksite and shift-to-shift conversations, and listening canvasses that gather concerns and relay them back to local and council leadership while sharing relevant updates. Using peer messengers, the program strengthens trust and ensure...",Worker-to-worker ambassador program,Communication Gaps Between Top Union Officials and Rank-and-File Members,"Allegheny-Fayette Central Labor Council, AFL-CIO","1453 Banksville Road, Suite 200, Pittsburgh, PA 15216",https://unionhall.aflcio.org/allegheny-fayette-clc,,
Labor Neighbor – Member-to-Member Worksite Captain Program,"Labor Neighbor, coordinated locally by the Allegheny-Fayette Central Labor Council, recruits union members as worksite captains who conduct peer outreach at their workplaces and within union households. Captains share labor-endorsed candidate information, hold one-on-one conversations, gather member feedback via surveys, and connect coworkers to nearby canvasses, phone banks, and candidate visits. The council provides training, talking points, and materials, and in some cycles offers small st...",Worker-to-worker ambassador program,Communication Gaps Between Top Union Officials and Rank-and-File Members,"Allegheny-Fayette Central Labor Council, AFL-CIO","1453 Banksville Road, Pittsburgh, PA 15216",https://www.facebook.com/AFLCioPgh/,,
Labor Participation (Labor Liaison Program),"United Way of Southwestern Pennsylvania employs union-affiliated Labor Liaisons who serve as connectors between local unions, community organizations, and public officials across the region. These paid liaisons gather frontline worker concerns, translate them into community service and policy priorities (such as access to 211, childcare, and emergency support), and coordinate year-round outreach, briefings, and joint initiatives with municipal and county leaders—directly implementing a workpl...",Workplace-to-Community Liaisons,No Locally Attuned Progressive Leaders from Working-Class Communities,United Way of Southwestern Pennsylvania,"412 Boulevard of the Allies, Pittsburgh, PA 15219",https://uwswpa.org,info@uwswpa.org,
Labor Participation / Union Community Services,"United Way of Southwestern Pennsylvania’s Labor Participation department partners with area labor councils to recruit and train union members and stewards as peer ‘community service ambassadors.’ These trusted messengers connect working families to 211, financial stability supports, and social services, and mobilize labor-led volunteer projects and civic engagement activities that give working-class residents a greater voice in local decision-making.",Peer Ambassadors and Trusted Messengers,Cultural Disconnection Between Progressive Messaging and Working-Class Identity,United Way of Southwestern Pennsylvania,"1250 Penn Avenue, Pittsburgh, PA 15222",https://uwswpa.org,,
Labor Solidarity & Economic Justice Program,"Rooted in a faith-inspired social justice tradition, the Thomas Merton Center regularly partners with unions and worker organizations to host community forums, strike support gatherings, and worker rights trainings. The center provides meeting space for labor–community strategy sessions, mobilizes interfaith volunteers for picket-line support and mutual aid, and fosters ongoing dialogue between clergy, congregants, and union leaders to advance worker justice.",Faith‑Labor Bridge Program,Absence of Labor-Community Coalitions,Thomas Merton Center,"5129 Penn Avenue, Pittsburgh, PA 15224",https://www.thomasmertoncenter.org,info@thomasmertoncenter.org,
Labor Solidarity Committee,"The Thomas Merton Center’s Labor Solidarity Committee organizes public teach-ins, community forums, and rapid-response support for picket lines and workers facing retaliation, lifting up concrete stories of solidarity in Western Pennsylvania. By mobilizing community bystanders to stand with workers and publicizing examples of mutual aid across workplaces, the committee helps build social norms that prize collective care over employer-pleasing ‘ratting out.’",Partnerships with trusted local institutions,Communication Gaps Between Top Union Officials and Rank-and-File Members,Thomas Merton Center,"5129 Penn Avenue, Pittsburgh, PA 15224",https://www.thomasmertoncenter.org,info@thomasmertoncenter.org,
Labor Solidarity Shabbat & Worker Support Projects,"Repair the World Pittsburgh convenes Jewish congregations, union allies, and worker‑justice partners for educational Shabbat programs and hands‑on service supporting workers. Initiatives have included solidarity events with local unions, volunteer drives for strike support, and co‑hosted know‑your‑rights and wage‑theft prevention programming with legal and worker organizations—using faith spaces and volunteers to normalize ongoing faith‑labor collaboration.",Faith‑Labor Bridge Program,Absence of Labor-Community Coalitions,Repair the World Pittsburgh,"6022 Broad Street, Pittsburgh, PA 15206",https://werepair.org/pittsburgh,pittsburgh@werepair.org,
Labor's Front Porch,"Labor's Front Porch is a public program and media series of the Battle of Homestead Foundation featuring talks, interviews, and performances centered on labor history and contemporary worker issues in Western Pennsylvania. Events are streamed and archived on video platforms, creating an accessible library that highlights the voices of steelworkers, union leaders, and community organizers. By consistently showcasing local worker perspectives and community successes, it serves as a regional sto...",Local Storytelling Media Hub,No Locally Attuned Progressive Leaders from Working-Class Communities,Battle of Homestead Foundation,"880 E Waterfront Dr, Munhall, PA 15120",https://battleofhomestead.org,info@battleofhomestead.org,
Labor-to-Labor (member communications program),"The Allegheny-Fayette Central Labor Council runs ongoing labor-to-labor member communications that include volunteer phone banks, peer-to-peer texting lists, and union hall bulletin board postings coordinated through local unions. These member-led channels deliver workplace- and neighborhood-relevant information about elections, issues, and community events, and they actively solicit feedback from rank-and-file workers through call-backs and steward networks. By prioritizing peer communicatio...","Restore local communications: newsletters, phone trees, and text lists",Communication Gaps Between Top Union Officials and Rank-and-File Members,"Allegheny-Fayette Central Labor Council, AFL-CIO","1459 Woodruff Street, Pittsburgh, PA 15220",https://unionhall.aflcio.org/allegheny-fayette-clc,,
Landforce Field Crew Program,"Landforce operates paid environmental stewardship crews that carry out river and trail restoration, invasive species removal, and green infrastructure maintenance in partnership with environmental organizations and public agencies. The program co-designs training with community partners and connects graduates to union apprenticeships and employers, creating a clear pipeline into family-sustaining green jobs. By coordinating crews and training around specific restoration and brownfield project...",Environmental Justice + Labor Working Groups,Absence of Labor-Community Coalitions,Landforce,"3235 Butler Street, Suite 118, Pittsburgh, PA 15201",https://www.landforcepgh.org,info@landforcepgh.org,
Landforce Field Crews & Workforce Development Program,"Landforce employs and trains local residents on crews that remediate vacant lots, restore brownfields and riparian areas, and install/maintain green stormwater infrastructure. Participants receive paid, on-the-job training, certifications, and placement support that connect environmental cleanup and stewardship to long-term employment, including pathways into construction and trades. The program simultaneously advances ecological restoration and creates dignified, skills-based jobs in Western...",Joint Environmental‑Job Transition Projects,Cultural Disconnection Between Progressive Messaging and Working-Class Identity,Landforce,"201 N Braddock Avenue, Suite 101, Pittsburgh, PA 15208",https://www.landforcepgh.org,info@landforcepgh.org,
Launch and Plan Capacity-Building Programs,"New Sun Rising’s Launch and Plan programs offer cohort-based workshops on project planning, budgeting, fundraising and grant writing, communications, and community organizing for resident-led and grassroots initiatives. By convening participants regularly at the Millvale Food + Energy Hub and providing technical assistance, the programs build practical skills and peer networks that enable local leaders to organize, secure resources, and sustain community projects.",Community Skill-Building Workshops,Absence of Year-Round Democratic Party Presence and Organizing,New Sun Rising,"112 Sherman Street, Millvale, PA 15209",https://www.newsunrising.org,info@newsunrising.org,
Lawrenceville Community Conversations,"Lawrenceville United hosts recurring evening community meetings and socials at rotating venues throughout Upper, Central, and Lower Lawrenceville—including churches, schools, and local businesses. Meetings typically include time for neighbors to mingle over refreshments, share updates, and shape neighborhood priorities. By moving the gatherings around the neighborhood and partnering with different hosts, the series functions as accessible pop-up community evenings that build relationships yea...",Pop-up Community Evenings,Absence of Year-Round Democratic Party Presence and Organizing,Lawrenceville United,"1346 Butler Street, Pittsburgh, PA 15201",https://www.lunited.org,info@lunited.org,
Lawrenceville Community Land Trust,"The Lawrenceville Community Land Trust (LCLT) acquires land and housing in the post-industrial Lawrenceville neighborhood and holds it in trust through long-term ground leases to ensure permanent affordability and community control. When sites have legacy industrial impacts, LCLT and its partners conduct environmental due diligence, coordinate remediation when needed, and bring cleaned parcels into the trust for affordable homes or community-serving uses. This model prevents displacement, gui...",Community Land Trusts + Worker Co‑ops,Absence of Labor-Community Coalitions,Lawrenceville Corporation,"100 43rd Street, Suite 106, Pittsburgh, PA 15201",https://www.lawrencevillecorp.com,info@lawrencevillecorp.com,
Lawrenceville Development Review Panel (DRP) and Community Benefits Agreements,"Lawrenceville Corporation’s DRP is the neighborhood’s formal vehicle for negotiating community benefits with developers seeking approvals or public support. Through MOUs and CBAs, the DRP secures commitments such as first-source local hiring, apprenticeship pathways with union contractors, affordability set-asides, and traffic/air-quality mitigation during construction. The organization documents the agreements in writing, convenes residents and faith/community groups to develop priorities, a...",Community Benefit Agreements for Redevelopment,Absence of Labor-Community Coalitions,Lawrenceville Corporation,"5164 Butler Street, Pittsburgh, PA 15201",https://www.lawrencevillecorp.com,info@lawrencevillecorp.com,
Lawrenceville ListServ,"Lawrenceville United operates a moderated neighborhood email listserv used daily to promote local meetings, events, volunteer needs, and community resources, creating a steady drumbeat of communication between residents and organizations. They maintain a public online community calendar and cross-post updates to social media, while also circulating printed flyers at community hubs to reach neighbors offline.",Shared Community Calendar & Messaging Groups,Absence of Year-Round Democratic Party Presence and Organizing,Lawrenceville United,"4625 Plummer Street, Pittsburgh, PA 15201",https://www.lunited.org,info@lunited.org,
Lawrenceville Night Market + Stroll,"A seasonal evening street market series featuring local artists, makers, live music, and businesses along Butler Street and surrounding corridors. By turning the business district into a recurring cultural gathering place, the Night Market encourages neighbors to linger, socialize, and form ongoing relationships in an accessible, festive setting.",Arts & Culture Nights,Absence of Year-Round Democratic Party Presence and Organizing,Lawrenceville Corporation,"4601 Butler Street, Pittsburgh, PA 15201",https://lvpgh.com,info@lawrencevillecorp.com,
Lawrenceville United,"Lawrenceville United organizes resident-led committees and block watch groups that meet regularly to address neighborhood priorities such as housing affordability, traffic safety, land use, and school/community partnerships. Through recurring community meetings and Development Activities Meetings, residents set agendas, evaluate proposals, and coordinate collective actions like safety walks, advocacy on zoning/housing, and volunteer-led cleanups. This creates a continuous, year-round organizi...",Neighborhood Civic Committees,Absence of Year-Round Democratic Party Presence and Organizing,Lawrenceville United,"4615 Plummer Street, Pittsburgh, PA 15201",https://www.lunited.org,info@lunited.org,
Lawrenceville United Action Teams,"Lawrenceville United runs standing resident action teams on issues like affordable housing, riverfront/brownfield redevelopment, mobility, and neighborhood safety. These teams meet regularly to analyze data and project proposals, negotiate community benefits with developers, and mobilize neighbors around policy and implementation steps from community plans. The model creates consistent, year-round working groups where residents research problems, propose solutions, and organize campaigns to s...",Local Issue Working Groups,Absence of Year-Round Democratic Party Presence and Organizing,Lawrenceville United,"4615 Butler Street, Pittsburgh, PA 15201",https://www.lunited.org,info@lunited.org,
Lawrenceville United Block Party Grants,"Lawrenceville United provides mini-grants and logistical support to resident hosts for block parties and small neighborhood events that build relationships, share information, and include multilingual outreach. By directly funding resident-led gatherings and communications, the program operates as a community micro-grant model that strengthens grassroots networks and local organizing.",Community micro-grants for grassroots organizing,Communication Gaps Between Top Union Officials and Rank-and-File Members,Lawrenceville United,"118 52nd Street, Pittsburgh, PA 15201",https://www.lunited.org,info@lunited.org,
Lawrenceville United Block Watch & Neighborhood Communications,"Lawrenceville United coordinates block watches, block captains, and neighborhood communication channels that include door-to-door flyers, printed meeting notices, email/text alerts, and targeted phone outreach for residents. These peer-managed networks share timely, locally relevant information about safety, development, and community events while soliciting feedback through surveys, hotlines, and regular meetings. The program revives member-controlled communications and neighbor-to-neighbor ...","Restore local communications: newsletters, phone trees, and text lists",Communication Gaps Between Top Union Officials and Rank-and-File Members,Lawrenceville United,"118 52nd Street, Pittsburgh, PA 15201",https://www.lunited.org,info@LUnited.org,
Lawrenceville United Candidate Forums,"Lawrenceville United organizes member-led, nonpartisan candidate nights for neighborhood, city, and school board races in which residents and local workers drive the agenda. Moderators secure specific, measurable commitments from candidates on issues like industrial trucking routes, job quality on development sites, and public safety, then post recordings and written summaries to LU’s website, newsletter, and YouTube for broad distribution and follow-up.",Local candidate forums and accountability sessions,Communication Gaps Between Top Union Officials and Rank-and-File Members,Lawrenceville United,"4614 Butler Street, Pittsburgh, PA 15201",https://www.lunited.org,info@lunited.org,
Lawrenceville United Community Calendar,"Lawrenceville United maintains an online community calendar that lists neighborhood meetings, cleanups, block watches, and volunteer opportunities, and it regularly cross-posts these to Facebook pages and neighborhood groups to maximize reach. The organization also distributes event information through email newsletters and posts printed flyers at its office and partner sites so residents without reliable internet can still stay informed. This constant, multi-channel visibility makes it easy ...",Shared Community Calendar & Messaging Groups,Absence of Year-Round Democratic Party Presence and Organizing,Lawrenceville United,"4615 Butler Street, Pittsburgh, PA 15201",https://www.lunited.org,info@lunited.org,
Lawrenceville United Community Calendar & Neighborhood Communications,"Lawrenceville United maintains a public, hyperlocal community calendar on its website and promotes meetings, events, volunteer needs, and local resources through a neighborhood email newsletter and active Facebook channels. They also post printed flyers at their community space and partner locations to reach residents who prefer offline information. This multi-channel approach ensures residents can easily find and engage with year-round civic activities, not just during election cycles.",Shared Community Calendar & Messaging Groups,Absence of Year-Round Democratic Party Presence and Organizing,Lawrenceville United,"1346 Butterfield Way, Pittsburgh, PA 15201",https://www.lunited.org,info@lunited.org,
"Lawrenceville United Newsletter, Call Tree, and Text Alerts","Lawrenceville United maintains a regular neighborhood newsletter (print and digital), an opt-in SMS/text alert list, and a volunteer call tree used to reach residents, especially seniors and renters. These member-driven tools deliver hyperlocal announcements about development, safety, union and civic meetings, and public benefits, and they consistently solicit feedback via surveys, listening sessions, and call-backs. Together, these low-cost, resident-managed systems rebuild neighborhood-leve...","Restore local communications: newsletters, phone trees, and text lists",Communication Gaps Between Top Union Officials and Rank-and-File Members,Lawrenceville United,"4615 Plummer Street, Pittsburgh, PA 15201",https://www.lunited.org,info@lunited.org,
Lawrenceville United Weekly E-newsletter,"Lawrenceville United publishes a weekly e-newsletter that aggregates neighborhood news, community events, development updates, and calls to participate in local meetings and volunteer efforts. This consistent, year-round communication serves as a neighborhood media channel that maintains visibility for civic opportunities and amplifies resident input.",Community Media — Newsletter & Podcast,Absence of Year-Round Democratic Party Presence and Organizing,Lawrenceville United,"4621 Plummer Street, Pittsburgh, PA 15201",https://www.lunited.org,info@lunited.org,
Leadership Development Initiative (LDI),"Leadership Pittsburgh Inc.’s LDI is a cohort program for emerging civic leaders across Southwestern Pennsylvania that develops practical skills in public speaking, facilitation, community organizing, and project management. Participants complete neighborhood-based projects and receive mentorship from seasoned civic and elected leaders, building networks that translate into service on public and nonprofit boards and into effective local campaigns. LDI strengthens a pipeline of locally rooted l...",Local Worker Leadership Fellowship,No Locally Attuned Progressive Leaders from Working-Class Communities,Leadership Pittsburgh Inc.,"707 Grant Street, Suite 3550, Pittsburgh, PA 15219",https://www.lpinc.org,info@lpinc.org,
Learn & Earn,"Learn & Earn is a paid summer employment program that places young people from Allegheny County in municipal offices, public authorities, and community-based nonprofits to work on real projects that improve local services and neighborhoods. Participants earn wages while gaining hands-on exposure to governance, policy implementation, and community organizing, building a pipeline of credible local leaders rooted in Western Pennsylvania’s deindustrialized communities.",Civic Apprenticeships for Young Workers,No Locally Attuned Progressive Leaders from Working-Class Communities,Partner4Work,"650 Smithfield Street, Suite 2600, Pittsburgh, PA 15222",https://www.partner4work.org/programs/learn-earn/,info@partner4work.org,
Learn & Earn,"Learn & Earn places youth ages 14–24 in paid summer jobs and pre-apprenticeship experiences at nonprofits, municipalities, and businesses throughout Allegheny County. Adult supervisors serve as mentors, and participants receive job-readiness training and career workshops hosted in schools and community centers. The program builds cross-age relationships and civic attachment by connecting young people to local employers and public-serving organizations.",School‑to‑Work Pathways with Cross‑Sector Mentors,Absence of Labor-Community Coalitions,Partner4Work,"650 Smithfield Street, Suite 2600, Pittsburgh, PA 15222",https://www.partner4work.org,info@partner4work.org,
Learn & Earn (Allegheny County and City of Pittsburgh),"Learn & Earn provides paid summer jobs to youth and young adults who are placed at public agencies, nonprofits, and private employers, where they are mentored by experienced supervisors and staff. The program integrates work-readiness training, financial literacy, and service-learning, and many placements within city and county government expose participants to public service and community engagement. By pairing younger residents with veteran workers in real workplaces, it transfers practical...",Youth-worker apprenticeship and civic engagement program,Communication Gaps Between Top Union Officials and Rank-and-File Members,Partners4Work,"650 Smithfield Street, Suite 2600, Pittsburgh, PA 15222",https://www.partner4work.org,info@partner4work.org,
Learn & Earn (Summer Youth Employment Program),"Learn & Earn places teens and young adults in paid summer jobs with supervisors and industry mentors who coach workplace readiness and professional habits. Many placements are with municipal departments and community nonprofits, where participants complete service projects, learn about local government, and practice civic problem-solving. The program builds cross-generational relationships at work while cultivating civic skills that strengthen local networks across Western Pennsylvania.",Youth-worker apprenticeship and civic engagement program,Communication Gaps Between Top Union Officials and Rank-and-File Members,Partner4Work,"650 Smithfield Street, Suite 2600, Pittsburgh, PA 15222",https://www.partner4work.org/programs/learn-and-earn,info@partner4work.org,
Learn & Earn (Summer Youth Employment Program),"Partner4Work’s Learn & Earn places thousands of teens and young adults in paid positions with municipal offices, public agencies, and community nonprofits across Allegheny County. Participants work on real community projects—such as parks improvements, public works assistance, and neighborhood development—while receiving mentoring and civic leadership training. By paying young people to contribute to local institutions where they live, the program functions as a civic apprenticeship pipeline ...",Civic Apprenticeships for Young Workers,No Locally Attuned Progressive Leaders from Working-Class Communities,Partner4Work,"650 Smithfield Street, Suite 2600, Pittsburgh, PA 15222",https://www.partner4work.org/learnandearn,learnandearn@partner4work.org,
Learn & Earn Summer Youth Employment,"Learn & Earn offers paid placements for youth and young adults (ages 14–24) with City of Pittsburgh and Allegheny County departments as well as community nonprofits, many serving deindustrialized municipalities. Participants gain hands-on experience with public service and community projects, receive job readiness and leadership training, and begin a pathway to longer-term civic and organizing roles close to home.",Civic Apprenticeships for Young Workers,No Locally Attuned Progressive Leaders from Working-Class Communities,Partner4Work,"650 Smithfield Street, Suite 2600, Pittsburgh, PA 15222",https://www.jobs4summer.org,info@partner4work.org,
Learn & Earn Summer Youth Employment,"Learn & Earn places youth in paid summer jobs with municipalities, environmental nonprofits, and local employers across Allegheny County and the City of Pittsburgh. Participants receive mentoring, job-readiness training, and exposure to career pathways—including green jobs through hosts like parks and conservation organizations—while employer partners and community mentors offer site visits and career events that can lead to apprenticeships and year‑round opportunities.",School‑to‑Work Pathways with Cross‑Sector Mentors,Absence of Labor-Community Coalitions,Partner4Work,"650 Smithfield Street, Suite 2400, Pittsburgh, PA 15222",https://www.partner4work.org/programs/learn-and-earn,info@partner4work.org,
Legislative Affairs & Candidate Forums,"The Cambria Regional Chamber convenes businesses, nonprofits, and community leaders from Johnstown and surrounding towns to articulate shared priorities for the region’s industrial and post-industrial communities. The Chamber hosts nonpartisan candidate forums and legislative luncheons and sends unified invitations and briefing materials to campaigns and sitting officials to bring them on site for tours and discussions. This coalition model ensures that voices from deindustrialized areas are ...",Regional Coalition to Request Official Visits,Campaign Visits Concentrated in Urban Pittsburgh Rather Than Industrial Communities,Cambria Regional Chamber,"416 Main Street, Suite 200, Johnstown, PA 15901",https://www.johnstownchamber.com,info@johnstownchamber.com,
Legislative Affairs & Candidate Forums,"The Mon Valley Regional Chamber of Commerce hosts recurring legislative affairs events and candidate forums in river towns like Charleroi and Monongahela. These sessions center small business owners, union members, and residents in facilitated listening conversations where participants present local priorities—such as jobs, infrastructure, and downtown revitalization—and invite candidates to respond and commit to action.",Listening Sessions with Key Community Institutions,Campaign Visits Concentrated in Urban Pittsburgh Rather Than Industrial Communities,Mon Valley Regional Chamber of Commerce,"1 Chamber Plaza, Charleroi, PA 15022",https://www.monvalleychamber.com,info@monvalleychamber.com,
Legislative Affairs & Community Events Calendar,"The Beaver County Chamber of Commerce publishes a public calendar that includes legislative breakfasts, town halls, and meet-and-greet visits by local, state, and federal officials across Beaver County. This open listing enables residents and local media to track when elected leaders are engaging in communities beyond Pittsburgh and to attend policy-focused conversations close to home.",Civic Calendar and Visit Tracker,Campaign Visits Concentrated in Urban Pittsburgh Rather Than Industrial Communities,Beaver County Chamber of Commerce,"650 Corporation Street, Suite 201, Beaver, PA 15009",https://beavercountychamber.com/events,info@bcchamber.com,
Legislative Breakfasts & Candidate Forums,"The Lawrence County Regional Chamber organizes legislative breakfasts and nonpartisan candidate forums in New Castle and surrounding communities. These events function as listening sessions co-hosted with local employers, schools, and civic groups, allowing residents and small businesses to voice concerns directly while inviting candidates to engage on manufacturing, workforce training, and main-street economic priorities.",Listening Sessions with Key Community Institutions,Campaign Visits Concentrated in Urban Pittsburgh Rather Than Industrial Communities,Lawrence County Regional Chamber of Commerce,"325 E Washington Street, New Castle, PA 16101",https://www.lccbi.com,info@lccbi.com,
Live at Alphabet City,"City of Asylum hosts near-nightly free literary readings, global music, and cultural programs at its Alphabet City venue, creating an inclusive, informal gathering space. The series celebrates local and international voices, drawing neighbors from across the region to connect through arts and conversation. Its consistent schedule builds ongoing relationships and community trust in a welcoming, nonpartisan setting.",Arts & Culture Nights,Absence of Year-Round Democratic Party Presence and Organizing,City of Asylum Pittsburgh,"40 W North Avenue, Pittsburgh, PA 15212",https://cityofasylum.org,info@cityofasylum.org,
Local 249 Political & Education Committee and Rank-and-File Bargaining Committees,"Teamsters Local 249 uses rank-and-file bargaining committees to gather member priorities and translate them into bargaining agendas, while its Political & Education Committee brings members together to craft candidate questionnaires, host forums, and recommend endorsements for delegate approval. This structure pilots transparent, participatory decision-making that links shop-floor priorities with political endorsements members can trust.",Pilot participatory bargaining and decision-making,Communication Gaps Between Top Union Officials and Rank-and-File Members,International Brotherhood of Teamsters Local 249,"4701 Butler Street, Pittsburgh, PA 15201",https://www.teamsterslocal249.org,,
Local Share Account (LSA) Program – Business Investment Grants,"The Redevelopment Authority of the County of Washington administers LSA grants that help small businesses—including manufacturers—finance equipment purchases, safety and facility upgrades, and expansions tied to job creation and retention. Awards prioritize local economic impact and hiring outcomes, functioning as community-backed microgrants that help manufacturers modernize tools and processes while committing to local jobs.",Community Manufacturing Microgrant Fund,Cultural Disconnection Between Progressive Messaging and Working-Class Identity,Redevelopment Authority of the County of Washington,"95 West Beau Street, Suite 603, Washington, PA 15301",https://www.racw.net,,
Local Small Business Enterprise (LSBE) Program,"Allegheny County’s LSBE Program certifies local small firms and sets participation goals on county procurements so departments and prime contractors include LSBE-certified vendors in goods and services contracts. By steering county purchasing and subcontracting opportunities to local businesses, the program strengthens homegrown manufacturers and contractors and helps sustain local employment.",Local Procurement and Buy-Local Policies,Cultural Disconnection Between Progressive Messaging and Working-Class Identity,Allegheny County Department of Equity and Inclusion,"542 Forbes Avenue, Pittsburgh, PA 15219",https://www.alleghenycounty.us/departments/equity-inclusion/local-small-business-enterprise-program.aspx,dei@alleghenycounty.us,
Local Talk Programming (Beaver County Radio WBVP/WMBA),"Beaver County Radio produces daily local talk shows and community forums that feature neighborhood news, interviews with local officials and organizers, and announcements of events and civic opportunities throughout Beaver County. These programs provide an ongoing platform for resident voices and keep community issues visible between election cycles.",Community Media — Newsletter & Podcast,Absence of Year-Round Democratic Party Presence and Organizing,Beaver County Radio (WBVP/WMBA),"1316 7th Avenue, Beaver Falls, PA 15010",https://beavercountyradio.com,studio@beavercountyradio.com,
Local Vendor Preference Program,"The City of Pittsburgh’s procurement policy provides a bid preference for businesses located in the city/region, encouraging municipal departments to award contracts to local manufacturers, suppliers, and contractors when bids are within the allowable preference thresholds. By prioritizing local vendors in city purchasing, the program channels public spending into the regional economy, creating predictable demand and supporting local industrial and trades jobs.",Local Procurement and Buy-Local Policies,Cultural Disconnection Between Progressive Messaging and Working-Class Identity,City of Pittsburgh Office of Management & Budget – Procurement Division,"414 Grant Street, Pittsburgh, PA 15219",https://pittsburghpa.gov/omb/procurement,purchasing@pittsburghpa.gov,
Love My Neighbor! Grants,"Love My Neighbor! Grants invest micro-grants directly in resident leaders across targeted Pittsburgh neighborhoods to design and implement community outreach, cultural events, mutual aid, and communication projects. By channeling small, rapid funds to grassroots actors, the program enables member-led, on-the-ground engagement that strengthens local networks and civic participation—precisely the aim of the micro-grant solution.",Community micro-grants for grassroots organizing,Communication Gaps Between Top Union Officials and Rank-and-File Members,Neighborhood Allies,"5167 Butler Street, Suite 100, Pittsburgh, PA 15201",https://neighborhoodallies.org/what-we-do/resident-power/love-my-neighbor-grants/,info@neighborhoodallies.org,
Love Your Block,"Love Your Block provides mini-grants and materials to resident groups and block clubs to carry out community-led projects like neighborhood outreach, block events, and information campaigns. By placing small, flexible funds directly with neighbors, it enables grassroots organizing and peer-to-peer engagement without relying on distant, staff-heavy operations—directly aligning with the micro-grant solution.",Community micro-grants for grassroots organizing,Communication Gaps Between Top Union Officials and Rank-and-File Members,"City of Pittsburgh, Office of Community Affairs (ServePGH)","414 Grant Street, Pittsburgh, PA 15219",https://pittsburghpa.gov/servepgh/love-your-block,servepgh@pittsburghpa.gov,
Love Your Block,"Love Your Block provides small grants, supplies, and city service coordination for resident groups to lead block‑level clean‑ups, façade painting and minor repairs, and greening projects throughout Pittsburgh’s neighborhoods. The program requires community-led planning and stewardship, creating recurring volunteer activities and tangible improvements that strengthen relationships and civic trust.",Neighborhood Improvement Projects,Absence of Year-Round Democratic Party Presence and Organizing,City of Pittsburgh Office of Community Affairs,"414 Grant Street, Pittsburgh, PA 15219",https://pittsburghpa.gov/oca/loveyourblock,loveyourblock@pittsburghpa.gov,
Love Your Block,"Love Your Block provides mini-grants, supplies, and coordination with city services to help resident groups lead neighborhood improvement projects such as litter clean-ups, vacant lot activation, and small-scale beautification. The program requires community participation and stewardship plans, fostering ongoing interaction among neighbors and creating visible, sustained investment on their blocks.",Neighborhood Improvement Projects,Absence of Year-Round Democratic Party Presence and Organizing,"City of Pittsburgh, Office of Community Affairs","414 Grant Street, Pittsburgh, PA 15219",https://pittsburghpa.gov/servepgh/loveyourblock,servepgh@pittsburghpa.gov,
Love Your Block,"Love Your Block engages resident leaders as block-level points of contact who mobilize neighbors for micro-grant projects like cleanups, façade fixes, and community gatherings. These resident leaders distribute information about city services, coordinate with 311 and city departments, and elevate block-level needs—creating decentralized, year-round outreach that mirrors a block captain model.",Block Captain Network,Absence of Year-Round Democratic Party Presence and Organizing,"City of Pittsburgh, ServePGH","414 Grant Street, Pittsburgh, PA 15219",https://pittsburghpa.gov/servepgh,servepgh@pittsburghpa.gov,
Love Your Block AmeriCorps VISTA,"This City of Pittsburgh program engages yearlong AmeriCorps VISTA members within the Office of Community Affairs to support resident-led mini-grants and neighborhood revitalization projects. VISTAs receive a living stipend while learning city governance, budgeting, and cross-department coordination, helping connect working-class neighborhoods with City services and building local leadership capacity in deindustrialized communities.",Civic Apprenticeships for Young Workers,No Locally Attuned Progressive Leaders from Working-Class Communities,City of Pittsburgh Office of Community Affairs,"414 Grant Street, Pittsburgh, PA 15219",https://pittsburghpa.gov/oca/loveyourblock,oca@pittsburghpa.gov,
Love Your Block Pittsburgh,"Love Your Block awards mini-grants, supplies, and technical assistance to resident groups and block clubs to carry out neighborhood projects that build relationships—such as outreach campaigns, multilingual materials, and block events. Run by the City of Pittsburgh, the program enables grassroots, member-led action and strengthens peer-to-peer networks that connect neighbors outside of top-down political operations.",Community micro-grants for grassroots organizing,Communication Gaps Between Top Union Officials and Rank-and-File Members,City of Pittsburgh,"414 Grant Street, Pittsburgh, PA 15219",https://pittsburghpa.gov/servepgh/love-your-block,servepgh@pittsburghpa.gov,
Love Your Block Pittsburgh,"Love Your Block awards micro-grants and supplies to resident groups and community organizations to carry out small, resident-led improvement and outreach projects such as block gatherings, cleanups, and informational campaigns. By putting resources directly in the hands of local leaders, it enables grassroots organizing and neighbor-to-neighbor communication to happen quickly at the neighborhood level rather than waiting on national staff.",Community micro-grants for grassroots organizing,Communication Gaps Between Top Union Officials and Rank-and-File Members,"City of Pittsburgh, Office of Community Affairs","414 Grant Street, Pittsburgh, PA 15219",https://pittsburghpa.gov/oca/love-your-block,oca@pittsburghpa.gov,
Lower Hill Community Collaboration and Implementation Plan (CCIP) and Development Review Panel,"The Hill CDC leads the CCIP, a binding community benefits framework connected to the Lower Hill redevelopment, that secures commitments for local hiring, apprenticeship slots, minority- and women-owned business participation, affordable housing, and environmental mitigation from the developer and public partners. The organization runs a Development Review Panel and ongoing compliance monitoring, organizes residents and faith/community groups to shape project benefits, and holds developers acc...",Community Benefit Agreements for Redevelopment,Absence of Labor-Community Coalitions,Hill Community Development Corporation,"2015 Centre Avenue, Pittsburgh, PA 15219",https://www.hilldistrict.org,info@hilldistrict.org,
Lower Hill District Community Collaboration and Implementation Plan (CCIP),"The CCIP is a negotiated community benefits framework for the Lower Hill redevelopment that Hill CDC and community partners use to secure binding commitments from the developer and public authorities. It guarantees local hiring and construction apprenticeship opportunities, robust M/WBE participation, investments in affordable housing and community services, and measures to mitigate construction and neighborhood impacts. Hill CDC organizes residents and faith partners, convenes oversight meet...",Community Benefit Agreements for Redevelopment,Absence of Labor-Community Coalitions,Hill Community Development Corporation,"2015 Centre Avenue, Pittsburgh, PA 15219",https://www.hilldistrict.org,info@hilldistrict.org,
Lower Hill District Community Collaboration and Implementation Plan (CCIP),"The CCIP is a binding community benefits agreement for the Lower Hill redevelopment negotiated among the Pittsburgh Penguins/Buccini-Pollin Group, public authorities, and the Hill CDC. It sets explicit local hiring targets implemented through a First Source Center with Partner4Work, invests in pre-apprenticeship and apprenticeship pipelines with the building trades, and commits to strong MWBE/local procurement goals so neighborhood firms win contracts. Ongoing compliance, reporting, and reinv...",Community Benefit Agreements for Redevelopment,Absence of Labor-Community Coalitions,Hill Community Development Corporation,"2015 Centre Avenue, Suite 100, Pittsburgh, PA 15219",https://www.lowerhillredevelopment.com/ccip,info@hilldistrict.org,
MANUFACTURING 2000 (M2K) Pre-Apprenticeship and Registered Apprenticeship Partnerships,"New Century Careers operates the M2K program and serves as an apprenticeship intermediary, preparing and placing entry-level machinists and CNC operators into employer-sponsored, paid registered apprenticeships throughout Western Pennsylvania. The program partners with local manufacturers and community colleges to deliver hands-on training aligned to NIMS credentials, then transitions participants into registered apprenticeships with wage progression and long-term, family-supporting career pa...",Expand Local Apprenticeship Programs,Cultural Disconnection Between Progressive Messaging and Working-Class Identity,New Century Careers,"305 East Carson Street, Pittsburgh, PA 15203",https://www.ncsquared.com,info@ncsquared.com,
MANUFACTURING 2000 (M2K) and Apprenticeship Pathways,"New Century Careers’ M2K provides pre-apprenticeship training and serves as an intermediary to help manufacturers establish and fill registered apprenticeships in machining and advanced manufacturing. Working with employers, unions, and community colleges, NCC connects graduates to paid earn-and-learn roles and supports employers in registering programs that lead to industry-recognized credentials and family-supporting jobs.",Expand Local Apprenticeship Programs,Cultural Disconnection Between Progressive Messaging and Working-Class Identity,New Century Careers,"305 East Carson Street, Pittsburgh, PA 15203",https://www.ncsquared.com,info@ncsquared.com,
MFG Works (Manufacturing Talent Pipeline),"MFG Works places dedicated navigators between jobseekers, schools, and manufacturers to build a regional talent pipeline for high-demand production roles. The program aggregates employer demand signals and shares them with training providers, translating real hiring needs into clear career pathways and rapid job placements in Western Pennsylvania’s industrial sector.",Local Workforce Data Dashboards and Career Navigators,Cultural Disconnection Between Progressive Messaging and Working-Class Identity,Catalyst Connection,"4501 Lytle Street, Suite 200, Pittsburgh, PA 15207",https://www.catalystconnection.org,info@catalystconnection.org,
MFG Works Apprenticeship Program,"Catalyst Connection helps small and medium-sized manufacturers in Southwestern Pennsylvania design and sponsor registered apprenticeships, access related instruction funding, and coordinate on-the-job training supports. By offsetting training costs and helping firms bring on local apprentices, the program advances the solution’s hiring component while enabling companies to invest freed-up resources in safer processes and equipment upgrades.",Community Manufacturing Microgrant Fund,Cultural Disconnection Between Progressive Messaging and Working-Class Identity,Catalyst Connection,"4501 Lytle Street, Suite 200, Pittsburgh, PA 15207",https://www.catalystconnection.org,info@catalystconnection.org,
MWBE Program and Inclusive Contracting,"The Urban Redevelopment Authority (URA) requires and tracks participation of local minority- and women-owned firms on URA-funded development and infrastructure projects. Through bid opportunities, vendor outreach, and assistance to help local contractors qualify and compete, the program ensures public redevelopment dollars prioritize Pittsburgh-based contractors and suppliers, generating steady work for regional manufacturers and trades.",Local Procurement and Buy-Local Policies,Cultural Disconnection Between Progressive Messaging and Working-Class Identity,Urban Redevelopment Authority of Pittsburgh,"412 Boulevard of the Allies, Pittsburgh, PA 15219",https://www.ura.org/pages/mwbe-program,mwbe@ura.org,
Making History Now,"Making History Now is a public education series featuring talks, film screenings, interviews, and podcasts that lift up the voices of workers, residents, historians, and faith leaders about Western Pennsylvania’s labor past and future. By convening unions, community groups, and congregations at venues like the historic Pump House, the program collects and amplifies stories that foster understanding and support for collaborative solutions in deindustrialized communities.",Joint Public Education and Storytelling Campaigns,Absence of Labor-Community Coalitions,Battle of Homestead Foundation,"880 E Waterfront Drive, Munhall, PA 15120",https://battleofhomestead.org,,
Manufacturer Technical Assistance and Succession Planning,"Catalyst Connection, the Southwestern Pennsylvania MEP affiliate, provides technical assistance to manufacturers on business strategy, operations, and ownership transition planning. Their advisors help owners evaluate employee-ownership pathways (including worker cooperatives), conduct feasibility assessments, and connect firms to legal and financing partners—supporting factory conversions to worker-owned structures and the launch of worker-led manufacturing enterprises.",Worker-Owned Cooperative Support,Cultural Disconnection Between Progressive Messaging and Working-Class Identity,Catalyst Connection,"4501 Lytle Street, Suite 301, Pittsburgh, PA 15207",https://www.catalystconnection.org,info@catalystconnection.org,
Manufacturing 2000 (M2K),"New Century Careers’ M2K program trains entry-level machinists and pairs learners with experienced instructors and industry mentors for practical, worker-to-worker coaching. Mentors help trainees navigate supports (tools, transportation, and job placement resources) and connect them to employer partners, plant safety committees, and local manufacturing events to build voice and participation. The peer mentorship structure accelerates onboarding into quality manufacturing jobs while rooting ne...",Blue-Collar Career Pathways and Credentials,Cultural Disconnection Between Progressive Messaging and Working-Class Identity,New Century Careers,"305 East Carson Street, Pittsburgh, PA 15203",https://www.ncsquared.com,info@ncsquared.com,
Manufacturing 2000 (M2K) and Registered Apprenticeship Partnerships,"New Century Careers provides hands-on pre-apprenticeship training through its M2K program and partners with regional manufacturers to establish and sponsor paid, registered apprenticeships in machining, CNC, and advanced manufacturing. NCC serves as an intermediary, aligning employer needs with curriculum and helping place trainees into earn‑and‑learn roles that lead to journeyperson credentials and family-sustaining wages.",Expand Local Apprenticeship Programs,Cultural Disconnection Between Progressive Messaging and Working-Class Identity,New Century Careers,"305 East Carson Street, Pittsburgh, PA 15203",https://www.ncsquared.com,info@ncsquared.com,
Manufacturing Assistance Center (MAC) and MAC Makerspace,"Located in the rehabilitated 7800 Susquehanna Street industrial complex, the University of Pittsburgh’s MAC combines workforce training with a public makerspace that provides access to CNC machines, manual mills/lathes, welding, laser cutters, and 3D printers. Entrepreneurs and small manufacturers receive hands-on instruction, process guidance, and mentorship to prototype and launch production runs. The program connects participants to regional manufacturers, supply-chain resources, and purch...",Small Business and Maker Hubs,Cultural Disconnection Between Progressive Messaging and Working-Class Identity,University of Pittsburgh Swanson School of Engineering – Manufacturing Assistance Center,"7800 Susquehanna St, Pittsburgh, PA 15208",https://www.pittmac.com,,
Manufacturing Pre-Apprenticeship and Apprenticeship Pathways,"Catalyst Connection coordinates short, stackable pre-apprenticeship training in machining and mechatronics that leads to industry-recognized credentials (e.g., OSHA-10, NIMS, MSSC) and placement into registered apprenticeships with regional manufacturers. The pathways are competency-based and employer-driven, helping participants translate prior shop or military experience into credit toward credentials and higher-skill roles. This creates a clear local ladder from entry-level certificates to...",Blue-Collar Career Pathways and Credentials,Cultural Disconnection Between Progressive Messaging and Working-Class Identity,Catalyst Connection,"4501 Lytle Street, Suite 301, Pittsburgh, PA 15207",https://www.catalystconnection.org,info@catalystconnection.org,
Masonry Training & Pre-Apprenticeship Program,"Trade Institute of Pittsburgh offers tuition-free masonry and construction training that leads to entry-level employment and union apprenticeship opportunities. The program provides training stipends and emergency supports (such as transportation assistance and work gear), functioning as short-term wage supplements that reduce the financial risk of reskilling. By removing tuition and covering immediate costs, TIP effectively delivers a community-driven scholarship model for trades entrants.",Local Apprenticeship Scholarships and Wage Supplements,Cultural Disconnection Between Progressive Messaging and Working-Class Identity,Trade Institute of Pittsburgh,"7800 Susquehanna Street, Suite 401, Pittsburgh, PA 15208",https://www.tradeinstitute.org,info@tradeinstitute.org,
Masonry Training Program,"The Trade Institute of Pittsburgh provides no-cost, hands-on masonry training with supportive services and a training stipend to help adults retrain without losing income. Trainees learn in a shop/classroom environment and transition into paid work through TIP’s work crews and employer partners, effectively combining instruction with paid placements leading to apprenticeships and permanent jobs in the building trades.",Paid On-the-Job Retraining,Cultural Disconnection Between Progressive Messaging and Working-Class Identity,Trade Institute of Pittsburgh,"7800 Susquehanna Street, Pittsburgh, PA 15208",https://www.tradeinstitute.org,info@tradeinstitute.org,
Meet the Candidates (WQLN Public Media),"WQLN produces a recurring, nonpartisan 'Meet the Candidates' series that stages debates and Q&A forums with local, state, and congressional candidates. Working with libraries, colleges, and municipal partners, WQLN rotates venues across Erie, Crawford, and Warren counties—bringing candidates to deindustrial and small-town communities as well as the city of Erie—so voters in places like Meadville, Titusville, Corry, and North East can engage face-to-face.",Local Debate Circuit,Campaign Visits Concentrated in Urban Pittsburgh Rather Than Industrial Communities,WQLN Public Media,"8425 Peach Street, Erie, PA 16509",https://www.wqln.org,info@wqln.org,
Meet the Candidates Forums,"The Mon Valley Regional Chamber of Commerce convenes nonpartisan 'Meet the Candidates' forums in industrial and post-industrial river towns such as Charleroi, Monessen, and Monongahela, using town halls, community centers, and school auditoriums as venues. The Chamber invites all candidates for local and state offices, provides neutral moderation, and centers questions on regional economic revitalization, workforce, and local services. These events make it easier for residents in the Mon Vall...",Nonpartisan Candidate Forums in Town Halls,Campaign Visits Concentrated in Urban Pittsburgh Rather Than Industrial Communities,Mon Valley Regional Chamber of Commerce,"1 Chamber Plaza, Charleroi, PA 15022",https://www.mvrchamber.org,info@mvrchamber.org,
Meet the Candidates Forums (Mon Valley Series),"The Mon Valley Regional Chamber of Commerce organizes recurring, nonpartisan ""Meet the Candidates"" forums that rotate among neighboring Mon Valley towns such as Charleroi, Monongahela, Monessen, and Donora. By partnering with local municipalities, libraries, and civic clubs, the Chamber brings candidates to multiple deindustrial communities for Q&A sessions, ensuring engagement happens beyond the Pittsburgh metro core and directly in working-class river towns.",Local Debate Circuit,Campaign Visits Concentrated in Urban Pittsburgh Rather Than Industrial Communities,Mon Valley Regional Chamber of Commerce,"1 Chamber Plaza, Charleroi, PA 15022",https://www.mvrchamber.org,info@mvrchamber.org,
Member Organizer Program (MOP),"UFCW 1776KS’s Member Organizer Program recruits and trains rank‑and‑file grocery, food processing, and distillery workers to be peer organizers and trusted messengers. These worker ambassadors hold one‑on‑one conversations with coworkers and neighbors about issues affecting working families, help connect people to union and public services (benefits clinics, unemployment help, SNAP enrollment), and mobilize voter registration and turnout rooted in working‑class concerns.",Peer Ambassadors and Trusted Messengers,Cultural Disconnection Between Progressive Messaging and Working-Class Identity,UFCW Local 1776 Keystone State,"1000 Cliff Mine Road, Suite 410, Pittsburgh, PA 15275",https://www.ufcw1776.org,,
Member Political Organizer (MPO) Program,"SEIU Healthcare Pennsylvania recruits frontline caregivers as Member Political Organizers to conduct structured one-on-one, peer-to-peer outreach in their own facilities. MPOs receive training and are compensated through lost-time pay or stipends to share union endorsements, collect workplace feedback on issues, and link coworkers to phone banks, canvasses, and community events across Western Pennsylvania. This worker-ambassador model keeps political communication rooted in the shop floor rat...",Worker-to-worker ambassador program,Communication Gaps Between Top Union Officials and Rank-and-File Members,SEIU Healthcare Pennsylvania,"1500 Ardmore Boulevard, Suite 501, Pittsburgh, PA 15221",https://seiuhcpa.org,info@seiuhcpa.org,
Member Political Organizers (MPO) Program – Pittsburgh,"32BJ SEIU trains member political organizers to conduct door-to-door and phone listening canvasses with building service workers in the Pittsburgh region. Conversations focus on identifying workers’ concerns, addressing questions and misinformation related to endorsements and workplace issues, and mapping shop stewards and tenant leaders who are the most trusted messengers to engage undecided peers.",Neighborhood canvass and listening campaigns,Communication Gaps Between Top Union Officials and Rank-and-File Members,32BJ SEIU,"707 Grant Street, Suite 920, Pittsburgh, PA 15219",https://www.seiu32bj.org,info@seiu32bj.org,
Member Political Organizing (MPO) – Western Pennsylvania,"SEIU Healthcare Pennsylvania’s MPO program runs on‑site civic education and candidate meet‑and‑greets at hospitals, clinics, and long‑term care facilities throughout Western Pennsylvania. Organized around shift changes, these workplace town halls let nurses, CNAs, and support staff question candidates on staffing, wages, and patient care without leaving their job sites. The program embeds democratic engagement in everyday work settings so healthcare workers see and engage political actors whe...",Civic Engagement at Job Sites,Cultural Disconnection Between Progressive Messaging and Working-Class Identity,SEIU Healthcare Pennsylvania,"1500 Ardmore Boulevard, Suite 501, Pittsburgh, PA 15221",https://www.seiuhcpa.org,info@seiuhcpa.org,
Member-to-Member (Labor-to-Labor) Political Program,"IBEW Local 5 recruits stewards and volunteers to conduct labor-to-labor walks and phone outreach to union households across Allegheny and surrounding counties, emphasizing conversations that start by listening. Canvassers surface workplace and community concerns, correct misinformation about endorsements and ballot questions, and identify trusted messengers in each shop or neighborhood to follow up. By mapping these stewards and block-level contacts, the program builds a local network capable...",Neighborhood canvass and listening campaigns,Communication Gaps Between Top Union Officials and Rank-and-File Members,International Brotherhood of Electrical Workers Local Union No. 5,"5 Hot Metal Street, Pittsburgh, PA 15203",https://ibew5.org,,
Member-to-Member Organizing and Political Education,"UE Local 506 in Erie develops shop stewards and rank‑and‑file leaders as peer communicators who hold toolbox talks, distribute worker‑authored updates, and host nonpartisan candidate and issues nights. These trusted blue‑collar messengers help coworkers and neighbors navigate services such as unemployment and training resources while encouraging informed, local civic participation.",Peer Ambassadors and Trusted Messengers,Cultural Disconnection Between Progressive Messaging and Working-Class Identity,"United Electrical, Radio & Machine Workers of America (UE) Local 506","3923 Main Street, Erie, PA 16511",https://uelocal506.com,,
Mill 19 at Hazelwood Green,"RIDC, a nonprofit industrial land developer, owns and manages the Mill 19 complex under a foundation‑backed, public‑interest landholding structure, providing long‑term, predictable leases for advanced manufacturing, fabrication, and industrial R&D tenants. Keeping the site in nonprofit control preserves industrial‑scale space at attainable costs, anchors the manufacturing ecosystem, and supports stable, skilled jobs in a historic mill community.",Preserve Affordable Industrial Space via Community Land Trusts,Cultural Disconnection Between Progressive Messaging and Working-Class Identity,RIDC of Southwestern Pennsylvania (Regional Industrial Development Corporation),"4501 Lytle Street, Pittsburgh, PA 15207",https://ridc.org/properties/mill-19/,info@ridc.org,
Millvale Community Free Fridge & Pantry,"A 24/7 outdoor fridge and pantry where residents stock and share fresh food and essentials, coordinated by library staff and neighborhood volunteers. By inviting both giving and taking, the project fosters reciprocal care, regular volunteer shifts, and ongoing community engagement anchored at a trusted local space.",Mutual Aid Networks,Absence of Year-Round Democratic Party Presence and Organizing,Millvale Community Library,"213 Grant Avenue, Millvale, PA 15209",https://www.millvalelibrary.org,info@millvalelibrary.org,
Millvale Community Library,"Millvale Community Library provides free Wi‑Fi, hotspot and device lending, and meeting rooms with A/V support that enable local groups to hold hybrid meetings and classes. Staff maintain community bulletin boards and online event listings, and the library regularly hosts and participates in pop-up programs at neighborhood events around Millvale and the Ohio River towns, blending digital access with proximate, face-to-face engagement.",Community-Owned Small Spaces,Absence of Year-Round Democratic Party Presence and Organizing,Millvale Community Library,"213 Grant Avenue, Millvale, PA 15209",https://www.millvalelibrary.org,info@millvalelibrary.org,
Millvale EcoDistrict Working Groups,"Millvale residents participate in ongoing working groups organized around the EcoDistrict’s goals (Food, Water, Energy, Air, Mobility, Equity). These teams regularly gather data, identify local challenges like stormwater management and energy costs, co-design solutions such as green infrastructure and community solar, and run public campaigns and events to implement and sustain projects. The structure keeps continuous, year-round engagement where neighbors research issues, propose solutions, ...",Local Issue Working Groups,Absence of Year-Round Democratic Party Presence and Organizing,New Sun Rising,"112 Sherman Street, Millvale, PA 15209",https://www.newsunrising.org,info@newsunrising.org,
Millvale Ecodistrict Collaborative,"The Millvale Ecodistrict Collaborative is a formal partnership among New Sun Rising, the Millvale Community Library, the Borough of Millvale, and other local groups that convenes recurring public meetings, workshops, and community conversations at the library and other neighborhood venues. These gatherings provide nonpartisan, reliable spaces where residents plan local projects, discuss issues, and build relationships, demonstrating how libraries and community centers can anchor year‑round ci...",Partnering with Local Institutions,Absence of Year-Round Democratic Party Presence and Organizing,New Sun Rising,"213 Grant Avenue, Millvale, PA 15209",https://www.newsunrising.org/featured/millvale-ecodistrict/,info@newsunrising.org,
Millvale Food + Energy Hub,"New Sun Rising owns this rehabilitated industrial building and leases affordable production kitchens and light manufacturing spaces to small food businesses and makers. Community-based ownership and below-market, stable rents help preserve industrial space for local producers, strengthening neighborhood employment and supply chains.",Preserve Affordable Industrial Space via Community Land Trusts,Cultural Disconnection Between Progressive Messaging and Working-Class Identity,New Sun Rising,"112 Sherman Street, Millvale, PA 15209",https://www.newsunrising.org/work/millvale-food-energy-hub/,info@newsunrising.org,
Millvale Food + Energy Hub,"The Hub provides gathering spaces, coworking, and meeting rooms with high-speed Wi‑Fi and video-conferencing equipment for neighborhood groups and project teams. New Sun Rising’s program cohorts coordinate year-round through online collaboration platforms while the organization convenes pop-up meetings and listening sessions in Millvale, Etna, and Sharpsburg to keep engagement local. On-site bulletin boards and digital calendars tie together remote collaboration with face-to-face check-ins, i...",Small Business and Maker Hubs,Cultural Disconnection Between Progressive Messaging and Working-Class Identity,New Sun Rising,"112 Sherman Street, Millvale, PA 15209",https://www.newsunrising.org,info@newsunrising.org,
Millvale Food + Energy Hub,"New Sun Rising rehabilitated a long-vacant building into a net-positive community hub featuring a shared commercial kitchen, classroom and meeting spaces, and offices for mission-driven tenants. The Hub uses community partnerships, volunteer support, and an online booking system to provide affordable rentals for neighborhood groups, classes, and civic meetings while sharing management responsibilities among tenants and volunteers. This approach mirrors the solution by transforming an idle hal...",Shared Civic Hub Spaces,Absence of Labor-Community Coalitions,New Sun Rising,"112 E Sherman St, Millvale, PA 15209",https://www.newsunrising.org/project/food-energy-hub/,info@newsunrising.org,
Millvale Food + Energy Hub,"The Hub provides gathering spaces, coworking, and meeting rooms with high-speed Wi‑Fi and video-conferencing equipment for neighborhood groups and project teams. New Sun Rising’s program cohorts coordinate year-round through online collaboration platforms while the organization convenes pop-up meetings and listening sessions in Millvale, Etna, and Sharpsburg to keep engagement local. On-site bulletin boards and digital calendars tie together remote collaboration with face-to-face check-ins, i...",Shared Civic Hub Spaces,Absence of Labor-Community Coalitions,New Sun Rising,"112 Sherman Street, Millvale, PA 15209",https://www.newsunrising.org,info@newsunrising.org,
Millvale Food + Energy Hub,"This shared nonprofit hub provides a community gathering place with meeting areas, educational programming, and public information resources, operating continuously as a neighborhood anchor. It implements a low-cost, sustainable model through co-location of mission-aligned organizations, volunteer-led initiatives, and partnerships with local businesses and the Borough to support everyday community needs.",Shared Civic Hub Spaces,Absence of Labor-Community Coalitions,New Sun Rising,"112 East Sherman Street, Millvale, PA 15209",https://www.newsunrising.org/project/millvale-food-energy-hub/,info@newsunrising.org,
Millvale Food + Energy Hub,"This shared nonprofit hub provides a community gathering place with meeting areas, educational programming, and public information resources, operating continuously as a neighborhood anchor. It implements a low-cost, sustainable model through co-location of mission-aligned organizations, volunteer-led initiatives, and partnerships with local businesses and the Borough to support everyday community needs.",Neighborhood Community Hubs (Volunteer-Run),Absence of Year-Round Democratic Party Presence and Organizing,New Sun Rising,"112 East Sherman Street, Millvale, PA 15209",https://www.newsunrising.org/project/millvale-food-energy-hub/,info@newsunrising.org,
Millvale Food + Energy Hub,"The Millvale Food + Energy Hub is a shared nonprofit space that functions as a neighborhood gathering place with a café, meeting rooms, and year-round community programming. Operated by New Sun Rising with partner tenants, the Hub relies on volunteers and cross-organization partnerships to keep costs low and to maintain open, welcoming space for information tables, bulletin boards, and community signups. Its multi-use, shared facility model provides consistent physical presence and access to ...",Neighborhood Community Hubs (Volunteer-Run),Absence of Year-Round Democratic Party Presence and Organizing,New Sun Rising,"112 Sherman Street, Millvale, PA 15209",https://www.newsunrising.org/project/millvalefoodenergyhub/,info@newsunrising.org,
Millvale Food + Energy Hub Community Programming,"The Millvale Food + Energy Hub is a partnership that converts a former social hall into a community gathering space for regular workshops, community dinners, issue dialogues, and resource fairs. New Sun Rising and the Millvale Community Library co-host nonpartisan programming and meetings, providing a reliable, neighborhood-based venue that builds trust and connection. This model formalizes collaboration with a local library and community groups to ensure consistent, year-round civic engageme...",Partnering with Local Institutions,Absence of Year-Round Democratic Party Presence and Organizing,New Sun Rising and Millvale Community Library,"112 Sherman Street, Millvale, PA 15209",https://www.newsunrising.org/project/millvale-food-energy-hub/,info@newsunrising.org,
Millvale Free Fridge,"Hosted by the Millvale Community Library, the Millvale Free Fridge and pantry are open-access spaces stocked by neighbors, mutual aid volunteers, and local partners so anyone can take what they need and contribute when they can. The library coordinates volunteer teams to restock, clean, and deliver emergency supplies to residents, building trust and regular interaction among community members. This ongoing, grassroots food sharing network demonstrates how mutual aid can anchor year-round civi...",Mutual Aid Networks,Absence of Year-Round Democratic Party Presence and Organizing,Millvale Community Library,"213 Grant Avenue, Millvale, PA 15209",https://www.millvalelibrary.org,info@millvalelibrary.org,
Mobile Manufacturing Lab,"BC3’s Mobile Manufacturing Lab is a traveling classroom that brings mechatronics, basic electrical, PLCs, and machining-related experiences to high schools and community locations in Western Pennsylvania. The unit provides hands-on exposure to in-demand industrial skills and pathways, meeting learners where they are and supporting local employers’ workforce needs.",Mobile Trade Training Units,Cultural Disconnection Between Progressive Messaging and Working-Class Identity,Butler County Community College (BC3) Workforce Development,"107 College Drive, Butler, PA 16002",https://www.bc3.edu,workforce@bc3.edu,
Mobile Welding Lab,"Northern Pennsylvania Regional College operates a mobile welding lab housed in a trailer outfitted with multiple welding booths and industry-standard equipment. The lab travels to high schools, career centers, and community sites across Northwestern Pennsylvania to deliver short-term, hands-on welding training and certifications, bringing trade education directly to learners where they live.",Mobile Trade Training Units,Cultural Disconnection Between Progressive Messaging and Working-Class Identity,Northern Pennsylvania Regional College (NPRC),"1 Dale Avenue, Suite 400, Warren, PA 16365",https://regionalcollegepa.org/workforce-development/,info@regionalcollegepa.org,
Mon Valley Alliance,"The Mon Valley Alliance is a regional redevelopment coalition serving communities along the Monongahela River. It hosts legislative roundtables, organizes tours of former mill sites and downtowns in towns like Monessen, Charleroi, and Donora, and sends nonpartisan briefing materials and invitations to candidates and elected officials to visit and engage with local stakeholders. This coordinated outreach demonstrates unified community interest across several towns and elevates issues facing in...",Regional Coalition to Request Official Visits,Campaign Visits Concentrated in Urban Pittsburgh Rather Than Industrial Communities,Mon Valley Alliance,"431 Donner Avenue, Monessen, PA 15062",https://www.monvalleyalliance.org,info@monvalleyalliance.org,
Mon Valley Candidate Forum Series,"The Mon Valley Regional Chamber of Commerce convenes public candidate forums and legislative Q&A sessions in venues across neighboring Mon Valley boroughs along the Monongahela River. By rotating locations among towns throughout the valley, the Chamber ensures candidates engage directly with voters in multiple deindustrial communities rather than only appearing in metropolitan centers.",Local Debate Circuit,Campaign Visits Concentrated in Urban Pittsburgh Rather Than Industrial Communities,Mon Valley Regional Chamber of Commerce,"1 Chamber Plaza, Charleroi, PA 15022",https://www.monvalleychamber.com,info@monvalleychamber.com,
Mon Valley Candidate Forums & Resident Host Training,"Mon Valley Initiative coordinates nonpartisan candidate nights throughout the Mon Valley and trains local volunteers to serve as hosts and moderators. Short workshops teach residents how to plan and publicize forums, create ground rules, document candidate responses, and follow up with campaigns on neighborhood priorities. By centering smaller mill towns, the program brings candidates to deindustrialized communities and sustains contact after election day.",Volunteer Training for Hosting Candidates,Campaign Visits Concentrated in Urban Pittsburgh Rather Than Industrial Communities,Mon Valley Initiative,"305 East 8th Avenue, Homestead, PA 15120",https://monvalleyinitiative.com,info@monvalleyinitiative.com,
Mon Valley Candidates’ Nights,"The Mon Valley Regional Chamber of Commerce organizes public candidate nights and issue forums that rotate among boroughs in the Mon Valley—such as Charleroi, Monessen, Donora, and Belle Vernon. Working with municipalities, schools, and neighborhood groups, the Chamber’s circuit structure compels candidates to show up in multiple deindustrial river towns for on-the-record Q&A with local voters.",Local Debate Circuit,Campaign Visits Concentrated in Urban Pittsburgh Rather Than Industrial Communities,Mon Valley Regional Chamber of Commerce,"1 Chamber Plaza, Charleroi, PA 15022",https://www.mvrchamber.org,,
Mon Valley Civic Leadership Program (MVCLP),"MVCLP develops emerging leaders from Mon Valley industrial communities and pairs them with seasoned public officials, union leaders, and policy practitioners from the greater Pittsburgh metro. Through mentor matching, issue workshops, and joint projects and site visits, the program creates cross-regional relationships that help metropolitan allies learn the lived realities of mill towns while elevating credible local voices in regional decision-making.",Cross-Regional Mentorship Network,No Locally Attuned Progressive Leaders from Working-Class Communities,Mon Valley Initiative,"305 East 8th Avenue, Homestead, PA 15120",https://monvalleyinitiative.com,info@monvalleyinitiative.com,
Mon Valley Community Meetings & Neighborhood Collaboratives,"Mon Valley Initiative convenes regular community meetings, leadership trainings, and neighborhood collaboratives across multiple towns by partnering with libraries, churches, municipal buildings, and community centers. These nonpartisan gatherings focus on housing, workforce, and local development, providing dependable physical spaces for residents to build relationships and shape projects. The partnerships ensure ongoing, year-round civic engagement in deindustrialized communities throughout...",Partnering with Local Institutions,Absence of Year-Round Democratic Party Presence and Organizing,Mon Valley Initiative,"305 East 8th Avenue, Homestead, PA 15120",https://www.monvalleyinitiative.com,info@monvalleyinitiative.com,
Mon Valley Independent,"The Mon Valley Independent is a daily newspaper focused on the mill and river towns of the lower Mon Valley, publishing hyperlocal reporting, special sections, and community columns. Union locals collaborate with the paper to place member profiles, bargaining explainers, and stories of workplace wins, using a neighborhood outlet to reach workers who are skeptical of national union messaging.",Local media and storytelling campaign,Communication Gaps Between Top Union Officials and Rank-and-File Members,Mon Valley Independent,"1719 Grand Boulevard, Monessen, PA 15062",https://monvalleyindependent.com,news@monvalleyindependent.com,
Mon Valley Independent,"The Mon Valley Independent is a daily newspaper focused on the mill and river towns of the lower Mon Valley, publishing hyperlocal reporting, special sections, and community columns. Union locals collaborate with the paper to place member profiles, bargaining explainers, and stories of workplace wins, using a neighborhood outlet to reach workers who are skeptical of national union messaging.",Local Storytelling Media Hub,No Locally Attuned Progressive Leaders from Working-Class Communities,Mon Valley Independent,"1719 Grand Boulevard, Monessen, PA 15062",https://monvalleyindependent.com,news@monvalleyindependent.com,
Mon Valley Initiative (Community Development & Workforce Programs),"Mon Valley Initiative coordinates a coalition of community groups across the Monongahela Valley to remediate blight and brownfields, support small businesses and housing, and provide workforce development services to residents. Neighborhood teams engage residents in visioning and planning, then partner with nonprofits, employers, and training providers to implement projects that improve environmental conditions and economic opportunity. MVI’s workforce programs connect participants to career ...",Place‑Based Economic Renewal Plans,Absence of Labor-Community Coalitions,Mon Valley Initiative,"305 East 8th Avenue, Homestead, PA 15120",https://monvalleyinitiative.com,info@monvalleyinitiative.com,
Mon Valley Initiative Annual Community Awards,"This longstanding program honors grassroots volunteers, neighborhood leaders, and partner organizations working in the Mon Valley’s deindustrialized communities. By spotlighting resident leaders, union partners, and civic volunteers who drive year-round community improvements, the awards make local, relatable leadership visible and build credibility for voices rooted in working-class experience.",Visible Local Leadership Awards,No Locally Attuned Progressive Leaders from Working-Class Communities,Mon Valley Initiative,"305 East 8th Avenue, Homestead, PA 15120",https://monvalleyinitiative.com,info@monvalleyinitiative.com,
Mon Valley Initiative Community Development Coalition,"Mon Valley Initiative convenes a coalition of community development corporations, residents, business owners, faith leaders, and workforce partners across Mon Valley municipalities to set shared priorities for neighborhood renewal, job access, and brownfield redevelopment. The coalition and its working groups meet regularly to coordinate actions such as site remediation, affordable housing, and employer engagement, and to endorse joint campaigns that connect residents to union-affiliated trai...",Local Labor‑Community Council,Absence of Labor-Community Coalitions,Mon Valley Initiative,"305 East 8th Avenue, Homestead, PA 15120",https://www.monvalleyinitiative.com,info@monvalleyinitiative.com,
Mon Valley Initiative Community Meetings and Roundtables,"Mon Valley Initiative regularly convenes residents, local officials, and regional partners from Pittsburgh and historic mill towns such as Homestead, McKeesport, and Monessen to strategize on housing, workforce, and main street revitalization. These roundtables create structured town-to-city exchanges where university and nonprofit experts share data and tools, and community members co-develop policy and program priorities for the broader Mon Valley.",Town-to-City Exchange Events,Campaign Visits Concentrated in Urban Pittsburgh Rather Than Industrial Communities,Mon Valley Initiative,"305 East 8th Avenue, Homestead, PA 15120",https://monvalleyinitiative.com,info@monvalleyinitiative.com,
Mon Valley Initiative – Community and Workforce Development,"Mon Valley Initiative coordinates a coalition of community development groups to create and implement neighborhood renewal plans across deindustrialized river towns, integrating housing, business district revitalization, and workforce development. Its Workforce & Financial Coaching program connects residents to training, including pre-apprenticeships and union-track opportunities, while real estate and main street projects remediate blight and repurpose former industrial properties with resid...",Place‑Based Economic Renewal Plans,Absence of Labor-Community Coalitions,Mon Valley Initiative,"305 East 8th Avenue, Homestead, PA 15120",https://monvalleyinitiative.com,info@monvalleyinitiative.com,
Mon Valley Initiative – Workforce Development Program,"Mon Valley Initiative partners with building trades unions, employers, and community groups to prepare residents for apprenticeships and family-sustaining work in construction and manufacturing. The program hosts employer and union info sessions, provides coaching and mentorship, and collaborates with regional partners (such as APRI and Partner4Work) to coordinate hiring pipelines that rebuild trust between labor, industry, and communities in the Mon Valley.",Union–Community Partnerships,Cultural Disconnection Between Progressive Messaging and Working-Class Identity,Mon Valley Initiative,"305 East 8th Avenue, Homestead, PA 15120",https://www.monvalleyinitiative.com,info@monvalleyinitiative.com,
Mon Valley Leadership Program,"This multi-week, community-based program builds the skills of residents from Mon Valley communities in organizing, meeting facilitation, consensus-building, and local problem-solving. Through workshops and a capstone community project, participants practice leading meetings, engaging neighbors, and collaborating with local officials—creating a steady pipeline of grassroots leaders who sustain civic life between election cycles.",Civic Apprenticeship & Leadership Program,Absence of Year-Round Democratic Party Presence and Organizing,Mon Valley Initiative,"305 East 8th Avenue, Homestead, PA 15120",https://monvalleyinitiative.com,info@monvalleyinitiative.com,
Mon Valley Providers Council Community Forums & Legislative Roundtables,"Through the Mon Valley Providers Council, Mon Valley Initiative convenes recurring issue-focused forums where residents, community organizations, and service providers meet with municipal and state officials to discuss local needs in areas like housing, workforce, and public safety. The council shares meeting notes and follow-up actions, creating a public record that reinforces accountability and continuous engagement.",Issue-Based Public Forums & Listening Sessions,Absence of Year-Round Democratic Party Presence and Organizing,Mon Valley Initiative,"305 East 8th Avenue, Homestead, PA 15120",https://www.monvalleyinitiative.com,info@monvalleyinitiative.com,
Mon Valley Regional Chamber Candidate Nights,"The Mon Valley Regional Chamber organizes nonpartisan candidate nights in river towns such as Charleroi, Monessen, Donora, and surrounding communities, typically using borough halls and community centers as neutral venues. The events invite all candidates, feature moderated Q&A focused on local economic revitalization and quality-of-life issues, and are promoted across the Mon Valley to ensure broad community participation.",Nonpartisan Candidate Forums in Town Halls,Campaign Visits Concentrated in Urban Pittsburgh Rather Than Industrial Communities,Mon Valley Regional Chamber of Commerce,"1 Chamber Plaza, Charleroi, PA 15022",https://www.monvalleychamber.com,,
Mon Valley Regional Chamber Civic & Legislative Events Calendar,"The Mon Valley Regional Chamber of Commerce maintains a calendar of civic and legislative events that promotes visits by elected officials, policy forums, and community listening sessions in river towns like Charleroi and surrounding municipalities. By publicly tracking these appearances, the Chamber helps residents and reporters see which candidates and officials are showing up in Western Pennsylvania’s industrial corridor.",Civic Calendar and Visit Tracker,Campaign Visits Concentrated in Urban Pittsburgh Rather Than Industrial Communities,Mon Valley Regional Chamber of Commerce,"1 Chamber Plaza, Charleroi, PA 15022",https://www.mvrchamber.org/events,info@mvrchamber.org,
Mon Valley Regional Chamber of Commerce,"The Chamber convenes nonpartisan candidate forums and legislative meet-and-greets in Monongahela Valley boroughs like Charleroi, Monessen, and Donora, creating accessible speaking opportunities outside major metro venues. Staff and volunteers act as local hosts by connecting campaigns with community leaders, arranging walk-throughs of Main Street districts and industrial sites, and helping schedule small-town stops so candidates engage directly with working-class communities.",Local Welcome Committee,Campaign Visits Concentrated in Urban Pittsburgh Rather Than Industrial Communities,Mon Valley Regional Chamber of Commerce,"1 Chamber Plaza, Charleroi, PA 15022",https://www.mvrchamber.org,info@mvrchamber.org,
Monmade,"Monmade is a regional market-access platform and support network for small-batch manufacturers, design studios, and craft businesses, operated by Bridgeway Capital’s Creative Business Accelerator and headquartered at 7800 Susquehanna. It aggregates locally made products, brokers procurement into real estate, hospitality, and interior projects, and provides business development services and peer mentorship. By connecting makers to buyers and offering tailored support, Monmade helps turn shared...",Small Business and Maker Hubs,Cultural Disconnection Between Progressive Messaging and Working-Class Identity,Bridgeway Capital – Creative Business Accelerator,"7800 Susquehanna Street, Pittsburgh, PA 15208",https://www.monmade.org,info@monmade.org,
Mr. Roboto Project,"Mr. Roboto Project is a volunteer-run, member-owned cooperative venue providing an all-ages arts and community space. Funded through memberships, donations, and community benefit events, it maintains a modest storefront that is democratically controlled by local members and a volunteer board. It functions as a year-round neighborhood hub for gatherings and culture, embodying resident control rather than outside operatives.",Community-Owned Small Spaces,Absence of Year-Round Democratic Party Presence and Organizing,The Mr. Roboto Project,"5106 Penn Avenue, Pittsburgh, PA 15224",https://www.therobotoproject.org,therobotoproject@gmail.com,
NEXT Neighborhood Leaders,"A cohort-based leadership development program that equips neighborhood residents across Allegheny County with practical community organizing, meeting facilitation, and civic process skills. Participants design and implement neighborhood projects in partnership with local councils, authorities, and community groups, while receiving coaching from experienced organizers. Graduates join an alumni network and are often tapped for community boards and committees, creating a steady pipeline of local...",Civic Apprenticeship & Leadership Program,Absence of Year-Round Democratic Party Presence and Organizing,Coro Pittsburgh,"100 South Commons, Pittsburgh, PA 15212",https://coropittsburgh.org,info@coropittsburgh.org,
NWPA ALF COPE Endorsement Committees,"The Northwestern Pennsylvania Area Labor Federation convenes county- and region-based committees of rank-and-file delegates from affiliated unions to interview candidates and vote on endorsements. These committees publish locally tailored endorsement slates, produce member-authored statements, and coordinate labor-to-labor canvassing and worksite communications, ensuring guidance comes from members rooted in their workplaces and neighborhoods rather than national operations.",Local endorsement councils made of members,Communication Gaps Between Top Union Officials and Rank-and-File Members,"Northwestern Pennsylvania Area Labor Federation, AFL-CIO","1276 Liberty Street, Suite 2, Franklin, PA 16323",https://www.nwpaalf.org,,
Neighbor Corps,"Neighbor Corps is a resident leadership cohort that equips Lawrenceville neighbors with community organizing fundamentals, meeting facilitation skills, and tools to participate in neighborhood planning and governance. Participants lead block-level projects, convene discussions, and engage with city processes—building a sustained, local pipeline of leaders who keep community life active beyond election seasons.",Civic Apprenticeship & Leadership Program,Absence of Year-Round Democratic Party Presence and Organizing,Lawrenceville United,"1346 Butler Street, Pittsburgh, PA 15201",https://www.lunited.org,info@lunited.org,
Neighbor Gatherings & Community Dinners,"Our West Bayfront organizes regular neighborhood gatherings—such as community dinners, block parties, and social meetups—that help residents build relationships and strengthen trust across the West Bayfront area. These informal events provide a natural forum for peer-to-peer conversations about local challenges and opportunities, and they create opportunities for nonpartisan civic dialogue and introductions between residents and community leaders.",Neighborhood peer salons and social events,Communication Gaps Between Top Union Officials and Rank-and-File Members,Our West Bayfront,"404 West 8th Street, Erie, PA 16502",https://ourwestbayfront.org,info@ourwestbayfront.org,
Neighbor-to-Neighbor (N2N) Mini-Grants,"N2N awards micro-grants to Northside residents and grassroots groups to launch block parties, pop-up markets, community gardens, public art, youth activities, and small-scale neighborhood repairs. The program offers coaching and flexible funds so residents can quickly test ideas that build trust, expand local leadership, and activate gathering places close to where people live.",Community micro-grants for grassroots organizing,Communication Gaps Between Top Union Officials and Rank-and-File Members,New Sun Rising,"112 Sherman Street, Millvale, PA 15209",https://www.newsunrising.org,info@newsunrising.org,
Neighbor-to-Neighbor Mini-Grant,"Lawrenceville United’s Neighbor-to-Neighbor Mini-Grant funds small, resident-led projects such as block gatherings, canvassing and information-sharing, translation and distribution of materials, and outreach to seniors and renters. By putting flexible dollars into the hands of community members, it catalyzes grassroots organizing and peer-to-peer engagement that rebuilds locally rooted networks.",Community micro-grants for grassroots organizing,Communication Gaps Between Top Union Officials and Rank-and-File Members,Lawrenceville United,"4615 Butler Street, Pittsburgh, PA 15201",https://www.lunited.org,info@lunited.org,
Neighborhood Action Teams,"The Sisters of St. Joseph Neighborhood Network convenes resident-led Neighborhood Action Teams in Erie’s West and East neighborhoods to meet regularly, identify priorities like housing, safety, youth activities, and public space, and coordinate community-led projects. SSJNN staff support block leaders with training, mini-grants, and partnerships, sustaining a continuous organizing presence that advances resident-defined goals.",Neighborhood Civic Committees,Absence of Year-Round Democratic Party Presence and Organizing,Sisters of St. Joseph Neighborhood Network,"425 W 18th Street, Erie, PA 16502",https://www.ssjnn.org,info@ssjnn.org,
Neighborhood Candidate Forums,"Lawrenceville United convenes nonpartisan candidate forums for City Council, County, and state legislative races, with residents and local workers shaping the agenda through submitted questions. Candidates respond to specific neighborhood and workplace concerns (like construction jobs, traffic safety for service workers, and affordability) and are asked to make clear commitments; events are recorded and posted online to maintain public accountability.",Local candidate forums and accountability sessions,Communication Gaps Between Top Union Officials and Rank-and-File Members,Lawrenceville United,"4615 Plummer Street, Pittsburgh, PA 15201",https://www.lunited.org,info@lunited.org,
Neighborhood Committees,"The Squirrel Hill Urban Coalition operates standing resident committees—such as Transportation & Traffic, Parks & Open Spaces, Schools, and Land Use & Development—that are open to neighbors and meet regularly to set priorities and coordinate actions. Volunteers organize forums, advocate for improvements, and work block-by-block with stakeholders, providing a permanent civic infrastructure for year-round neighborhood engagement.",Neighborhood Civic Committees,Absence of Year-Round Democratic Party Presence and Organizing,Squirrel Hill Urban Coalition,"5604 Solway Street, Pittsburgh, PA 15217",https://shuc.org,info@shuc.org,
Neighborhood Councils and Resident Committees Network,"NSLC supports a network of resident-led neighborhood councils across Pittsburgh’s Northside and facilitates committees on land use, public safety, transportation, and community development. These councils meet regularly to identify priorities and coordinate resident-driven actions—such as advocacy, plan implementation, and block-level projects—providing a continuous civic presence rooted in everyday neighborhood concerns.",Neighborhood Civic Committees,Absence of Year-Round Democratic Party Presence and Organizing,Northside Leadership Conference,"1314 Brighton Road, Pittsburgh, PA 15212",https://www.pittsburghnorthside.com,info@pittsburghnorthside.com,
Neighborhood Plan Advisory Teams (NPATs),"NPATs are resident- and stakeholder-based advisory teams convened by the City for each neighborhood planning process. They are composed of working-class residents, local workers, business owners, and community leaders who meet regularly to shape policy priorities, co-design projects, review plan drafts, and monitor implementation—ensuring City departments remain accountable to neighborhood goals. Public workshops and listening sessions feed community input directly into NPAT deliberations and...",Neighborhood Listening Sessions and Citizen Advisory Boards,Cultural Disconnection Between Progressive Messaging and Working-Class Identity,City of Pittsburgh Department of City Planning,"200 Ross Street, Pittsburgh, PA 15219",https://pittsburghpa.gov/dcp/neighborhood-planning,planning@pittsburghpa.gov,
Neighborhood Plan Community Advisory Committees (CACs),"The City of Pittsburgh Department of City Planning convenes Community Advisory Committees of residents, workers, small business owners, and community organizations in neighborhoods undergoing planning (e.g., Homewood, Hazelwood, Oakland). These standing groups meet regularly to review draft policies and projects, co-design programs, and advise the City and partner institutions on priorities that reflect working-class concerns. CACs also help host public workshops and listening sessions so nei...",Neighborhood Listening Sessions and Citizen Advisory Boards,Cultural Disconnection Between Progressive Messaging and Working-Class Identity,City of Pittsburgh Department of City Planning,"611 Second Avenue, Pittsburgh, PA 15219",https://pittsburghpa.gov/dcp/neighborhood-planning,planning@pittsburghpa.gov,
Neighborhood Public Safety & Block Watch Support,"Operation Better Block organizes resident-led block clubs and volunteer canvassing teams that make regular door-to-door visits and conduct phone outreach in Homewood. These teams share information on local services and programs, gather issues for problem-solving with partners, and cultivate block-level leaders who sustain year-round communication and community action.",Year-Round Volunteer Canvass & Phone Teams,Absence of Year-Round Democratic Party Presence and Organizing,"Operation Better Block, Inc.","801 North Homewood Avenue, Pittsburgh, PA 15208",https://www.obbinc.org,info@obbinc.org,
Neighborhood Voices,"Neighborhood Voices is a multimedia project that records and shares first-person stories from residents across Western Pennsylvania, with a strong emphasis on youth and underrepresented voices. Through radio segments, podcasts, and online features produced by SLB Radio, it uplifts everyday civic contributors, neighborhood organizers, and nonpartisan community initiatives. By putting local people at the center of the narrative, it reframes community identity around shared values and common gro...",Local media and storytelling campaign,Communication Gaps Between Top Union Officials and Rank-and-File Members,"SLB Radio Productions, Inc.","10 Children's Way, Suite 300, Pittsburgh, PA 15212",https://neighborhoodvoices.org,info@slbradio.org,
Neighborhood Voices,"Neighborhood Voices is a multimedia project that records and shares first-person stories from residents across Western Pennsylvania, with a strong emphasis on youth and underrepresented voices. Through radio segments, podcasts, and online features produced by SLB Radio, it uplifts everyday civic contributors, neighborhood organizers, and nonpartisan community initiatives. By putting local people at the center of the narrative, it reframes community identity around shared values and common gro...",Local Storytelling Media Hub,No Locally Attuned Progressive Leaders from Working-Class Communities,"SLB Radio Productions, Inc.","10 Children's Way, Suite 300, Pittsburgh, PA 15212",https://neighborhoodvoices.org,info@slbradio.org,
Neighborhood Voices,"Neighborhood Voices is a multimedia project that records and shares first-person stories from residents across Western Pennsylvania, with a strong emphasis on youth and underrepresented voices. Through radio segments, podcasts, and online features produced by SLB Radio, it uplifts everyday civic contributors, neighborhood organizers, and nonpartisan community initiatives. By putting local people at the center of the narrative, it reframes community identity around shared values and common gro...",Community Storytelling and Media Campaign,Campaign Visits Concentrated in Urban Pittsburgh Rather Than Industrial Communities,"SLB Radio Productions, Inc.","10 Children's Way, Suite 300, Pittsburgh, PA 15212",https://neighborhoodvoices.org,info@slbradio.org,
Neighborhood Voices / Youth Express,"Neighborhood Voices (produced by SLB Radio) records and shares first-person stories, podcasts, and audio features from residents across Pittsburgh neighborhoods, including youth, workers, and community leaders. Their podcasts and on-air segments highlight local experiences and successful community projects, building recognition of credible voices from industrial and historically underrepresented communities.",Local Storytelling Media Hub,No Locally Attuned Progressive Leaders from Working-Class Communities,"SLB Radio Productions, Inc.","10 Children's Way, Pittsburgh, PA 15212",https://www.slbradio.org,info@slbradio.org,
New Choices Career Development Program,"Pennsylvania Women Work’s New Choices program offers job search coaching and skills training with barrier-reduction grants for participants. These funds can cover transportation costs (bus passes, gas cards, or rideshare to interviews) and help with child care expenses or referrals, enabling clients to attend classes, interviews, and the first days on the job. The program focuses on removing practical hurdles that often keep working-class residents from advancing.",Transportation and Childcare Support for Trainees,Cultural Disconnection Between Progressive Messaging and Working-Class Identity,Pennsylvania Women Work,"411 Seventh Avenue, Suite 925, Pittsburgh, PA 15219",https://www.pawomenwork.org,info@pawomenwork.org,
Newly Elected Officials Course (NEOC) and Mentoring,"Local Government Academy’s NEOC provides intensive training and structured mentorship that pairs newly elected borough, city, and township officials with veteran municipal leaders from across Western Pennsylvania, including leaders from older industrial river towns. Through mentor matching, office hours, and regional cohort sessions, metropolitan officials and activists learn local context from experienced community leaders while building durable cross-jurisdiction relationships that continue...",Cross-Regional Mentorship Network,No Locally Attuned Progressive Leaders from Working-Class Communities,Local Government Academy,"1501 Preble Avenue, Suite 202, Pittsburgh, PA 15233",https://localgovernmentacademy.org,info@localgovernmentacademy.org,
Next Neighborhood Leaders,"Next Neighborhood Leaders is a cohort-based civic leadership fellowship that equips residents from working-class neighborhoods with practical skills in public speaking, facilitation, policy literacy, power mapping, and community organizing. Participants design and implement real community action projects while receiving mentorship from local organizers and public service leaders. The program prepares participants to lead civic campaigns with unions and neighborhood groups, and to step into ro...",Local Worker Leadership Fellowship,No Locally Attuned Progressive Leaders from Working-Class Communities,Coro Pittsburgh,"33 Terminal Way, Pittsburgh, PA 15219",https://coropittsburgh.org,info@coropittsburgh.org,
OJT Wage Reimbursement & Apprenticeship Support,"Catalyst Connection partners with manufacturers to implement registered apprenticeships and provides On-the-Job Training (OJT) wage reimbursements for new hires in high-demand skilled trades. These reimbursements act as short-term wage supplements that enable employers to pay trainees while they learn, reducing financial risk for participants and increasing access to paid, career-track training. The organization also helps cover training and related instruction costs through grants, mirroring...",Local Apprenticeship Scholarships and Wage Supplements,Cultural Disconnection Between Progressive Messaging and Working-Class Identity,Catalyst Connection,"4501 Lytle Street, Suite 301, Pittsburgh, PA 15207",https://www.catalystconnection.org,info@catalystconnection.org,
OPDC Community Land Trust (CLT) Homes and Mixed‑Use Stewardship,"OPDC’s Community Land Trust acquires properties in Oakland and places them under 99‑year ground leases to preserve long‑term affordability and community control. As OPDC advances mixed‑use projects and small‑business support along neighborhood corridors, it uses the CLT and related community ownership tools to retain affordable commercial space and recruit mission‑aligned tenants—such as worker cooperatives and union‑friendly employers—so that jobs created are stable and living‑wage. Governan...",Community Land Trusts + Worker Co‑ops,Absence of Labor-Community Coalitions,Oakland Planning and Development Corporation (OPDC),"294 Semple Street, Pittsburgh, PA 15213",https://www.opdc.org,info@opdc.org,
OPDC Community Planning and Development Review for Community Benefits,"OPDC leads community organizing and negotiations with universities, hospitals, and private developers in Oakland to secure Community Benefits Agreements tied to large rezonings and institutional projects. These CBAs focus on local hiring pipelines and apprenticeships, community-serving amenities, affordable housing contributions, and environmental mitigations for traffic and air quality. OPDC mobilizes neighborhood and faith partners, collects community input, and formalizes commitments with ...",Community Benefit Agreements for Redevelopment,Absence of Labor-Community Coalitions,Oakland Planning and Development Corporation,"294 Semple Street, Pittsburgh, PA 15213",https://www.opdc.org,info@opdc.org,
Oakland Community Benefits Negotiations and Monitoring,"OPDC organizes residents, unions, and faith/community partners to negotiate community benefit commitments on major Oakland developments, including recent institutional expansions and the Oakland Crossings plan. The organization advocates for and helps structure agreements that secure local hiring pipelines and apprenticeship slots, affordable housing and community services, and mitigation of construction, traffic, and environmental impacts—and then monitors implementation through community co...",Community Benefit Agreements for Redevelopment,Absence of Labor-Community Coalitions,Oakland Planning and Development Corporation,"294 Semple Street, Pittsburgh, PA 15213",https://www.opdc.org,info@opdc.org,
Oakwatch: The Oakland Code Enforcement Project,"Oakwatch builds a network of resident block watchers across Oakland who monitor quality-of-life issues, share updates with neighbors, and convene regular meetings with city officials and agencies. These block leaders act as local liaisons, distributing information and escalating needs from their blocks to authorities, embodying a decentralized, continuous outreach model.",Block Captain Network,Absence of Year-Round Democratic Party Presence and Organizing,Oakland Planning and Development Corporation (OPDC),"294 Semple Street, Pittsburgh, PA 15213",https://www.opdc.org,info@opdc.org,
Observer-Reporter,"The Observer-Reporter covers Washington and Greene counties with features, enterprise reporting, newsletters, and multimedia stories that often center on the region’s energy, manufacturing, and trades workforce. By profiling workers, union leaders, and local problem-solvers—and by showcasing ongoing community projects—the newsroom operates as a regional storytelling outlet that elevates credible local perspectives. Its consistent, place-based coverage helps residents see themselves reflected ...",Local Storytelling Media Hub,No Locally Attuned Progressive Leaders from Working-Class Communities,Observer-Reporter,"122 South Main Street, Washington, PA 15301",https://www.observer-reporter.com,news@observer-reporter.com,
Office of Equal Opportunity – Inclusive Contracting and Compliance,"The City of Pittsburgh’s Office of Equal Opportunity (OEO) embeds goals and requirements into city solicitations to increase participation by locally based, minority- and women-owned firms in construction, professional services, and goods. By certifying vendors, monitoring compliance on contracts, and hosting outreach to connect city buyers with Pittsburgh-area contractors and manufacturers, OEO directs municipal spending to local businesses, creating more predictable demand and local jobs.",Local Procurement and Buy-Local Policies,Cultural Disconnection Between Progressive Messaging and Working-Class Identity,"City of Pittsburgh, Office of Equal Opportunity","414 Grant Street, Pittsburgh, PA 15219",https://pittsburghpa.gov/oeo,oeo@pittsburghpa.gov,
Oil City Main Street Program,"The Oil City Main Street Program, managed by the Oil Region Alliance, organizes guided downtown walks, business site tours, and public events that regularly host visiting officials and candidates in a nonpartisan manner. Acting as a local welcome committee, staff and volunteers coordinate itineraries, arrange speaking slots at community venues, and ensure visits include small-town stops across Oil City and neighboring mill towns, connecting guests with residents, merchants, and local leaders.",Local Welcome Committee,Campaign Visits Concentrated in Urban Pittsburgh Rather Than Industrial Communities,"Oil Region Alliance of Business, Industry & Tourism","217 Elm Street, Oil City, PA 16301",https://www.oilregion.org,info@oilregion.org,
Oil City Main Street Program,"The Oil City Main Street Program maintains ongoing volunteer working committees (Organization, Design, Economic Vitality, Promotion) that engage residents and business owners in revitalization of a deindustrialized downtown. These committees research needs, propose improvements for vacant/brownfield properties, support entrepreneurship and jobs, and run year-round campaigns and events. Their committee model provides the continuous, resident-driven engagement envisioned by the Local Issue Work...",Local Issue Working Groups,Absence of Year-Round Democratic Party Presence and Organizing,"Oil Region Alliance of Business, Industry & Tourism","217 Elm Street, Oil City, PA 16301",https://oilregion.org/main-street-program/,info@oilregion.org,
Oil Heritage Festival,"A multi-day annual festival in Oil City celebrating the birthplace of the modern petroleum industry with heritage exhibits, historic tours, artisan demonstrations, and storytelling events about oilfield work. The festival centers the identity and contributions of oil workers and related trades, helping the community take pride in its industrial past and present.",Industrial Heritage and Labor Cultural Events,Cultural Disconnection Between Progressive Messaging and Working-Class Identity,Venango Area Chamber of Commerce,"24 Seneca Street, Oil City, PA 16301",https://venangochamber.org,chamber@venangochamber.org,
Oil Region Alliance Legislative Affairs,"The Oil Region Alliance convenes municipalities, businesses, and civic groups across Venango and neighboring counties to advocate for small industrial towns like Oil City, Franklin, and Emlenton. Through nonpartisan legislative roundtables and coordinated invitations for candidates and elected officials to tour redevelopment and heritage industrial sites, the Alliance pairs on‑the‑ground visits with unified issue briefs on infrastructure, brownfield reuse, and downtown revitalization. This re...",Regional Coalition to Request Official Visits,Campaign Visits Concentrated in Urban Pittsburgh Rather Than Industrial Communities,"Oil Region Alliance of Business, Industry & Tourism","217 Elm Street, Oil City, PA 16301",https://www.oilregion.org,info@oilregion.org,
"Oil Region Alliance of Business, Industry & Tourism","Serving Venango County communities like Oil City, Franklin, and Emlenton, the Alliance coordinates site visits and community tours for public officials and candidates, showcasing legacy industries and downtown revitalization. By arranging schedules, venues, and introductions to local employers and civic leaders, it functions as a regional welcome committee that brings campaign stops into smaller industrial towns.",Local Welcome Committee,Campaign Visits Concentrated in Urban Pittsburgh Rather Than Industrial Communities,"Oil Region Alliance of Business, Industry & Tourism","217 Elm Street, Oil City, PA 16301",https://www.oilregion.org,info@oilregion.org,
Oil Region Community Events Calendar,"The Oil Region Alliance manages a regional events calendar for Venango and surrounding counties that aggregates community meetings, educational programs, and volunteer opportunities across the Oil Region National Heritage Area. They complement the online calendar with printed guides and rack cards distributed at visitor centers and local venues, and they share updates via email and Facebook to keep residents connected year-round.",Shared Community Calendar & Messaging Groups,Absence of Year-Round Democratic Party Presence and Organizing,"Oil Region Alliance of Business, Industry & Tourism","217 Elm Street, Oil City, PA 16301",https://www.oilregion.org,info@oilregion.org,
Oil Region National Heritage Area,"Through the Oil Region National Heritage Area, staff and volunteers coordinate heritage tours, site visits, and public programs across Oil City, Franklin, Emlenton, and surrounding towns. They provide itinerary planning, local guides, and venue arrangements (museums, mills, union halls) for visiting dignitaries and candidates, ensuring events are hosted in small industrial communities. This serves as a local welcome infrastructure that spotlights deindustrialized towns and gives residents voi...",Local Welcome Committee,Campaign Visits Concentrated in Urban Pittsburgh Rather Than Industrial Communities,"Oil Region Alliance of Business, Industry & Tourism","217 Elm Street, Oil City, PA 16301",https://oilregion.org,info@oilregion.org,
On-the-Job Training (OJT) Grants,"Tri-County Workforce Investment Board provides wage-reimbursement grants to employers in Armstrong, Butler, and Indiana counties when they hire and train local jobseekers in advanced manufacturing roles. These employer-directed funds function like microgrants tied to local hiring commitments, helping small manufacturers afford apprentices and entry-level trainees while freeing up capital to improve tools and safety practices.",Community Manufacturing Microgrant Fund,Cultural Disconnection Between Progressive Messaging and Working-Class Identity,Tri-County Workforce Investment Board,"112 Hollywood Drive, Suite 201, Butler, PA 16001",https://tricountywib.org,info@tricountywib.org,
On-the-Job Training (OJT) and Incumbent Worker Training (IWT),"Partner4Work provides OJT and IWT funds to manufacturing employers in Allegheny County to offset the costs of hiring and training local workers. OJT reimburses a portion of wages for newly hired participants as they learn on the job, while IWT subsidizes skills upgrades for existing staff—enabling small manufacturers to bring on apprentices and modernize processes in exchange for commitments to hire and retain local residents.",Community Manufacturing Microgrant Fund,Cultural Disconnection Between Progressive Messaging and Working-Class Identity,Partner4Work (Pittsburgh/Allegheny County Workforce Development Board),"650 Smithfield Street, Suite 2600, Pittsburgh, PA 15222",https://www.partner4work.org,info@partner4work.org,
On-the-Job Training (OJT) and Transitional Jobs,"Partner4Work funds OJT contracts that reimburse employers for a portion of a new hire’s wages during a structured training period, enabling dislocated workers to be hired and paid from day one while they learn new skills at work. The organization also supports time-limited Transitional Jobs that provide subsidized wages and wraparound supports for individuals with barriers to employment. Together these wage-bridge tools combine paid work experience with targeted instruction so workers can ups...",Paid On-the-Job Retraining,Cultural Disconnection Between Progressive Messaging and Working-Class Identity,Partner4Work (Pittsburgh/Allegheny County Workforce Development Board),"650 Smithfield Street, Suite 2600, Pittsburgh, PA 15222",https://www.partner4work.org,info@partner4work.org,
On-the-Job Training (OJT) for Adult and Dislocated Workers,"Partner4Work’s OJT program reimburses employers for a portion of wages while they train newly hired dislocated or underemployed workers in job-specific skills, so participants earn a paycheck from day one. This wage reimbursement functions as a wage bridge, allowing workers to upskill without losing income, and is paired with employer-delivered training and, when applicable, related classroom instruction.",Paid On-the-Job Retraining,Cultural Disconnection Between Progressive Messaging and Working-Class Identity,Partner4Work (Workforce Development Board of Pittsburgh/Allegheny County),"650 Smithfield Street, Suite 2400, Pittsburgh, PA 15222",https://www.partner4work.org,info@partner4work.org,
On-the-Job Training (OJT) for Employers,"Partner4Work reimburses small and mid-sized manufacturers for a portion of wages while they train newly hired workers or apprentices, effectively operating like a microgrant tied to hiring local residents. Employers can use the savings to upgrade tools and implement safer processes while building a pipeline of skilled workers from Allegheny County.",Community Manufacturing Microgrant Fund,Cultural Disconnection Between Progressive Messaging and Working-Class Identity,Partner4Work,"650 Smithfield Street, Suite 2600, Pittsburgh, PA 15222",https://www.partner4work.org,info@partner4work.org,
One Northside Mini-Grants,"Administered by New Sun Rising, the One Northside Mini-Grants program awards microgrants to Northside residents and grassroots groups to activate shared spaces—such as church halls, branch libraries, parks, and small business storefronts—with free or low-cost community programming. Grants typically support supplies, small stipends, and space costs for gatherings that build social ties and neighborhood pride without political advocacy, aligning precisely with a neighborhood grants approach for...",Community micro-grants for grassroots organizing,Communication Gaps Between Top Union Officials and Rank-and-File Members,New Sun Rising,"112 Sherman Street, Millvale, PA 15209",https://www.newsunrising.org,info@newsunrising.org,
One Northside Mini-Grants,"One Northside Mini-Grants provides small awards to Northside residents, block clubs, and informal groups to run member-led projects such as neighborhood outreach, community events, and translation of materials. Administered locally with resident review, it quickly moves flexible funds to neighbors so they can organize and communicate peer-to-peer without relying on distant national operations.",Community micro-grants for grassroots organizing,Communication Gaps Between Top Union Officials and Rank-and-File Members,New Sun Rising,"112 Sherman Street, Millvale, PA 15209",https://www.newsunrising.org/program/one-northside/,info@newsunrising.org,
One Northside Neighbor Ambassadors,"One Northside recruits and supports resident Ambassadors across the Northside’s neighborhoods to serve as on-the-block connectors for information, resources, and events. Ambassadors host small gatherings, check in with neighbors, and elevate community needs to the initiative and partners—creating a decentralized network that sustains year-round communication and engagement.",Block Captain Network,Absence of Year-Round Democratic Party Presence and Organizing,The Buhl Foundation (One Northside initiative),"5 Gateway Center, Suite 2500, Pittsburgh, PA 15222",https://www.onenorthsidepgh.org,info@buhlfoundation.org,
One Northside Neighbor-to-Neighbor,"Neighbor-to-Neighbor provides small grants and support for Northside residents to host block parties, potlucks, coffee hours, and storytelling gatherings in living rooms, parks, and community spaces. These peer-led salons intentionally build trust and connections across blocks and bring neighbors together to surface local priorities while welcoming local leaders and candidates into low-pressure, conversational settings. The initiative restores the social fabric once fostered by union halls by...",Neighborhood peer salons and social events,Communication Gaps Between Top Union Officials and Rank-and-File Members,New Sun Rising (in partnership with One Northside/Buhl Foundation),"112 Sherman Street, Millvale, PA 15209",https://www.newsunrising.org,info@newsunrising.org,
Oral History & Digital Storytelling,"Rivers of Steel collects, archives, and publishes first-person stories from steelworkers and residents of the Mon Valley through interviews, videos, and exhibits. These narratives are shared via online articles, short videos, social media, and on-site programs, humanizing workers’ experiences in deindustrialized communities and rebuilding trust through locally grounded storytelling.",Local media and storytelling campaign,Communication Gaps Between Top Union Officials and Rank-and-File Members,Rivers of Steel Heritage Corporation,"623 East 8th Avenue, Homestead, PA 15120",https://riversofsteel.com,info@riversofsteel.com,
Oral History Collection and Community Stories,"Rivers of Steel collects, preserves, and shares oral histories, photographs, and videos from steelworkers, families, and residents throughout the Mon Valley and other industrial river towns. These stories are curated into online exhibits, blog features, and short videos and are amplified through tours, programs at the Pump House/Bost Building, and active social media outreach. By documenting lived experiences and broadcasting them through regional channels, the program highlights both the her...",Community Storytelling and Media Campaign,Campaign Visits Concentrated in Urban Pittsburgh Rather Than Industrial Communities,Rivers of Steel Heritage Corporation,"623 E 8th Avenue, Homestead, PA 15120",https://riversofsteel.com,info@riversofsteel.com,
Oral History Program,"The Johnstown Area Heritage Association gathers and shares resident interviews, family photos, and community artifacts to tell the story of Johnstown’s industrial legacy and ongoing challenges and strengths. Content from these oral histories appears in museum exhibits, online collections, short videos, and social media features that reach regional audiences and local media partners. The program ensures that working-class voices from a deindustrialized city are documented and widely circulated...",Community Storytelling and Media Campaign,Campaign Visits Concentrated in Urban Pittsburgh Rather Than Industrial Communities,Johnstown Area Heritage Association,"201 6th Avenue, Johnstown, PA 15906",https://www.jaha.org,info@jaha.org,
Organizing Committee,"Pittsburghers for Public Transit’s Organizing Committee runs year-round volunteer rider canvasses at bus stops and community hubs and conducts phonebanks to gather input on service needs, alert neighbors to changes, and connect people with transit resources. This sustained outreach builds a base of engaged riders, strengthens neighborhood leadership, and keeps two-way communication open between residents and decision-makers outside election cycles.",Year-Round Volunteer Canvass & Phone Teams,Absence of Year-Round Democratic Party Presence and Organizing,Pittsburghers for Public Transit,"5119 Penn Avenue, Pittsburgh, PA 15224",https://www.pittsburghforpublictransit.org,info@pittsburghforpublictransit.org,
Organizing Fellowship,"Pittsburghers for Public Transit’s Organizing Fellowship provides paid, hands-on training for riders and residents in grassroots organizing, meeting facilitation, and advocacy with transit agencies and local governments. Fellows learn base-building, canvassing, and campaign planning, then lead rider committees and public meetings—creating an ongoing pipeline of community leaders who sustain civic engagement around essential services.",Community Policy Labs,No Locally Attuned Progressive Leaders from Working-Class Communities,Pittsburghers for Public Transit,"5119 Penn Avenue, Pittsburgh, PA 15224",https://www.pittsburghforpublictransit.org,info@pittsburghforpublictransit.org,
Organizing Fellowship,"Pittsburghers for Public Transit’s Organizing Fellowship provides paid, hands-on training for riders and residents in grassroots organizing, meeting facilitation, and advocacy with transit agencies and local governments. Fellows learn base-building, canvassing, and campaign planning, then lead rider committees and public meetings—creating an ongoing pipeline of community leaders who sustain civic engagement around essential services.",Civic Apprenticeship & Leadership Program,Absence of Year-Round Democratic Party Presence and Organizing,Pittsburghers for Public Transit,"5119 Penn Avenue, Pittsburgh, PA 15224",https://www.pittsburghforpublictransit.org,info@pittsburghforpublictransit.org,
Organizing Program,"Pittsburghers for Public Transit runs year-round base-building with volunteer teams that canvass bus stops and knock doors along impacted routes, and they host recurring phone/text banks to survey riders and connect them to service changes and discount fare programs. This continual outreach builds trust with riders and neighbors, surfaces local transit issues, and develops new leaders who move into campaign and committee roles.",Year-Round Volunteer Canvass & Phone Teams,Absence of Year-Round Democratic Party Presence and Organizing,Pittsburghers for Public Transit,"5119 Penn Avenue, Pittsburgh, PA 15224",https://www.pittsburghforpublictransit.org,info@pittsburghforpublictransit.org,
Our Town,"Our Town is a long-running WQED community storytelling series where residents of Western Pennsylvania towns film short segments about their hometown’s history, people, challenges, and strengths. WQED trains and equips volunteers, then edits the footage into broadcast documentaries and short videos that air regionally and are shared across digital and social channels. By putting cameras in the hands of residents from deindustrialized communities, the series elevates local voices and circulates...",Community Storytelling and Media Campaign,Campaign Visits Concentrated in Urban Pittsburgh Rather Than Industrial Communities,WQED Multimedia,"4802 Fifth Avenue, Pittsburgh, PA 15213",https://www.wqed.org/ourtown,info@wqed.org,
Our Town (Special Sections and Multimedia),"The Tribune-Democrat’s Our Town special sections and multimedia features invite residents and community groups across Cambria and Somerset County to contribute profiles, photos, and short videos that showcase each town’s heritage, issues, and achievements. Content runs in print, on tribdem.com, and across social media, often paired with community events, creating an ongoing local-media platform that centers resident storytelling from deindustrialized communities.",Community Storytelling and Media Campaign,Campaign Visits Concentrated in Urban Pittsburgh Rather Than Industrial Communities,The Tribune-Democrat,"425 Locust Street, Johnstown, PA 15901",https://www.tribdem.com,newsroom@tribdem.com,
Our Water Campaign,"Pittsburgh United’s Our Water Campaign convenes resident tables and technical working groups to address water infrastructure, affordability, and lead line replacement. Participants gather neighborhood-level data, develop policy proposals for utilities and local government, and run sustained public education and advocacy efforts—linking infrastructure improvements to local jobs while maintaining continuous community engagement.",Local Issue Working Groups,Absence of Year-Round Democratic Party Presence and Organizing,Pittsburgh United,"1 Smithfield Street, Suite 500, Pittsburgh, PA 15222",https://www.pittsburghunited.org,info@pittsburghunited.org,
Our West Bayfront Candidate Nights,"Our West Bayfront in Erie regularly hosts nonpartisan candidate nights where neighbors and local workers directly question candidates for city and school positions about reinvestment, transit, housing, and quality-of-life issues. These sessions are livestreamed or recorded and shared through OWB’s newsletters and social platforms, creating a transparent record of candidate positions and commitments for community follow-up.",Local candidate forums and accountability sessions,Communication Gaps Between Top Union Officials and Rank-and-File Members,Our West Bayfront,"404 West 8th Street, Erie, PA 16502",https://ourwestbayfront.org,info@ourwestbayfront.org,
PA 211 Southwest,"PA 211 Southwest is a continuously updated, searchable database of community resources, volunteer opportunities, and services provided by nonprofits, faith-based organizations, and public agencies across Western Pennsylvania. Its centralized directory and referral platform help partners avoid duplication, align services, and quickly connect residents and workers to support while providing aggregated data for regional planning.",Data & Resource Sharing Platform,Absence of Labor-Community Coalitions,United Way of Southwestern Pennsylvania,"1250 Penn Avenue, Pittsburgh, PA 15222",https://pa211.org,,
PA 211 Southwest,"PA 211 Southwest is a centralized information and referral platform that aggregates thousands of services, meeting schedules, and volunteer opportunities from community groups, faith institutions, and social-service partners across Western Pennsylvania. The public database and dashboards help coalitions reduce duplication, coordinate outreach, and measure needs and outcomes in real time. United Way curates and updates the platform with help from partners and volunteers, making it a practical ...",Data & Resource Sharing Platform,Absence of Labor-Community Coalitions,United Way of Southwestern Pennsylvania,"650 Smithfield Street, Suite 2600, Pittsburgh, PA 15222",https://pa211sw.org,info@uwswpa.org,
PA CareerLink Downtown Pittsburgh,"PA CareerLink’s Downtown Pittsburgh center offers one-on-one career navigation, job matching, and employer engagement to align jobseekers with current openings and the skills employers actually require. Staff use local labor-market information and hiring data to guide individuals into appropriate training and placement pathways, operationalizing a continuous feedback loop between jobseekers and employers.",Local Workforce Data Dashboards and Career Navigators,Cultural Disconnection Between Progressive Messaging and Working-Class Identity,PA CareerLink Pittsburgh/Allegheny County (Partner4Work and PA Department of Labor & Industry),"304 Wood Street, Pittsburgh, PA 15222",https://www.pacareerlink.pa.gov,,
PCTV21 Community Access Television,"PCTV21 operates a community-run TV and digital media hub where residents, unions, neighborhood groups, and local leaders create and broadcast their own shows and video series. By training community producers and distributing programs on cable, livestream, and YouTube, PCTV21 elevates authentic local voices and stories of workers and community projects across Western Pennsylvania.",Local Storytelling Media Hub,No Locally Attuned Progressive Leaders from Working-Class Communities,Pittsburgh Community Television (PCTV),"1300 Western Avenue, Pittsburgh, PA 15233",https://www.pctv21.org,info@pctv21.org,
PCTV21 Community Access Television,"PCTV21 is Pittsburgh’s public access media center where residents, neighborhood groups, and unions create and broadcast their own shows on cable and online. By training community members in video production and providing studio, field equipment, and distribution, it amplifies authentic local voices—workers, small-business owners, and community leaders—who share stories about neighborhood projects and workplace issues. This community-run platform directly implements the solution by serving as ...",Local Storytelling Media Hub,No Locally Attuned Progressive Leaders from Working-Class Communities,Pittsburgh Community Television,"1300 Western Avenue, Pittsburgh, PA 15233",https://www.pctv21.org,info@pctv21.org,
PCTV21 Community Access Television,"PCTV21 operates a community-run TV and digital media hub where residents, unions, neighborhood groups, and local leaders create and broadcast their own shows and video series. By training community producers and distributing programs on cable, livestream, and YouTube, PCTV21 elevates authentic local voices and stories of workers and community projects across Western Pennsylvania.",Joint Public Education and Storytelling Campaigns,Absence of Labor-Community Coalitions,Pittsburgh Community Television (PCTV),"1300 Western Avenue, Pittsburgh, PA 15233",https://www.pctv21.org,info@pctv21.org,
PCTV21 Community Media Training & Programs,"PCTV21 equips Pittsburgh residents with training, studio access, and support to produce community TV shows and podcasts that cover neighborhood news, local events, and civic resources. The resulting programs air on cable and stream online, giving residents a year-round platform to tell local stories, spotlight community meetings, and share opportunities to participate in public life.",Community Media — Newsletter & Podcast,Absence of Year-Round Democratic Party Presence and Organizing,Pittsburgh Community Television,"1300 Western Avenue, Pittsburgh, PA 15233",https://www.pctv21.org,info@pctv21.org,
PCWP Events & Candidate Forums Calendar,"Chatham University's Pennsylvania Center for Women and Politics hosts and publicly lists candidate forums, policy talks, and civic engagement events that bring elected officials and candidates into communities throughout Southwestern Pennsylvania. The calendar helps residents identify upcoming opportunities to hear from and question candidates and officeholders in accessible, nonpartisan settings.",Civic Calendar and Visit Tracker,Campaign Visits Concentrated in Urban Pittsburgh Rather Than Industrial Communities,Pennsylvania Center for Women and Politics at Chatham University,"1 Woodland Road, Pittsburgh, PA 15232",https://www.chatham.edu/centers/pcwp/events.cfm,pcwp@chatham.edu,
PFT 400 COPE (Committee on Political Education),"PFT 400’s COPE brings classroom educators into a structured, member-led endorsement process that includes candidate questionnaires, public forums at the union hall, and member votes, rather than relying solely on executive endorsements. In parallel, elected bargaining teams and building representatives run membership surveys and meetings to set bargaining priorities, connecting endorsements to transparent, rank-and-file defined goals.",Pilot participatory bargaining and decision-making,Communication Gaps Between Top Union Officials and Rank-and-File Members,"Pittsburgh Federation of Teachers, AFT Local 400","10 South 19th Street, Pittsburgh, PA 15203",https://www.pft400.org,,
PFT 400 COPE (Committee on Political Education),"Pittsburgh Federation of Teachers’ COPE is a member-run endorsement council that screens school board, city, and county candidates through panels of classroom educators and paraprofessionals. Members craft concise statements explaining endorsements and distribute them via building representatives and neighborhood networks, delivering locally grounded guidance to union households instead of relying on top-down national messaging.",Local endorsement councils made of members,Communication Gaps Between Top Union Officials and Rank-and-File Members,"Pittsburgh Federation of Teachers, AFT Local 400","10 South 19th Street, Pittsburgh, PA 15203",https://pft400.org,,
PFT 400 COPE and Endorsement Screening,"The Pittsburgh Federation of Teachers organizes elected rank-and-file educators into endorsement screening committees that interview school board and municipal candidates, deliberate, and issue locally driven endorsements. These member councils produce brief, teacher-authored statements and building-level guidance that are circulated through school-based networks and neighborhood canvasses, restoring peer-to-peer political communication instead of relying solely on national messages.",Local endorsement councils made of members,Communication Gaps Between Top Union Officials and Rank-and-File Members,"Pittsburgh Federation of Teachers, AFT Local 400","10 South 19th Street, Pittsburgh, PA 15203",https://www.pft400.org,info@pft400.org,
PFT 400 Member-to-Member Political Action Network,"The Pittsburgh Federation of Teachers mobilizes building representatives and volunteer political action leaders in each school as peer ambassadors. These rank-and-file educators share union endorsements and issue briefs, gather feedback and questions from colleagues, and connect members to local forums, candidate nights, and civic events across the city. During election cycles the union provides training, materials, and, where applicable, release time or stipends for member organizers to main...",Worker-to-worker ambassador program,Communication Gaps Between Top Union Officials and Rank-and-File Members,"Pittsburgh Federation of Teachers, AFT Local 400","10 South 19th Street, Pittsburgh, PA 15203",https://pft400.org,info@pft400.org,
PFT COPE and Contract Action Teams,"The Pittsburgh Federation of Teachers’ Committee on Political Education (COPE) and Contract Action Teams involve classroom educators in setting bargaining priorities and shaping political endorsements. Members organize building-level conversations and surveys to identify bargaining goals, then use COPE—comprised of rank-and-file educators—to interview candidates, draft endorsement criteria, and vote on recommendations, ensuring transparent, member-driven decision-making.",Pilot participatory bargaining and decision-making,Communication Gaps Between Top Union Officials and Rank-and-File Members,"Pittsburgh Federation of Teachers, AFT Local 400","10 South 19th Street, Pittsburgh, PA 15203",https://www.pft400.org,,
PFT Local 400 COPE Building Meetings,"The Pittsburgh Federation of Teachers’ COPE program organizes peer-led political updates inside schools through brief before- and after-school building meetings. Building reps explain union endorsements, describe the screening and voting process that produced them, connect the choices to local school board and classroom policy, and host Q&A so educators can press for details and share member feedback that is reported back to union leadership.",Workplace-based information sessions,Communication Gaps Between Top Union Officials and Rank-and-File Members,"Pittsburgh Federation of Teachers, AFT Local 400","10 South 19th Street, Pittsburgh, PA 15203",https://pft400.org,,
PFT Political Action and Endorsements,"The Pittsburgh Federation of Teachers convenes educators and school staff to screen candidates—especially for school board and municipal offices—based on commitments to public education, worker rights, and neighborhood needs. The union publishes endorsements and mobilizes educators and community allies, providing a respected local voice that vets and publicly backs candidates aligned with worker- and student-centered agendas.",Local Candidate Endorsement Circle,No Locally Attuned Progressive Leaders from Working-Class Communities,"Pittsburgh Federation of Teachers, AFT Local 400","10 South 19th Street, Pittsburgh, PA 15203",https://www.pft400.org,,
PFT-COPE Endorsements,"PFT-COPE is the Pittsburgh Federation of Teachers’ member-led political committee that evaluates and endorses candidates for School Board, City, County, and State offices. Educators and school staff review questionnaires, conduct interviews, and hold public forums to assess candidates’ commitments to public education, labor rights, and community well-being. Their endorsements elevate respected local educators’ voices and guide voters toward worker- and student-centered representation.",Local Candidate Endorsement Circle,No Locally Attuned Progressive Leaders from Working-Class Communities,"Pittsburgh Federation of Teachers, AFT Local 400","10 South 19th Street, Pittsburgh, PA 15203",https://pft400.org,info@pft400.org,
PPT Monthly Membership Meetings & Transit Talks,"Monthly member meetings and community conversations about transit justice hosted in different neighborhoods at libraries, community centers, and local cafes along bus routes. By rotating venues and partnering with local hosts, PPT makes gatherings accessible and spreads the organizing workload across communities. These recurring, social organizing nights keep relationships strong and advocacy active between elections.",Pop-up Community Evenings,Absence of Year-Round Democratic Party Presence and Organizing,Pittsburghers for Public Transit,"5119 Penn Avenue, Pittsburgh, PA 15224",https://www.pittsburghforpublictransit.org,info@pittsburghforpublictransit.org,
PULSE Service Year,"PULSE provides an 11-month, paid service-year that places emerging leaders in four-day-per-week apprenticeships with community-based nonprofits (CDCs, neighborhood groups, and human service organizations) throughout Pittsburgh. Participants receive structured civic leadership training, mentorship, and seminars on local governance and policy while living in city neighborhoods, building a pipeline of locally rooted organizers and public-interest professionals in Western Pennsylvania.",Civic Apprenticeships for Young Workers,No Locally Attuned Progressive Leaders from Working-Class Communities,PULSE (Pittsburgh Urban Leadership Service Experience),"5151 Penn Avenue, Pittsburgh, PA 15224",https://pulsepittsburgh.org,info@pulsepittsburgh.org,
PUMP Networking Happy Hours,"Recurring after-work/evening social gatherings hosted at rotating bars, breweries, and cafes across Pittsburgh’s neighborhoods to connect residents, community leaders, and organizations. The pop-up format brings people together in different local businesses each time, lowering barriers to participation and nurturing relationships beyond election cycles. PUMP often integrates civic engagement opportunities, keeping a continuous presence through accessible, social, rotating events.",Pop-up Community Evenings,Absence of Year-Round Democratic Party Presence and Organizing,Pittsburgh Urban Magnet Project (PUMP),"100 South Commons, Suite 102, Pittsburgh, PA 15212",https://www.pump.org,info@pump.org,
PWSA Green Infrastructure Program,"Pittsburgh Water and Sewer Authority’s Green Infrastructure Program works in neighborhoods disproportionately impacted by flooding and combined sewer overflows, convening project-specific teams with community groups and union contractors to design and deliver stormwater projects. PWSA collaborates with workforce partners and union apprenticeship programs (e.g., through pre-apprenticeship pipelines) so residents can train for and secure union jobs building and maintaining green infrastructure....",Environmental Justice + Labor Working Groups,Absence of Labor-Community Coalitions,Pittsburgh Water and Sewer Authority,"1200 Penn Avenue, Pittsburgh, PA 15222",https://www.pgh2o.com,info@pgh2o.com,
Partner4Work Construction Industry Partnership,"Partner4Work convenes unions, community organizations, and contractors to coordinate apprenticeship readiness, hiring pipelines, and ongoing mentorship for residents entering the building trades. Through regular industry partnership meetings and joint initiatives (often with groups like the Builders Guild, APRI, and trade JATCs), they align training with employer needs, host information sessions in neighborhoods, and secure interview/hiring commitments that connect graduates directly to union...",Union–Community Partnerships,Cultural Disconnection Between Progressive Messaging and Working-Class Identity,Partner4Work,"650 Smithfield Street, Suite 2600, Pittsburgh, PA 15222",https://www.partner4work.org,info@partner4work.org,
Partner4Work Data & Research,"Partner4Work, the workforce development board for Pittsburgh and Allegheny County, publishes ongoing labor-market dashboards and analyses (e.g., industry demand, occupations, wages, and program performance) to give employers, jobseekers, and training providers a clear view of real hiring needs. The organization also funds and coordinates career navigation through PA CareerLink Allegheny County and sector partnerships, connecting jobseekers directly to in-demand opportunities and employer requ...",Local Workforce Data Dashboards and Career Navigators,Cultural Disconnection Between Progressive Messaging and Working-Class Identity,Partner4Work,"650 Smithfield Street, Suite 2600, Pittsburgh, PA 15222",https://www.partner4work.org,info@partner4work.org,
Partner4Work Industry Partnerships,"Partner4Work leads industry partnerships in manufacturing, construction, and related sectors that highlight real local jobs and worker pathways using clear, accessible language. Their materials and events feature employer and worker voices, emphasizing steady pay, benefits, and respect for skilled trades across Western Pennsylvania rather than defaulting to college-first narratives. This approach frames opportunity around dignity and livelihood and helps jobseekers see themselves in trades an...","Plain‑Language, Respectful Local Messaging",Cultural Disconnection Between Progressive Messaging and Working-Class Identity,Partner4Work (Workforce Development Board for Pittsburgh/Allegheny County),"650 Smithfield Street, Suite 2600, Pittsburgh, PA 15222",https://www.partner4work.org,info@partner4work.org,
Partner4Work Job Demand Dashboard and PA CareerLink Career Navigation,"Partner4Work publishes a local Job Demand Dashboard and labor-market snapshots that track in-demand occupations, wages, and employer demand in Allegheny County, giving residents and training providers clear, up-to-date hiring signals. It also funds and oversees PA CareerLink Pittsburgh/Allegheny County career navigators who coach jobseekers, host hiring events, and directly connect employers with qualified candidates so training and placement align with real job openings.",Local Workforce Data Dashboards and Career Navigators,Cultural Disconnection Between Progressive Messaging and Working-Class Identity,Partner4Work (Pittsburgh/Allegheny County Workforce Development Board),"650 Smithfield Street, Suite 2400, Pittsburgh, PA 15222",https://www.partner4work.org,info@partner4work.org,
Partner4Work Labor Market Information,"Partner4Work publishes labor market dashboards, reports, and maps tracking employment, job postings, sector demand, and training assets for the Pittsburgh/Allegheny County area. By compiling timely, localized economic indicators and making them accessible to the public, it implements the solution and helps campaigns, journalists, and advocacy organizations understand workforce needs in industrial and post-industrial communities and align outreach with opportunities.",Collaborative Data and Needs Dashboard,Campaign Visits Concentrated in Urban Pittsburgh Rather Than Industrial Communities,Partner4Work (Workforce Development Board for the City of Pittsburgh and Allegheny County),"650 Smithfield Street, Suite 2600, Pittsburgh, PA 15222",https://www.partner4work.org/data,info@partner4work.org,
Partner4Work Reentry Programs,"Partner4Work coordinates employer-driven reentry initiatives that connect justice-involved residents to paid training, subsidized employment, and direct hiring with regional employers. Working through PA CareerLink and community providers, they blend case management, wraparound services (including linkage to treatment and housing), and retention coaching so employers can confidently offer second-chance jobs and participants receive on-the-job support.",Employer Return-to-Work Programs for Recovery and Reentry,Cultural Disconnection Between Progressive Messaging and Working-Class Identity,Partner4Work (Pittsburgh/Allegheny County Workforce Development Board),"650 Smithfield Street, Suite 2600, Pittsburgh, PA 15222",https://www.partner4work.org,info@partner4work.org,
Partner4Work Workforce Development Board,"Partner4Work is the public workforce development board for Pittsburgh and Allegheny County, a standing council that includes employers, organized labor, community organizations, education providers, and local government. Through its board and industry partnerships, it coordinates regional workforce strategy, anticipates industry shifts, and aligns training and CareerLink services to support worker transitions into good-paying jobs. This cross-sector governance structure ensures community and ...",Local Labor‑Community Council,Absence of Labor-Community Coalitions,Partner4Work,"650 Smithfield Street, Suite 2400, Pittsburgh, PA 15222",https://www.partner4work.org,info@partner4work.org,
Partner4Work – Pittsburgh Apprenticeship Network & Industry Partnerships,"Partner4Work, the workforce development board for Pittsburgh/Allegheny County, coordinates industry partnerships that bring unions, employers, and community providers together to shape training and apprenticeship pipelines. Through the Pittsburgh Apprenticeship Network and support for pre-apprenticeship programs (in collaboration with groups like the Builders Guild and APRI), Partner4Work hosts regular forums, joint hiring events, and mentorship supports that connect residents to union appren...",Union–Community Partnerships,Cultural Disconnection Between Progressive Messaging and Working-Class Identity,Partner4Work (Pittsburgh/Allegheny County Workforce Development Board),"650 Smithfield Street, Suite 2400, Pittsburgh, PA 15222",https://www.partner4work.org,info@partner4work.org,
Path to Power: Labor Candidate Training (Southwestern PA),"Path to Power is a training program that recruits union members and working-class leaders in Western Pennsylvania to run for local offices such as school board, borough/township council, and county positions. The curriculum provides nuts-and-bolts coaching on campaign planning, volunteer field operations, fundraising, message discipline, and media, and connects participants with labor’s volunteer and communications infrastructure. This creates a pipeline of community-rooted candidates who ref...",Neighborhood Candidate Incubator,No Locally Attuned Progressive Leaders from Working-Class Communities,"Southwestern Pennsylvania Area Labor Federation, AFL-CIO","60 Boulevard of the Allies, Pittsburgh, PA 15222",https://www.swpaalf.org,,
Path to Power: Labor Candidate Training (Western PA),"Path to Power is the AFL-CIO’s candidate and campaign training that prepares union members and working people to run for office and lead issue campaigns. Western Pennsylvania sessions hosted with the Allegheny-Fayette Central Labor Council provide practical instruction in campaign planning, messaging, fundraising, voter outreach, and ethics/compliance, along with mentorship from labor leaders and labor-backed elected officials. The program builds a pipeline of credible local worker leaders fr...",Local Worker Leadership Fellowship,No Locally Attuned Progressive Leaders from Working-Class Communities,"Pennsylvania AFL-CIO and Allegheny-Fayette Central Labor Council, AFL-CIO","1459 Banksville Road, Suite 200, Pittsburgh, PA 15216",https://pittsburghlabor.org,info@pittsburghlabor.org,
Penn Avenue Façade Improvement Program and Neighborhood Cleanups,"The Bloomfield-Garfield Corporation partners with residents and small businesses to improve building façades along the Penn Avenue corridor and organizes recurring litter cleanups and greening days. These projects are resident-driven, visibly upgrade the streetscape, and encourage ongoing community participation and pride in shared spaces.",Neighborhood Improvement Projects,Absence of Year-Round Democratic Party Presence and Organizing,Bloomfield-Garfield Corporation,"5321 Penn Avenue, Pittsburgh, PA 15224",https://bloomfield-garfield.org,info@bloomfield-garfield.org,
Pennsylvania Trolley Museum,"A working museum that restores and operates historic streetcars, offering interpretive tours, heritage events, and behind-the-scenes restoration experiences. Programs focus on the people and skills that powered Western Pennsylvania’s transit and electrical industries, honoring skilled trades and engaging the public with hands-on industrial heritage.",Industrial Heritage and Labor Cultural Events,Cultural Disconnection Between Progressive Messaging and Working-Class Identity,Pennsylvania Trolley Museum,"1 Museum Road, Washington, PA 15301",https://www.patrolley.org,info@patrolley.org,
Pennsylvania Trolley Museum – Heritage Streetcar Operations & Events,"The Pennsylvania Trolley Museum preserves and operates historic streetcars with interpretive rides, restoration demonstrations, and special events that highlight the craft and labor behind electric transit. By showcasing the skills of motormen, conductors, and shop crews, and engaging visitors in hands-on heritage experiences, the museum elevates manual expertise and contributes to a shared civic story rooted in industrial work.",Industrial Heritage and Labor Cultural Events,Cultural Disconnection Between Progressive Messaging and Working-Class Identity,Pennsylvania Trolley Museum,"1 Museum Road, Washington, PA 15301",https://www.patrolley.org,info@patrolley.org,
People's Planning Academy,"The People’s Planning Academy is a multi-session civic lab run by the City of Pittsburgh’s planning department where residents and workers learn how city policy works and co-create neighborhood priorities. Participants work in small groups to develop implementable proposals on issues like small-business corridors, transportation access, land use, and workforce supports, then present their recommendations to city planners and local officials for action.",Community Policy Labs,No Locally Attuned Progressive Leaders from Working-Class Communities,City of Pittsburgh Department of City Planning,"200 Ross Street, Pittsburgh, PA 15219",https://pittsburghpa.gov/dcp,planning@pittsburghpa.gov,
Pitt Local,"Pitt Local is a university purchasing initiative that encourages departments to buy from Pittsburgh-region businesses, including local manufacturers, distributors, and service contractors. As a large anchor institution, the University of Pittsburgh uses curated supplier directories and internal guidance to direct spend locally, creating predictable demand and supporting jobs across Western Pennsylvania’s supply base.",Local Procurement and Buy-Local Policies,Cultural Disconnection Between Progressive Messaging and Working-Class Identity,University of Pittsburgh – Purchasing Services,"4200 Fifth Avenue, Pittsburgh, PA 15260",https://www.purchasing.pitt.edu/pitt-local,supplierdiversity@pitt.edu,
Pitt Votes,"Pitt Votes is the University of Pittsburgh’s nonpartisan initiative that embeds voter registration and education into campus life throughout the year. They register students at orientation, move‑in, service days, and residence hall programs, and bring voter information to regular student organization and neighborhood events. By treating voting as part of civic responsibility and service, they maintain continual engagement between elections.",Year-Round Voter Engagement as Service,Absence of Year-Round Democratic Party Presence and Organizing,University of Pittsburgh,"3959 Fifth Avenue, Pittsburgh, PA 15213",https://www.pittvotes.pitt.edu,pittvotes@pitt.edu,
Pitt Votes,"Pitt Votes is a nonpartisan initiative that integrates voter registration and education into the University of Pittsburgh’s regular student life and service programming, including orientation, residence hall activities, service days, and athletic events. The program offers ongoing assistance with registration, mail-in ballots, and polling information, making voter engagement a consistent campus service throughout the year.",Year-Round Voter Engagement as Service,Absence of Year-Round Democratic Party Presence and Organizing,University of Pittsburgh,"3959 Fifth Avenue, Pittsburgh, PA 15213",https://www.studentaffairs.pitt.edu/pittvotes/,pittvotes@pitt.edu,
PittServes Engage,"PittServes Engage is an online coordination platform where community organizations post volunteer opportunities, events, and partnerships for University of Pittsburgh students, faculty, and staff. The hub streamlines outreach and scheduling while enabling groups—including unions, faith communities, and EJ organizations—to recruit volunteers, cross-promote activities, and maintain impact records. Student staff and campus technologists support the platform, reinforcing a low-cost, community-ser...",Data & Resource Sharing Platform,Absence of Labor-Community Coalitions,"University of Pittsburgh, PittServes","3959 Fifth Avenue, William Pitt Union Suite 119, Pittsburgh, PA 15260",https://pittserves.pitt.edu,pittserves@pitt.edu,
Pittsburgh 2030 District,"The Pittsburgh 2030 District brings together building owners, nonprofits, and community facilities to benchmark energy performance, conduct audits, and plan efficiency projects such as LED lighting, envelope improvements, and HVAC upgrades. Green Building Alliance provides technical assistance, connects participants to grants and utility rebates, and facilitates peer learning, enabling organizations to fund and execute retrofits that reduce energy use and operating costs.",Data & Resource Sharing Platform,Absence of Labor-Community Coalitions,Green Building Alliance,"325 Boulevard of the Allies, Pittsburgh, PA 15222",https://www.2030districts.org/pittsburgh,info@gbapgh.org,
Pittsburgh Activist Calendar,"The Pittsburgh Activist Calendar is a public, online calendar that aggregates meetings, actions, teach-ins, and volunteer opportunities from labor unions, faith congregations, environmental justice groups, and community organizations. By centralizing schedules and event details, it functions as a simple digital hub to help groups align efforts, avoid conflicts, and mobilize supporters across networks. The Thomas Merton Center maintains the platform and invites partner organizations to submit ...",Data & Resource Sharing Platform,Absence of Labor-Community Coalitions,Thomas Merton Center,"5129 Penn Avenue, Pittsburgh, PA 15224",https://www.thomasmertoncenter.org,info@thomasmertoncenter.org,
Pittsburgh Federation of Teachers COPE Endorsements,"The Pittsburgh Federation of Teachers (AFT Local 400) runs a COPE process in which classroom educators and school staff review candidate questionnaires and hold interviews, then issue public endorsements. As respected local educators, their endorsement committee acts as a trusted community voice for worker-centered policies, especially on public education, labor rights, and local accountability.",Local Candidate Endorsement Circle,No Locally Attuned Progressive Leaders from Working-Class Communities,"Pittsburgh Federation of Teachers, AFT Local 400","10 South 19th Street, Pittsburgh, PA 15203",https://pft400.org,,
Pittsburgh Financial Empowerment Center (FEC),"The Pittsburgh FEC offers free one-on-one financial counseling and regularly brings pop-up resource clinics to libraries, workforce centers, and community events across city neighborhoods. In partnership with local organizations, counselors help residents enroll in benefits, resolve credit and debt issues, and make referrals to legal aid and small-business partners for specialized support. These rotating, neighborhood-based sessions serve as an entry point to ongoing FEC services and a broade...",Rotating Pop-Up Resource Clinics,Absence of Year-Round Democratic Party Presence and Organizing,City of Pittsburgh & Neighborhood Allies,"2554 Smallman Street, Suite 101, Pittsburgh, PA 15222",https://fecpgh.org,info@neighborhoodallies.org,
Pittsburgh Financial Empowerment Center (FEC),"The Pittsburgh FEC provides free one-on-one financial counseling and regularly hosts pop-up counseling clinics at rotating neighborhood sites like libraries, rec centers, and community hubs across the city. These mobile clinics help residents with budgeting, credit building, banking access, and benefits screening, and then connect participants into ongoing FEC coaching and partner services for long-term support.",Rotating Pop-Up Resource Clinics,Absence of Year-Round Democratic Party Presence and Organizing,Neighborhood Allies in partnership with the City of Pittsburgh,"6022 Broad Street, Pittsburgh, PA 15206",https://www.pittsburghfec.org,info@neighborhoodallies.org,
Pittsburgh Financial Empowerment Center Pop-Up Counseling,"The Pittsburgh FEC hosts rotating pop-up financial counseling clinics at partner sites—such as libraries, workforce centers, senior centers, and neighborhood events—across Pittsburgh and Allegheny County. Certified counselors and partner providers deliver one-on-one budgeting, credit, debt, and benefits screening on site, then enroll participants into the FEC’s ongoing, no-cost coaching and referral network for sustained support.",Rotating Pop-Up Resource Clinics,Absence of Year-Round Democratic Party Presence and Organizing,Neighborhood Allies (in partnership with the City of Pittsburgh),"1910 Centre Avenue, Suite 201, Pittsburgh, PA 15219",https://fecpittsburgh.org,info@fecpittsburgh.org,
Pittsburgh Glass Center,"Pittsburgh Glass Center is a public-access glass studio and contemporary art center that preserves the region’s glassmaking heritage through exhibitions, live demonstrations, and community events. Hands-on classes and public demos celebrate manual skill and craft, while interpretive programming connects today’s makers to Pittsburgh’s industrial roots and elevates respect for skilled labor.",Industrial Heritage and Labor Cultural Events,Cultural Disconnection Between Progressive Messaging and Working-Class Identity,Pittsburgh Glass Center,"5472 Penn Avenue, Pittsburgh, PA 15206",https://www.pittsburghglasscenter.org,info@pittsburghglasscenter.org,
Pittsburgh Glass Center (Studios and Residency Programs),"Pittsburgh Glass Center operates shared hot, cold, and kiln shops that entrepreneurs and artist-makers can rent to produce glass goods, supported by expert technicians and classes. Its residencies, studio access, and professional development opportunities function as a craft manufacturing incubator, helping makers scale from prototypes to small-batch production. A public gallery/shop and frequent exhibitions connect creators directly to retail customers, designers, and commercial buyers, stre...",Small Business and Maker Hubs,Cultural Disconnection Between Progressive Messaging and Working-Class Identity,Pittsburgh Glass Center,"5472 Penn Ave, Pittsburgh, PA 15206",https://www.pittsburghglasscenter.org,info@pittsburghglasscenter.org,
Pittsburgh Jefferson Awards (Multiplying Good),"Multiplying Good’s Pittsburgh Jefferson Awards honor unsung local volunteers and everyday heroes with a high-visibility recognition program promoted by media partner WPXI-TV. The awards spotlight relatable community contributors, often highlighting workers and grassroots leaders whose service improves neighborhoods across Western Pennsylvania. This public celebration elevates credible local voices and counters the perception that leadership is reserved for elites.",Visible Local Leadership Awards,No Locally Attuned Progressive Leaders from Working-Class Communities,Multiplying Good – Pittsburgh Region (with WPXI-TV),"4145 Evergreen Road, Pittsburgh, PA 15214",https://multiplyinggood.org/communities/pittsburgh,info@multiplyinggood.org,
Pittsburgh Job Corps Center,"Pittsburgh Job Corps provides tuition-free career technical training paired with high school diploma/GED options and supportive services. Trainees receive a living allowance and transition pay and participate in employer-based work-based learning, allowing them to gain on-the-job experience while maintaining income during training. This combines classroom instruction with paid components so displaced workers can retrain without losing income.",Paid On-the-Job Retraining,Cultural Disconnection Between Progressive Messaging and Working-Class Identity,U.S. Department of Labor Job Corps,"7175 Highland Drive, Pittsburgh, PA 15206",https://pittsburgh.jobcorps.gov,,
Pittsburgh Job Corps Center,"Pittsburgh Job Corps provides tuition-free career technical training paired with high school diploma/GED options and supportive services. Trainees receive a living allowance and transition pay and participate in employer-based work-based learning, allowing them to gain on-the-job experience while maintaining income during training. This combines classroom instruction with paid components so displaced workers can retrain without losing income.",School‑to‑Work Pathways with Cross‑Sector Mentors,Absence of Labor-Community Coalitions,U.S. Department of Labor Job Corps,"7175 Highland Drive, Pittsburgh, PA 15206",https://pittsburgh.jobcorps.gov,,
Pittsburgh North Regional Chamber Candidate Forums,"The Pittsburgh North Regional Chamber regularly hosts nonpartisan candidate forums across northern Allegheny and southern Butler County municipalities, often in municipal buildings and community centers. They invite all ballot-qualified candidates to answer moderated, community-submitted questions centered on local issues like jobs, infrastructure, and public safety, and they publicize events broadly via municipal partners and local media to ensure neutral, well-attended town-hall style engag...",Nonpartisan Candidate Forums in Town Halls,Campaign Visits Concentrated in Urban Pittsburgh Rather Than Industrial Communities,Pittsburgh North Regional Chamber,"5000 Brooktree Road, Suite 100, Wexford, PA 15090",https://www.pghnorthchamber.com,info@pghnorthchamber.com,
Pittsburgh Public Schools Career and Technical Education (CTE) – Registered Pre‑Apprenticeship Pathways,"PPS CTE offers state‑approved programs with Registered Pre‑Apprenticeship agreements that connect students to unions (e.g., Carpenters/KML, IBEW Local 5, Steamfitters UA 449) and to local employers for co‑ops and internships. The pathways include carpentry, electrical, HVAC, and related green‑building curricula, along with mentor panels, jobsite visits, and career fairs—linking classroom learning to high‑road union apprenticeships and sustainability‑focused construction careers.",School‑to‑Work Pathways with Cross‑Sector Mentors,Absence of Labor-Community Coalitions,Pittsburgh Public Schools,"341 S. Bellefield Avenue, Pittsburgh, PA 15213",https://www.pghschools.org/cte,cte@pghschools.org,
Pittsburgh School Board Candidate Academy,"A+ Schools hosts a nonpartisan candidate academy to prepare community members to run effective, student-centered campaigns for Pittsburgh Public Schools Board. The academy trains candidates on governance roles, campaign planning, grassroots organizing, small-dollar fundraising, and public communications, and plugs them into networks of parents, educators, and neighborhood leaders. By pairing practical campaign skills with community connections, it incubates credible local school board candida...",Neighborhood Candidate Incubator,No Locally Attuned Progressive Leaders from Working-Class Communities,A+ Schools,"1901 Centre Avenue, Suite 206, Pittsburgh, PA 15219",https://www.aplusschools.org,info@aplusschools.org,
Pittsburgh Today & Regional Indicators,"UCSUR’s Pittsburgh Today compiles independent, evidence-based indicators and produces concise issue snapshots on workforce, health, education, and infrastructure across the region. The center distills these data into briefings, charts, and county/municipal profiles that are widely used by journalists and public officials when preparing for meetings and visits to communities outside Pittsburgh, functioning as ready-made issue packets for campaigns and visiting decision-makers.",Community Issues Packet for Visitors,Campaign Visits Concentrated in Urban Pittsburgh Rather Than Industrial Communities,University of Pittsburgh – University Center for Social and Urban Research,"3343 Forbes Avenue, Pittsburgh, PA 15260",https://www.ucsur.pitt.edu/pittsburgh-today/,ucsur@pitt.edu,
Pittsburgh United,"Pittsburgh United is a labor-community coalition that brings together unions, community organizations, and worker leaders to win citywide standards and community benefits agreements. In Western Pennsylvania, it coordinates campaigns that set wage and benefit standards across multiple contractors and sectors (e.g., building services, construction, airport services), effectively piloting sectoral approaches and joint bargaining for contract workers. Acting as a matchmaking hub, it pairs union l...",Faith‑Labor Bridge Program,Absence of Labor-Community Coalitions,Pittsburgh United,"10 Bedford Square, Suite 201, Pittsburgh, PA 15203",https://www.pittsburghunited.org,info@pittsburghunited.org,
Pittsburgh Water Equity Taskforce,"The Pittsburgh Water Equity Taskforce convenes the Pittsburgh Water and Sewer Authority, community and environmental justice partners, and union and workforce leaders to align investments in lead service line replacement and green stormwater infrastructure with high-road job opportunities. Through regular cross-sector working sessions, the partners map neighborhood priorities along the rivers, plan project delivery, and co-design recruitment and training pathways with labor for underrepresent...",Environmental Justice + Labor Working Groups,Absence of Labor-Community Coalitions,Pittsburgh Water and Sewer Authority,"1200 Penn Avenue, Pittsburgh, PA 15222",https://www.pgh2o.com,info@pgh2o.com,
Pittsburghers for Public Transit,"Pittsburghers for Public Transit builds rider- and worker-led neighborhood committees that meet regularly in libraries, churches, and community rooms to organize for better transit service and worker protections. These small, place-based groups keep residents connected and engaged in local decision-making, providing a durable alternative to centralized halls for ongoing civic action.",Partnerships with trusted local institutions,Communication Gaps Between Top Union Officials and Rank-and-File Members,Pittsburghers for Public Transit,"5119 Penn Avenue, Pittsburgh, PA 15224",https://www.pittsburghforpublictransit.org,info@pittsburghforpublictransit.org,
Pittsburghers for Public Transit Organizing Fellowship,"Pittsburghers for Public Transit (PPT) runs short paid organizing fellowships that embed fellows in PPT’s office and partner sites to build rider–worker–community coalitions. Fellows work shoulder‑to‑shoulder with Amalgamated Transit Union (ATU) Local 85, congregations, disability advocates, and environmental justice groups on joint campaigns like fare equity, bus service improvements, and clean air, building relationships and aligning priorities across sectors. The fellowship structure mirro...",Cross‑Sector Fellowship Program,Absence of Labor-Community Coalitions,Pittsburghers for Public Transit,"5119 Penn Avenue, Pittsburgh, PA 15224",https://www.pittsburghforpublictransit.org,info@pittsburghforpublictransit.org,
Pittsburghers for Public Transit – Riders and Workers Councils,"Pittsburghers for Public Transit (PPT) organizes year-round riders-and-workers councils that bring together union transit operators (ATU Local 85), neighborhood leaders, disability advocates, small-business owners along commercial corridors, faith leaders, and residents to set shared priorities for service, affordability, and job quality. These councils identify local transit needs (e.g., routes to jobs, healthcare, and grocery access) and coordinate joint advocacy and projects with labor and...",Union-Community Issue Councils,No Locally Attuned Progressive Leaders from Working-Class Communities,Pittsburghers for Public Transit,"5119 Penn Avenue, Pittsburgh, PA 15224",https://www.pittsburghforpublictransit.org,info@pittsburghforpublictransit.org,
Pittsburgh’s 40 Under 40 Awards,"Co-presented by PUMP and Pittsburgh Magazine, this annual program recognizes 40 young people making a positive difference in communities across the region, including many from industrial river towns and working-class neighborhoods. By publicly honoring grassroots organizers, nonprofit staff, small business owners, and emerging labor and civic leaders, the awards elevate relatable local role models and counter the perception that leadership only comes from elite metropolitan circles.",Visible Local Leadership Awards,No Locally Attuned Progressive Leaders from Working-Class Communities,PUMP and Pittsburgh Magazine,"100 Ross Street, Suite 502, Pittsburgh, PA 15219",https://www.pittsburghmagazine.com/40-under-40/,info@pump.org,
Polish Hill Block Watch,"PHCA’s Block Watch mobilizes volunteer block leaders to share public safety and community information, organize block-level meetings and walks, and connect neighbors with resources. Captains channel concerns from their blocks to PHCA and city departments, maintaining ongoing, decentralized outreach between residents and institutions.",Block Captain Network,Absence of Year-Round Democratic Party Presence and Organizing,Polish Hill Civic Association,"3060 Brereton Street, Pittsburgh, PA 15219",https://www.phcapgh.org,phca@phcapgh.org,
Polish Hill Civic Association,"The Polish Hill Civic Association convenes resident-led committees (including public safety, development/land use, and green initiatives) and monthly community meetings where neighbors identify issues and plan concrete actions. Volunteers coordinate block-level efforts such as traffic calming advocacy, litter cleanups, and neighborhood greening, and they review development proposals to ensure community priorities guide outcomes. These standing committees provide a stable, year-round forum for...",Neighborhood Civic Committees,Absence of Year-Round Democratic Party Presence and Organizing,Polish Hill Civic Association,"3060 Brereton Street, Pittsburgh, PA 15219",https://phcapgh.org,phca@phcapgh.org,
Pop-Up Business Consulting and Outreach Days,"Duquesne University SBDC regularly conducts pop-up consulting hours and outreach days in neighborhoods and towns across Western Pennsylvania in collaboration with libraries, chambers of commerce, and coworking spaces. Entrepreneurs receive free, one-on-one advising on startup steps, licensing, and financing at these mobile clinics and are connected into SBDC’s ongoing workshops, mentorship, and technical assistance programs.",Rotating Pop-Up Resource Clinics,Absence of Year-Round Democratic Party Presence and Organizing,Duquesne University Small Business Development Center,"600 Forbes Avenue, Pittsburgh, PA 15282",https://www.duquesnesbdc.org,duqsbdc@duq.edu,
Power Hour,"Power Hour is a regular public forum series that brings candidates, elected officials, and community members together for candid conversations, both online and at neighborhood venues across Western Pennsylvania. 1Hood Power also organizes pop-up civic education events and coffee chats that create informal, peer-driven spaces where residents can discuss issues and meet people seeking to represent them. These gatherings function like neighborhood salons—relationship-centered, low-barrier settin...",Neighborhood peer salons and social events,Communication Gaps Between Top Union Officials and Rank-and-File Members,1Hood Power,"460 Melwood Avenue, Pittsburgh, PA 15213",https://1hoodpower.org,info@1hoodpower.org,
Power of Work Awards,"Goodwill of Southwestern Pennsylvania’s annual Power of Work Awards publicly recognizes local workers who have overcome barriers to employment and the employers, supervisors, and community partners who champion inclusive hiring. By elevating relatable worker and supervisor stories from across Western Pennsylvania’s industrial and post-industrial communities, the event creates visible, community-rooted role models and counters elite-only perceptions of leadership.",Visible Local Leadership Awards,No Locally Attuned Progressive Leaders from Working-Class Communities,Goodwill of Southwestern Pennsylvania,"118 52nd Street, Pittsburgh, PA 15201",https://www.goodwillswpa.org,info@goodwillswpa.org,
Power of Work Awards,"Goodwill of Southwestern Pennsylvania’s annual awards program recognizes workers who overcame barriers to employment and the employers and community partners who support them. The celebration publicly lifts up front-line employees, supervisors, and workforce champions from across Western Pennsylvania, showcasing relatable worker leadership and reinforcing that community leadership includes people with lived experience in local industries.",Visible Local Leadership Awards,No Locally Attuned Progressive Leaders from Working-Class Communities,Goodwill of Southwestern Pennsylvania,"118 52nd Street, Pittsburgh, PA 15201",https://www.goodwillswpa.org/power-of-work/,info@goodwillswpa.org,
PowerCorpsPGH,"PowerCorpsPGH is a green workforce development program that places young adults in paid crews working on urban forestry, green infrastructure, and environmental restoration projects with partners like the Pittsburgh Water and Sewer Authority and city departments. The program connects with local schools and career centers for recruitment, offers site visits and mentorship from public-sector and nonprofit environmental professionals, and provides wraparound supports. Graduates are guided into a...",School‑to‑Work Pathways with Cross‑Sector Mentors,Absence of Labor-Community Coalitions,Auberle,"1101 Hartman Street, McKeesport, PA 15132",https://www.auberle.org/powercorpspgh,info@auberle.org,
Pre-Apprenticeship Training Program,"The Trade Institute of Pittsburgh offers pre-apprenticeship training in masonry, carpentry, and welding that connects graduates to apprenticeships with building trades unions and jobs with regional contractors. The program engages community mentors, organizes employer site visits, and collaborates on projects with environmental and reuse organizations (e.g., deconstruction and materials salvage), introducing students to sustainable construction practices. This creates a school-to-work pathway...",School‑to‑Work Pathways with Cross‑Sector Mentors,Absence of Labor-Community Coalitions,Trade Institute of Pittsburgh,"7800 Susquehanna Street, Pittsburgh, PA 15208",https://www.tipgh.org,info@tipgh.org,
Pro Bono Center Legal Advice Clinics,"The Allegheny County Bar Foundation’s Pro Bono Center coordinates volunteer attorneys to staff pop-up legal advice clinics at rotating community sites such as shelters, libraries, and nonprofits throughout the county. These clinics provide brief advice on issues like housing, debt, family law, and expungement, and connect attendees to ongoing representation and community resources through a network of legal and social service partners.",Rotating Pop-Up Resource Clinics,Absence of Year-Round Democratic Party Presence and Organizing,Allegheny County Bar Foundation Pro Bono Center,"436 Seventh Avenue, Pittsburgh, PA 15219",https://www.pittsburghprobono.org,probono@acba.org,
Public Hearings & Policy Advocacy,"Group Against Smog and Pollution (GASP) regularly coordinates carpools and transportation assistance for residents from the Mon Valley and eastern suburbs to attend Allegheny County Health Department hearings, municipal council meetings, and candidate forums on air quality and industrial operations. By matching drivers and riders and arranging departure hubs in communities with limited transit, GASP helps affected residents access regional political venues and testify directly to decision-mak...",Transportation and Accessibility Support,Campaign Visits Concentrated in Urban Pittsburgh Rather Than Industrial Communities,Group Against Smog and Pollution (GASP),"1133 South Braddock Avenue, Suite 1A, Pittsburgh, PA 15218",https://gasp-pgh.org,info@gasp-pgh.org,
Public Meetings to Watch (Weekly Civic Calendar),"PublicSource publishes and updates a weekly civic calendar highlighting public meetings for Pittsburgh City Council, Allegheny County Council, school boards, and regional authorities, often with agendas and participation instructions. This makes it easy for residents and reporters to track when elected officials are meeting, holding hearings, and conducting listening sessions across neighborhoods. The feature serves as a civic calendar that increases visibility into who is engaging locally an...",Civic Calendar and Visit Tracker,Campaign Visits Concentrated in Urban Pittsburgh Rather Than Industrial Communities,PublicSource,"1936 Fifth Avenue, Pittsburgh, PA 15219",https://www.publicsource.org,info@publicsource.org,
Public Official Accountability Sessions & Candidate Forums,"Casa San José convenes nonpartisan forums and accountability sessions where immigrant workers and families question local candidates about wage theft, language access, public safety, and services. Candidates are asked for specific, measurable commitments; events are recorded or summarized in bilingual formats and shared via community networks, WhatsApp groups, and partner channels to ensure follow-up and accountability.",Local candidate forums and accountability sessions,Communication Gaps Between Top Union Officials and Rank-and-File Members,Casa San José,"2116 Broadway Avenue, Pittsburgh, PA 15216",https://casasanjose.org,info@casasanjose.org,
Public Participation & Meetings Calendar,"The Southwestern Pennsylvania Commission maintains a regional calendar of public participation opportunities, including hearings, open houses, and pop-up listening sessions held across its 10-county region (e.g., Beaver, Washington, Westmoreland, Fayette, Greene, and others). By centralizing dates, venues, and participation links, SPC enables residents and local media to track when regional decision-makers are visiting and engaging communities, including former mill and coal towns. This regio...",Civic Calendar and Visit Tracker,Campaign Visits Concentrated in Urban Pittsburgh Rather Than Industrial Communities,Southwestern Pennsylvania Commission,"112 Washington Place, Suite 500, Pittsburgh, PA 15219",https://www.spcregion.org/events/,spc@spcregion.org,
Public Participation Panel (PPP),"The Southwestern Pennsylvania Commission’s Public Participation Panel is a standing, multi-county advisory body that brings together labor representatives, neighborhood and community organizations, environmental advocates, business leaders, faith-based groups, and residents to participate in regional planning. The PPP meets regularly to set shared priorities for transportation, economic development, and environmental quality (including remediation and redevelopment considerations tied to infr...",Local Labor‑Community Council,Absence of Labor-Community Coalitions,Southwestern Pennsylvania Commission,"112 Washington Place, Suite 500, Pittsburgh, PA 15219",https://www.spcregion.org/public-participation,spc@spcregion.org,
Public Participation Panels,"SPC convenes short-term, issue-focused public input sessions across the 10-county region where residents, union members, and employers co-develop priorities for transportation, economic development, and workforce access. The Panels’ recommendations become implementable projects and policy amendments to the Long-Range Transportation Plan and Transportation Improvement Program, which are formally presented to and voted on by the SPC Board and partnering local and state officials.",Community Policy Labs,No Locally Attuned Progressive Leaders from Working-Class Communities,Southwestern Pennsylvania Commission,"Two Chatham Center, Suite 500, 112 Washington Place, Pittsburgh, PA 15219",https://www.spcregion.org/public-participation/,spc@spcregion.org,
Public Participation Panels,"The Southwestern Pennsylvania Commission runs recurring public participation panels and community workshops across its 10-county region, where residents and workers co-develop priorities and practical recommendations for transportation, workforce access, and economic development investments. These short-term sessions function as policy labs that translate community input into implementable proposals for the Transportation Improvement Program and regional plans. SPC compiles and forwards these...",Community Policy Labs,No Locally Attuned Progressive Leaders from Working-Class Communities,Southwestern Pennsylvania Commission,"112 Washington Place, Suite 500, Pittsburgh, PA 15219",https://www.spcregion.org,comments@spcregion.org,
Public Participation Panels,"SPC convenes short-term, issue-focused public input sessions across the 10-county region where residents, union members, and employers co-develop priorities for transportation, economic development, and workforce access. The Panels’ recommendations become implementable projects and policy amendments to the Long-Range Transportation Plan and Transportation Improvement Program, which are formally presented to and voted on by the SPC Board and partnering local and state officials.",Neighborhood Listening Sessions and Citizen Advisory Boards,Cultural Disconnection Between Progressive Messaging and Working-Class Identity,Southwestern Pennsylvania Commission,"Two Chatham Center, Suite 500, 112 Washington Place, Pittsburgh, PA 15219",https://www.spcregion.org/public-participation/,spc@spcregion.org,
Public Participation Panels (PPP),"The Southwest Pennsylvania Commission maintains county-based Public Participation Panels composed of residents and community leaders from the 10-county region, including Western Pennsylvania’s deindustrialized communities. PPP members review and comment on transportation investments and policies (the Transportation Improvement Program and Long-Range Plan), convene listening sessions, and relay community feedback to SPC and state/federal partners. These panels function as standing advisory bod...",Neighborhood Listening Sessions and Citizen Advisory Boards,Cultural Disconnection Between Progressive Messaging and Working-Class Identity,Southwest Pennsylvania Commission,"Two Chatham Center, Suite 500, 112 Washington Place, Pittsburgh, PA 15219",https://www.spcregion.org,comments@spcregion.org,
Public Participation Panels (PPP),"SPC’s PPP are county-based citizen advisory panels that include residents, workers, and community advocates from across Western Pennsylvania. Panelists review transportation plans and projects, conduct listening sessions in working-class communities, and provide formal recommendations on the Transportation Improvement Program and long-range plans—creating a feedback loop that holds the regional planning agency accountable. The panels ensure infrastructure investments reflect neighborhood prio...",Neighborhood Listening Sessions and Citizen Advisory Boards,Cultural Disconnection Between Progressive Messaging and Working-Class Identity,Southwestern Pennsylvania Commission,"112 Washington Place, Suite 500, Pittsburgh, PA 15219",https://www.spcregion.org/public-participation/,comments@spcregion.org,
Public Participation Panels (PPP),"The Southwestern Pennsylvania Commission’s Public Participation Panels convene in-person meetings across the region’s 10 counties to gather input on transportation, economic development, and infrastructure plans. These sessions bring together Pittsburgh and county officials, university-affiliated experts who frequently brief on data and best practices, and residents from industrial and ex‑industrial towns to surface shared priorities and policy solutions.",Town-to-City Exchange Events,Campaign Visits Concentrated in Urban Pittsburgh Rather Than Industrial Communities,Southwestern Pennsylvania Commission,"Two Chatham Center, Suite 500, 112 Washington Place, Pittsburgh, PA 15219",https://www.spcregion.org,info@spcregion.org,
Public Participation Panels (PPP),"SPC’s Public Participation Panels are standing, county-based working groups of residents from across the 10-county region who identify and research local transportation, economic development, and broadband access needs. Members review data and plans, propose project priorities for the region’s long-range planning, and conduct ongoing outreach in their communities—creating a sustained, year-round structure for civic engagement and solution-building.",Local Issue Working Groups,Absence of Year-Round Democratic Party Presence and Organizing,Southwestern Pennsylvania Commission,"112 Washington Place, Suite 500, Pittsburgh, PA 15219",https://www.spcregion.org/public-participation-panel/,spc@spcregion.org,
Public Participation Panels and Regional Public Comment Meetings,"The Southwestern Pennsylvania Commission runs ongoing public participation panels and regional listening sessions to gather resident input on transportation and economic development plans across its 10-county service area. Residents engage directly with planners and public officials, and SPC publishes meeting materials, summaries, and comment responses online to ensure transparency and accountability.",Issue-Based Public Forums & Listening Sessions,Absence of Year-Round Democratic Party Presence and Organizing,Southwestern Pennsylvania Commission,"Two Chatham Center, Suite 500, 112 Washington Place, Pittsburgh, PA 15219",https://www.spcregion.org,comments@spcregion.org,
Public Participation Program,"The Southwestern Pennsylvania Commission runs an ongoing Public Participation Program that holds town-hall style meetings and listening sessions across the 10-county region, including deindustrialized communities in the Mon Valley and Beaver Valley. Sessions rotate locations, solicit comments from residents, workers, and union members, offer interpretation and accessibility accommodations upon request, and are scheduled to maximize participation. All input is formally recorded and published a...",Town Hall and Listening Tour Series,No Locally Attuned Progressive Leaders from Working-Class Communities,Southwestern Pennsylvania Commission,"112 Washington Place, Suite 500, Pittsburgh, PA 15219",https://www.spcregion.org/public-participation/,spc@spcregion.org,
Public Participation Program,"The Southwestern Pennsylvania Commission’s Public Participation Program convenes a 10-county coalition of municipalities, community groups, and stakeholders to develop shared regional priorities and communicate them to decision-makers. SPC regularly produces nonpartisan issue briefs on transportation, workforce, and economic development, and it invites federal, state, and local officials to briefings and meetings that are rotated across the region’s communities, including deindustrialized tow...",Regional Coalition to Request Official Visits,Campaign Visits Concentrated in Urban Pittsburgh Rather Than Industrial Communities,Southwestern Pennsylvania Commission,"Two Chatham Center, Suite 500, 112 Washington Place, Pittsburgh, PA 15219",https://www.spcregion.org,spc@spcregion.org,
Public Participation Program and Public Meetings,"The Southwestern Pennsylvania Commission (SPC) runs an ongoing Public Participation Program that hosts regular public meetings, hearings, and listening sessions on regional transportation, economic development, and planning issues. Residents provide comments directly to SPC staff and local officials during TIP, Long Range Plan, and project-specific forums, and SPC posts agendas, minutes, and comment-response summaries online to ensure transparency and accountability. These recurring, issue-fo...",Issue-Based Public Forums & Listening Sessions,Absence of Year-Round Democratic Party Presence and Organizing,Southwestern Pennsylvania Commission,"112 Washington Place, Suite 500, Pittsburgh, PA 15219",https://www.spcregion.org,spc@spcregion.org,
Public Participation Program and Public Participation Panels (PPP),"The Southwestern Pennsylvania Commission’s Public Participation Program and Public Participation Panels hold recurring open meetings across the 10-county region where residents discuss transportation, infrastructure, and economic development plans directly with SPC staff, PennDOT, transit agencies, and county officials. These issue-based forums include formal listening sessions and public comment periods scheduled year-round, not just during election cycles. SPC posts agendas, presentations, ...",Issue-Based Public Forums & Listening Sessions,Absence of Year-Round Democratic Party Presence and Organizing,Southwestern Pennsylvania Commission,"112 Washington Place, Suite 500, Pittsburgh, PA 15219",https://www.spcregion.org/public-participation/,comments@spcregion.org,
Public Policy & Advocacy,"United Way of Southwestern Pennsylvania mobilizes a multi-county coalition of nonprofits, employers, and community leaders across Allegheny, Armstrong, Butler, Fayette, and Westmoreland counties to develop a shared, nonpartisan policy agenda. The initiative regularly produces issue briefs on workforce, family stability, and community well-being and extends coordinated invitations to campaigns and elected officials for site visits, roundtables, and forums in deindustrialized towns. By organizi...",Regional Coalition to Request Official Visits,Campaign Visits Concentrated in Urban Pittsburgh Rather Than Industrial Communities,United Way of Southwestern Pennsylvania,"1250 Penn Avenue, Pittsburgh, PA 15222",https://uwswpa.org,info@uwswpa.org,
Public Policy & Advocacy,"Just Harvest helps low-income residents participate in public decision-making by organizing carpools, providing ride-share reimbursements, and supplying bus passes to attend Allegheny County Council sessions, legislative town halls, and candidate forums on hunger and poverty. They set up centralized sign-ups and neighborhood pickup points outside the urban core to ensure people in deindustrialized communities can reach regional events and have their voices heard.",Transportation and Accessibility Support,Campaign Visits Concentrated in Urban Pittsburgh Rather Than Industrial Communities,Just Harvest: A Center for Action Against Hunger,"16 Terminal Way, Pittsburgh, PA 15219",https://www.justharvest.org,info@justharvest.org,
Public Policy & Candidate Forum Series,"The Cambria Regional Chamber hosts public policy programs and nonpartisan candidate forums in Johnstown and surrounding Cambria County communities. These sessions prioritize listening to small businesses, labor, and neighborhood groups about industrial recovery, workforce needs, and quality-of-life issues, and they invite candidates to participate and respond to locally articulated priorities.",Listening Sessions with Key Community Institutions,Campaign Visits Concentrated in Urban Pittsburgh Rather Than Industrial Communities,Cambria Regional Chamber,"416 Main Street, Suite 200, Johnstown, PA 15901",https://www.crchamber.com,info@crchamber.com,
Public Policy – Advocacy 101,"United Way of Southwestern Pennsylvania offers Advocacy 101 trainings that equip volunteers and partner agencies to organize town halls and candidate conversations around local human-service priorities. Sessions include how to structure and publicize professional events, moderate forums, document candidate positions, and conduct systematic follow-up so relationships with campaigns and officials continue beyond a single visit.",Volunteer Training for Hosting Candidates,Campaign Visits Concentrated in Urban Pittsburgh Rather Than Industrial Communities,United Way of Southwestern Pennsylvania,"1250 Penn Avenue, Pittsburgh, PA 15222",https://uwswpa.org,info@uwswpa.org,
Public Programs & Oral History Series at the Pump House,"The Battle of Homestead Foundation documents and shares worker and community histories from the Mon Valley via recorded interviews, public talks, and video series staged at the historic Pump House and online. They publish resident stories as videos and articles, circulate them through social media and newsletters, and partner with local newspapers and broadcasters to reach wider regional audiences. By elevating first-person narratives about past struggles and present-day issues, the program o...",Community Storytelling and Media Campaign,Campaign Visits Concentrated in Urban Pittsburgh Rather Than Industrial Communities,Battle of Homestead Foundation,"880 E Waterfront Drive, Munhall, PA 15120",https://battleofhomestead.org,info@battleofhomestead.org,
Public Programs at the Historic Pump House,"The Battle of Homestead Foundation uses the Historic Pump House as a public gathering place for labor, community, and environmental history and action. Through a year-round schedule of talks, film nights, trainings, and community forums, the Pump House hosts unions, neighborhood groups, and environmental organizations for joint planning and periodic co-location; volunteers and member organizations help staff events and steward the site. The space serves as a neutral civic hub connecting the M...",Shared Civic Hub Spaces,Absence of Labor-Community Coalitions,Battle of Homestead Foundation,"880 E Waterfront Dr, Munhall, PA 15120",https://www.battleofhomestead.org,info@battleofhomestead.org,
Public Safety & Block Watch Program,"Bloomfield-Garfield Corporation’s Public Safety & Block Watch Program supports block-level captains and watch groups that keep ongoing communication lines among residents, businesses, and city agencies. These captains distribute timely information, host block meetings and walks, and channel issues to the appropriate authorities, providing a year-round, neighborhood-anchored outreach structure.",Block Captain Network,Absence of Year-Round Democratic Party Presence and Organizing,Bloomfield-Garfield Corporation,"5321 Penn Ave, Pittsburgh, PA 15224",https://bloomfieldgarfield.org,info@bloomfieldgarfield.org,
Public Safety Task Force Meetings,"The Bloomfield-Garfield Corporation convenes monthly Public Safety Task Force meetings that bring residents together with Pittsburgh Police Zone 5 leadership, city department representatives, and elected officials to surface neighborhood concerns and co-develop solutions. These recurring, issue-focused forums provide a consistent venue for two-way listening on crime prevention, code enforcement, and quality-of-life issues. BGC publicizes agendas and recaps through its website and The Bulletin...",Issue-Based Public Forums & Listening Sessions,Absence of Year-Round Democratic Party Presence and Organizing,Bloomfield-Garfield Corporation,"5149 Penn Avenue, Pittsburgh, PA 15224",https://bloomfield-garfield.org,info@bloomfield-garfield.org,
Public Safety Zone Councils,"Public Safety Zone Councils are standing, neighborhood-based advisory groups that meet monthly with police zone leadership and other public safety officials. They create a consistent forum where residents—including working-class community members—identify priorities, review policies and practices, and hold institutions accountable for addressing safety, quality-of-life, and trust concerns.",Neighborhood Listening Sessions and Citizen Advisory Boards,Cultural Disconnection Between Progressive Messaging and Working-Class Identity,City of Pittsburgh Department of Public Safety,"414 Grant Street, Pittsburgh, PA 15219",https://pittsburghpa.gov/publicsafety/zone-councils,publicsafety@pittsburghpa.gov,
Pump House Programs & Lecture Series,"The Battle of Homestead Foundation partners with unions and community groups to host public forums, cultural events, and labor-history programs at the historic Pump House, a well-known neighborhood gathering place. These events connect union leaders and rank-and-file workers with residents in an accessible community setting—often co-sponsored by libraries, historical societies, and local schools—to rebuild trust and facilitate dialogue on work, community, and democracy.",Partnerships with trusted local institutions,Communication Gaps Between Top Union Officials and Rank-and-File Members,Battle of Homestead Foundation,"880 E Waterfront Drive, Munhall, PA 15120",https://battleofhomestead.org,info@battleofhomestead.org,
RESTART (Reentry Initiative),"Partner4Work’s RESTART connects people returning from incarceration to paid transitional jobs and unsubsidized employment with regional employers while coordinating case management with PA CareerLink, probation/parole, and community service providers. The program offers employer incentives, retention coaching, and supportive services (transportation, training, legal aid referrals) to make second‑chance hiring successful for both jobseekers and businesses.",Employer Return-to-Work Programs for Recovery and Reentry,Cultural Disconnection Between Progressive Messaging and Working-Class Identity,Partner4Work,"650 Smithfield Street, Suite 2600, Pittsburgh, PA 15222",https://www.partner4work.org,info@partner4work.org,
RIDC Mill 19 at Hazelwood Green,"RIDC, under a long-term ground lease from the philanthropic Almono partnership, redeveloped the historic Mill 19 into modern industrial and R&D space and leases it to manufacturing and advanced production tenants. This public‑interest ownership structure keeps industrial land in productive use, offers stable long-term leases, and anchors manufacturing employment in a historically industrial neighborhood.",Preserve Affordable Industrial Space via Community Land Trusts,Cultural Disconnection Between Progressive Messaging and Working-Class Identity,Regional Industrial Development Corporation (RIDC) of Southwestern Pennsylvania,"4860 Second Avenue, Pittsburgh, PA 15207",https://ridc.org/our-properties/mill-19/,info@ridc.org,
Racial Justice Awards,"YWCA Greater Pittsburgh’s Racial Justice Awards publicly honor local advocates, civic volunteers, and community organizers advancing equity across the region. The program raises the profiles of grassroots leaders from neighborhoods and workplaces, showcasing relatable role models in civic life. This visible recognition helps broaden who is seen as a legitimate community leader in Western Pennsylvania.",Visible Local Leadership Awards,No Locally Attuned Progressive Leaders from Working-Class Communities,YWCA Greater Pittsburgh,"305 Wood Street, Pittsburgh, PA 15222",https://www.ywcapgh.org,info@ywcapgh.org,
Rapid Response,"Rapid Response is the United Steelworkers’ member-to-member communication and mobilization network that appoints Rapid Response Coordinators in each local as on-the-ground liaisons. These coordinators regularly check in with members at workplaces and in their neighborhoods, host small informational gatherings, collect concerns, and connect members to union benefits and public services—sustaining neighborhood-level presence even where locals no longer maintain a physical hall.",Train-the-trainer civic leadership academy,Communication Gaps Between Top Union Officials and Rank-and-File Members,United Steelworkers (USW),"60 Boulevard of the Allies, Pittsburgh, PA 15222",https://www.usw.org/act/rapidresponse,rapidresponse@usw.org,
Rapid Response,"Rapid Response is the United Steelworkers’ member-to-member communication and mobilization network that appoints Rapid Response Coordinators in each local as on-the-ground liaisons. These coordinators regularly check in with members at workplaces and in their neighborhoods, host small informational gatherings, collect concerns, and connect members to union benefits and public services—sustaining neighborhood-level presence even where locals no longer maintain a physical hall.",Workplace-based information sessions,Communication Gaps Between Top Union Officials and Rank-and-File Members,United Steelworkers (USW),"60 Boulevard of the Allies, Pittsburgh, PA 15222",https://www.usw.org/act/rapidresponse,rapidresponse@usw.org,
Rapid Response,"United Steelworkers’ Rapid Response is a permanent, staffed network that channels the day-to-day concerns of union members into concrete advocacy with local, state, and federal officials. Rapid Response coordinators convene workplace meetings, collect member input, and organize direct engagement with mayors, councils, and county leaders on issues like plant safety, trade, and local development—functioning as paid liaisons that translate worker priorities into community and public agendas.",Workplace-to-Community Liaisons,No Locally Attuned Progressive Leaders from Working-Class Communities,"United Steel, Paper and Forestry, Rubber, Manufacturing, Energy, Allied Industrial and Service Workers International Union (United Steelworkers)","60 Boulevard of the Allies, Pittsburgh, PA 15222",https://www.usw.org/act/rapidresponse,,
Rapid Response,"Rapid Response is the United Steelworkers’ member-to-member communication and mobilization network that appoints Rapid Response Coordinators in each local as on-the-ground liaisons. These coordinators regularly check in with members at workplaces and in their neighborhoods, host small informational gatherings, collect concerns, and connect members to union benefits and public services—sustaining neighborhood-level presence even where locals no longer maintain a physical hall.",Transportation and Accessibility Support,Campaign Visits Concentrated in Urban Pittsburgh Rather Than Industrial Communities,United Steelworkers (USW),"60 Boulevard of the Allies, Pittsburgh, PA 15222",https://www.usw.org/act/rapidresponse,rapidresponse@usw.org,
Rapid Response,"USW Rapid Response is the union’s member-mobilization program that regularly charters buses and organizes carpools so workers and community allies across Western Pennsylvania can attend candidate visits, town halls, and policy hearings. The team sets up pick‑up hubs in mill towns and rural communities, coordinates ADA-accessible transportation when needed, and provides logistics so residents from deindustrialized areas can be visibly present at key regional political events and forums.",Transportation and Accessibility Support,Campaign Visits Concentrated in Urban Pittsburgh Rather Than Industrial Communities,United Steelworkers (USW),"60 Boulevard of the Allies, Pittsburgh, PA 15222",https://www.usw.org,information@usw.org,
Rapid Response,"USW’s Rapid Response program regularly convenes member- and community-centered town halls and listening sessions in union halls across Western Pennsylvania’s mill and energy towns. These meetings elevate workers’ priorities on jobs, trade, and safety and frequently include Q&A with invited local, state, and federal candidates to hear concerns directly. By leveraging union locals and halls as trusted venues, the program embodies institution-hosted listening that reconnects candidates with work...",Listening Sessions with Key Community Institutions,Campaign Visits Concentrated in Urban Pittsburgh Rather Than Industrial Communities,United Steelworkers (USW),"60 Boulevard of the Allies, Pittsburgh, PA 15222",https://www.usw.org/rapidresponse,,
Rapid Response & Emergency Assistance,"Casa San José coordinates a mutual aid-style rapid response network that mobilizes volunteers to deliver food, arrange rides, and provide emergency support for immigrant families across Allegheny County. Through ongoing community organizing, case management, and direct assistance, neighbors and allies work together to meet urgent needs and build trust. This structure keeps a consistent, year-round presence that fosters reciprocal relationships and demonstrates the civic value of organized mut...",Neighborhood Mutual Aid + Worker Support Networks,Absence of Labor-Community Coalitions,Casa San José,"2116 Broadway Avenue, Pittsburgh, PA 15216",https://casasanjose.org,info@casasanjose.org,
Rapid Response & Emergency Assistance,"Casa San José coordinates a mutual aid-style rapid response network that mobilizes volunteers to deliver food, arrange rides, and provide emergency support for immigrant families across Allegheny County. Through ongoing community organizing, case management, and direct assistance, neighbors and allies work together to meet urgent needs and build trust. This structure keeps a consistent, year-round presence that fosters reciprocal relationships and demonstrates the civic value of organized mut...",Mutual Aid Networks,Absence of Year-Round Democratic Party Presence and Organizing,Casa San José,"2116 Broadway Avenue, Pittsburgh, PA 15216",https://casasanjose.org,info@casasanjose.org,
Rapid Response & Member-to-Member GOTV,"United Steelworkers’ Rapid Response program operates year-round in Western Pennsylvania, providing member-to-member education at workplaces on how legislation and elections impact jobs, safety, and benefits. Union members lead peer outreach, distribute issue education, and conduct volunteer GOTV and poll worker recruitment—ensuring credible local worker voices drive civic participation well beyond campaign season.",Election Day Worker Mobilization & Voter Education,No Locally Attuned Progressive Leaders from Working-Class Communities,United Steelworkers (USW),"60 Boulevard of the Allies, Pittsburgh, PA 15222",https://www.usw.org,rapidresponse@usw.org,
Rapid Response (Member-to-Member Listening and Mobilization),"USW’s Rapid Response is a member-to-member communications program that empowers local union leaders and volunteers to conduct worksite, phone, and door-to-door listening with rank-and-file members across Western Pennsylvania. These canvasses identify concerns, track and correct misinformation about issues and endorsements, and map trusted ‘worksite action leaders’ who can be deployed for targeted follow-up outreach.",Neighborhood canvass and listening campaigns,Communication Gaps Between Top Union Officials and Rank-and-File Members,United Steelworkers (USW),"60 Boulevard of the Allies, Pittsburgh, PA 15222",https://www.usw.org/act/rapidresponse,info@usw.org,
Rapid Response Town Halls & Candidate Listening Sessions,"United Steelworkers’ Rapid Response program regularly convenes issue-focused town halls and listening sessions at union halls and community venues across Western Pennsylvania mill and coal towns. These meetings give rank-and-file workers, their families, and local partners (including faith communities and schools that host venues) structured time to articulate priorities directly to visiting candidates and elected officials, helping ensure deindustrialized communities are heard beyond major c...",Listening Sessions with Key Community Institutions,Campaign Visits Concentrated in Urban Pittsburgh Rather Than Industrial Communities,United Steelworkers (USW),"60 Boulevard of the Allies, Pittsburgh, PA 15222",https://www.usw.org,info@usw.org,
Rapid Response and Community Organizing,"Casa San José’s Rapid Response and Community Organizing program trains volunteer promotores and community leaders to conduct year-round door-to-door outreach and to maintain phone trees across Latino neighborhoods in Pittsburgh and nearby communities. Volunteers check in on families, share information about services (legal clinics, healthcare, emergency assistance), and relay community concerns to organizers, building trust and surfacing new local leaders between and beyond election cycles.",Year-Round Volunteer Canvass & Phone Teams,Absence of Year-Round Democratic Party Presence and Organizing,Casa San José,"2116 Broadway Avenue, Pittsburgh, PA 15216",https://www.casasanjose.org,info@casasanjose.org,
ReClaim,"Grounded Strategies’ ReClaim program equips residents to transform vacant lots into community gardens, play spaces, and other neighborhood amenities through mini-grants, materials, training, and coordinated workdays. By organizing clean‑ups, planting, and ongoing maintenance with local stewards, ReClaim creates visible, sustained investments that build social ties and neighborhood pride.",Neighborhood Improvement Projects,Absence of Year-Round Democratic Party Presence and Organizing,Grounded Strategies,"6587 Hamilton Avenue, Pittsburgh, PA 15206",https://groundedpgh.org,info@groundedpgh.org,
ReClaim Ambassador Program,"Grounded Strategies’ ReClaim Ambassador Program develops neighborhood ambassadors who steward vacant lots and act as hyper-local connectors on their blocks. Ambassadors distribute resources, convene small workdays and gatherings, and relay resident priorities to Grounded and local government, sustaining ongoing, block-level communication and engagement across Western Pennsylvania communities.",Block Captain Network,Absence of Year-Round Democratic Party Presence and Organizing,Grounded Strategies,"6587 Hamilton Ave #1W, Pittsburgh, PA 15206",https://groundedpgh.org,info@groundedpgh.org,
ReClaim Ambassadors Program,"Grounded Strategies’ ReClaim Ambassadors is a multi-week training that equips residents to plan and lead community projects on vacant land, covering community organizing, project management, budgeting, and basic grant-writing. The cohort model brings neighbors together to practice hands-on skills and culminates in resident-led projects, building a pipeline of local leaders who activate community spaces and engage their fellow residents year-round.",Community Skill-Building Workshops,Absence of Year-Round Democratic Party Presence and Organizing,Grounded Strategies,"6587 Hamilton Avenue, Pittsburgh, PA 15206",https://groundedpgh.org,info@groundedpgh.org,
Ready to Run Pennsylvania,"Ready to Run is a nonpartisan campaign training program that equips women in Western Pennsylvania to seek local and county offices, including school boards and municipal councils. Hosted by the Pennsylvania Center for Women and Politics, it provides hands-on instruction in fundraising, field organizing, media relations, message development, and navigating party and community networks. The program connects participants with local mentors, journalists, and political practitioners, functioning a...",Neighborhood Candidate Incubator,No Locally Attuned Progressive Leaders from Working-Class Communities,Pennsylvania Center for Women and Politics (Chatham University),"1 Woodland Road, Pittsburgh, PA 15232",https://www.chatham.edu/pcwp/ready-to-run,pcwp@chatham.edu,
Ready to Run Pennsylvania,"Ready to Run is a nonpartisan campaign training program at Chatham University’s Pennsylvania Center for Women and Politics that equips women in Western Pennsylvania to run for office and serve in public leadership. Through intensive sessions on messaging, public speaking, policy, fundraising, and field organizing, participants receive practical instruction and mentorship from current and former elected officials and campaign professionals. The program grows representative local leadership, in...",Local Worker Leadership Fellowship,No Locally Attuned Progressive Leaders from Working-Class Communities,Pennsylvania Center for Women and Politics at Chatham University,"1 Woodland Road, Pittsburgh, PA 15232",https://www.chatham.edu/pcwp,pcwp@chatham.edu,
Ready to Run Pennsylvania,"Ready to Run is a nonpartisan campaign training program for women hosted in Western Pennsylvania by the Pennsylvania Center for Women and Politics at Chatham University. It offers intensive workshops on public speaking, messaging, policy, fundraising, campaign strategy, and grassroots organizing taught by experienced elected officials and campaign professionals. This builds a pipeline of credible local voices—including women from the region’s industrial communities—prepared to run for local o...",Local Worker Leadership Fellowship,No Locally Attuned Progressive Leaders from Working-Class Communities,"Pennsylvania Center for Women and Politics, Chatham University","1 Woodland Road, Pittsburgh, PA 15232",https://www.chatham.edu/centers/pcwp,pcwp@chatham.edu,
Ready to Run Pennsylvania (Western PA trainings),"Ready to Run is a nonpartisan program that recruits and prepares women—especially those rooted in local communities—to run for school boards, borough/township offices, and county seats. It offers hands-on coaching in building a campaign plan, small-donor fundraising, messaging, media relations, and compliance, and connects participants with mentors who have won local office in Western Pennsylvania. This directly builds a pipeline of credible, locally rooted candidates and equips them with cam...",Neighborhood Candidate Incubator,No Locally Attuned Progressive Leaders from Working-Class Communities,"Pennsylvania Center for Women and Politics, Chatham University","1 Woodland Road, Pittsburgh, PA 15232",https://www.chatham.edu/pcwp,pcwp@chatham.edu,
Ready to Run Pennsylvania (Western PA),"Ready to Run is a nonpartisan campaign training program that equips participants—especially working women from Western Pennsylvania’s industrial communities—with the skills to run for local office or serve on public boards. The program offers modules on public speaking, message development, policy, fundraising, and campaign management, and pairs participants with mentorship from experienced elected officials and political practitioners. Sessions hosted in Pittsburgh provide a direct pathway f...",Local Worker Leadership Fellowship,No Locally Attuned Progressive Leaders from Working-Class Communities,"Pennsylvania Center for Women and Politics, Chatham University","1 Woodland Road, Pittsburgh, PA 15232",https://www.chatham.edu/pcwp/readytorun,pcwp@chatham.edu,
Ready to Run Pennsylvania – Western PA,"Ready to Run trains prospective candidates and campaign staff in Western Pennsylvania and incorporates mentoring and networking with current and former officeholders from both Pittsburgh and surrounding industrial municipalities. Small-group coaching and post-training connections pair emerging metropolitan activists and officials with experienced local leaders, fostering cross-regional understanding of labor, land use, and community concerns in deindustrialized towns.",Cross-Regional Mentorship Network,No Locally Attuned Progressive Leaders from Working-Class Communities,"Pennsylvania Center for Women and Politics, Chatham University","1 Woodland Road, Pittsburgh, PA 15232",https://www.chatham.edu/pcwp,pcwp@chatham.edu,
Rebuilding Day and Year-Round Volunteer Home Repairs,"Rebuilding Together Pittsburgh mobilizes volunteers and tradespeople to complete exterior home repairs, painting, porch fixes, and accessibility improvements for low-income homeowners, often block by block. These highly visible upgrades stabilize housing, enhance curb appeal, and engage neighbors in repeated workdays that foster connection and ongoing pride.",Neighborhood Improvement Projects,Absence of Year-Round Democratic Party Presence and Organizing,Rebuilding Together Pittsburgh,"7800 Susquehanna Street, Pittsburgh, PA 15208",https://www.rtpittsburgh.org,info@rtpittsburgh.org,
Rebuilding Together Pittsburgh Workforce & Trades Training,"Rebuilding Together Pittsburgh trains local residents to perform home health and safety repairs and energy-efficiency retrofits for low-income homeowners, creating pathways into construction and green rehab jobs. The nonprofit partners with community colleges, union volunteers, and environmental building experts (such as through best-practice guidance from regional green-building partners) to shape curricula focused on weatherization, healthy homes, and building performance. Graduates often r...",Shared Workforce Training Hubs,Absence of Labor-Community Coalitions,Rebuilding Together Pittsburgh,"7800 Susquehanna Street, Suite 104, Pittsburgh, PA 15208",https://www.rtpittsburgh.org,info@rtpittsburgh.org,
Reentry Services & Employer Partner Program,"Goodwill of Southwestern Pennsylvania runs reentry employment services that prepare returning citizens and people in recovery for work and connect them with second‑chance employers across sectors. The program combines job readiness training, supportive services (transportation, clothing, legal and treatment referrals), and ongoing job coaching with employer partnerships to sustain return‑to‑work success.",Employer Return-to-Work Programs for Recovery and Reentry,Cultural Disconnection Between Progressive Messaging and Working-Class Identity,Goodwill of Southwestern Pennsylvania,"118 52nd Street, Pittsburgh, PA 15201",https://www.goodwillswpa.org,info@goodwillswpa.org,
Regional Public Forums & Candidate Nights,"The Jefferson Educational Society convenes public forums, town halls, and candidate nights that rotate among community venues in Erie County and neighboring small towns. By partnering with local governments, libraries, and civic groups, JES ensures candidates participate in Q&A sessions beyond Erie’s core, regularly visiting deindustrial communities such as Corry, North East, and Union City.",Local Debate Circuit,Campaign Visits Concentrated in Urban Pittsburgh Rather Than Industrial Communities,Jefferson Educational Society,"3207 State Street, Erie, PA 16508",https://www.jeserie.org,info@jeserie.org,
"Registered Apprenticeships (IMT, Robotics, CNC)","Catalyst Connection sponsors and administers U.S. Department of Labor-registered apprenticeships such as Industrial Manufacturing Technician, Robotics Technician, and CNC Machinist in partnership with small and mid-sized manufacturers. The program coordinates paid on-the-job training with related technical instruction delivered by community colleges and training partners, creating clear pathways to skilled, family-supporting manufacturing careers.",Expand Local Apprenticeship Programs,Cultural Disconnection Between Progressive Messaging and Working-Class Identity,Catalyst Connection,"4501 Lytle Street, Suite 301, Pittsburgh, PA 15207",https://www.catalystconnection.org/programs-services/workforce-development/apprenticeships/,info@catalystconnection.org,
Renewal Employment Services,"Renewal, Inc. operates employment services that place justice-involved individuals into jobs through partnerships with regional employers, including work-release-to-hire pathways and post-release placement. Participants receive case management, recovery supports, and job retention coaching so employers can implement supported hiring while workers rebuild stable careers.",Employer Return-to-Work Programs for Recovery and Reentry,Cultural Disconnection Between Progressive Messaging and Working-Class Identity,"Renewal, Inc.","339 Boulevard of the Allies, Pittsburgh, PA 15222",https://www.renewalinc.com,,
Renewal Employment Services & Work Release,"Renewal, Inc. operates community corrections and work release programs that place returning citizens into jobs with local employers while providing wraparound services such as substance use treatment, counseling, and case management. Staff coordinate with probation/parole and treatment providers, prepare participants for work, and support employers with second‑chance hiring, job retention planning, and on‑the‑job problem solving.",Employer Return-to-Work Programs for Recovery and Reentry,Cultural Disconnection Between Progressive Messaging and Working-Class Identity,"Renewal, Inc.","339 Boulevard of the Allies, Pittsburgh, PA 15222",https://www.renewalinc.com,info@renewalinc.com,
RentHelpPGH,"Catapult Greater Pittsburgh’s RentHelpPGH provides ongoing tenant rights workshops, eviction prevention clinics, and housing navigation sessions that explain leases, court processes, and renter protections. These group-based trainings connect neighbors, build advocacy skills, and equip participants to organize for housing stability—advancing local leadership and community problem-solving between election cycles.",Community Skill-Building Workshops,Absence of Year-Round Democratic Party Presence and Organizing,Catapult Greater Pittsburgh,"1435 Bedford Avenue, Suite A, Pittsburgh, PA 15219",https://catapultpittsburgh.org,info@catapultpittsburgh.org,
Repair the World Fellowship – Pittsburgh,"An immersive, paid fellowship in which young adults serve with neighborhood-based partners in Pittsburgh while receiving training in community organizing, meeting facilitation, and project management. Fellows convene ongoing service and civic dialogue events in local spaces and support partner-led campaigns, building relationships that persist beyond election cycles. This model develops a pipeline of locally grounded leaders who can sustain community engagement year-round.",Civic Apprenticeship & Leadership Program,Absence of Year-Round Democratic Party Presence and Organizing,Repair the World Pittsburgh,"6022 Broad Street, Pittsburgh, PA 15206",https://werepair.org/pittsburgh,pittsburgh@werepair.org,
Repair the World Pittsburgh,"Repair the World Pittsburgh facilitates service-learning, storytelling gatherings, and community conversations hosted with synagogues, schools, and neighborhood partners. Their programs often include film screenings, panels, and digital story-sharing that amplify the voices of local residents and workers—frequently alongside faith leaders—to build empathy and mobilize support for economic and environmental justice.",Joint Public Education and Storytelling Campaigns,Absence of Labor-Community Coalitions,Repair the World Pittsburgh,"6022 Broad Street, Pittsburgh, PA 15206",https://werepair.org/pittsburgh,pittsburgh@werepair.org,
Repair the World Pittsburgh Community Space,"Repair the World Pittsburgh maintains a community space for volunteer service, trainings, and neighborhood gatherings, offering a consistent, year-round presence for residents to connect and find information. The hub leverages rotating volunteer leaders, collaborations with local nonprofits and businesses, and a modest storefront-style footprint to provide meeting capacity and basic amenities during open hours.",Neighborhood Community Hubs (Volunteer-Run),Absence of Year-Round Democratic Party Presence and Organizing,Repair the World Pittsburgh,"6022 Broad Street, Pittsburgh, PA 15206",https://werepair.org/locations/pittsburgh/,pittsburgh@werepair.org,
Repair the World Pittsburgh Fellowship,"Repair the World’s paid one-year fellowship places young adults with community nonprofits in Pittsburgh to advance education, food justice, and civic engagement initiatives. Fellows receive training in organizing and work alongside neighborhood partners on year-round projects, strengthening trust in local institutions and elevating the voices of residents in historically industrial communities.",Civic Apprenticeships for Young Workers,No Locally Attuned Progressive Leaders from Working-Class Communities,Repair the World,"6022 Broad Street, Pittsburgh, PA 15206",https://werepair.org/locations/pittsburgh/,pittsburgh@werepair.org,
Repair the World Pittsburgh Workshop,"Repair the World’s workshop functions as a civic hub where partners host service projects, mutual aid distributions, voter and benefits clinics, and training sessions that bring together residents and a broad range of community organizations. The space is regularly shared for coalition meetings and public forums, with volunteers and partner groups helping staff programs that connect faith-based, labor-adjacent, and environmental initiatives to neighborhood needs.",Shared Civic Hub Spaces,Absence of Labor-Community Coalitions,Repair the World,"6022 Broad Street, Pittsburgh, PA 15206",https://werepair.org/pittsburgh,pittsburgh@werepair.org,
Repair the World Pittsburgh Workshop,"Repair the World Pittsburgh maintains a storefront-style Workshop that serves as a volunteer-powered community hub for service projects, mutual aid drives, and neighborhood meetings throughout the year. Volunteers staff programs, maintain resource boards, and help residents connect to opportunities with partner organizations and local businesses. The Workshop offers consistent in-person presence for information sharing, event signups, and basic gathering needs in a low-cost, shared space model.",Neighborhood Community Hubs (Volunteer-Run),Absence of Year-Round Democratic Party Presence and Organizing,Repair the World,"6022 Broad Street, Pittsburgh, PA 15206",https://werepair.org/locations/pittsburgh,pittsburgh@werepair.org,
Repair the World Pittsburgh – Service & Learning,"Repair the World Pittsburgh partners with synagogues, churches, schools, and community centers to host recurring service projects, civic learning sessions, and dialogues on local issues in trusted neighborhood spaces. These nonpartisan programs create regular, place‑based opportunities for residents to meet, volunteer together, and discuss community challenges, strengthening social ties and civic engagement across Western Pennsylvania neighborhoods.",Partnering with Local Institutions,Absence of Year-Round Democratic Party Presence and Organizing,Repair the World,"6022 Broad Street, Pittsburgh, PA 15206",https://werepair.org/communities/pittsburgh/,pittsburgh@werepair.org,
Repair the World Pittsburgh – Service & Sips and Community Dinners,"Monthly evening gatherings such as Service & Sips, Shabbat dinners, and learning events are hosted with rotating partner organizations and local businesses across multiple neighborhoods. These pop-up socials combine food, conversation, and light service or learning components to foster connection and sustained civic engagement between election seasons. By rotating hosts and locations, the series distributes effort and makes participation accessible to a wider cross-section of Western PA resid...",Pop-up Community Evenings,Absence of Year-Round Democratic Party Presence and Organizing,Repair the World Pittsburgh,"6022 Broad Street, Pittsburgh, PA 15206",https://werepair.org/pittsburgh,pittsburgh@werepair.org,
Repair the World Pittsburgh – Turn the Tables & Community Conversations,"Repair the World Pittsburgh convenes story-driven conversations, service-learning events, and screenings—often in partnership with unions, worker centers, environmental justice advocates, and faith communities—that spotlight shared community challenges and solutions. By working with local schools and congregations to collect and share firsthand narratives from workers and residents, they create public forums and multimedia content that build empathy and mobilize collective action.",Joint Public Education and Storytelling Campaigns,Absence of Labor-Community Coalitions,Repair the World,"6022 Broad St, Pittsburgh, PA 15206",https://werepair.org/pittsburgh,pittsburgh@werepair.org,
Repair the World Pittsburgh: Shabbat Dinner & Service Conversations,"Repair the World Pittsburgh convenes regular community dinners and discussion nights in partnership with neighborhood groups, rotating among synagogues, community centers, and local businesses across multiple Pittsburgh neighborhoods. These pop-up gatherings use shared meals, reflection, and action planning to connect neighbors and sustain engagement between major civic moments. The rotating host model distributes leadership and ensures accessibility across communities.",Pop-up Community Evenings,Absence of Year-Round Democratic Party Presence and Organizing,Repair the World Pittsburgh,"6022 Broad Street, Pittsburgh, PA 15206",https://werepair.org/communities/pittsburgh/,pittsburgh@werepair.org,
Resident Advisory Board (RAB),"The RAB is composed of Housing Authority residents who review and comment on the agency’s Annual and Five-Year Plans, capital projects, and policy changes, and receive updates on procurement and modernization work. This resident-majority committee provides structured oversight of projects and spending, creating accountability for vendor performance and ensuring residents’ voices shape housing investments and priorities.",Neighborhood Listening Sessions and Citizen Advisory Boards,Cultural Disconnection Between Progressive Messaging and Working-Class Identity,Housing Authority of the City of Pittsburgh,"200 Ross Street, Pittsburgh, PA 15219",https://hacp.org,info@hacp.org,
Resident Advisory Board (RAB),"The Housing Authority of the City of Pittsburgh’s Resident Advisory Board is comprised primarily of public housing and HCV/Section 8 residents who review HACP’s Annual and Five-Year Plans, capital projects, and policy changes before they are adopted. The RAB provides formal recommendations, evaluates contractor and program performance from a resident perspective, and hosts public meetings, creating a resident-majority oversight structure that increases transparency and trust in agency decisions.",Neighborhood Listening Sessions and Citizen Advisory Boards,Cultural Disconnection Between Progressive Messaging and Working-Class Identity,Housing Authority of the City of Pittsburgh,"200 Ross Street, Pittsburgh, PA 15219",https://www.hacp.org,info@hacp.org,
Resident Committees and Monthly Community Meetings,"Hazelwood Initiative hosts recurring community meetings and supports resident-led committees that shape neighborhood priorities on affordable housing, safety, and local economic development. These groups coordinate ongoing projects—from anti-displacement work to corridor improvements—ensuring a sustained, neighborhood-level organizing presence between election cycles.",Neighborhood Civic Committees,Absence of Year-Round Democratic Party Presence and Organizing,"Hazelwood Initiative, Inc.","4901 Second Avenue, Pittsburgh, PA 15207",https://www.hazelwoodinitiative.org,info@hazelwoodinitiative.org,
Resident Engagement & Outreach,"Our West Bayfront conducts ongoing resident engagement through block-by-block canvassing, door-to-door surveys, and regular phone outreach to connect neighbors with housing resources, safety meetings, youth programs, and community events. Volunteers work alongside staff to maintain year-round contact lists and identify resident leaders, ensuring continuous communication and trust-building across Erie’s West Bayfront neighborhoods.",Year-Round Volunteer Canvass & Phone Teams,Absence of Year-Round Democratic Party Presence and Organizing,Our West Bayfront,"404 W 8th Street, Erie, PA 16502",https://www.ourwestbayfront.org,info@ourwestbayfront.org,
Resident Leadership & Community Outreach,"Mon Valley Initiative equips longtime residents—including former steelworkers, tradespeople, and neighborhood association leaders—to serve as community ambassadors who connect households to workforce programs, housing counseling, and financial coaching. These trained peer leaders organize block‑level outreach and bring residents into local planning and council processes, ensuring working‑class voices are represented in decisions affecting deindustrialized towns.",Peer Ambassadors and Trusted Messengers,Cultural Disconnection Between Progressive Messaging and Working-Class Identity,Mon Valley Initiative,"305 East 8th Avenue, Homestead, PA 15120",https://monvalleyinitiative.com,info@monvalleyinitiative.com,
Resident Leadership and Tenant Rights Workshop Series,"Lawrenceville United runs resident training series and community workshops, including tenants’ rights education, neighborhood planning 101, and small-grant and grant-writing help for community projects. Events are hosted at their Butler Street office and neighborhood venues, fostering ongoing, face-to-face relationship-building among renters, homeowners, and emerging leaders. The trainings give community members practical tools and knowledge to organize, advocate, and lead local initiatives y...",Community Skill-Building Workshops,Absence of Year-Round Democratic Party Presence and Organizing,Lawrenceville United,"5151 Butler Street, Pittsburgh, PA 15201",https://www.lunited.org,info@lunited.org,
Resident-Led Committees and Community Meetings,"PHCA convenes resident-led committees (such as Development, Greenspace, and Public Safety) and open monthly community meetings where neighbors set priorities and coordinate action on housing, traffic, safety, and public space. These committees provide an ongoing, year-round organizing presence at the block and neighborhood level, enabling residents to identify concerns, develop plans, and mobilize volunteers for projects and advocacy.",Neighborhood Civic Committees,Absence of Year-Round Democratic Party Presence and Organizing,Polish Hill Civic Association,"3060 Brereton Street, Pittsburgh, PA 15219",https://www.phcapgh.org,phca@phcapgh.org,
Responsible Development Process and Community Benefits Agreements,"Lawrenceville Corporation leads a structured, neighborhood-driven process to negotiate project-specific Community Benefits Agreements with developers of major residential and mixed-use projects in Lawrenceville. These agreements commonly include commitments to local hiring and apprenticeship opportunities, on-site or funded affordable housing, investments in community services, and environmental improvements; the organization convenes public meetings, collects community input and endorsements...",Community Benefit Agreements for Redevelopment,Absence of Labor-Community Coalitions,Lawrenceville Corporation,"100 43rd Street, Suite 106, Pittsburgh, PA 15201",https://www.lawrencevillecorp.com,info@lawrencevillecorp.com,
Rider Canvassing and Listening Campaigns,"Pittsburghers for Public Transit runs regular door-to-door and bus-stop listening canvasses, along with phonebanks, to hear directly from transit riders and workers about service, safety, and affordability in Allegheny County. Organizers use deep-listening scripts to identify community concerns, correct misinformation about transit policies and decisions, and map rider-leaders and neighborhood messengers who can mobilize their peers for meetings and advocacy.",Neighborhood canvass and listening campaigns,Communication Gaps Between Top Union Officials and Rank-and-File Members,Pittsburghers for Public Transit,"5119 Penn Avenue, Pittsburgh, PA 15224",https://www.pittsburghforpublictransit.org,info@pittsburghforpublictransit.org,
Rider Organizing Program,"Pittsburghers for Public Transit organizes small, neighborhood-based rider committees that meet regularly in libraries, churches, and community centers along key bus routes to identify issues and plan campaigns. They also convene pop-up and house meetings near transit stops, keeping working riders connected without relying on a single central hall. This decentralized approach preserves local worker networks and strengthens civic engagement across multiple communities in Allegheny County.",Transportation and Accessibility Support,Campaign Visits Concentrated in Urban Pittsburgh Rather Than Industrial Communities,Pittsburghers for Public Transit,"5119 Penn Avenue, Pittsburgh, PA 15224",https://www.pittsburghforpublictransit.org,info@pittsburghforpublictransit.org,
Rider-Led Research,"Pittsburghers for Public Transit conducts rider- and worker-led research that results in accessible one-pagers and reports on transit service, job access, and infrastructure needs in the Mon Valley and other deindustrialized communities. The group packages these findings into issue briefs shared with candidates, elected officials, transit agencies, and local media—particularly during campaign seasons and site visits—so visitors receive concise, evidence-based summaries of community-defined pr...",Community Issues Packet for Visitors,Campaign Visits Concentrated in Urban Pittsburgh Rather Than Industrial Communities,Pittsburghers for Public Transit,"5119 Penn Avenue, Pittsburgh, PA 15224",https://www.pittsburghforpublictransit.org,info@pittsburghforpublictransit.org,
Riders’ Transit Town Halls,"Pittsburghers for Public Transit organizes recurring town halls and listening sessions in industrial river towns and transit-dependent neighborhoods (e.g., Braddock, Homestead, McKees Rocks) to center the voices of transit workers and riders. Meetings rotate across locations, are co-moderated by rider leaders and union bus operators, and often provide food, childcare arrangements, and language interpretation as needed to maximize participation. Summaries and rider/worker priorities are publis...",Town Hall and Listening Tour Series,No Locally Attuned Progressive Leaders from Working-Class Communities,Pittsburghers for Public Transit,"5119 Penn Avenue, Pittsburgh, PA 15224",https://www.pittsburghforpublictransit.org,info@pittsburghforpublictransit.org,
Rivers of Steel,"Rivers of Steel preserves and shares the stories of steelworkers and river communities through oral histories, tours, exhibits, and public programs across the Mon Valley. They partner with schools, local media, and community organizations to collect worker and resident stories, host film screenings at heritage sites, and produce multimedia content that builds empathy and civic will around community revitalization.",Joint Public Education and Storytelling Campaigns,Absence of Labor-Community Coalitions,Rivers of Steel Heritage Corporation,"623 E 8th Avenue, Homestead, PA 15120",https://riversofsteel.com,info@riversofsteel.com,
Rivers of Steel Archives & Collections,"Based at the historic Bost Building in Homestead, Rivers of Steel preserves and shares oral histories, photographs, and artifacts from steelworkers and industrial communities across the Mon Valley. These materials are actively used in exhibits, tours of former mill sites like the Carrie Blast Furnaces, publications, and public programs—giving visitors and civic leaders a grounded, first-person understanding of deindustrialized towns and their workers’ experiences.",Oral History and Heritage Projects,Campaign Visits Concentrated in Urban Pittsburgh Rather Than Industrial Communities,Rivers of Steel Heritage Corporation (Rivers of Steel National Heritage Area),"623 E 8th Avenue, Homestead, PA 15120",https://riversofsteel.com,info@riversofsteel.com,
Rivers of Steel Archives & Collections,"Rivers of Steel preserves and shares the industrial heritage of the Monongahela Valley through a robust archive of worker oral histories, photographs, union materials, and artifacts housed at the Bost Building. The organization actively records and curates steelworker and mill-town stories and makes them accessible through exhibits, tours, and digital resources—giving community leaders and visitors a vivid, first-person understanding of Western Pennsylvania’s industrial communities.",Oral History and Heritage Projects,Campaign Visits Concentrated in Urban Pittsburgh Rather Than Industrial Communities,Rivers of Steel Heritage Corporation,"623 East 8th Avenue, Homestead, PA 15120",https://riversofsteel.com,info@riversofsteel.com,
Rivers of Steel Arts & Community Heritage Programs,"Rivers of Steel engages Mon Valley residents to capture community stories through oral histories, artist residencies, and photo/video documentation that foreground the region’s industrial heritage and contemporary resilience. These narratives are produced as articles, photo essays, and short videos shared on Rivers of Steel’s website and social media, and featured in exhibitions at the Bost Building and partner sites. The organization also collaborates with regional outlets and tourism partne...",Community Storytelling and Media Campaign,Campaign Visits Concentrated in Urban Pittsburgh Rather Than Industrial Communities,Rivers of Steel Heritage Corporation,"623 E 8th Avenue, Homestead, PA 15120",https://riversofsteel.com,info@riversofsteel.com,
Rivers of Steel Community & Heritage Programs,"Rivers of Steel preserves and shares regional labor and community history by collecting oral histories from workers and neighbors and presenting them through exhibits, tours, and multimedia content at the Bost Building and other heritage sites. The organization collaborates with K–12 schools, universities, and community/faith partners for field trips, public programs, and film screenings that bring labor, environmental, and community perspectives together to build shared understanding and pol...",Joint Public Education and Storytelling Campaigns,Absence of Labor-Community Coalitions,Rivers of Steel,"623 E 8th Ave, Homestead, PA 15120",https://riversofsteel.com,info@riversofsteel.com,
Rivers of Steel Mini-Grant Program,"The Mini-Grant Program provides small grants to community groups and nonprofits throughout the Rivers of Steel National Heritage Area for resident-centered projects like public events, multilingual interpretive materials, and neighborhood outreach tied to local heritage. It functions as a community micro-grant fund that empowers locally designed initiatives and grassroots organizing in deindustrialized Western Pennsylvania towns.",Community micro-grants for grassroots organizing,Communication Gaps Between Top Union Officials and Rank-and-File Members,Rivers of Steel Heritage Corporation,"623 East 8th Avenue, Homestead, PA 15120",https://riversofsteel.com/grants,info@riversofsteel.com,
Rivers of Steel Mini-Grant Program,"Rivers of Steel administers a mini-grant program that pools resources from state and private partners to fund projects within the Rivers of Steel National Heritage Area, which spans communities throughout Western Pennsylvania. Grants support cross-sector initiatives connecting industrial heritage, community revitalization, environmental stewardship, and, where applicable, workforce education or training tied to restoration and adaptive reuse. Awards are determined by a review panel that inclu...",Collaborative Grant Fund for Cross‑Sector Projects,Absence of Labor-Community Coalitions,Rivers of Steel Heritage Corporation,"623 East 8th Avenue, Homestead, PA 15120",https://riversofsteel.com/mini-grant-program,info@riversofsteel.com,
Rivers of Steel National Heritage Area,"Rivers of Steel preserves and interprets the region’s steel and labor heritage through archives, exhibits, and guided experiences at sites like the Bost Building (the former headquarters for the 1892 Homestead Strike). The organization partners with local historical societies and community groups to document union history and administers a Mini-Grant Program that helps them secure cultural funding for preservation and storytelling projects. These exhibits and tours attract visitors whose spen...",Industrial Heritage and Labor Cultural Events,Cultural Disconnection Between Progressive Messaging and Working-Class Identity,Rivers of Steel Heritage Corporation,"623 East 8th Avenue, Homestead, PA 15120",https://riversofsteel.com,info@riversofsteel.com,
Rivers of Steel National Heritage Area,"Rivers of Steel preserves and interprets the region’s steel and labor heritage through archives, exhibits, and guided experiences at sites like the Bost Building (the former headquarters for the 1892 Homestead Strike). The organization partners with local historical societies and community groups to document union history and administers a Mini-Grant Program that helps them secure cultural funding for preservation and storytelling projects. These exhibits and tours attract visitors whose spen...",Oral History and Heritage Projects,Campaign Visits Concentrated in Urban Pittsburgh Rather Than Industrial Communities,Rivers of Steel Heritage Corporation,"623 East 8th Avenue, Homestead, PA 15120",https://riversofsteel.com,info@riversofsteel.com,
Rivers of Steel National Heritage Area Programs,"Rivers of Steel produces industrial heritage events and exhibits that celebrate the region’s steelmaking legacy, including the Festival of Combustion, metal arts workshops, and tours of the Carrie Blast Furnaces and the Bost Building. These programs honor the skills of ironworkers, mill hands, and artisans through hands-on demonstrations like blacksmithing and metal casting, rebuilding pride in manual trades while creating a shared civic identity around Western Pennsylvania’s labor history.",Industrial Heritage and Labor Cultural Events,Cultural Disconnection Between Progressive Messaging and Working-Class Identity,Rivers of Steel Heritage Corporation,"623 E 8th Avenue, Homestead, PA 15120",https://riversofsteel.com,info@riversofsteel.com,
Rivers of Steel Oral History Program,"Rivers of Steel documents and amplifies stories of steelworkers and industrial communities in the Mon Valley through oral histories, public programs at the historic Pump House, short videos, and digital features. By centering lived experiences of workers and their families—and distributing them via tours, blogs, newsletters, and social media—the program rebuilds trust in local institutions and connects contemporary civic efforts to the region’s working-class heritage.",Local media and storytelling campaign,Communication Gaps Between Top Union Officials and Rank-and-File Members,Rivers of Steel Heritage Corporation,"623 E 8th Avenue, Homestead, PA 15120",https://www.riversofsteel.com,info@riversofsteel.com,
Rivers of Steel: Industrial Heritage Storytelling,"Rivers of Steel produces multimedia storytelling—blogs, oral histories, video series, and social content—centered on the Mon Valley’s industrial communities and the workers who built them. By documenting local leaders, union heritage, and community revitalization projects from sites like the Bost Building and the Pump House, they amplify credible regional voices and connect past and present worker experiences.",Local Storytelling Media Hub,No Locally Attuned Progressive Leaders from Working-Class Communities,Rivers of Steel,"623 E 8th Avenue, Homestead, PA 15120",https://www.riversofsteel.com,info@riversofsteel.com,
Rivers of Steel—Industrial Heritage Programs,"Rivers of Steel uses tours, exhibits, and oral histories—often led or informed by former steelworkers—to honor the skill, identity, and dignity tied to Western Pennsylvania’s industrial trades. Their communications highlight worker stories in plain language, avoiding dismissive retraining frames and instead celebrating the lived experience of craft labor and manufacturing communities. By centering local voices at sites like the Carrie Blast Furnaces, they reinforce pride in manual work and co...","Plain‑Language, Respectful Local Messaging",Cultural Disconnection Between Progressive Messaging and Working-Class Identity,Rivers of Steel Heritage Corporation,"623 East 8th Avenue, Homestead, PA 15120",https://www.riversofsteel.com,info@riversofsteel.com,
Rosedale Technical College Scholarships,"Rosedale Technical College offers multiple institutional and donor-supported scholarships for high-demand trade programs such as electrical, diesel, automotive, HVAC, and welding. These scholarships reduce or eliminate tuition and fees—functioning as community-funded financial aid—so that students can enter skilled trades pathways with less upfront risk. Many programs also connect students to paid co-ops and apprenticeship-style work experiences that provide earnings while training.",Local Apprenticeship Scholarships and Wage Supplements,Cultural Disconnection Between Progressive Messaging and Working-Class Identity,Rosedale Technical College,"215 Beecham Drive, Pittsburgh, PA 15205",https://www.rosedaletech.org,info@rosedaletech.org,
Rosedale Technical College Skilled Trades Programs,"Rosedale Technical College runs hands-on, employer-aligned programs in welding, HVAC-R, and industrial/electrical technologies with short diploma and certificate options that stack into advanced training. Students prepare for industry credentials such as EPA 608 and AWS while progressing along clear training ladders into higher-skill roles. The college partners closely with local employers for curriculum input and hiring pipelines, and it recognizes relevant experience to place learners at th...",Blue-Collar Career Pathways and Credentials,Cultural Disconnection Between Progressive Messaging and Working-Class Identity,Rosedale Technical College,"215 Beecham Drive, Pittsburgh, PA 15205",https://www.rosedaletech.edu,admissions@rosedaletech.edu,
Running for Local Office Workshops,"The League of Women Voters of Greater Pittsburgh runs nonpartisan workshops and resources that guide prospective candidates for school boards, city councils, and other municipal offices through the nuts and bolts of local campaigns. Sessions cover petitioning, campaign finance, message development, earned media, and voter outreach, and they connect participants to nonpartisan civic forums and volunteer opportunities. This provides an accessible incubator for community-rooted residents to beco...",Neighborhood Candidate Incubator,No Locally Attuned Progressive Leaders from Working-Class Communities,League of Women Voters of Greater Pittsburgh,"436 7th Avenue, Suite 350, Pittsburgh, PA 15219",https://www.lwvpgh.org,info@lwvpgh.org,
Running for Public Office,"Local Government Academy’s Running for Public Office workshop series prepares residents—including union members and local workers from industrial towns—to run credible campaigns for municipal office and to serve on local boards and authorities. The series covers campaign planning, ethics, messaging/public speaking, and local policy basics, and connects participants with experienced municipal officials and practitioners for mentorship. This creates a pipeline of locally rooted leaders who can ...",Neighborhood Candidate Incubator,No Locally Attuned Progressive Leaders from Working-Class Communities,Local Government Academy,"1501 Preble Avenue, Suite 202, Pittsburgh, PA 15233",https://localgovernmentacademy.org,info@localgovernmentacademy.org,
Running for Public Office,"Local Government Academy’s Running for Public Office workshop series prepares residents—including union members and local workers from industrial towns—to run credible campaigns for municipal office and to serve on local boards and authorities. The series covers campaign planning, ethics, messaging/public speaking, and local policy basics, and connects participants with experienced municipal officials and practitioners for mentorship. This creates a pipeline of locally rooted leaders who can ...",Local Worker Leadership Fellowship,No Locally Attuned Progressive Leaders from Working-Class Communities,Local Government Academy,"1501 Preble Avenue, Suite 202, Pittsburgh, PA 15233",https://localgovernmentacademy.org,info@localgovernmentacademy.org,
SEIU 32BJ Member Political Organizer (MPO) Program – Western PA,"SEIU 32BJ’s MPO program recruits rank-and-file janitors, security officers, airport workers, and school workers to serve as paid member organizers during key civic seasons. These ambassadors conduct peer-to-peer outreach at worksites and in union communities, share 32BJ and labor movement endorsements, collect issues and contact updates from members, and link coworkers to local canvasses, town halls, and trainings. The program supports participants with training, messaging resources, and stip...",Worker-to-worker ambassador program,Communication Gaps Between Top Union Officials and Rank-and-File Members,SEIU Local 32BJ,"707 Grant Street, Suite 2305, Pittsburgh, PA 15219",https://www.seiu32bj.org,info@seiu32bj.org,
SHIM Food Pantries & Family Support,"South Hills Interfaith Movement operates multiple food pantries and resource programs where community members donate, volunteer, and coordinate deliveries to neighbors in need. SHIM’s year-round activities—ranging from food sharing to emergency assistance and seasonal mutual aid drives—create regular opportunities for residents to support each other directly. This ongoing, volunteer-powered work builds social ties and practical networks that reflect mutual aid principles and strengthen local ...",Mutual Aid Networks,Absence of Year-Round Democratic Party Presence and Organizing,South Hills Interfaith Movement (SHIM),"5301 Park Avenue, Bethel Park, PA 15102",https://shimcares.org,info@shimcares.org,
SNAP & Benefits Enrollment Outreach,"Just Harvest runs rotating pop-up clinics at neighborhood libraries, farmers markets, and community centers to enroll residents in SNAP and other public benefits, assist with renewals, and troubleshoot cases. Staff and trained volunteers meet people where they are and then continue support through ongoing case management and referrals to partner organizations, drawing residents into a sustained network of assistance.",Rotating Pop-Up Resource Clinics,Absence of Year-Round Democratic Party Presence and Organizing,Just Harvest,"16 Terminal Way, Pittsburgh, PA 15219",https://www.justharvest.org,info@justharvest.org,
SNAP Outreach,"Just Harvest’s SNAP Outreach program operates year-round phone outreach and neighborhood canvassing to help residents enroll in food benefits, resolve case issues, and learn about related services like free tax filing and the Child Tax Credit. Staff and volunteers maintain consistent contact with households through calls and home visits, building trust and cultivating resident leaders who help inform campaigns on food access and anti-poverty policy.",Year-Round Volunteer Canvass & Phone Teams,Absence of Year-Round Democratic Party Presence and Organizing,Just Harvest,"16 Terminal Way, Pittsburgh, PA 15219",https://www.justharvest.org,info@justharvest.org,
SPC Data and Modeling: Regional Data & Tools,"The Southwestern Pennsylvania Commission’s Data and Modeling hub publishes interactive dashboards and geospatial tools for the 10-county region, including Transportation Improvement Program (TIP) project maps, roadway safety and congestion dashboards, freight and transit analyses, and access-to-opportunity metrics. These resources integrate local statistics and maps to identify infrastructure gaps and investment needs in deindustrialized corridors and small towns. Media, advocacy groups, and ...",Collaborative Data and Needs Dashboard,Campaign Visits Concentrated in Urban Pittsburgh Rather Than Industrial Communities,Southwestern Pennsylvania Commission,"Two Chatham Center, Suite 500, 112 Washington Place, Pittsburgh, PA 15219",https://www.spcregion.org/data-and-modeling/,,
SPC Public Meetings & Events Calendar,"The Southwestern Pennsylvania Commission maintains a regional public calendar that lists meetings, listening sessions, and project open houses where local, state, and federal officials engage with residents across the 10-county region. By centralizing these appearances and public input sessions, SPC makes it easy for communities and media to see when and where officials are showing up outside major urban centers.",Civic Calendar and Visit Tracker,Campaign Visits Concentrated in Urban Pittsburgh Rather Than Industrial Communities,Southwestern Pennsylvania Commission,"112 Washington Place, Suite 500, Pittsburgh, PA 15219",https://www.spcregion.org/events/,spc@spcregion.org,
SPC Public Meetings & Events Calendar,"The Southwestern Pennsylvania Commission maintains a regional calendar of public meetings, hearings, and listening sessions across its 10-county service area, including industrial and ex-industrial communities. These sessions frequently involve local, county, and state officials and provide residents with opportunities to engage directly, fulfilling the role of a centralized public calendar for civic engagement across Western Pennsylvania.",Civic Calendar and Visit Tracker,Campaign Visits Concentrated in Urban Pittsburgh Rather Than Industrial Communities,Southwestern Pennsylvania Commission,"112 Washington Place, Suite 500, Pittsburgh, PA 15219",https://www.spcregion.org/events,spc@spcregion.org,
SPC Regional Data & Modeling,"SPC’s Regional Data & Modeling program compiles regional economic, transportation, freight, and infrastructure datasets for the 10-county Southwestern Pennsylvania region and presents them through interactive maps, dashboards, and project viewers. Tools like the Transportation Improvement Program map and regional indicators help spotlight needs and planned investments in industrial and ex-industrial towns. These public resources support journalists, community advocates, and campaigns with obj...",Collaborative Data and Needs Dashboard,Campaign Visits Concentrated in Urban Pittsburgh Rather Than Industrial Communities,Southwestern Pennsylvania Commission,"Two Chatham Center, Suite 500, 112 Washington Place, Pittsburgh, PA 15219",https://www.spcregion.org/data-and-analysis/,comments@spcregion.org,
SPC Regional Data & Policy Briefings,"As the metropolitan planning organization for the region, SPC develops county-level ‘State of the Region’ analyses, project fact sheets, and concise policy briefs that outline transportation, infrastructure, workforce, and economic priorities. These briefings are routinely shared with federal and state officials, campaigns, and regional media to inform visits and reporting in Western Pennsylvania’s small and mid-sized industrial communities.",Community Issues Packet for Visitors,Campaign Visits Concentrated in Urban Pittsburgh Rather Than Industrial Communities,Southwestern Pennsylvania Commission,"112 Washington Place, Suite 500, Pittsburgh, PA 15219",https://www.spcregion.org,comments@spcregion.org,
Sankofa Fund of Southwestern Pennsylvania,"The Sankofa Fund is a member-led giving circle that provides small grants to Black-led, grassroots initiatives for community outreach, civic engagement, and neighborhood events in Allegheny County. By offering quick, flexible microgrants decided by local members, the fund equips organizers to launch projects and engage neighbors directly, independent of large institutional gatekeepers.",Community micro-grants for grassroots organizing,Communication Gaps Between Top Union Officials and Rank-and-File Members,Sankofa Fund of Southwestern Pennsylvania (housed at the POISE Foundation),"2122 Centre Avenue, Pittsburgh, PA 15219",https://www.sankofafundpgh.org,info@poisefoundation.org,
Scholastic Outreach & Education (including ALCOSAN Summer Internship Program),"ALCOSAN’s Scholastic Outreach & Education programs connect regional middle and high school students with careers in environmental engineering, green infrastructure, and skilled trades through classroom visits and a paid Summer Internship Program. The utility hosts site visits to its wastewater treatment plant and facilities, brings mentors from engineering, operations, and maintenance teams into schools, and coordinates career events with community partners. These activities build school‑to‑w...",School‑to‑Work Pathways with Cross‑Sector Mentors,Absence of Labor-Community Coalitions,Allegheny County Sanitary Authority (ALCOSAN),"3300 Preble Avenue, Pittsburgh, PA 15233",https://www.alcosan.org/education,education@alcosan.org,
School 2 Career,"OPDC’s School 2 Career program provides paid, career-connected internships and year-round mentoring for high school students from Pittsburgh neighborhoods, placing them with local universities, city agencies, and community nonprofits. Youth complete workplace projects, attend leadership workshops, and learn how local institutions operate, building practical civic and policy skills. By rooting placements in neighborhood-based organizations and public partners, the program cultivates locally cr...",Civic Apprenticeships for Young Workers,No Locally Attuned Progressive Leaders from Working-Class Communities,Oakland Planning and Development Corporation (OPDC),"294 Semple Street, Pittsburgh, PA 15213",https://www.opdc.org/school2career,info@opdc.org,
School Board Academy,"A+ Schools’ School Board Academy prepares prospective and newly elected school board members—as well as community advocates—to govern effectively. The curriculum covers policymaking, budgeting, ethics, and public meeting skills (including public speaking and constituent engagement) and pairs participants with experienced board members and education policy experts for coaching. This builds a bench of local leaders, including working parents and union members, ready to run for school board and ...",Local Worker Leadership Fellowship,No Locally Attuned Progressive Leaders from Working-Class Communities,A+ Schools,"1901 Centre Avenue, Suite 301, Pittsburgh, PA 15219",https://www.aplusschools.org,info@aplusschools.org,
School of Trades – Welding Technology Certificate,"Pittsburgh Technical College’s School of Trades offers a short, stackable Welding Technology certificate that can articulate into advanced credentials and associate degrees, with related pathways in HVAC and other skilled trades. Programs are designed with employer input and emphasize hands-on labs, co-ops, and industry certifications to align with real job requirements. Prior learning and work experience are evaluated to help adults advance more quickly on defined career ladders.",Blue-Collar Career Pathways and Credentials,Cultural Disconnection Between Progressive Messaging and Working-Class Identity,Pittsburgh Technical College,"1111 McKee Road, Oakdale, PA 15071",https://ptcollege.edu,admissions@ptcollege.edu,
School of Trades – Welding Technology and HVAC Technology Certificates,"PTC offers one-year certificate programs in Welding Technology and HVAC Technology designed around industry certifications (e.g., AWS, EPA 608) and local employer needs. These certificates stack into associate degrees and connect students to defined career ladders in fabrication, field service, and industrial maintenance through employer advisory boards, co-ops, and job placement support. The college evaluates transfer credits and prior training/experience for advanced standing to help experi...",Blue-Collar Career Pathways and Credentials,Cultural Disconnection Between Progressive Messaging and Working-Class Identity,Pittsburgh Technical College,"1111 McKee Road, Oakdale, PA 15071",https://ptcollege.edu/academics/school-of-trades,admissions@ptcollege.edu,
Senator John Heinz History Center,"The Heinz History Center features permanent and rotating exhibitions on Pittsburgh’s industrial past—including steel, glass, and aluminum—along with public talks and programs that uplift worker experiences. Through artifacts, interactive exhibits, and community storytelling initiatives, the museum honors industrial labor and connects residents to a shared civic identity grounded in the region’s working-class history.",Industrial Heritage and Labor Cultural Events,Cultural Disconnection Between Progressive Messaging and Working-Class Identity,Senator John Heinz History Center,"1212 Smallman Street, Pittsburgh, PA 15222",https://www.heinzhistorycenter.org,info@heinzhistorycenter.org,
Service & Civic Engagement Initiative,"Repair the World Pittsburgh integrates nonpartisan voter registration and education into ongoing service projects like food distributions, neighborhood clean-ups, and holiday resource drives. Volunteers receive training to offer voter assistance wherever they serve, turning regular community service into opportunities to help people register, find polling places, and understand ballots. This approach maintains a continuous, relationship-based voter engagement presence embedded in year-round c...",Year-Round Voter Engagement as Service,Absence of Year-Round Democratic Party Presence and Organizing,Repair the World Pittsburgh,"6022 Broad Street, Pittsburgh, PA 15206",https://werepair.org/locations/pittsburgh/,pittsburgh@werepair.org,
Shale Gas & Health Fact Sheets,"Environmental Health Project produces peer-reviewed fact sheets and community impact briefs explaining health, air and water, and infrastructure concerns related to oil and gas development in Washington, Greene, and surrounding counties. These concise documents are distributed in briefings for municipal and state officials, journalists, and visiting decision-makers, enabling communities to clearly present evidence-based health and environmental priorities to campaigns and agencies.",Community Issues Packet for Visitors,Campaign Visits Concentrated in Urban Pittsburgh Rather Than Industrial Communities,Environmental Health Project,"2001 Waterdam Plaza Drive, Suite 201, McMurray, PA 15317",https://www.environmentalhealthproject.org,info@environmentalhealthproject.org,
Shared Space & Community Partnerships,"Community Forge operates a former school building as an affordable, nonpartisan civic hub, partnering with neighborhood associations, schools, faith groups, and nonprofits to host regular meetings, trainings, mutual aid distributions, and public forums. By formalizing room-use agreements and offering consistent scheduling, it ensures reliable physical space where residents of Wilkinsburg and the eastern suburbs can gather, organize, and engage in community decision‑making throughout the year.",Partnering with Local Institutions,Absence of Year-Round Democratic Party Presence and Organizing,Community Forge,"1256 Franklin Avenue, Pittsburgh, PA 15221",https://forge.community,info@forge.community,
Sharpsburg Community Conversations & Town Halls,"Sharpsburg Neighborhood Organization hosts recurring community conversations and town halls that connect residents directly with borough officials, police, and local agencies on issues like development, flooding, and mobility. SNO posts meeting announcements, notes, and resources publicly, maintaining an ongoing civic forum that builds trust and accountability between sessions.",Issue-Based Public Forums & Listening Sessions,Absence of Year-Round Democratic Party Presence and Organizing,Sharpsburg Neighborhood Organization,"706 Main Street, Sharpsburg, PA 15215",https://www.sharpsburgneighborhood.org,info@sharpsburgneighborhood.org,
Sharpsburg Community Fridge,"A community-managed fridge and pantry that allows neighbors to freely share and access food, maintained through volunteer stocking schedules and local donations. The project creates a reliable, year-round point of contact where residents collaborate, meet needs quickly, and build the relationships essential to ongoing civic organizing.",Mutual Aid Networks,Absence of Year-Round Democratic Party Presence and Organizing,Sharpsburg Neighborhood Organization (in partnership with Sharpsburg Community Library),"1212 Main Street, Sharpsburg, PA 15215",https://www.sharpsburgneighborhood.org,info@sharpsburgneighborhood.org,
Sharpsburg Night Market,"The Sharpsburg Night Market is a monthly evening market featuring live music, food and craft vendors, and family activities on Main Street. Organized by the Sharpsburg Neighborhood Organization with sponsorship from local businesses and participation by Main Street merchants and community groups, it creates an inviting, regular night out for residents. This implements the solution by recruiting private sponsors to partner with community organizations on recurring, inclusive community nights.",Pop-up Community Evenings,Absence of Year-Round Democratic Party Presence and Organizing,Sharpsburg Neighborhood Organization,"1019 N Canal Street, Suite 1, Sharpsburg, PA 15215",https://www.sharpsburgneighborhood.org,info@sharpsburgneighborhood.org,
Skilled Trades Pre-Apprenticeship and Placement (stipends and tool assistance),"Trade Institute of Pittsburgh provides tuition-free, community-funded pre-apprenticeship training in masonry, carpentry, and related construction trades and offers paid training stipends, transportation support, and tool grants to reduce upfront costs. Graduates transition into union apprenticeships and entry-level trade jobs, with short-term financial supports helping bridge the gap from training to steady employment. These scholarships and stipends directly implement the solution by lowerin...",Local Apprenticeship Scholarships and Wage Supplements,Cultural Disconnection Between Progressive Messaging and Working-Class Identity,Trade Institute of Pittsburgh,"7800 Susquehanna Street, Pittsburgh, PA 15208",https://www.tipgh.org,info@tipgh.org,
Skilled Trades Training and Mentorship,"Trade Institute of Pittsburgh trains young adults in masonry, carpentry, and welding, with instruction led by master craftspeople who mentor participants in the shop and on community projects. TIP partners with unions, employers, and neighborhood groups for public improvement work, exposing trainees to civic processes, networking, and organizing basics while they build marketable skills. This model connects younger residents with veteran workers to pass on trade knowledge and civic know-how, ...",Youth-worker apprenticeship and civic engagement program,Communication Gaps Between Top Union Officials and Rank-and-File Members,Trade Institute of Pittsburgh,"7800 Susquehanna Street, Pittsburgh, PA 15208",https://www.tradeinstitute.org,info@tradeinstitute.org,
Small Business Advantage Grant,"This statewide DEP program, serviced locally by the Southwest Regional Office, provides matching grants to small businesses (including manufacturers) to purchase equipment that reduces pollution and energy use, such as dust collection systems, high-efficiency compressors, and safer process machinery. These grants directly support the solution’s goal of helping small manufacturers adopt safer, more efficient processes and modernize tools in Western Pennsylvania.",Community Manufacturing Microgrant Fund,Cultural Disconnection Between Progressive Messaging and Working-Class Identity,Pennsylvania Department of Environmental Protection – Southwest Regional Office,"400 Waterfront Drive, Pittsburgh, PA 15222",https://www.dep.pa.gov/Business/SmallBusiness/Pages/Small-Business-Advantage-Grant.aspx,,
Small Business Loan Programs,"The Urban Redevelopment Authority of Pittsburgh provides low-interest financing products that can be used by cooperative and employee-owned businesses for acquisitions, equipment, and working capital. These loans help close capital gaps in worker-led startups and support succession conversions to worker ownership, often in partnership with technical advisors and legal clinics.",Worker-Owned Cooperative Support,Cultural Disconnection Between Progressive Messaging and Working-Class Identity,Urban Redevelopment Authority of Pittsburgh (URA),"412 Boulevard of the Allies, Pittsburgh, PA 15219",https://www.ura.org,info@ura.org,
Small Business and Manufacturer Lending & Technical Assistance,"Bridgeway Capital is a Pittsburgh-based CDFI that provides flexible, low-interest loans and technical assistance to small businesses and manufacturers, including worker-owned cooperatives and employee buyouts. Their lending and advisory support can finance cooperative startups or help employees purchase and convert existing firms, pairing capital with business coaching to strengthen governance, cash flow, and operations in worker-led companies.",Worker-Owned Cooperative Support,Cultural Disconnection Between Progressive Messaging and Working-Class Identity,Bridgeway Capital,"1345 Beaver Avenue, Suite 604, Pittsburgh, PA 15233",https://www.bridgewaycapital.org,info@bridgewaycapital.org,
Small and Mighty Grants Program,"The Pittsburgh Foundation’s Small and Mighty program is a pooled philanthropic fund that provides small grants to grassroots organizations working on community renewal, including projects that connect workforce development, neighborhood well-being, and environmental justice. The foundation uses community advisors and resident input in grant decisions, and prioritizes collaborations among community groups, worker-serving organizations, and environmental partners to build durable, cross-sector ...",Collaborative Grant Fund for Cross‑Sector Projects,Absence of Labor-Community Coalitions,The Pittsburgh Foundation,"5 PPG Place, Suite 250, Pittsburgh, PA 15222",https://pittsburghfoundation.org/small-and-mighty,info@pghfdn.org,
SmartMoves for a Changing Region,"The Southwestern Pennsylvania Commission’s long-range plan is accompanied by concise, evidence-based briefing materials and county project sheets that synthesize regional priorities for jobs, transportation, broadband, and other infrastructure across industrial and ex‑industrial communities. SPC staff use these packets in briefings with state and federal delegations, local officials, and the media, giving visiting decision-makers clear, comparable information about community needs and priorit...",Community Issues Packet for Visitors,Campaign Visits Concentrated in Urban Pittsburgh Rather Than Industrial Communities,Southwestern Pennsylvania Commission,"112 Washington Place, Suite 500, Pittsburgh, PA 15219",https://www.spcregion.org,comments@spcregion.org,
Social Work at the Library,"Carnegie Library of Pittsburgh hosts rotating drop-in resource clinics led by licensed social workers and MSW interns across multiple library branches each month. These sessions provide on-the-spot help with benefits enrollment, housing and legal referrals, and navigation to local services, with warm handoffs that integrate attendees into ongoing library programs and partner agency networks.",Rotating Pop-Up Resource Clinics,Absence of Year-Round Democratic Party Presence and Organizing,Carnegie Library of Pittsburgh,"4400 Forbes Avenue, Pittsburgh, PA 15213",https://www.carnegielibrary.org/services/social-work/,info@carnegielibrary.org,
Solidarity Works (Podcast),"Solidarity Works is a podcast that features Western Pennsylvania union members, shop stewards, and community allies sharing firsthand stories about work, safety, training, and local campaigns. Produced by the United Steelworkers from their Pittsburgh headquarters, it highlights practical solutions and elevates trusted worker voices that resonate across industrial communities. As a recurring audio series, it functions as a storytelling hub that normalizes hearing directly from workers and loca...",Local Storytelling Media Hub,No Locally Attuned Progressive Leaders from Working-Class Communities,United Steelworkers International Union,"60 Boulevard of the Allies, Pittsburgh, PA 15222",https://www.usw.org/news/media-center/podcasts,usw@usw.org,
Solidarity Works (USW podcast and storytelling platform),"Produced from the USW’s Pittsburgh headquarters, Solidarity Works features rank-and-file workers discussing their jobs, safety, pay, and community—using clear, accessible language that respects manual and industrial labor. The podcast and related digital content uplift local trades and manufacturing voices, framing opportunity around dignity and family-sustaining livelihoods rather than elite retraining narratives. This worker-centered communication helps rebuild trust and cultural connection...","Plain‑Language, Respectful Local Messaging",Cultural Disconnection Between Progressive Messaging and Working-Class Identity,United Steelworkers (USW),"60 Boulevard of the Allies, Pittsburgh, PA 15222",https://www.usw.org/news/media-center/podcasts,press@usw.org,
Somerset County Chamber of Commerce,"The Chamber regularly hosts candidate forums and legislative update events in Somerset and surrounding boroughs, providing neutral platforms for campaign appearances beyond urban hubs. Its staff and volunteers help visiting candidates arrange tours with local manufacturers and employers and identify civic venues for public remarks, ensuring small-town stops are included and that community members can engage directly.",Local Welcome Committee,Campaign Visits Concentrated in Urban Pittsburgh Rather Than Industrial Communities,Somerset County Chamber of Commerce,"601 N Center Avenue, Somerset, PA 15501",https://www.somersetcountychamber.com,info@somersetcountychamber.com,
Somerset Main Street Program,"Somerset Inc.’s Main Street Program convenes local volunteers and partners to host visiting policymakers, candidates, and civic leaders for downtown walk-throughs, project site tours, and talks at small-town venues. This functions as a rotating welcome committee that plans itineraries beyond metro areas, creating speaking opportunities and structured engagements that elevate the voices of Somerset’s workers, entrepreneurs, and neighborhood groups.",Local Welcome Committee,Campaign Visits Concentrated in Urban Pittsburgh Rather Than Industrial Communities,Somerset Inc.,"109 North Center Avenue, Somerset, PA 15501",https://www.somersetinc.org,info@somersetinc.org,
South Pittsburgh Reporter,"The South Pittsburgh Reporter is a weekly print newspaper covering South Side, Allentown, Beltzhoover, Carrick, and other Hilltop neighborhoods. It delivers neighborhood-specific information, publishes community calendars and resident submissions, and maintains an open channel for announcements from civic groups, unions, and block clubs, inviting letters and tips from readers. This consistent print newsletter model and feedback loop strengthen local, peer-to-peer communication across South Pi...","Restore local communications: newsletters, phone trees, and text lists",Communication Gaps Between Top Union Officials and Rank-and-File Members,South Pittsburgh Reporter,"2104 Arlington Avenue, Pittsburgh, PA 15210",https://www.sopghreporter.com,news@sopghreporter.com,
Southwestern PA Candidate Forums,"The Pennsylvania Center for Women and Politics at Chatham University partners with local Leagues of Women Voters, libraries, chambers, and campuses to host rotating, nonpartisan candidate forums throughout Southwestern Pennsylvania. By moving events among neighboring towns across Beaver, Washington, Westmoreland, and Fayette counties, the program brings candidates into deindustrial communities for structured Q&A and dialogue, expanding engagement beyond Pittsburgh.",Local Debate Circuit,Campaign Visits Concentrated in Urban Pittsburgh Rather Than Industrial Communities,Pennsylvania Center for Women and Politics (Chatham University),"1 Woodland Road, Pittsburgh, PA 15232",https://www.chatham.edu/centers/pcwp,pcwp@chatham.edu,
Southwestern Pennsylvania Commission,"As the region’s metropolitan planning organization, SPC prepares county fact sheets, corridor profiles, project one‑pagers for the Transportation Improvement Program, and regional trends reports that synthesize local priorities and data. These concise packets are shared with local governments, state and federal officials, campaigns, and media during briefings and site visits, helping visitors grasp jobs, infrastructure, transportation, broadband, and workforce needs in Western Pennsylvania’s ...",Community Issues Packet for Visitors,Campaign Visits Concentrated in Urban Pittsburgh Rather Than Industrial Communities,Southwestern Pennsylvania Commission,"112 Washington Place, Suite 500, Pittsburgh, PA 15219",https://www.spcregion.org,spc@spcregion.org,
Southwestern Pennsylvania Commission (SPC),"SPC is the 10-county regional planning agency and MPO for Southwestern Pennsylvania. It convenes county and municipal leaders, labor, business, and transit agencies to produce nonpartisan regional policy briefs and to organize legislative briefings, project tours, and invitations for federal and state officials to visit communities from the Mon Valley to Beaver and Greene counties. By speaking with one regional voice and coordinating on-the-ground visits, SPC implements the coalition model th...",Regional Coalition to Request Official Visits,Campaign Visits Concentrated in Urban Pittsburgh Rather Than Industrial Communities,Southwestern Pennsylvania Commission,"Two Chatham Center, Suite 500, 112 Washington Place, Pittsburgh, PA 15219",https://www.spcregion.org,spc@spcregion.org,
Southwestern Pennsylvania Commission Open Data & Regional Dashboards,"SPC’s open data portal and dashboards publish regional statistics, maps, and project trackers for transportation, freight, safety, broadband, and economic development across the 10-county region. By visualizing infrastructure needs and planned investments (e.g., TIP projects) at the county and community level, SPC implements the solution and equips journalists, campaigns, and advocacy groups with actionable, place-specific information beyond major urban centers.",Collaborative Data and Needs Dashboard,Campaign Visits Concentrated in Urban Pittsburgh Rather Than Industrial Communities,Southwestern Pennsylvania Commission,"112 Washington Place, Suite 500, Pittsburgh, PA 15219-3451",https://data.spcregion.org,spc@spcregion.org,
Southwestern Pennsylvania Commission – Public Participation Panels,"SPC’s Public Participation Panels are standing, cross-sector advisory councils that include representatives from labor, business, neighborhood organizations, and community and faith groups across the 10-county region. The panels meet year-round to identify shared priorities for transportation, economic development, and infrastructure investments that impact jobs, access to services, and community well-being, and they coordinate public input and advocacy into regional plans. By design, the pan...",Union-Community Issue Councils,No Locally Attuned Progressive Leaders from Working-Class Communities,Southwestern Pennsylvania Commission,"112 Washington Place, Pittsburgh, PA 15219",https://www.spcregion.org,spc@spcregion.org,
Southwestern Pennsylvania Community Profiles,"This platform compiles and visualizes multi-year statistics for municipalities and neighborhoods in the Pittsburgh region, including demographics, jobs and commuting, housing conditions, poverty, health, and civic engagement. Users can map and compare places—such as former mill towns and metro neighborhoods—to highlight economic and infrastructure needs, with downloadable charts and data for use in briefs and stories. Campaigns, journalists, and advocacy organizations rely on the profiles to ...",Collaborative Data and Needs Dashboard,Campaign Visits Concentrated in Urban Pittsburgh Rather Than Industrial Communities,University of Pittsburgh Center for Social and Urban Research (UCSUR),"3343 Forbes Avenue, Pittsburgh, PA 15260",https://profiles.wprdc.org,ucsur@pitt.edu,
Southwestern Pennsylvania Community Profiles,"This public dashboard provides comparable indicators and interactive maps for municipalities and neighborhoods across the 10-county Southwestern Pennsylvania region. It implements the solution by compiling local statistics on demographics, economy, housing, and infrastructure needs—particularly in smaller industrial and ex-industrial towns—and making the information easy for campaigns, journalists, and advocates to use for targeting resources and telling data-driven stories.",Collaborative Data and Needs Dashboard,Campaign Visits Concentrated in Urban Pittsburgh Rather Than Industrial Communities,Western Pennsylvania Regional Data Center at the University of Pittsburgh Center for Social and Urban Research,"3343 Forbes Avenue, Pittsburgh, PA 15213",https://profiles.wprdc.org,info@wprdc.org,
Southwestern Pennsylvania Community Profiles,"Southwestern Pennsylvania Community Profiles provides interactive, municipal-level dashboards for the 10-county region, covering demographics, labor markets, housing, transportation, and community well-being. Users can compare towns and neighborhoods, view mapped indicators, and download data and reports for analysis and storytelling. This platform enables campaigns, journalists, and advocates to understand needs in deindustrialized communities outside Pittsburgh as clearly as those in the ur...",Collaborative Data and Needs Dashboard,Campaign Visits Concentrated in Urban Pittsburgh Rather Than Industrial Communities,University of Pittsburgh Center for Social and Urban Research (UCSUR),"3343 Forbes Avenue, Pittsburgh, PA 15260",https://profiles.ucsur.pitt.edu,ucsur@pitt.edu,
Southwestern Pennsylvania Connected – Regional Broadband Working Group,"SPC convenes an ongoing regional broadband working group that brings together residents, local governments, libraries, and ISPs to close connectivity gaps. Participants map underserved areas, aggregate community demand, develop funding applications, and coordinate digital equity strategies—turning resident-identified needs into concrete projects and policy proposals. The year-round forum keeps momentum between grant cycles and elections, ensuring persistent issue research and organized campai...",Local Issue Working Groups,Absence of Year-Round Democratic Party Presence and Organizing,Southwestern Pennsylvania Commission,"112 Washington Place, Suite 500, Pittsburgh, PA 15219",https://www.spcregion.org,spc@spcregion.org,
State of the Region and Community Issue Briefs,"Community Foundation for the Alleghenies compiles data-driven snapshots of local priorities—jobs, infrastructure, health, education—for Cambria, Somerset, and neighboring counties, publishing concise briefs and dashboards that summarize key needs and opportunities. These materials are actively shared with local leaders, visiting state and federal officials, journalists, and candidates to inform site visits and policy discussions, effectively serving as a community issues packet for Johnstown ...",Community Issues Packet for Visitors,Campaign Visits Concentrated in Urban Pittsburgh Rather Than Industrial Communities,Community Foundation for the Alleghenies,"216 Franklin Street, Suite 400, Johnstown, PA 15901",https://www.cfalleghenies.org,info@cfalleghenies.org,
Sto-Rox Community Action Plan,"New Sun Rising convenes short-term action labs and joint working sessions with residents, small business owners, youth, and workers from Stowe Township and McKees Rocks to co-design practical solutions. The resulting Community Action Plan includes implementable proposals—such as small-business support networks, workforce retraining pathways, and neighborhood safety initiatives—that are advanced with municipal officials, school district leaders, and regional partners.",Community Policy Labs,No Locally Attuned Progressive Leaders from Working-Class Communities,New Sun Rising,"1106 California Avenue, Pittsburgh, PA 15212",https://www.newsunrising.org,info@newsunrising.org,
Sto-Rox Community Conversations,"Focus On Renewal facilitates recurring Sto-Rox Community Conversations and forums that gather residents of McKees Rocks and Stowe Township with Pittsburgh-based university partners, county agencies, and nonprofit leaders. These joint town-to-city dialogues surface shared strategies on transportation access, economic development, and health services while building trust between industrial river towns and urban institutions.",Town-to-City Exchange Events,Campaign Visits Concentrated in Urban Pittsburgh Rather Than Industrial Communities,Focus On Renewal,"701 Chartiers Avenue, McKees Rocks, PA 15136",https://www.forstorox.org,info@forstorox.org,
Student Support Services,"Bidwell Training Center provides wraparound supports alongside its tuition-free career training programs. Student Services offers transportation assistance (such as bus passes) and helps students secure child care or access child care subsidies so they can reliably attend classes, clinicals, and interviews. These supports are designed to remove logistical barriers that disproportionately affect working-class learners.",Transportation and Childcare Support for Trainees,Cultural Disconnection Between Progressive Messaging and Working-Class Identity,Bidwell Training Center (Manchester Bidwell Corporation),"1815 Metropolitan Street, Pittsburgh, PA 15233",https://www.bidwelltraining.edu,admissions@bidwelltraining.edu,
Student Support Services,"Bidwell Training Center offers tuition-free vocational training alongside support services that help students get to and stay in class, including transportation assistance (e.g., transit passes) and connections to childcare resources. These supports reduce practical barriers so trainees can complete high-demand programs and transition into employment.",Transportation and Childcare Support for Trainees,Cultural Disconnection Between Progressive Messaging and Working-Class Identity,Bidwell Training Center,"1815 Metropolitan Street, Pittsburgh, PA 15233",https://www.bidwelltraining.edu,admissions@bidwelltraining.edu,
Student Supportive Services,"Bidwell Training Center provides no-cost career training and offers supportive services that remove barriers to attendance and employment. Students can receive public transit assistance (such as ConnectCard/bus passes) and emergency transportation stipends to get to classes, interviews, and new jobs, and staff help parents connect to childcare subsidies through the local Early Learning Resource Center. These supports directly implement transportation and childcare assistance so working-class ...",Transportation and Childcare Support for Trainees,Cultural Disconnection Between Progressive Messaging and Working-Class Identity,Bidwell Training Center,"1815 Metropolitan Street, Pittsburgh, PA 15233",https://www.bidwelltraining.edu,admissions@bidwelltraining.edu,
Success Stories,"Mon Valley Initiative regularly publishes ‘Success Stories’ profiling local jobseekers and trainees who’ve advanced through its workforce and financial coaching programs. These narratives are shared via newsletters, the website, and social media to highlight real worker experiences in Western Pennsylvania, building community trust and creating peer-to-peer, relatable endorsements for programs and partners.",Local media and storytelling campaign,Communication Gaps Between Top Union Officials and Rank-and-File Members,Mon Valley Initiative,"305 East 8th Avenue, Homestead, PA 15120",https://www.monvalleyinitiative.com/category/success-stories/,info@monvalleyinitiative.com,
Succession Planning and Ownership Transition Services,"Catalyst Connection, the region’s NIST MEP affiliate, works with small and mid-sized manufacturers on ownership transitions that keep facilities open and jobs in Western Pennsylvania. Their advisors evaluate employee ownership options, provide technical assistance to design transitions (including ESOPs/worker co-ops), and broker connections to financing—supporting worker buyouts and locally rooted ownership.",Worker-Owned Cooperative Support,Cultural Disconnection Between Progressive Messaging and Working-Class Identity,Catalyst Connection,"4501 Lytle Street, Suite 301, Pittsburgh, PA 15207",https://www.catalystconnection.org,info@catalystconnection.org,
Supplier Diversity & Inclusion Program,"UPMC’s supplier program intentionally expands purchasing with Western Pennsylvania suppliers, including local manufacturers, construction contractors, and service firms. By onboarding and mentoring local vendors and setting targets for local/diverse spend across facilities, capital projects, and clinical supply chains, the health system directs large, recurring procurement to nearby businesses—creating predictable demand and supporting local jobs.",Local Procurement and Buy-Local Policies,Cultural Disconnection Between Progressive Messaging and Working-Class Identity,UPMC,"600 Grant Street, Pittsburgh, PA 15219",https://www.upmc.com/about/supplierdiversity,supplierdiversity@upmc.edu,
Supplier Diversity Program,"Allegheny Health Network’s supplier program broadens access for Western Pennsylvania businesses to provide goods and services for hospital operations, construction, and maintenance. By proactively identifying and contracting with local manufacturers and contractors, AHN channels institutional purchasing toward regional firms, strengthening the local supply base and sustaining steady employment.",Local Procurement and Buy-Local Policies,Cultural Disconnection Between Progressive Messaging and Working-Class Identity,Allegheny Health Network,"120 Fifth Avenue, Pittsburgh, PA 15222",https://www.ahn.org/about/supplier-diversity,supplierdiversity@ahn.org,
Supplier Diversity and Local Sourcing,"UPMC’s supplier diversity and local sourcing practices expand contracting opportunities for local and diverse businesses across its hospital system, including facilities throughout Western Pennsylvania. By engaging regional manufacturers, suppliers, and service contractors in its supply chain, UPMC leverages its consistent healthcare purchasing to support local firms and sustain high-quality jobs.",Local Procurement and Buy-Local Policies,Cultural Disconnection Between Progressive Messaging and Working-Class Identity,UPMC,"600 Grant Street, Pittsburgh, PA 15219",https://www.upmc.com/about/supplier-diversity,,
Sustainable Pennsylvania Municipal Certification,"This program guides municipalities across Western Pennsylvania to adopt sustainable procurement policies, including preferential purchasing from local vendors and consideration of community impact in purchasing decisions. Through technical assistance, model policies, and recognition, it helps city and borough governments shift routine purchasing toward local manufacturers and contractors—building reliable demand for regional businesses.",Local Procurement and Buy-Local Policies,Cultural Disconnection Between Progressive Messaging and Working-Class Identity,Sustainable Pittsburgh (in partnership with the Pennsylvania Municipal League),"307 Fourth Avenue, Suite 1500, Pittsburgh, PA 15222",https://sustainablepittsburgh.org/programs/recognition/sustainable-pennsylvania,info@sustainablepittsburgh.org,
Systems Advocacy,"Voices for Independence’s Systems Advocacy program supports people with disabilities to engage in civic life by coordinating accessible transportation to town halls, candidate forums, and local government meetings across Western Pennsylvania. Staff help arrange paratransit, volunteer driver carpools, and ride-share logistics so participants from outlying and industrial communities can attend regional political events that are otherwise hard to reach.",Transportation and Accessibility Support,Campaign Visits Concentrated in Urban Pittsburgh Rather Than Industrial Communities,Voices for Independence,"69 East Beau Street, Washington, PA 15301",https://vficil.org,info@vficil.org,
"Teamsters DRIVE (Democrat, Republican, Independent Voter Education) – Local 249 Worksite Program","Local 249’s DRIVE program organizes “barn visits” and garage meet‑and‑greets at UPS hubs, freight terminals, and sanitation garages across Western Pennsylvania. Candidates and public officials speak with drivers, warehouse workers, and logistics staff before and after shifts, creating on-site forums where members can ask questions and hear positions on wages, safety, and infrastructure. These workplace events embed civic engagement directly in garages and terminals, ensuring political actors ...",Civic Engagement at Job Sites,Cultural Disconnection Between Progressive Messaging and Working-Class Identity,Teamsters Local Union No. 249,"4701 Butler Street, Pittsburgh, PA 15201",https://www.teamsterslocal249.org,,
Teamsters Local 249 D.R.I.V.E. Candidate Endorsements,"Teamsters Local 249 uses its D.R.I.V.E. (Democrat, Republican, Independent Voter Education) program to solicit candidate questionnaires, host screenings at the union hall, and vote on endorsements through committees of local drivers, warehouse workers, and shop stewards. The local then publishes and promotes endorsements for candidates who back worker rights, safe jobs, and strong local representation across Western Pennsylvania.",Local Candidate Endorsement Circle,No Locally Attuned Progressive Leaders from Working-Class Communities,International Brotherhood of Teamsters Local 249,"4701 Butler Street, Pittsburgh, PA 15201",https://www.teamsterslocal249.org,,
Teamsters Local 249 D.R.I.V.E. and Contract Action Teams,"Teamsters Local 249 uses elected bargaining committees and contract action teams to gather member input and set bargaining demands through surveys, meetings, and shop-steward networks. Through the Teamsters’ D.R.I.V.E. program, rank-and-file members participate in local candidate screenings and endorsement votes, aligning political endorsements with member-defined workplace priorities and giving workers a direct, transparent voice in union actions.",Pilot participatory bargaining and decision-making,Communication Gaps Between Top Union Officials and Rank-and-File Members,International Brotherhood of Teamsters Local 249,"4701 Butler Street, Pittsburgh, PA 15201",https://teamsterslocal249.org,,
Teamsters Local 249 DRIVE – Candidate Endorsements,"Teamsters Local 249’s DRIVE committee brings together elected shop stewards and member leaders from freight, package, beverage, and public sector shops to vet candidates on wages, safety, and local jobs. After interviews and questionnaire reviews, the local publishes endorsements and deploys member organizers to support endorsed campaigns. This member-run endorsement circle ensures candidates are accountable to working people in Allegheny County and surrounding communities.",Local Candidate Endorsement Circle,No Locally Attuned Progressive Leaders from Working-Class Communities,International Brotherhood of Teamsters Local 249,"4701 Butler Street, Pittsburgh, PA 15201",https://www.teamsterslocal249.org,info@teamsterslocal249.org,
Teamsters Local 249 Political Action/COPE,"Teamsters Local 249 engages active drivers, warehouse workers, and public-sector members in a COPE committee that screens county and municipal candidates, votes on endorsements, and plans member-to-member outreach. The committee crafts concise, member-written explanations and worksite-specific guidance tailored to different barns and terminals, ensuring endorsements are communicated through trusted workplace networks rather than top-down national messaging.",Local endorsement councils made of members,Communication Gaps Between Top Union Officials and Rank-and-File Members,International Brotherhood of Teamsters Local 249,"4701 Butler Street, Pittsburgh, PA 15201",https://www.teamsterslocal249.org,,
Teamsters Temple,"Teamsters Temple is a union-owned hall operated as a neutral community venue that regularly hosts community dinners, labor meetings, candidate forums, and civic workshops. By opening the Teamsters’ space to neighborhood groups and campaigns, it reconnects workers and residents in a familiar union setting for peer-to-peer political talk, skills workshops, and public events.",Repurpose union halls as community hubs,Communication Gaps Between Top Union Officials and Rank-and-File Members,Teamsters Local 249,"4701 Butler Street, Pittsburgh, PA 15201",https://www.teamsterstemple.com,,
TeenBloc,"TeenBloc is a youth civic leadership program that trains Pittsburgh Public Schools students to organize peers, facilitate meetings, and advocate on education policy before school boards and local officials. The program offers hands-on leadership development and campaign experience, building a pipeline of young, community-rooted leaders who can convene neighbors and influence local decision-making.",Civic Apprenticeship & Leadership Program,Absence of Year-Round Democratic Party Presence and Organizing,A+ Schools,"1901 Centre Avenue, Pittsburgh, PA 15219",https://aplusschools.org/teenbloc,info@aplusschools.org,
TeenBloc,"TeenBloc trains Pittsburgh Public Schools high-school students to organize their peers and communities around education issues. Youth learn power mapping, meeting facilitation, public speaking, and how to influence school board and local policy through campaigns and testimony. The program runs year-round, cultivating a next generation of local leaders with hands-on experience in organizing and governance.",Civic Apprenticeship & Leadership Program,Absence of Year-Round Democratic Party Presence and Organizing,A+ Schools: Pittsburgh’s Community Alliance for Public Education,"1901 Centre Avenue, Pittsburgh, PA 15219",https://aplusschools.org,info@aplusschools.org,
Terminal Modernization Program Community Benefits Plan,"For the new Pittsburgh International Airport terminal, the Airport Authority established a Community Benefits Plan that embeds local hiring, apprenticeship slots with union trades, diverse business participation, and community investment benchmarks into project delivery. The plan is implemented alongside project labor agreements and workforce partners to ensure that residents of Western Pennsylvania, including disadvantaged communities, access construction careers and related services. The Au...",Community Benefit Agreements for Redevelopment,Absence of Labor-Community Coalitions,Allegheny County Airport Authority,"1000 Airport Boulevard, Pittsburgh, PA 15231",https://www.pittransformed.com/community,info@flypittsburgh.com,
The Allegheny Front,"The Allegheny Front is a weekly public radio program and podcast that tells in-depth stories about environmental and energy issues through the perspectives of Western Pennsylvania workers, local leaders, and community groups. By featuring on-the-ground reporting and audio storytelling across industrial and post-industrial neighborhoods, it elevates informed, credible local voices and showcases community solutions.",Local Storytelling Media Hub,No Locally Attuned Progressive Leaders from Working-Class Communities,The Allegheny Front,"67 Bedford Square, Pittsburgh, PA 15203",https://www.alleghenyfront.org,info@alleghenyfront.org,
The Allegheny Front,"The Allegheny Front is a weekly public radio show and podcast covering environmental news and community impacts across Western Pennsylvania, featuring resident perspectives, local events, and public policy discussions. By producing ongoing, locally focused audio journalism and distributing it on regional radio and podcast platforms, it maintains year-round visibility for issues affecting residents and invites community engagement.",Community Media — Newsletter & Podcast,Absence of Year-Round Democratic Party Presence and Organizing,"The Allegheny Front (Environmental Information Consortium, Inc.)","67 Bedford Square, Pittsburgh, PA 15203",https://www.alleghenyfront.org,info@alleghenyfront.org,
The Big Idea Bookstore,"The Big Idea is a worker-owned, collectively governed bookstore and community gathering space in Bloomfield. Through cooperative ownership by local worker-owners and ongoing community support, they maintain a modest storefront that regularly hosts discussions, reading groups, mutual aid drives, and organizing meetings. This creates a resident-controlled, year-round hub rather than a space run by outside operatives.",Community-Owned Small Spaces,Absence of Year-Round Democratic Party Presence and Organizing,The Big Idea Bookstore Cooperative,"4812 Liberty Avenue, Pittsburgh, PA 15224",https://www.bigideapgh.org,info@bigideapgh.org,
The Big Idea Bookstore Cooperative,"The Big Idea is a worker-owned bookstore and community hub that operates as a cooperative, giving local worker-owners and community members direct control over the space. The store has used community fundraising and cooperative ownership to acquire and sustain its modest storefront, and it hosts meetings, reading groups, and events that serve as year-round gathering points. This model exemplifies resident-controlled, small-scale community space rather than one managed by outside operatives.",Community-Owned Small Spaces,Absence of Year-Round Democratic Party Presence and Organizing,The Big Idea Bookstore Cooperative,"4812 Liberty Avenue, Pittsburgh, PA 15224",https://www.bigideapgh.org,info@bigideapgh.org,
The Bulletin,"The Bulletin is a monthly, nonpartisan neighborhood newspaper covering Bloomfield, Garfield, Friendship, Lawrenceville, and nearby East End communities. It profiles everyday civic contributors, small businesses, and resident-led projects, and promotes local meetings and resources. By elevating personal stories and community initiatives across print and digital channels, it reframes neighborhood identity around shared values and participation.",Local media and storytelling campaign,Communication Gaps Between Top Union Officials and Rank-and-File Members,Bloomfield-Garfield Corporation,"5149 Penn Avenue, Pittsburgh, PA 15224",https://bloomfield-garfield.org/the-bulletin/,bulletin@bloomfield-garfield.org,
The Bulletin,"The Bulletin is a free monthly community newspaper covering Bloomfield, Garfield, Lawrenceville, and nearby neighborhoods, reporting on local residents, small businesses, and civic projects. Its coverage centers nonpartisan neighborhood initiatives, profiles everyday contributors, and spotlights opportunities for residents to get involved. By celebrating local problem-solvers and community collaboration, The Bulletin strengthens neighborhood identity and trust.","Restore local communications: newsletters, phone trees, and text lists",Communication Gaps Between Top Union Officials and Rank-and-File Members,Bloomfield-Garfield Corporation,"113 N Pacific Avenue, Pittsburgh, PA 15224",https://bloomfield-garfield.org/the-bulletin,bulletin@bloomfield-garfield.org,
The Bulletin,"The Bulletin is a free, hyperlocal monthly newspaper serving Pittsburgh’s East End neighborhoods that publishes community reporting, op-eds, and profiles of workers and small businesses. Unions and apprenticeship programs partner with The Bulletin to run explainer pieces, celebrate workplace wins, and feature member stories in a neighborhood paper that residents trust more than national communications.","Restore local communications: newsletters, phone trees, and text lists",Communication Gaps Between Top Union Officials and Rank-and-File Members,Bloomfield-Garfield Corporation,"5321 Penn Avenue, Pittsburgh, PA 15224",https://bloomfield-garfield.org,info@bloomfield-garfield.org,
The Bulletin,"The Bulletin is a monthly, nonpartisan neighborhood newspaper covering Bloomfield, Garfield, Friendship, Lawrenceville, and nearby East End communities. It profiles everyday civic contributors, small businesses, and resident-led projects, and promotes local meetings and resources. By elevating personal stories and community initiatives across print and digital channels, it reframes neighborhood identity around shared values and participation.","Restore local communications: newsletters, phone trees, and text lists",Communication Gaps Between Top Union Officials and Rank-and-File Members,Bloomfield-Garfield Corporation,"5149 Penn Avenue, Pittsburgh, PA 15224",https://bloomfield-garfield.org/the-bulletin/,bulletin@bloomfield-garfield.org,
The Bulletin,"The Bulletin is a free monthly community newspaper covering Bloomfield, Garfield, Lawrenceville, and nearby neighborhoods, reporting on local residents, small businesses, and civic projects. Its coverage centers nonpartisan neighborhood initiatives, profiles everyday contributors, and spotlights opportunities for residents to get involved. By celebrating local problem-solvers and community collaboration, The Bulletin strengthens neighborhood identity and trust.",Community Media — Newsletter & Podcast,Absence of Year-Round Democratic Party Presence and Organizing,Bloomfield-Garfield Corporation,"113 N Pacific Avenue, Pittsburgh, PA 15224",https://bloomfield-garfield.org/the-bulletin,bulletin@bloomfield-garfield.org,
The Bulletin (Community Calendar),"The Bloomfield-Garfield Corporation publishes The Bulletin, a free monthly newspaper that features a robust community calendar of neighborhood meetings, events, and volunteer opportunities, with printed copies distributed at libraries, community centers, and local businesses. They also host calendar listings online and share event updates through their website and social channels, ensuring constant visibility and easy access for residents and organizations.",Shared Community Calendar & Messaging Groups,Absence of Year-Round Democratic Party Presence and Organizing,Bloomfield-Garfield Corporation,"5149 Penn Avenue, Pittsburgh, PA 15224",https://bloomfield-garfield.org/the-bulletin,info@bloomfield-garfield.org,
The Bulletin Candidate Forums,"The Bloomfield-Garfield Corporation, through its community newspaper The Bulletin, convenes nonpartisan neighborhood candidate forums for City Council, School Board, and state legislative races. Residents and workers facilitate Q&A focused on local workplace and community concerns and ask candidates to make clear, trackable commitments; BGC records and publishes recaps and video highlights across The Bulletin, email lists, and social channels, creating accountability after Election Day.",Local candidate forums and accountability sessions,Communication Gaps Between Top Union Officials and Rank-and-File Members,Bloomfield-Garfield Corporation,"113 North Pacific Avenue, Pittsburgh, PA 15224",https://bloomfield-garfield.org,info@bloomfield-garfield.org,
The Bulletin Community Calendar,"Published by the Bloomfield-Garfield Corporation, The Bulletin is a monthly printed newspaper with a dedicated community calendar that lists neighborhood meetings, events, volunteer opportunities, and resources across Bloomfield, Garfield, Friendship, and nearby areas. The organization also maintains an online calendar, email announcements, and social media posts to keep information visible between print cycles, functioning as a consistent, year-round communication hub.",Shared Community Calendar & Messaging Groups,Absence of Year-Round Democratic Party Presence and Organizing,Bloomfield-Garfield Corporation,"5149 Penn Avenue, Pittsburgh, PA 15224",https://bloomfield-garfield.org,info@bloomfield-garfield.org,
The Circuit Center & Ballroom,"Owned by IBEW Local 5, the Circuit Center & Ballroom serves as a community-facing union hall hosting job fairs, apprenticeship information nights, endorsement meetings, and candidate meet-and-greets. Its flexible meeting and banquet spaces are used by unions, civic groups, and local campaigns to provide trainings, community dinners, and workshops in a worker-centered environment.",Repurpose union halls as community hubs,Communication Gaps Between Top Union Officials and Rank-and-File Members,International Brotherhood of Electrical Workers Local 5,"5 Hot Metal Street, Pittsburgh, PA 15203",https://www.circuitcenterandballroom.com,info@circuitcenterandballroom.com,
The Circuit Center & Ballroom (IBEW Local 5),"Located within the IBEW Local 5 facility, The Circuit Center & Ballroom makes a union-owned hall available for community use, hosting nonprofit galas, blood drives, workforce trainings, and neighborhood banquets through formal rental agreements. By opening a labor venue to the broader public during evenings and weekends, it revives the tradition of union halls serving as multi-functional civic spaces.",Repurpose union halls as community hubs,Communication Gaps Between Top Union Officials and Rank-and-File Members,International Brotherhood of Electrical Workers Local Union No. 5,"5 Hot Metal Street, Pittsburgh, PA 15203",https://www.circuitcenter.com,,
The Confluence (90.5 WESA),"The Confluence is WESA’s weekday news program focusing on Pittsburgh-area stories, local government, and community issues, featuring interviews with residents, civic leaders, and reporters. By airing year-round and amplifying local perspectives and events, it functions as ongoing community media that connects audiences to civic opportunities and neighborhood stories.",Community Media — Newsletter & Podcast,Absence of Year-Round Democratic Party Presence and Organizing,Pittsburgh Community Broadcasting Corporation,"67 Bedford Square, Pittsburgh, PA 15203",https://www.wesa.fm,news@wesa.fm,
The Corner Community Center (West Oakland),"The Corner operates a year-round, neighborhood-scale community hub in a former storefront/church annex where residents meet, access information, and participate in grassroots programs. It keeps costs low through shared space, partnerships with local churches and nearby businesses, and volunteer hosts who staff open hours, maintain bulletin boards, and support community meetings and sign-ups.",Neighborhood Community Hubs (Volunteer-Run),Absence of Year-Round Democratic Party Presence and Organizing,The Corner,"200 Robinson Street, Pittsburgh, PA 15213",https://www.cornerpgh.org,info@cornerpgh.org,
The Corner LaunchBox,"The Corner LaunchBox offers no-cost incubation with coaching, mentorship, and coworking space to help New Kensington–area residents test and launch businesses. Entrepreneurs receive access to legal and intellectual property office hours through Penn State’s law and entrepreneurship resources, as well as small seed funding opportunities like Idea TestLab microgrants. Shared workspace and equipment, plus ongoing clinics and mentoring, reduce startup costs and build a local pipeline of job-creat...",Town-to-City Exchange Events,Campaign Visits Concentrated in Urban Pittsburgh Rather Than Industrial Communities,Penn State New Kensington,"701 5th Avenue, New Kensington, PA 15068",https://thecorner.psu.edu,thecorner@psu.edu,
The Homepage (Greater Hazelwood Community Newspaper),"The Homepage is a free print and online newspaper serving Greater Hazelwood that profiles residents, block clubs, and nonpartisan community projects in areas like housing, safety, and local development. It invites stories and announcements from neighbors and civic groups, highlighting everyday contributors who strengthen community life. By centering personal narratives and shared efforts, it helps build a sense of belonging and trust.",Local media and storytelling campaign,Communication Gaps Between Top Union Officials and Rank-and-File Members,"Hazelwood Initiative, Inc.","4901 Second Avenue, Pittsburgh, PA 15207",https://www.hazelwoodinitiative.org,info@hazelwoodinitiative.org,
The Homepage (Greater Hazelwood Community Newspaper),"The Homepage is a monthly community newspaper that profiles neighborhood leaders, workers, and grassroots projects in Greater Hazelwood and surrounding river communities. Produced by a local community development organization, it focuses on resident voices, union partnerships, and practical stories about improvements and opportunities in the area. By consistently publishing locally-sourced reporting and narratives, it operates as a neighborhood media hub that builds recognition of credible vo...",Local Storytelling Media Hub,No Locally Attuned Progressive Leaders from Working-Class Communities,"Hazelwood Initiative, Inc.","4901 Second Avenue, Pittsburgh, PA 15207",https://www.hazelwoodinitiative.org/homepage,homepage@hazelwoodinitiative.org,
The Homepage (Hazelwood) + Community Calendar & Alerts,"Hazelwood Initiative produces The Homepage, a monthly printed neighborhood newspaper featuring a robust calendar of local meetings, events, and resources, which is distributed throughout Hazelwood and surrounding communities. They reinforce this with an online events calendar, regular email updates, and social media channels to promote volunteer needs and community gatherings, ensuring residents can access information both digitally and in print year-round.",Shared Community Calendar & Messaging Groups,Absence of Year-Round Democratic Party Presence and Organizing,"Hazelwood Initiative, Inc.","4901 Second Avenue, Pittsburgh, PA 15207",https://www.hazelwoodinitiative.org,info@hazelwoodinitiative.org,
The Homepage — Greater Hazelwood Community Newspaper,"The Homepage is a neighborhood newspaper that covers community news, resident profiles, resources, and civic meetings for Greater Hazelwood, distributed regularly to keep neighbors informed. By curating local stories and publicizing opportunities to participate in community decision-making, it sustains consistent visibility and elevates resident voices year-round.",Community Media — Newsletter & Podcast,Absence of Year-Round Democratic Party Presence and Organizing,"Hazelwood Initiative, Inc.","4901 Second Avenue, Pittsburgh, PA 15207",https://www.hazelwoodinitiative.org,info@hazelwoodinitiative.org,
The NewPeople,"The NewPeople is a volunteer-written, print and digital publication of the Thomas Merton Center that distributes locally focused articles, event listings, and calls to action across Pittsburgh communities. It invites community submissions, letters, and op-eds, and the Center maintains member email lists and call lists to gather input and mobilize readers for forums and campaigns. By centering resident voices and using print distribution alongside grassroots contact lists, it operationalizes t...","Restore local communications: newsletters, phone trees, and text lists",Communication Gaps Between Top Union Officials and Rank-and-File Members,Thomas Merton Center,"5129 Penn Avenue, Pittsburgh, PA 15224",https://www.thomasmertoncenter.org,info@thomasmertoncenter.org,
The Pittsburgh Foundation – Research and Policy Briefings,"The Pittsburgh Foundation regularly produces research reports and issue briefs (e.g., on education, health, workforce, and community well‑being) and uses them to brief policymakers, media, and community leaders. These evidence‑based materials function as visitor packets that center priorities and conditions across Western Pennsylvania communities, helping ensure that officials and campaigns understand needs beyond the city’s affluent neighborhoods.",Community Issues Packet for Visitors,Campaign Visits Concentrated in Urban Pittsburgh Rather Than Industrial Communities,The Pittsburgh Foundation,"5 PPG Place, Suite 250, Pittsburgh, PA 15222",https://pittsburghfoundation.org,info@pghfdn.org,
The Pittsburgh Promise (Career and Technical Education Scholarships),"The Pittsburgh Promise is a donor-funded scholarship program for Pittsburgh Public Schools graduates that can be used at accredited trade and technical schools as well as two-year colleges. By covering tuition and related costs for career and technical training programs in high-demand fields, the Promise functions as a local, community-funded scholarship that removes upfront financial barriers to entering trades and apprenticeship pathways. This support lowers financial risk for students purs...",Local Apprenticeship Scholarships and Wage Supplements,Cultural Disconnection Between Progressive Messaging and Working-Class Identity,The Pittsburgh Promise,"1901 Centre Avenue, Suite 204, Pittsburgh, PA 15219",https://pittsburghpromise.org,info@pittsburghpromise.org,
The Pittsburgh Promise Scholarship,"The Pittsburgh Promise provides last-dollar scholarships to graduates of Pittsburgh Public Schools who meet academic and attendance benchmarks, helping them afford college or career/technical education. Through its Promise Partners network, local employers commit to internships and priority hiring of Promise Scholars, explicitly linking tuition support to real pathways into local jobs and role models in the region.",Local Apprenticeship Scholarships and Wage Supplements,Cultural Disconnection Between Progressive Messaging and Working-Class Identity,The Pittsburgh Promise,"1901 Centre Avenue, Suite 204, Pittsburgh, PA 15219",https://www.pittsburghpromise.org,info@pittsburghpromise.org,
The Pump House,"This historic labor facility, now operated by Rivers of Steel, is used as a community hub for lectures, civic workshops, labor-history programs, and candidate conversations hosted by local organizations such as the Battle of Homestead Foundation. Repurposing the former industrial/labor site as a neutral, locally run gathering space brings workers and residents together for civic education and community events.",Repurpose union halls as community hubs,Communication Gaps Between Top Union Officials and Rank-and-File Members,Rivers of Steel Heritage Corporation,"880 East Waterfront Drive, Munhall, PA 15120",https://riversofsteel.com/attractions/pump-house/,info@riversofsteel.com,
The Wilkinsburg Sun,"The Wilkinsburg Sun is a community newspaper produced with and for Wilkinsburg residents, with printed editions mailed and drop-distributed to households and businesses. It serves as a simple, locally controlled communications system by publishing civic updates, neighborhood and union hall notices, and calls for participation, while inviting resident submissions and letters to the editor to gather feedback. This consistent print vehicle restores trusted, place-based communication across Wilki...","Restore local communications: newsletters, phone trees, and text lists",Communication Gaps Between Top Union Officials and Rank-and-File Members,Wilkinsburg Community Development Corporation,"1001 Wood Street, Wilkinsburg, PA 15221",https://wilkinsburgcdc.org,info@wilkinsburgcdc.org,
The Wilkinsburg Sun,"The Wilkinsburg Sun is a hyperlocal monthly newspaper and online platform that reports on neighborhood projects, small businesses, civic partnerships, and community events in Wilkinsburg. It regularly features resident profiles, columns from local leaders (including faith and nonprofit voices), and coverage of collaborative initiatives aimed at improving housing, safety, and economic opportunity. By centering practical solutions and everyday problem-solvers, it builds shared identity and coun...","Restore local communications: newsletters, phone trees, and text lists",Communication Gaps Between Top Union Officials and Rank-and-File Members,Wilkinsburg Community Development Corporation,"1001 Wood Street, Wilkinsburg, PA 15221",https://wilkinsburgsun.com,thewilkinsburgsun@gmail.com,
The Wilkinsburg Sun,"The Wilkinsburg Sun is a hyperlocal monthly newspaper and online platform that reports on neighborhood projects, small businesses, civic partnerships, and community events in Wilkinsburg. It regularly features resident profiles, columns from local leaders (including faith and nonprofit voices), and coverage of collaborative initiatives aimed at improving housing, safety, and economic opportunity. By centering practical solutions and everyday problem-solvers, it builds shared identity and coun...",Local Storytelling Media Hub,No Locally Attuned Progressive Leaders from Working-Class Communities,Wilkinsburg Community Development Corporation,"1001 Wood Street, Wilkinsburg, PA 15221",https://wilkinsburgsun.com,thewilkinsburgsun@gmail.com,
Thomas Merton Center,"The Thomas Merton Center convenes faith congregations, labor unions, student groups, and neighborhood nonprofits to advocate for workers’ rights, living wages, and policies like paid sick leave that create fair workplaces. Through public campaigns, rallies, and coalition-based education, they apply community pressure on unfair employer practices while connecting workers to legal and social-service partners for support. This cross-sector approach counters company-dominated narratives by rebuil...",Transportation and Accessibility Support,Campaign Visits Concentrated in Urban Pittsburgh Rather Than Industrial Communities,Thomas Merton Center,"5129 Penn Avenue, Pittsburgh, PA 15224",https://www.thomasmertoncenter.org,info@thomasmertoncenter.org,
Thomas Merton Center Events Calendar and Network,"The Thomas Merton Center maintains an online calendar and communications hub that aggregates events, campaigns, and volunteer opportunities from labor allies, faith communities, and environmental justice groups. By curating and circulating schedules, actions, and resources across a broad coalition, the platform reduces fragmentation and enables coordinated organizing around shared regional priorities.",Data & Resource Sharing Platform,Absence of Labor-Community Coalitions,Thomas Merton Center,"5129 Penn Avenue, Pittsburgh, PA 15224",https://www.thomasmertoncenter.org,info@thomasmertoncenter.org,
Thomas Merton Center Labor Solidarity & Faith Partnerships,"The Thomas Merton Center convenes faith leaders, union members, and community groups for regular dialogue, teach-ins, and organizing strategy sessions, while offering its space for meetings and events that strengthen labor–community ties. During strikes and organizing drives, the Center helps coordinate solidarity support such as food collections, legal know‑your‑rights workshops with partner unions, and pastoral outreach from clergy allies. This work operationalizes a faith–labor bridge by n...",Faith‑Labor Bridge Program,Absence of Labor-Community Coalitions,Thomas Merton Center,"5129 Penn Avenue, Pittsburgh, PA 15224",https://www.thomasmertoncenter.org,info@thomasmertoncenter.org,
"Tony Mazzocchi Center for Health, Safety & Environmental Education","The Tony Mazzocchi Center (TMC) delivers HAZWOPER, emergency response, and environmental remediation training in partnership with unions and community groups, preparing workers for brownfield cleanup and industrial site remediation across Western Pennsylvania. By pairing union health-and-safety expertise with community-based recruitment, TMC creates project-ready crews for site cleanup and restoration and incorporates resident input into curriculum. This builds a shared EJ–labor working group...",Environmental Justice + Labor Working Groups,Absence of Labor-Community Coalitions,United Steelworkers (USW),"60 Boulevard of the Allies, Pittsburgh, PA 15222",https://www.uswtmc.org,info@uswtmc.org,
Tony Mazzocchi Center – Hazardous Waste Worker and Brownfields Training,"Run by the United Steelworkers, the Tony Mazzocchi Center provides OSHA HAZWOPER and related environmental remediation courses that prepare union members and community workers for brownfield cleanup, site decommissioning, and industrial remediation projects. Graduates work in well-paid union jobs on Western Pennsylvania sites, pairing environmental restoration with rigorous, job-embedded training and certifications that improve safety and employability.",Joint Environmental‑Job Transition Projects,Cultural Disconnection Between Progressive Messaging and Working-Class Identity,United Steelworkers (Tony Mazzocchi Center),"60 Boulevard of the Allies, Pittsburgh, PA 15222",https://www.uswtmc.org,tmc@uswtmc.org,
Town Halls and Just Transition Community Forums,"Center for Coalfield Justice organizes public forums in Washington and Greene counties that connect rural residents and labor voices with policy experts and regional leaders to discuss energy transition, environmental health, and economic diversification. These events build trust across town and city stakeholders—including researchers from nearby universities—and generate actionable policy recommendations that reflect the priorities of industrial and ex‑industrial communities.",Town-to-City Exchange Events,Campaign Visits Concentrated in Urban Pittsburgh Rather Than Industrial Communities,Center for Coalfield Justice,"14 E Beau Street, Washington, PA 15301",https://www.centerforcoalfieldjustice.org,info@centerforcoalfieldjustice.org,
Trade Institute of Pittsburgh,"Trade Institute of Pittsburgh provides hands-on workforce training in masonry, carpentry, welding, and related trades for people facing employment barriers, while co-located in a multi-tenant industrial campus with mission-driven manufacturers and social enterprises. The shared site enables training participants to interact with active businesses and maker tenants, building practical experience and connections that lead to jobs and apprenticeships, including with union partners. This co-locat...","Plain‑Language, Respectful Local Messaging",Cultural Disconnection Between Progressive Messaging and Working-Class Identity,Trade Institute of Pittsburgh,"7800 Susquehanna Street, Pittsburgh, PA 15208",https://www.tipgh.org,info@tipgh.org,
Trade Institute of Pittsburgh (TIP),"TIP trains adults for entry-level careers in the skilled trades and pairs trainees with retired tradespeople and program alumni who serve as instructors, job coaches, and workplace mentors. Graduates stay connected through ongoing support and an alumni network that brokers job leads with local contractors and provides on-the-job coaching and troubleshooting after placement, supplementing the formal classroom and shop training.","Plain‑Language, Respectful Local Messaging",Cultural Disconnection Between Progressive Messaging and Working-Class Identity,Trade Institute of Pittsburgh,"7800 Susquehanna Street, Pittsburgh, PA 15208",https://www.tipgh.org,info@tipgh.org,
Trade Institute of Pittsburgh Pre-Apprenticeship Training,"The Trade Institute of Pittsburgh delivers pre-apprenticeship training in masonry, carpentry, and other building trades for city residents, including returning citizens. TIP partners with local contractors and building trades unions to place graduates into apprenticeships and project-based jobs in the region, advancing hire-local pathways and rebuilding ties between residents and the construction industry.",Local Apprenticeship Scholarships and Wage Supplements,Cultural Disconnection Between Progressive Messaging and Working-Class Identity,Trade Institute of Pittsburgh,"7800 Susquehanna Street, Pittsburgh, PA 15208",https://www.tipgh.org,info@tipgh.org,
Trade Institute of Pittsburgh Pre-Apprenticeship Training,"The Trade Institute of Pittsburgh delivers pre-apprenticeship training in masonry, carpentry, and other building trades for city residents, including returning citizens. TIP partners with local contractors and building trades unions to place graduates into apprenticeships and project-based jobs in the region, advancing hire-local pathways and rebuilding ties between residents and the construction industry.",Union–Community Partnerships,Cultural Disconnection Between Progressive Messaging and Working-Class Identity,Trade Institute of Pittsburgh,"7800 Susquehanna Street, Pittsburgh, PA 15208",https://www.tipgh.org,info@tipgh.org,
Trade Institute of Pittsburgh Skilled Trades Training,"The Trade Institute of Pittsburgh operates a community-based training center teaching masonry, carpentry, and construction skills used in building rehabilitation, deconstruction, and home energy retrofit projects. TIP coordinates with unions, contractors, and environmental/reuse partners to shape hands-on curricula and connect graduates to apprenticeships and employment, while also aligning with community college pathways. Neighborhood residents and alumni serve as instructors and mentors, an...",Shared Workforce Training Hubs,Absence of Labor-Community Coalitions,Trade Institute of Pittsburgh,"7800 Susquehanna Street, Pittsburgh, PA 15208",https://www.tradeinstitute.org,info@tradeinstitute.org,
Trade Institute of Pittsburgh Trades Training,"The Trade Institute of Pittsburgh provides intensive, hands-on training in masonry, carpentry, and construction, with modules that prepare residents for work on rehabilitation and retrofit projects across the region. TIP aligns its curriculum with apprenticeship entry requirements in collaboration with local trade unions and employer partners, and teams with community-based organizations on real projects that incorporate deconstruction and energy-conscious building practices. Alumni frequentl...",Shared Workforce Training Hubs,Absence of Labor-Community Coalitions,Trade Institute of Pittsburgh,"7800 Susquehanna Street, Suite 201, Pittsburgh, PA 15208",https://www.tipgh.org,info@tipgh.org,
Trade Institute of Pittsburgh Training Program,"The Trade Institute of Pittsburgh trains young adults and returning citizens in masonry, carpentry, and related trades with hands-on instruction and coaching from master craftworkers and retired union journeymen. Participants complete real community projects and receive soft-skills and job-placement support that connect them to union apprenticeship pathways and neighborhood partners. This intergenerational mentorship transfers trade know-how and civic-minded work practices, preparing graduate...",Youth-worker apprenticeship and civic engagement program,Communication Gaps Between Top Union Officials and Rank-and-File Members,Trade Institute of Pittsburgh,"7800 Susquehanna Street, Suite 301, Pittsburgh, PA 15208",https://www.tipgh.org,info@tipgh.org,
Trade Institute of Pittsburgh Training Program,"The Trade Institute of Pittsburgh trains young adults and returning citizens in masonry, carpentry, and related trades with hands-on instruction and coaching from master craftworkers and retired union journeymen. Participants complete real community projects and receive soft-skills and job-placement support that connect them to union apprenticeship pathways and neighborhood partners. This intergenerational mentorship transfers trade know-how and civic-minded work practices, preparing graduate...",Employer Return-to-Work Programs for Recovery and Reentry,Cultural Disconnection Between Progressive Messaging and Working-Class Identity,Trade Institute of Pittsburgh,"7800 Susquehanna Street, Suite 301, Pittsburgh, PA 15208",https://www.tipgh.org,info@tipgh.org,
Trade Institute of Pittsburgh Training Programs,"The Trade Institute of Pittsburgh provides intensive, hands-on training in masonry, carpentry, and related trades led by experienced craftworkers who mentor participants through projects and job readiness. TIP partners with local contractors and unions to place graduates into apprenticeships and entry-level jobs, using a repurposed industrial building as a community training asset. This model builds practical, marketable skills while linking participants to mentors and employers for sustained...","Plain‑Language, Respectful Local Messaging",Cultural Disconnection Between Progressive Messaging and Working-Class Identity,Trade Institute of Pittsburgh,"7800 Susquehanna Street, Pittsburgh, PA 15208",https://www.tipgh.org,info@tipgh.org,
Trade Institute of Pittsburgh Training Programs,"The Trade Institute of Pittsburgh provides intensive, hands-on training in masonry, carpentry, and related trades led by experienced craftworkers who mentor participants through projects and job readiness. TIP partners with local contractors and unions to place graduates into apprenticeships and entry-level jobs, using a repurposed industrial building as a community training asset. This model builds practical, marketable skills while linking participants to mentors and employers for sustained...",Paid On-the-Job Retraining,Cultural Disconnection Between Progressive Messaging and Working-Class Identity,Trade Institute of Pittsburgh,"7800 Susquehanna Street, Pittsburgh, PA 15208",https://www.tipgh.org,info@tipgh.org,
Trade Institute of Pittsburgh Training Programs,"The Trade Institute of Pittsburgh provides intensive, hands-on training in masonry, carpentry, and related trades led by experienced craftworkers who mentor participants through projects and job readiness. TIP partners with local contractors and unions to place graduates into apprenticeships and entry-level jobs, using a repurposed industrial building as a community training asset. This model builds practical, marketable skills while linking participants to mentors and employers for sustained...",Shared Workforce Training Hubs,Absence of Labor-Community Coalitions,Trade Institute of Pittsburgh,"7800 Susquehanna Street, Pittsburgh, PA 15208",https://www.tipgh.org,info@tipgh.org,
Trade Institute of Pittsburgh Training and Employer Placement,"The Trade Institute of Pittsburgh provides intensive masonry and carpentry training for individuals with barriers to employment, including those returning from incarceration or recovery. The program partners directly with contractors, unions, and construction firms to place graduates into living-wage jobs and offers ongoing support and case management to ensure a successful return to work.",Employer Return-to-Work Programs for Recovery and Reentry,Cultural Disconnection Between Progressive Messaging and Working-Class Identity,Trade Institute of Pittsburgh,"7800 Susquehanna Street, Suite 301, Pittsburgh, PA 15208",https://www.tipgh.org,info@tipgh.org,
Trade Institute of Pittsburgh Workforce Training Programs,"The Trade Institute of Pittsburgh provides hands-on masonry and carpentry training led by union journeymen and employer partners, with strong mentorship and soft-skills support for adults re-entering the workforce. TIP regularly hosts employer and union recruiting days, coordinates with community organizations for participant referrals, and places graduates into union apprenticeships and construction jobs, creating a trusted pipeline that bridges unions, community groups, and contractors.",Union–Community Partnerships,Cultural Disconnection Between Progressive Messaging and Working-Class Identity,Trade Institute of Pittsburgh,"7800 Susquehanna Street, Pittsburgh, PA 15208",https://www.tipgh.org,info@tipgh.org,
Trade Institute of Pittsburgh – Construction Training & Union Pathways,"The Trade Institute of Pittsburgh provides intensive training in masonry, carpentry, and related trades while partnering with building trades unions and signatory contractors to create direct entry pipelines. TIP regularly brings union representatives to campus for info sessions, coordinates employer interviews, and pairs graduates with mentors, aligning community-based training with union apprenticeship opportunities and reliable job placements.",Union–Community Partnerships,Cultural Disconnection Between Progressive Messaging and Working-Class Identity,Trade Institute of Pittsburgh,"7800 Susquehanna Street, Pittsburgh, PA 15208",https://www.tipgh.org,info@tipgh.org,
Trail Town Program,"The Trail Town Program organizes local businesses, volunteers, and civic leaders along the Great Allegheny Passage to welcome visiting delegations and public officials to small towns like West Newton, Connellsville, and Meyersdale. They regularly coordinate custom itineraries, walking tours, and venue logistics, and will connect campaigns and civic groups with local hosts to arrange speaking opportunities that spotlight main streets and former industrial sites. This functions as a rotating lo...",Local Welcome Committee,Campaign Visits Concentrated in Urban Pittsburgh Rather Than Industrial Communities,The Progress Fund,"108 S Pennsylvania Avenue, Greensburg, PA 15601",https://trailtowns.org,info@progressfund.org,
Training Program Supportive Services,"The Trade Institute of Pittsburgh delivers construction-skills training alongside barrier-removal supports. Trainees receive help with transportation, including bus passes and other commute assistance, and staff connect parents with childcare resources and subsidies so they can attend training, interviews, and the first weeks of employment. These targeted supports ensure transportation and childcare are not obstacles to entering skilled trades jobs.",Transportation and Childcare Support for Trainees,Cultural Disconnection Between Progressive Messaging and Working-Class Identity,Trade Institute of Pittsburgh,"7800 Susquehanna Street, Pittsburgh, PA 15208",https://www.tipgh.org,info@tipgh.org,
Transit Justice Candidate Forums,"Pittsburghers for Public Transit hosts nonpartisan, rider- and worker-led forums where transit riders, operators, and warehouse/service workers question candidates for local and county offices on transportation access, job connectivity, and safety. The forums solicit concrete commitments (e.g., restoring routes, funding schedules, worker protections), and PPT records and distributes the content via its website and social channels to keep promises visible and trackable.",Local candidate forums and accountability sessions,Communication Gaps Between Top Union Officials and Rank-and-File Members,Pittsburghers for Public Transit,"5119 Penn Avenue, Pittsburgh, PA 15224",https://www.pittsburghforpublictransit.org,info@pittsburghforpublictransit.org,
Transit Town Halls & Rider Assemblies,"Pittsburghers for Public Transit organizes recurring transit town halls and rider assemblies in libraries, churches, union halls, and community centers throughout Allegheny County. These events are nonpartisan, co-hosted with local institutions such as faith groups and labor locals, and provide reliable spaces for residents to meet, share concerns, and co-create solutions. The partnerships ground civic participation in trusted neighborhood venues and maintain engagement beyond election seasons.",Partnering with Local Institutions,Absence of Year-Round Democratic Party Presence and Organizing,Pittsburghers for Public Transit,"5119 Penn Avenue, Pittsburgh, PA 15224",https://www.pittsburghforpublictransit.org,info@pittsburghforpublictransit.org,
Transit Town Halls and Rider Listening Sessions,"Pittsburghers for Public Transit hosts recurring town halls and listening sessions where transit riders and operators share concerns directly with Pittsburgh Regional Transit leaders and local elected officials. The organization publicly documents testimonies, meeting notes, and follow-up actions in reports and online updates, creating accountability and a sustained, year-round forum for transit issues.",Issue-Based Public Forums & Listening Sessions,Absence of Year-Round Democratic Party Presence and Organizing,Pittsburghers for Public Transit,"5119 Penn Avenue, Pittsburgh, PA 15224",https://www.pittsburghforpublictransit.org,info@pittsburghforpublictransit.org,
Transitional Jobs and On-the-Job Training (OJT),"Partner4Work funds paid Transitional Jobs and OJT placements that let unemployed and dislocated workers earn wages while they learn new skills. Participants receive income through subsidized employment with employers who provide structured, competency-based training, often paired with short classroom instruction and industry-recognized credentials—bridging earnings so people can retrain without losing a paycheck.",Paid On-the-Job Retraining,Cultural Disconnection Between Progressive Messaging and Working-Class Identity,Partner4Work,"650 Smithfield Street, Pittsburgh, PA 15222",https://www.partner4work.org,info@partner4work.org,
Tree Tenders,"Tree Pittsburgh’s Tree Tenders are trained neighborhood volunteers who canvass blocks and make phone calls to recruit residents for free street trees, tree care workshops, and stewardship days. These teams go door-to-door to share information about services (e.g., how to request a street tree) and gather resident feedback, keeping lines of communication open year-round and cultivating block leaders who coordinate ongoing care.",Year-Round Volunteer Canvass & Phone Teams,Absence of Year-Round Democratic Party Presence and Organizing,Tree Pittsburgh,"32 62nd Street, Pittsburgh, PA 15201",https://www.treepittsburgh.org,info@treepittsburgh.org,
Tri-County WDB Labor Market Information and PA CareerLink Navigation,"The Tri-County Workforce Development Board publishes local labor-market information and in-demand occupation lists for Armstrong, Butler, and Indiana Counties, giving residents and training providers data on real opportunities. It also funds and coordinates PA CareerLink career navigation services across the tri-county area to coach jobseekers and connect them directly with employers and on-the-job training tied to regional demand.",Local Workforce Data Dashboards and Career Navigators,Cultural Disconnection Between Progressive Messaging and Working-Class Identity,"Tri-County Workforce Development Board, Inc.","112 Hollywood Drive, Suite 201, Butler, PA 16001",https://tricountywib.org,,
Triboro Ecodistrict,"New Sun Rising facilitates the Triboro Ecodistrict across Millvale, Etna, and Sharpsburg using design charrettes, pop-up studios, and resident-led workshops to co-create redevelopment concepts on and near former industrial sites. The process surfaces community priorities—like affordable housing, greenways, small business space, and renewable energy—and converts them into project pipelines and partner commitments that inform remediation scope, funding applications, and site redevelopment crite...",Community Policy Labs,No Locally Attuned Progressive Leaders from Working-Class Communities,New Sun Rising,"112 Sherman Street, Millvale, PA 15209",https://www.newsunrising.org/portfolio/triboro-ecodistrict/,info@newsunrising.org,
Triboro Ecodistrict,"New Sun Rising’s Triboro Ecodistrict hosts recurring community forums and listening sessions that rotate across the former mill towns of Millvale, Etna, and Sharpsburg to center resident and worker priorities around economy, mobility, and environment. The series uses neighborhood-based venues, provides inclusive supports (e.g., interpretation partners and family-friendly formats), and invites local workers and small business owners to help moderate discussions. Feedback is compiled into publi...",Town Hall and Listening Tour Series,No Locally Attuned Progressive Leaders from Working-Class Communities,New Sun Rising,"112 Sherman Street, Millvale, PA 15209",https://www.newsunrising.org/what-we-do/triboro-ecodistrict/,info@newsunrising.org,
Triboro Ecodistrict,"The Triboro Ecodistrict runs standing resident working groups across Millvale, Etna, and Sharpsburg focused on Air, Water, Energy, Mobility, Equity, and Food. Neighbors map problems like flooding and air quality near former industrial sites, co-create project plans, and organize campaigns for green infrastructure, safe streets, and local business and workforce initiatives—maintaining consistent, year-round engagement on community priorities.",Place‑Based Economic Renewal Plans,Absence of Labor-Community Coalitions,New Sun Rising,"112 East Sherman Street, Millvale, PA 15209",https://www.newsunrising.org,info@newsunrising.org,
Triboro Ecodistrict,"The Triboro Ecodistrict runs standing resident working groups across Millvale, Etna, and Sharpsburg focused on Air, Water, Energy, Mobility, Equity, and Food. Neighbors map problems like flooding and air quality near former industrial sites, co-create project plans, and organize campaigns for green infrastructure, safe streets, and local business and workforce initiatives—maintaining consistent, year-round engagement on community priorities.",Local Issue Working Groups,Absence of Year-Round Democratic Party Presence and Organizing,New Sun Rising,"112 East Sherman Street, Millvale, PA 15209",https://www.newsunrising.org,info@newsunrising.org,
Triboro Ecodistrict Community Calendar & Communications,"New Sun Rising and local partners coordinate a shared community calendar for the Triboro Ecodistrict (Millvale, Etna, Sharpsburg) that aggregates meetings, events, and volunteer opportunities across the three boroughs in one place. Information is cross-posted to borough and neighborhood Facebook groups and sent via partner email lists, while printed flyers are placed in libraries, borough buildings, and business districts to reach offline residents. This integrated system keeps a steady flow ...",Shared Community Calendar & Messaging Groups,Absence of Year-Round Democratic Party Presence and Organizing,New Sun Rising,"706 James Street, Pittsburgh, PA 15212",https://www.newsunrising.org,info@newsunrising.org,
Triboro Ecodistrict Community Forums,"As part of the Triboro Ecodistrict (Millvale, Etna, and Sharpsburg), New Sun Rising facilitates recurring community forums and neighborhood listening sessions hosted by schools, churches, and main-street businesses. Residents set priorities on jobs, health, mobility, and the environment, and municipal leaders and candidates are invited to hear and respond to community-identified goals in these river towns outside the urban core.",Listening Sessions with Key Community Institutions,Campaign Visits Concentrated in Urban Pittsburgh Rather Than Industrial Communities,New Sun Rising,"112 Sherman Street, Millvale, PA 15209",https://www.newsunrising.org,info@newsunrising.org,
UE (United Electrical Workers) Pittsburgh Hall and Meeting Space,"UE’s Pittsburgh hall on the North Side is used for rank-and-file meetings, steward trainings, labor education workshops, and labor–community coalition gatherings, as well as candidate meet-and-greets. Keeping the hall open and accessible provides a familiar, locally run venue where workers rebuild peer-to-peer connections and engage in civic life close to home.",Repurpose union halls as community hubs,Communication Gaps Between Top Union Officials and Rank-and-File Members,"United Electrical, Radio & Machine Workers of America (UE)","706 James Street, Pittsburgh, PA 15212",https://www.ueunion.org,ue@ueunion.org,
UE Local 506 Bargaining Committee and Political Action Committee,"UE Local 506 at Wabtec in Erie uses open bargaining sessions, plant-wide member surveys, and large, elected bargaining committees to set and negotiate contract priorities, ensuring transparency and direct worker input. The Local’s rank-and-file Political Action Committee conducts candidate interviews and recommends endorsements that are debated and voted on by members, piloting a member-driven approach that ties political activity to democratically identified workplace goals.",Pilot participatory bargaining and decision-making,Communication Gaps Between Top Union Officials and Rank-and-File Members,UE Local 506,"3923 Main Street, Erie, PA 16511",https://uelocal506.com,,
UE Local 506 Gate Meetings and Political Education,"UE Local 506 regularly conducts gate meetings at shift change outside the Wabtec facility to keep members informed and engaged. Rank-and-file stewards and officers explain union endorsements and current policy fights impacting manufacturing jobs, walk through how the endorsement decisions were made, and take open Q&A so members can challenge assumptions, raise workplace-specific concerns, and hold leaders accountable.",Workplace-based information sessions,Communication Gaps Between Top Union Officials and Rank-and-File Members,"United Electrical, Radio & Machine Workers of America (UE) Local 506","3923 Main Street, Erie, PA 16511",https://uelocal506.com,,
UE Local 506 Member-to-Member Political Action Program,"UE Local 506 organizes rank-and-file member leaders and stewards inside the Wabtec/GE shops to do peer outreach about legislative priorities and election endorsements. These worker ambassadors circulate information at the worksite, gather feedback through surveys and conversations, and connect coworkers to local events, rallies, and candidate forums in Erie County. During high-intensity periods, the local utilizes member organizers and lost-time support to sustain participation.",Worker-to-worker ambassador program,Communication Gaps Between Top Union Officials and Rank-and-File Members,"United Electrical, Radio and Machine Workers of America (UE) Local 506","3923 Main Street, Erie, PA 16511",https://uelocal506.com,info@uelocal506.com,
UE Local 506 Political Action Committee,"UE Local 506 in Erie operates a member-funded political action effort that focuses on pro-worker local candidates and issue campaigns tied to manufacturing jobs, community stability, and public services. Endorsements and expenditures are determined by member votes and elected committees, and activities emphasize grassroots engagement like canvassing and town halls over large outside spending. This member-governed, small-dollar fund is transparent to the rank and file and tailored to Western P...",Local endorsement councils made of members,Communication Gaps Between Top Union Officials and Rank-and-File Members,"United Electrical, Radio & Machine Workers of America (UE) Local 506","3923 Main Street, Erie, PA 16511",https://uelocal506.com,uelocal506@gmail.com,
UE Local 506 Political Action Committee (PAC),"UE Local 506’s PAC brings together elected stewards and active members from GE/Erie worksites to evaluate local and state candidates, adopt endorsements, and communicate them through shop-floor leaflets, steward networks, and member meetings. The committee’s endorsements and statements are written by members and tailored to the issues facing Erie County workplaces and neighborhoods, providing trusted local guidance rather than relying on national narratives.",Local endorsement councils made of members,Communication Gaps Between Top Union Officials and Rank-and-File Members,"United Electrical, Radio and Machine Workers of America (UE) Local 506","3923 Main Street, Erie, PA 16511",https://www.ueunion.org/locals/506,,
UE Local 506 Union News,"UE Local 506 represents workers at Wabtec in Erie and maintains a longstanding printed 'Union News' newsletter, steward bulletin boards, and an in-plant communications network. The local uses department-based phone trees through stewards and distributes updates to reach members with shop-floor and political information, while inviting feedback at membership meetings and via steward channels. This member-run communication infrastructure keeps information flowing peer-to-peer and grounds any en...","Restore local communications: newsletters, phone trees, and text lists",Communication Gaps Between Top Union Officials and Rank-and-File Members,"UE Local 506 (United Electrical, Radio and Machine Workers of America)","3923 Main Street, Erie, PA 16511",https://uelocal506.com,,
UE Locals 506 & 618 Rank-and-File Bargaining Committees (Wabtec Erie),"UE Locals 506 and 618 at Wabtec in Erie practice member-led, participatory bargaining by electing worker bargaining committees, running shop-floor surveys, and holding mass meetings to set bargaining priorities before negotiations. They also convene member discussions on political endorsements through local union meetings and coordination with the labor council, ensuring any endorsements reflect priorities identified by rank-and-file committees and giving workers a direct voice in union actions.",Pilot participatory bargaining and decision-making,Communication Gaps Between Top Union Officials and Rank-and-File Members,"United Electrical, Radio & Machine Workers of America (UE) Locals 506 and 618","3923 Main Street, Erie, PA 16511",https://uelocal506.com,,
UE News,"UE News is the United Electrical Workers’ ongoing print and digital publication featuring shop-floor victories, bargaining updates, and member profiles from locals across Western Pennsylvania. Locals reprint and share these short, plain-language stories with neighborhood papers and community radio, helping explain bargaining choices and respond to criticisms in the voices of rank-and-file members rather than distant leadership.",Local media and storytelling campaign,Communication Gaps Between Top Union Officials and Rank-and-File Members,"United Electrical, Radio and Machine Workers of America (UE)","4 Smithfield Street, Pittsburgh, PA 15222",https://www.ueunion.org,ue@ueunion.org,
UE Political Action,"UE’s Political Action program equips stewards and member leaders to conduct shop-floor briefings and shift-change huddles that connect endorsements to members’ day-to-day issues like jobs, safety, and public services. These peer-led sessions include open Q&A so members can question how endorsements were reached, surface workplace concerns, and feed them back to elected leaders of the union.",Workplace-based information sessions,Communication Gaps Between Top Union Officials and Rank-and-File Members,"United Electrical, Radio & Machine Workers of America (UE)","837 South 24th Street, Pittsburgh, PA 15203",https://www.ueunion.org/political-action,ue@ueunion.org,
UE Political Action Program,"UE’s Political Action Program is built on a rank-and-file model in which locals form member committees to survey priorities, host candidate screenings, and send delegates who debate and vote on endorsements, rather than relying solely on top leadership. Elected shop-level bargaining committees use open bargaining practices and frequent membership reporting, linking political endorsements to transparently identified, member-set bargaining priorities.",Pilot participatory bargaining and decision-making,Communication Gaps Between Top Union Officials and Rank-and-File Members,"United Electrical, Radio and Machine Workers of America (UE)","2705 Broadway Avenue, Pittsburgh, PA 15216",https://www.ueunion.org,ue@ueunion.org,
UE Research and Organizing Internship (Summer),"UE’s paid summer internship places fellows with union organizers and locals in Western Pennsylvania to support worker organizing and community‑labor coalition campaigns. Interns conduct research, outreach, and coalition work with community, faith, and environmental justice partners as campaigns require, building mutual understanding and coordinated strategies. By embedding organizers within a union context while engaging external allies, the program operationalizes the cross‑sector fellowship...",Cross‑Sector Fellowship Program,Absence of Labor-Community Coalitions,"United Electrical, Radio and Machine Workers of America (UE)","4 Smithfield Street, Pittsburgh, PA 15222",https://www.ueunion.org,ue@ueunion.org,
UE Strike and Defense Fund & Solidarity Committees,"UE supports locals in Western Pennsylvania to establish solidarity committees that coordinate mutual aid—grocery cards, meal trains, hardship funds, rides, and childcare support—for union members and their families during organizing drives and strikes. The union provides training and skill-shares for members and community volunteers on rapid response, safety, and solidarity organizing, and connects congregations and neighborhood groups with concrete roles in supporting workers. This approach ...",Neighborhood Mutual Aid + Worker Support Networks,Absence of Labor-Community Coalitions,"United Electrical, Radio and Machine Workers of America (UE)","4 Smithfield Street, Pittsburgh, PA 15222",https://www.ueunion.org,ue@ueunion.org,
UFCW Local 1776KS Member Political Organizer (MPO) Program,"UFCW 1776 Keystone State deploys Member Political Organizers in Western Pennsylvania grocery, retail, and food-processing workplaces to conduct coworker outreach on elections and issues. MPOs share union endorsements, collect member feedback to inform the local’s priorities, and connect workers to local candidate visits and community events. The local supports this worker-to-worker ambassador model with training and campaign-period stipends or lost-time to maintain sustained engagement.",Worker-to-worker ambassador program,Communication Gaps Between Top Union Officials and Rank-and-File Members,United Food and Commercial Workers Local 1776 Keystone State,"1000 Cliff Mine Road, Suite 110, Pittsburgh, PA 15275",https://www.ufcw1776.org,info@ufcw1776.org,
USW District 10 CAP Councils – Western Pennsylvania,"United Steelworkers’ District 10 runs member-led CAP (Committee on Political Action) councils that convene rank-and-file delegates from locals across Western Pennsylvania to screen candidates, debate issues, and vote on endorsements. These geographically based councils produce short, member-written endorsement explanations and distribute tailored workplace guidance and palm cards for mills, refineries, healthcare facilities, and surrounding neighborhoods, strengthening peer-to-peer communicat...",Local endorsement councils made of members,Communication Gaps Between Top Union Officials and Rank-and-File Members,United Steelworkers (USW),"60 Boulevard of the Allies, Pittsburgh, PA 15222",https://www.usw.org/act/cap,info@usw.org,
USW Education Department Train-the-Trainer,"United Steelworkers’ Education and Membership Development Department runs Train-the-Trainer courses that equip rank-and-file members with skills in organizing conversations, meeting facilitation, digital tools, and translating national policies into local workplace and community impacts. Graduates return to their locals as peer educators who lead issue briefings, steward trainings, and member-to-member outreach—rebuilding local communication channels between leadership and workers and creatin...",Train-the-trainer civic leadership academy,Communication Gaps Between Top Union Officials and Rank-and-File Members,United Steelworkers (USW),"60 Boulevard of the Allies, Pittsburgh, PA 15222",https://www.usw.org,info@usw.org,
USW Jefferson Awards for Public Service,"Administered from the United Steelworkers’ Pittsburgh headquarters in partnership with Multiplying Good, the USW Jefferson Awards recognize union members for outstanding community service and leadership. Honorees are frontline workers and local union leaders whose stories are amplified across locals in Western Pennsylvania, showcasing relatable, worker-led leadership and strengthening ties between labor and community initiatives.",Visible Local Leadership Awards,No Locally Attuned Progressive Leaders from Working-Class Communities,United Steelworkers (USW),"60 Boulevard of the Allies, Pittsburgh, PA 15222",https://www.usw.org,,
USW Next Generation,"USW Next Generation develops young union members as leaders by pairing them with veteran stewards and activists for mentorship, skills-building, and on-the-ground organizing. Based out of the Steelworkers’ Pittsburgh headquarters, the program equips newer members with workplace knowledge, civic skills, and peer-to-peer political outreach techniques, and engages them in union hall events, rapid-response actions, and labor-to-labor canvassing alongside seasoned members—rebuilding intergeneratio...",Youth-worker apprenticeship and civic engagement program,Communication Gaps Between Top Union Officials and Rank-and-File Members,United Steelworkers (USW) International Union,"60 Boulevard of the Allies, Pittsburgh, PA 15222",https://www.usw.org/act/activate/next-generation,,
USW Next Generation,"USW Next Generation mentors young union members through leadership trainings, shop-floor mentorship, and issue campaigns guided by veteran activists and stewards. In Western Pennsylvania locals, Next Gen committees connect apprentices and new hires with experienced members for peer-to-peer political education, GOTV activities, and union hall engagement. This directly transfers workplace knowledge and civic organizing skills across generations, renewing member-to-member networks.",Youth-worker apprenticeship and civic engagement program,Communication Gaps Between Top Union Officials and Rank-and-File Members,United Steelworkers,"60 Boulevard of the Allies, Pittsburgh, PA 15222",https://www.usw.org/act/activism/next-gen,nextgen@usw.org,
USW Next Generation (Next Gen),"USW Next Generation organizes young United Steelworkers members into local Next Gen committees and pairs them with veteran stewards and officers for structured mentorship. Through trainings, member-to-member political outreach, and get-out-the-vote efforts, participants learn workplace rights, collective bargaining, and civic organizing alongside experienced activists. This intergenerational model rebuilds peer networks within Western Pennsylvania locals and strengthens community ties through...",Youth-worker apprenticeship and civic engagement program,Communication Gaps Between Top Union Officials and Rank-and-File Members,United Steelworkers (USW),"60 Boulevard of the Allies, Pittsburgh, PA 15222",https://www.usw.org/act/activate/next-gen,,
USW Next Generation Program,"USW Next Generation is the United Steelworkers’ leadership development program based at the union’s international headquarters in Pittsburgh, cultivating rank-and-file worker leaders from industrial communities. It trains members in public speaking, political education, campaign basics, and community organizing, and connects them to the union’s legislative and electoral programs. Through mentorship from seasoned union leaders, participants lead issue campaigns, serve on public boards and comm...",Local Worker Leadership Fellowship,No Locally Attuned Progressive Leaders from Working-Class Communities,United Steelworkers International Union,"60 Boulevard of the Allies, Pittsburgh, PA 15222",https://www.usw.org/act/activate/next-gen,,
USW Political and Legislative Program – Candidate Endorsements,"United Steelworkers’ member-led political program convenes local union presidents, shop stewards, and rank-and-file workers across Western Pennsylvania to interview, vet, and endorse candidates committed to pro-worker policies. The program issues public endorsement slates and mobilizes workplace captains to canvass and turn out voters for endorsed candidates. By centering endorsements in the voices of industrial workers from the region, it functions as a credible local endorsement circle for ...",Local Candidate Endorsement Circle,No Locally Attuned Progressive Leaders from Working-Class Communities,United Steelworkers (USW),"60 Boulevard of the Allies, Pittsburgh, PA 15222",https://www.usw.org,info@usw.org,
USW Rapid Response,"USW Rapid Response is the United Steelworkers’ member-to-member grassroots education and mobilization program. In Western Pennsylvania, Rapid Response staff and trained member activists regularly set up pop-up information tables at mills, warehouses, and community events to distribute updates on contracts, benefits, and legislation and to enroll members and supporters on the spot. By meeting workers where they live and work rather than relying on hall visits, the program restores a neighborho...",Neighborhood canvass and listening campaigns,Communication Gaps Between Top Union Officials and Rank-and-File Members,United Steelworkers (USW),"60 Boulevard of the Allies, Pittsburgh, PA 15222",https://www.usw.org,rapidresponse@usw.org,
USW Rapid Response,"USW Rapid Response is the United Steelworkers’ member-to-member mobilization and service program. In Western Pennsylvania, Rapid Response coordinators regularly set up pop-up information tables at mills, warehouses, and neighborhood events, and make on-site visits to workplaces to distribute resources, enroll workers in alerts/committees, and assist members with benefits and services. This field-based approach functions like a mobile union hall, bringing sign-ups, support, and union visibilit...",Train-the-trainer civic leadership academy,Communication Gaps Between Top Union Officials and Rank-and-File Members,United Steelworkers (USW),"60 Boulevard of the Allies, Pittsburgh, PA 15222",https://www.usw.org/act/rapid-response,rapidresponse@usw.org,
USW Rapid Response,"USW Rapid Response is a nonpartisan legislative education and mobilization program that coordinates steelworkers across mills and manufacturing facilities throughout Western Pennsylvania. The program routinely issues concise issue briefs on trade, energy, and worker safety, and organizes unified invitations for candidates and elected officials to tour plants and hold town halls in industrial communities across the region. These coordinated site visits and messages demonstrate organized commun...","Restore local communications: newsletters, phone trees, and text lists",Communication Gaps Between Top Union Officials and Rank-and-File Members,United Steelworkers,"60 Boulevard of the Allies, Pittsburgh, PA 15222",https://www.usw.org/act/rapidresponse,rapidresponse@usw.org,
USW Rapid Response,"USW Rapid Response is a member-driven network within the United Steelworkers that equips local unions to communicate quickly with rank-and-file members through printed worksite flyers, volunteer phone banks, and opt-in text alerts. Local Rapid Response coordinators circulate locally relevant information, gather feedback from members, and relay it back up through the network, strengthening two-way communication independent of top-level endorsements. This restores peer-to-peer, shop-floor commu...","Restore local communications: newsletters, phone trees, and text lists",Communication Gaps Between Top Union Officials and Rank-and-File Members,United Steelworkers,"60 Boulevard of the Allies, Pittsburgh, PA 15222",https://www.usw.org/rapidresponse,rapidresponse@usw.org,
USW Rapid Response,"USW Rapid Response is the United Steelworkers’ member engagement program that routinely organizes buses, vans, and carpools to get workers from mill towns and deindustrialized communities across Western Pennsylvania to regional political events, candidate visits, town halls, and public forums. Local union coordinators handle sign-ups, pick-up points, and ride-matching so members from places like Aliquippa, Monessen, Johnstown, and the Mon Valley can attend events typically concentrated in Pit...",Workplace-based information sessions,Communication Gaps Between Top Union Officials and Rank-and-File Members,United Steelworkers International Union,"60 Boulevard of the Allies, Pittsburgh, PA 15222",https://www.usw.org/act/rapidresponse,info@usw.org,
USW Rapid Response,"USW Rapid Response is the United Steelworkers’ member-to-member mobilization and service program. In Western Pennsylvania, Rapid Response coordinators regularly set up pop-up information tables at mills, warehouses, and neighborhood events, and make on-site visits to workplaces to distribute resources, enroll workers in alerts/committees, and assist members with benefits and services. This field-based approach functions like a mobile union hall, bringing sign-ups, support, and union visibilit...",Worker-to-worker ambassador program,Communication Gaps Between Top Union Officials and Rank-and-File Members,United Steelworkers (USW),"60 Boulevard of the Allies, Pittsburgh, PA 15222",https://www.usw.org/act/rapid-response,rapidresponse@usw.org,
USW Rapid Response,"USW Rapid Response is the United Steelworkers’ year-round, member-led legislative education and mobilization program. Rank-and-file workers educate co-workers about how public policies affect jobs, safety, benefits, and community well-being, and they coordinate voter registration, worksite leafleting, labor-to-labor canvassing, and GOTV activities leading up to and on Election Day. By centering credible local worker leaders as messengers in mills and industrial workplaces across Western Penns...",Election Day Worker Mobilization & Voter Education,No Locally Attuned Progressive Leaders from Working-Class Communities,United Steelworkers International Union,"60 Boulevard of the Allies, Pittsburgh, PA 15222",https://www.usw.org/act/rapid-response,rapidresponse@usw.org,
USW Rapid Response,"United Steelworkers’ Rapid Response program mobilizes local unions and engages employers and elected officials to share early signals about plant risks and to coordinate solutions that avert layoffs. Through regular communication networks and issue briefings, they help facilitate community forums and negotiations around alternatives like phased transitions, investment support, and policy tools that keep facilities operating and workers employed.",Workplace-to-Community Liaisons,No Locally Attuned Progressive Leaders from Working-Class Communities,United Steelworkers (USW),"60 Boulevard of the Allies, Pittsburgh, PA 15222",https://www.usw.org/act/rapidresponse,rapidresponse@usw.org,
USW Rapid Response,"USW Rapid Response trains rank‑and‑file union members and local officers to engage in public policy advocacy, grassroots organizing, and rapid mobilization around community issues that affect workers. Through workshops and toolkits, members learn how to meet with elected officials, run issue-based campaigns between bargaining cycles, and facilitate effective union and community meetings. This equips union members to jointly advocate with residents and participate more actively in local govern...",Civic Engagement at Job Sites,Cultural Disconnection Between Progressive Messaging and Working-Class Identity,United Steelworkers (USW),"60 Boulevard of the Allies, Pittsburgh, PA 15222",https://www.usw.org/rapidresponse,rapidresponse@usw.org,
USW Rapid Response,"USW Rapid Response is a nonpartisan legislative education and mobilization program that coordinates steelworkers across mills and manufacturing facilities throughout Western Pennsylvania. The program routinely issues concise issue briefs on trade, energy, and worker safety, and organizes unified invitations for candidates and elected officials to tour plants and hold town halls in industrial communities across the region. These coordinated site visits and messages demonstrate organized commun...",Civic Engagement at Job Sites,Cultural Disconnection Between Progressive Messaging and Working-Class Identity,United Steelworkers,"60 Boulevard of the Allies, Pittsburgh, PA 15222",https://www.usw.org/act/rapidresponse,rapidresponse@usw.org,
USW Rapid Response,"United Steelworkers’ Rapid Response program mobilizes local unions and engages employers and elected officials to share early signals about plant risks and to coordinate solutions that avert layoffs. Through regular communication networks and issue briefings, they help facilitate community forums and negotiations around alternatives like phased transitions, investment support, and policy tools that keep facilities operating and workers employed.",Civic Engagement at Job Sites,Cultural Disconnection Between Progressive Messaging and Working-Class Identity,United Steelworkers (USW),"60 Boulevard of the Allies, Pittsburgh, PA 15222",https://www.usw.org/act/rapidresponse,rapidresponse@usw.org,
USW Rapid Response,"United Steelworkers’ Rapid Response program mobilizes local unions and engages employers and elected officials to share early signals about plant risks and to coordinate solutions that avert layoffs. Through regular communication networks and issue briefings, they help facilitate community forums and negotiations around alternatives like phased transitions, investment support, and policy tools that keep facilities operating and workers employed.",Peer Ambassadors and Trusted Messengers,Cultural Disconnection Between Progressive Messaging and Working-Class Identity,United Steelworkers (USW),"60 Boulevard of the Allies, Pittsburgh, PA 15222",https://www.usw.org/act/rapidresponse,rapidresponse@usw.org,
USW Rapid Response,"United Steelworkers’ Rapid Response is a member-to-member communications program that uses straightforward language, worker testimonies, and issue briefings to explain how public policies affect industrial jobs and communities. Based out of the union’s Pittsburgh headquarters and active across Western Pennsylvania, it centers local workers’ voices and frames opportunity around job security, wages, and dignity in manufacturing and energy trades.","Plain‑Language, Respectful Local Messaging",Cultural Disconnection Between Progressive Messaging and Working-Class Identity,United Steelworkers,"60 Boulevard of the Allies, Pittsburgh, PA 15222",https://www.usw.org,rapidresponse@usw.org,
USW Rapid Response,"USW Rapid Response is a nonpartisan legislative education and mobilization program that coordinates steelworkers across mills and manufacturing facilities throughout Western Pennsylvania. The program routinely issues concise issue briefs on trade, energy, and worker safety, and organizes unified invitations for candidates and elected officials to tour plants and hold town halls in industrial communities across the region. These coordinated site visits and messages demonstrate organized commun...",Regional Coalition to Request Official Visits,Campaign Visits Concentrated in Urban Pittsburgh Rather Than Industrial Communities,United Steelworkers,"60 Boulevard of the Allies, Pittsburgh, PA 15222",https://www.usw.org/act/rapidresponse,rapidresponse@usw.org,
USW Rapid Response,"USW Rapid Response is the United Steelworkers’ member engagement program that routinely organizes buses, vans, and carpools to get workers from mill towns and deindustrialized communities across Western Pennsylvania to regional political events, candidate visits, town halls, and public forums. Local union coordinators handle sign-ups, pick-up points, and ride-matching so members from places like Aliquippa, Monessen, Johnstown, and the Mon Valley can attend events typically concentrated in Pit...",Transportation and Accessibility Support,Campaign Visits Concentrated in Urban Pittsburgh Rather Than Industrial Communities,United Steelworkers International Union,"60 Boulevard of the Allies, Pittsburgh, PA 15222",https://www.usw.org/act/rapidresponse,info@usw.org,
USW Rapid Response & LPA – Western PA Area Political Teams,"United Steelworkers’ Rapid Response and Legislative-Political Action program organizes area-based teams of rank-and-file members across mill towns in Western Pennsylvania to review candidate positions, recommend endorsements to district leadership, and plan member-to-member outreach. These teams craft concise member-authored issue briefs, worksite announcements, and neighborhood canvass scripts tailored to local plants and communities, strengthening peer-to-peer political communication beyond...",Local endorsement councils made of members,Communication Gaps Between Top Union Officials and Rank-and-File Members,United Steelworkers (USW),"60 Boulevard of the Allies, Pittsburgh, PA 15222",https://www.usw.org,rapidresponse@usw.org,
USW Rapid Response & Political Program,"United Steelworkers’ Rapid Response & Political Program trains local union members in Western Pennsylvania to educate co-workers at mills and plants about how policies affect jobs, wages, healthcare, and safety, and to mobilize them to vote. Through worksite leafleting, peer-to-peer conversations, and neighborhood canvasses led by union members, the program sustains civic engagement year-round, not only during campaign season.",Election Day Worker Mobilization & Voter Education,No Locally Attuned Progressive Leaders from Working-Class Communities,United Steelworkers (USW),"60 Boulevard of the Allies, Pittsburgh, PA 15222",https://www.usw.org,info@usw.org,
USW Rapid Response (Member-to-Member Program),"United Steelworkers’ Rapid Response trains local shop stewards and rank-and-file leaders to be trusted messengers who share timely information on public policy, elections, and available benefits with coworkers and their families. In Western Pennsylvania mills and plants, these member leaders host toolbox talks, distribute alerts, and organize neighborhood outreach that connects union households to services (like health and safety resources, unemployment help, and worker assistance) while faci...",Peer Ambassadors and Trusted Messengers,Cultural Disconnection Between Progressive Messaging and Working-Class Identity,United Steelworkers (USW),"60 Boulevard of the Allies, Pittsburgh, PA 15222",https://www.usw.org/get-involved/rapid-response,,
USW Rapid Response (Member-to-Member political outreach),"USW Rapid Response is a rank-and-file communications network that equips local union members to act as in-plant ambassadors on issues and elections. In Western Pennsylvania locals, Rapid Response coordinators and volunteer captains conduct peer-to-peer conversations, share union endorsements, collect member feedback, and connect coworkers to local actions and events. During key campaigns, participation is often supported through lost-time pay or small stipends, aligning with a worker-to-worke...",Worker-to-worker ambassador program,Communication Gaps Between Top Union Officials and Rank-and-File Members,United Steelworkers International Union,"60 Boulevard of the Allies, Pittsburgh, PA 15222",https://www.usw.org/get-involved/rapid-response,RapidResponse@usw.org,
USW Rapid Response (Western PA),"USW Rapid Response organizes issue education, town halls, and legislative updates for members and the public, frequently partnering with local unions, community centers, and educational institutions across Western Pennsylvania to host sessions. By moving conversations from national offices into trusted local venues—like public libraries, union-friendly campuses, and neighborhood halls—the program restores direct, two-way communication between rank-and-file workers and community stakeholders.",Partnerships with trusted local institutions,Communication Gaps Between Top Union Officials and Rank-and-File Members,United Steelworkers (USW),"60 Boulevard of the Allies, Pittsburgh, PA 15222",https://www.usw.org/act/rapidresponse,rapidresponse@usw.org,
USW Rapid Response (Western Pennsylvania),"USW’s Rapid Response program engages rank-and-file members in political education, candidate engagement, and endorsement debates through elected local delegates and district structures based in Pittsburgh, rather than top-down directives. Coupled with elected bargaining committees that survey members and hold listening sessions to set bargaining priorities, the program operationalizes transparent, participatory decision-making that links contract priorities with political endorsements shaped ...",Pilot participatory bargaining and decision-making,Communication Gaps Between Top Union Officials and Rank-and-File Members,United Steelworkers International Union,"60 Boulevard of the Allies, Pittsburgh, PA 15222",https://www.usw.org,,
USW Rapid Response Town Halls,"United Steelworkers’ Rapid Response program hosts regular town halls and roundtables in mill towns and industrial neighborhoods across Western Pennsylvania to ensure rank-and-file workers shape policy priorities. Meetings rotate among local union halls and community centers, are moderated by worker activists, and frequently include accommodations like childcare support and interpretation when needed to broaden access. Feedback is compiled into issue briefs and action agendas that are delivere...",Town Hall and Listening Tour Series,No Locally Attuned Progressive Leaders from Working-Class Communities,United Steelworkers (USW) Rapid Response,"60 Boulevard of the Allies, Pittsburgh, PA 15222",https://www.usw.org,info@usw.org,
USW Rapid Response and Local CAP Councils,"United Steelworkers’ Rapid Response and Community Action Program (CAP) Councils are member-led structures where rank-and-file activists identify bargaining-related legislative priorities and develop local endorsement recommendations through open discussions, surveys, and delegate votes. These councils and shop-floor Rapid Response networks pilot transparent, bottom-up decision-making by having members draft questionnaires for candidates, host member forums, and set endorsement guidelines that...",Pilot participatory bargaining and decision-making,Communication Gaps Between Top Union Officials and Rank-and-File Members,United Steelworkers (USW),"60 Boulevard of the Allies, Pittsburgh, PA 15222",https://www.usw.org/activism/rapidresponse,rapidresponse@usw.org,
USW Rapid Response and Member-to-Member Program,"USW’s Rapid Response and member political programs coordinate locally led door-to-door and phone conversations with rank-and-file steelworkers across Western Pennsylvania. These listening canvasses surface workplace and community concerns, clarify union endorsements and dispel misinformation, and identify respected stewards and member-leaders as trusted messengers for follow-up outreach.",Neighborhood canvass and listening campaigns,Communication Gaps Between Top Union Officials and Rank-and-File Members,United Steelworkers (USW),"60 Boulevard of the Allies, Pittsburgh, PA 15222",https://www.usw.org,rapidresponse@usw.org,
USW Rapid Response – Volunteer Legislative Training,"USW Rapid Response equips rank-and-file volunteers across Western Pennsylvania mills and shops to organize candidate and legislator town halls and worksite forums. Trainings cover event logistics, agenda-setting, recruiting and preparing resident moderators, capturing commitments and notes, and structured follow-up with campaigns and offices. This directly enables residents in industrial communities to professionally host candidates and build ongoing relationships.",Volunteer Training for Hosting Candidates,Campaign Visits Concentrated in Urban Pittsburgh Rather Than Industrial Communities,United Steelworkers,"60 Boulevard of the Allies, Pittsburgh, PA 15222",https://www.usw.org/act/rapid-response,info@usw.org,
USW Summer Internship Program,"The United Steelworkers’ paid summer internship places college-age participants with USW departments and local unions in Pittsburgh and Western Pennsylvania. Interns assist with organizing campaigns, legislative advocacy, member communications, and research, learning how unions represent workers and influence public policy. This union-based apprenticeship experience builds the organizing and governance skills needed for young people to become trusted advocates in deindustrialized communities.",Civic Apprenticeships for Young Workers,No Locally Attuned Progressive Leaders from Working-Class Communities,United Steelworkers,"60 Boulevard of the Allies, Pittsburgh, PA 15222",https://www.usw.org,info@usw.org,
USW Summer Internship Program (SIP),"The United Steelworkers’ paid summer program places college-age interns with union locals and campaigns, where they learn organizing, collective bargaining support, and public policy advocacy. Based out of the Pittsburgh headquarters and regional locals, participants engage directly with workers and communities in Western Pennsylvania’s industrial areas, cultivating credible, locally rooted civic leadership connected to labor.",Civic Apprenticeships for Young Workers,No Locally Attuned Progressive Leaders from Working-Class Communities,United Steelworkers (USW),"60 Boulevard of the Allies, Pittsburgh, PA 15222",https://www.usw.org/act/leadership-development,education@usw.org,
USW Summer Organizing Program (SOP),"The United Steelworkers’ SOP is a structured, paid summer fellowship that places organizers with USW locals and campaigns in the Pittsburgh region. Fellows develop organizing skills while collaborating with community organizations, faith leaders, and environmental justice coalitions on issues such as safe jobs, clean air, and just transition—building the cross‑sector relationships needed for effective joint campaigns. The program embodies the solution by funding short placements, providing in...",Cross‑Sector Fellowship Program,Absence of Labor-Community Coalitions,United Steelworkers (USW),"60 Boulevard of the Allies, Pittsburgh, PA 15222",https://www.usw.org,usw@usw.org,
USW Tony Mazzocchi Center Environmental Remediation Training,"The United Steelworkers’ Tony Mazzocchi Center delivers OSHA/HAZWOPER and related certifications in Pittsburgh to prepare union members and displaced workers for brownfield and industrial site cleanup. Training equips participants to safely conduct hazardous waste operations, decontamination, and site remediation—skills used on reclamation projects throughout Western Pennsylvania. By combining recognized credentials with union hiring halls, the program links environmental remediation to secur...",Joint Environmental‑Job Transition Projects,Cultural Disconnection Between Progressive Messaging and Working-Class Identity,"United Steelworkers – Tony Mazzocchi Center for Health, Safety & Environmental Education","60 Boulevard of the Allies, Pittsburgh, PA 15222",https://www.uswtmc.org,,
USW Voices,"USW Voices is the United Steelworkers’ storytelling and communications platform featuring member profiles, shop-floor perspectives, and short videos that highlight workers’ experiences and priorities. Based at the union’s Pittsburgh headquarters, the content is disseminated through blogs, social media, and newsletters to connect rank-and-file members and communities, grounding endorsements and political issues in relatable worker stories.",Local media and storytelling campaign,Communication Gaps Between Top Union Officials and Rank-and-File Members,United Steelworkers (USW),"60 Boulevard of the Allies, Pittsburgh, PA 15222",https://www.usw.org/blog,information@usw.org,
USW Works (Political Program),"United Steelworkers’ USW Works program runs member-led candidate screenings and endorsements across Western Pennsylvania, bringing together shop stewards and local worker leaders to vet candidates’ records on labor rights, manufacturing jobs, and community investment. The program publicly backs selected candidates and mobilizes union members for canvassing and voter outreach, functioning as a credible local endorsement circle rooted in industrial communities.",Local Candidate Endorsement Circle,No Locally Attuned Progressive Leaders from Working-Class Communities,United Steelworkers (USW),"60 Boulevard of the Allies, Pittsburgh, PA 15222",https://www.usw.org,,
Ujamaa Collective Boutique,"Ujamaa Collective is a cooperative that operates a storefront marketplace and cultural space supporting Black women artists and makers in the Hill District. Through cooperative ownership and member support, they maintain a modest, resident-led space that hosts workshops, pop-ups, and community gatherings. This model keeps control of the space in the hands of local stakeholders and sustains year-round engagement driven by neighborhood priorities.",Community-Owned Small Spaces,Absence of Year-Round Democratic Party Presence and Organizing,Ujamaa Collective,"1901 Centre Avenue, Suite 103, Pittsburgh, PA 15219",https://www.ujamaacollective.org,info@ujamaacollective.org,
Ujamaa Collective Marketplace & Boutique,"Ujamaa Collective operates a member-led cooperative storefront in the Hill District where local women of color sell goods, host pop-ups, and hold workshops. The space is governed by resident members and sustained through community investment, aligning with cooperative ownership and grassroots fundraising. It exemplifies a modest, community-controlled hub that builds year-round relationships and programming rather than relying on outside operatives.",Community-Owned Small Spaces,Absence of Year-Round Democratic Party Presence and Organizing,Ujamaa Collective,"1901 Centre Avenue, Pittsburgh, PA 15219",https://ujamaacollective.org,info@ujamaacollective.org,
Unblurred: First Fridays on Penn,"Unblurred is a monthly, neighborhood-wide arts crawl on Penn Avenue that brings galleries, performers, vendors, and restaurants together for a street-level cultural celebration. The event functions like a recurring block party, drawing neighbors from across the city to enjoy music, food, and local art in an inclusive, walkable setting. It strengthens community ties and offers a neutral, welcoming space for dialogue and shared experience.",Arts & Culture Nights,Absence of Year-Round Democratic Party Presence and Organizing,Bloomfield-Garfield Corporation (Penn Avenue Arts & Commercial District),"5149 Penn Avenue, Pittsburgh, PA 15224",https://pennavenue.org/unblurred,info@pennavenue.org,
Unblurred: First Fridays on Penn,"Unblurred is a monthly, evening arts crawl along Penn Avenue where galleries, studios, and creative spaces open late with live music, performances, and local vendors. It celebrates the identity of the Bloomfield-Garfield corridor and creates informal spaces where neighbors, artists, and small businesses mingle and build relationships. Its reliable, year-round cadence fosters continuous community presence between elections.",Arts & Culture Nights,Absence of Year-Round Democratic Party Presence and Organizing,Bloomfield-Garfield Corporation,"113 N Pacific Avenue, Pittsburgh, PA 15224",https://pennavenue.org,info@bloomfield-garfield.org,
Unblurred: First Fridays on Penn,"A monthly evening art crawl where galleries, studios, and small businesses along the Penn Avenue Arts & Commercial District host pop-up openings, performances, and community tables. The rotating roster of host spaces distributes the effort across many neighborhood venues, creating accessible third-place gatherings. This recurring, relationship-centered series sustains community connection and momentum between big civic moments.",Pop-up Community Evenings,Absence of Year-Round Democratic Party Presence and Organizing,Bloomfield-Garfield Corporation,"113 North Pacific Avenue, Pittsburgh, PA 15224",https://pennavenue.org/unblurred,info@bloomfield-garfield.org,
Unblurred: First Fridays on Penn,"Unblurred is a monthly evening art crawl along Penn Avenue coordinated by the Penn Avenue Arts Initiative, bringing galleries, community spaces, and small businesses together for open studios, performances, and occasional open-mic sets. Local businesses sponsor programming and co-host activities with neighborhood organizations, ensuring the events are free and welcoming to all. This directly implements the solution by pairing business sponsorship with community partnerships to provide recurri...",Pop-up Community Evenings,Absence of Year-Round Democratic Party Presence and Organizing,Bloomfield-Garfield Corporation (Penn Avenue Arts Initiative),"5149 Penn Avenue, Pittsburgh, PA 15224",https://pennavenue.org/unblurred,info@bloomfield-garfield.org,
Unblurred: First Fridays on Penn,"This monthly, evening community crawl turns the Penn Avenue corridor into a network of pop-up hosts as galleries, shops, cafes, and nonprofits open their doors for socializing, performances, and activities. Each month features a rotating mix of venues and partners, spreading the effort across many local businesses and blocks. By creating a regular, distributed gathering space, Unblurred sustains relationship-building and civic presence well beyond election cycles.",Pop-up Community Evenings,Absence of Year-Round Democratic Party Presence and Organizing,Bloomfield-Garfield Corporation / Penn Avenue Arts Initiative,"5149 Penn Avenue, Pittsburgh, PA 15224",https://pennavenue.org,info@bloomfield-garfield.org,
Unblurred: First Fridays on Penn Avenue,"A monthly evening arts crawl where galleries, studios, and small businesses along Penn Avenue open their doors with exhibitions, performances, and music. The recurring, informal setting brings neighbors and visitors together to mingle and discover local artists, building relationships and trust over time and creating a year-round gathering space.",Arts & Culture Nights,Absence of Year-Round Democratic Party Presence and Organizing,Bloomfield-Garfield Corporation (Penn Avenue Arts & Commercial District),"113 North Pacific Avenue, Pittsburgh, PA 15224",https://pennavenue.org/unblurred-first-fridays,info@bloomfield-garfield.org,
Uncommon Grounds Café,"Uncommon Grounds Café is a volunteer-powered community coffeehouse in downtown Aliquippa that serves as a year-round gathering place for meetings, open-mic nights, and neighborhood connection. The café offers free Wi‑Fi and outlets for device charging, a community bulletin board, and signup sheets for events and volunteer shifts, making it a practical hub for information and relationship-building. It sustains low operating costs through volunteers, donations, and partnerships with churches an...",Neighborhood Community Hubs (Volunteer-Run),Absence of Year-Round Democratic Party Presence and Organizing,Uncommon Grounds Café,"380 Franklin Avenue, Aliquippa, PA 15001",https://www.uncommongroundscafe.org,,
Union Project,"Union Project is a community arts and events center that preserves a historic neighborhood building by funding operations through space rentals, studio memberships, and classes. Community members serve on committees and the board, and volunteers regularly assist with maintenance and stewardship projects. This implements the cooperative hall concept by leveraging member participation and rental income to keep a community gathering space active and well-maintained.",Shared Civic Hub Spaces,Absence of Labor-Community Coalitions,Union Project,"801 North Negley Avenue, Pittsburgh, PA 15206",https://www.unionproject.org,info@unionproject.org,
Union Project Community Events & Partnerships,"Union Project operates a restored historic church as an inclusive community center, partnering with neighborhood groups, schools, cultural organizations, and nonprofits to host public meetings, trainings, arts programs, and civic dialogues. The venue provides accessible, nonpartisan space for recurring gatherings that build relationships and strengthen community life in the East End.",Partnering with Local Institutions,Absence of Year-Round Democratic Party Presence and Organizing,Union Project,"801 North Negley Avenue, Pittsburgh, PA 15206",https://www.unionproject.org,info@unionproject.org,
Union Project Community Hub,"Housed in a restored former church, Union Project operates as a year-round neighborhood hub offering affordable meeting rooms, classes, and community gatherings that are supported by volunteers and partner organizations. Community boards, open lobby space, and regular programs make it a place where residents can access information, sign up for events, and connect with local groups. The shared, multi-tenant model and volunteer support keep costs down while sustaining a consistent, welcoming pr...",Neighborhood Community Hubs (Volunteer-Run),Absence of Year-Round Democratic Party Presence and Organizing,Union Project,"801 N. Negley Avenue, Pittsburgh, PA 15206",https://www.unionproject.org,info@unionproject.org,
Union Project Community Space,"Union Project provides affordable, accessible meeting and event space used by neighborhood groups, labor allies, and coalitions to host workshops, listening sessions, and community resource fairs. With strong volunteer involvement and open community programming, it acts as a drop-in hub where residents and worker organizations can share information and organize collaborative projects.",Shared Civic Hub Spaces,Absence of Labor-Community Coalitions,Union Project,"801 N Negley Avenue, Pittsburgh, PA 15206",https://www.unionproject.org,info@unionproject.org,
United Steelworkers Headquarters – USW Conference Center,"USW’s downtown headquarters includes meeting halls and a conference center that are used for union assemblies, trainings, community coalition convenings, and candidate meet-and-greets. Making these spaces available to locals and allied organizations offers a neutral, labor-run venue where workers connect face-to-face with one another and with civic leaders.",Repurpose union halls as community hubs,Communication Gaps Between Top Union Officials and Rank-and-File Members,United Steelworkers (USW),"60 Boulevard of the Allies, Pittsburgh, PA 15222",https://www.usw.org,,
United Steelworkers Political Endorsements,"Headquartered in Pittsburgh, the United Steelworkers conducts a member-driven candidate vetting process that includes questionnaires, worker roundtables, and screening committees comprised of local shop stewards and union leaders from Western Pennsylvania mills and plants. The USW publicly endorses candidates who commit to worker-centered economic policy, industrial job creation, and community representation, and mobilizes members to support those slates.",Local Candidate Endorsement Circle,No Locally Attuned Progressive Leaders from Working-Class Communities,United Steelworkers International Union,"60 Boulevard of the Allies, Pittsburgh, PA 15222",https://www.usw.org,,
United Way of Southwestern Pennsylvania – Labor Community Services,"United Way’s Labor Community Services program hosts year-round councils where union representatives, neighborhood leaders, faith-based partners, and local service providers jointly assess community needs and set priorities on housing security, healthcare access, and family-sustaining employment. The program coordinates projects like hardship assistance, benefits navigation, and policy advocacy that are co-designed and implemented with labor and community leaders. This cross-sector structure e...",Union-Community Issue Councils,No Locally Attuned Progressive Leaders from Working-Class Communities,United Way of Southwestern Pennsylvania,"1250 Penn Avenue, Pittsburgh, PA 15222",https://uwswpa.org,info@uwswpa.org,
Vanka Murals: Millvale Stories & Digital Engagement,"The Vanka Murals organization collects and shares community narratives tied to Millvale’s immigrant and industrial worker heritage through tours, talks, and digital storytelling projects. They produce video features, photography, and resident interviews that are promoted via their website, social media, and collaborations with local partners and regional press. This ongoing storytelling campaign elevates the town’s history and present-day revitalization to broader audiences.",Community Storytelling and Media Campaign,Campaign Visits Concentrated in Urban Pittsburgh Rather Than Industrial Communities,Society to Preserve the Millvale Murals of Maxo Vanka,"24 Maryland Avenue, Millvale, PA 15209",https://vankamurals.org,info@vankamurals.org,
Vibrancy Awards,"New Sun Rising’s Vibrancy Awards honor grassroots project leaders, entrepreneurs, and civic volunteers who drive equitable revitalization in communities like Millvale and other Western Pennsylvania towns. The recognition showcases relatable local leadership—often from working-class backgrounds—through public celebration and storytelling. By lifting up these community champions, the program strengthens trust and broadens the region’s picture of who leads.",Visible Local Leadership Awards,No Locally Attuned Progressive Leaders from Working-Class Communities,New Sun Rising,"112 Sherman Street, Millvale, PA 15209",https://www.newsunrising.org,info@newsunrising.org,
Vibrancy Funds,"The Vibrancy Funds provide small grants, fiscal sponsorship, and coaching to grassroots projects, paired with capacity-building programs like Launch and the Nonprofit Resilience Program. Cohorts include facilitation and project management training as well as simple evaluation frameworks and data support to help groups measure and communicate impact. By combining training, tools, and micro-grants, New Sun Rising implements the solution’s nonprofit partnership model to strengthen and responsibl...",Community Manufacturing Microgrant Fund,Cultural Disconnection Between Progressive Messaging and Working-Class Identity,New Sun Rising,"706 James Street, Pittsburgh, PA 15212",https://www.newsunrising.org,info@newsunrising.org,
"Vibrancy Funds (Ignite, Launch, Transform Grants)","New Sun Rising’s Vibrancy Funds pool support from local donors, municipalities, and institutional partners to regrant small awards to community-led projects that advance culture, sustainability, and opportunity in Western Pennsylvania. Funding guidelines encourage cross-sector teams, and awards frequently go to projects that pair environmental improvements (e.g., ecodistrict initiatives, energy efficiency, green space) with workforce and small business development, aligning labor, community, ...",Collaborative Grant Fund for Cross‑Sector Projects,Absence of Labor-Community Coalitions,New Sun Rising,"112 Sherman Street, Millvale, PA 15209",https://www.newsunrising.org,info@newsunrising.org,
Vibrancy Index,"New Sun Rising’s Vibrancy Index is a digital data portal that aggregates neighborhood-level indicators and community project information to help local organizations share plans, track outcomes, and coordinate investments. Community, labor, and environmental partners use the shared datasets and visualizations to identify priorities, align efforts, and monitor impact over time. The platform reduces duplication by making research, resources, and performance metrics accessible in a common hub.",Data & Resource Sharing Platform,Absence of Labor-Community Coalitions,New Sun Rising,"1105 Western Avenue, Pittsburgh, PA 15233",https://www.newsunrising.org,info@newsunrising.org,
Vibrancy Index,"New Sun Rising’s Vibrancy Index is an open, neighborhood-level data platform that maps equity, sustainability, and culture indicators across Allegheny County and nearby communities. Community groups, environmental justice advocates, and labor–community coalitions use the shared metrics, maps, and project pages to align priorities, track impact, and coordinate efforts, while New Sun Rising’s programming adds an events and resources layer that facilitates collaboration. The platform is built an...",Data & Resource Sharing Platform,Absence of Labor-Community Coalitions,New Sun Rising,"112 East Sherman Street, Millvale, PA 15209",https://vibrancyindex.newsunrising.org,info@newsunrising.org,
Vibrancy Portal 3.0,"New Sun Rising’s Vibrancy Portal is a regional digital hub where community organizations, coalitions, and projects create profiles, post events and volunteer opportunities, and share impact metrics aligned to community goals. The platform aggregates resources and data across neighborhoods in Western Pennsylvania, helping labor, faith-based, and environmental justice partners discover one another’s work, coordinate activities, and track progress over time.",Data & Resource Sharing Platform,Absence of Labor-Community Coalitions,New Sun Rising,"112 Sherman Street, Millvale, PA 15209",https://newsunrising.org/vibrancy-portal,info@newsunrising.org,
Voter Engagement,"Just Harvest integrates nonpartisan voter registration and education into its year-round anti-hunger services, including SNAP/Medicaid outreach, tax clinics, and farmers market programs. Staff and volunteers register clients and distribute election information at resource fairs and neighborhood markets across Allegheny County, positioning voting as a tool for community well-being. This embeds democratic participation into everyday service delivery rather than episodic campaigns.",Year-Round Voter Engagement as Service,Absence of Year-Round Democratic Party Presence and Organizing,Just Harvest: A Center for Action Against Hunger,"16 Terminal Way, Pittsburgh, PA 15219",https://www.justharvest.org,info@justharvest.org,
Voter Engagement & Education,"Just Harvest integrates nonpartisan voter registration and education into its anti-hunger work year-round at benefits offices, food pantries, and neighborhood events in Allegheny County. Staff and trained volunteers—many with direct experience of the issues—explain how policies on SNAP, wages, and tax credits affect daily life and mobilize community members for GOTV, rides to the polls, and Election Day participation.",Election Day Worker Mobilization & Voter Education,No Locally Attuned Progressive Leaders from Working-Class Communities,Just Harvest: A Center for Action Against Hunger,"16 Terminal Way, Pittsburgh, PA 15219",https://www.justharvest.org,info@justharvest.org,
Voter Engagement Program,"Just Harvest integrates nonpartisan voter registration and education into its anti-hunger and benefits navigation work, led by staff and volunteers with lived experience as low-income workers and caregivers. They meet people where they are—welfare offices, community centers, and neighborhood events—to explain how policies shape food access, wages, and household stability, and they organize GOTV outreach and assistance so voters can cast ballots in every election, not just during major campaigns.",Election Day Worker Mobilization & Voter Education,No Locally Attuned Progressive Leaders from Working-Class Communities,Just Harvest: A Center for Action Against Hunger,"16 Terminal Way, Pittsburgh, PA 15219",https://www.justharvest.org,info@justharvest.org,
Voter Information Center,"Cambria County Library offers a nonpartisan Voter Information Center that provides voter registration forms, mail-in/absentee ballot applications, and step-by-step guidance on Pennsylvania’s voting process. The library also curates neutral resources about local issues and helps patrons locate and attend candidate forums, town halls, and municipal meetings in and around Johnstown—bringing election information into a historically industrial community.",Nonpartisan Voter Education and Registration Drives,Campaign Visits Concentrated in Urban Pittsburgh Rather Than Industrial Communities,Cambria County Library,"248 Main Street, Johnstown, PA 15901",https://www.cclsys.org,info@cclsys.org,
Voter Services,"The League of Women Voters of Greater Pittsburgh’s Voter Services program provides year-round, nonpartisan voter registration and education as a public service. Volunteers embed registration and election information into community life by staffing tables at libraries, high schools and colleges, naturalization ceremonies, neighborhood festivals, and resource fairs, ensuring a continuous presence outside election seasons.",Year-Round Voter Engagement as Service,Absence of Year-Round Democratic Party Presence and Organizing,League of Women Voters of Greater Pittsburgh,"436 7th Avenue, Suite 350, Pittsburgh, PA 15219",https://lwvpgh.org,info@lwvpgh.org,
Voter Services & VOTE411,"The League of Women Voters of Greater Pittsburgh runs year-round, nonpartisan voter education and registration through its Voter Services committee and local implementation of VOTE411. Volunteers register voters at libraries, community centers, and neighborhood events across Allegheny County—including former mill towns—and explain registration, mail-in ballots, polling locations, and key deadlines. They also organize and publicize nonpartisan candidate forums and provide guidance on how resid...",Nonpartisan Voter Education and Registration Drives,Campaign Visits Concentrated in Urban Pittsburgh Rather Than Industrial Communities,League of Women Voters of Greater Pittsburgh,"436 Seventh Avenue, Suite 350, Pittsburgh, PA 15219",https://lwvpgh.org,info@lwvpgh.org,
Voter Services & Voter Education,"The League of Women Voters of Greater Pittsburgh runs nonpartisan, year-round voter education—including workplace and neighborhood presentations, voter registration drives, and candidate forums—across Allegheny County. Local volunteers provide practical guidance on voting processes and use Vote411 outreach and targeted GOTV to help working families understand how public policies connect to everyday concerns.",Election Day Worker Mobilization & Voter Education,No Locally Attuned Progressive Leaders from Working-Class Communities,League of Women Voters of Greater Pittsburgh,"436 7th Avenue, Suite 350, Pittsburgh, PA 15219",https://www.lwvpgh.org,info@lwvpgh.org,
Voters’ Forums (Candidate Forums),"The League of Women Voters of Greater Pittsburgh runs nonpartisan candidate forums across Allegheny County where local candidates answer questions submitted by community members and neighborhood groups. Forums are moderated by trained volunteers, recorded/livestreamed, and shared on local media and social channels, creating a public record of candidate commitments and facilitating ongoing accountability.",Local candidate forums and accountability sessions,Communication Gaps Between Top Union Officials and Rank-and-File Members,League of Women Voters of Greater Pittsburgh,"436 7th Avenue, Suite 350, Pittsburgh, PA 15219",https://www.lwvpgh.org,info@lwvpgh.org,
Voting Rights Education (Pittsburgh Office),"The ACLU of Pennsylvania’s Pittsburgh office runs nonpartisan voting-rights education across Western Pennsylvania, partnering with neighborhood groups in places like the Mon Valley and other working-class communities. They provide “Know Your Voting Rights” trainings and materials that explain registration, mail-in voting, deadlines, polling places, and accessibility, and share neutral information on where to find and attend candidate forums or how to engage campaigns without endorsing any can...",Nonpartisan Voter Education and Registration Drives,Campaign Visits Concentrated in Urban Pittsburgh Rather Than Industrial Communities,American Civil Liberties Union of Pennsylvania,"247 Fort Pitt Boulevard, Pittsburgh, PA 15222",https://www.aclupa.org,info@aclupa.org,
WIOA Supportive Services (Transportation and Child Care),"Partner4Work funds and coordinates supportive services for eligible trainees and jobseekers across its PA CareerLink and provider network. These services include bus passes, gas cards, and help paying for or arranging child care so participants can consistently attend training, interviews, and the initial days of a new job. The assistance reduces practical barriers that often prevent working-class residents from completing programs and securing employment.",Transportation and Childcare Support for Trainees,Cultural Disconnection Between Progressive Messaging and Working-Class Identity,Partner4Work,"650 Smithfield Street, Suite 2600, Pittsburgh, PA 15222",https://www.partner4work.org,info@partner4work.org,
WISR Local News and Community Calendar,"WISR (part of the Butler Radio Network) provides daily local newscasts, talk shows, and a community calendar that promote civic meetings, volunteer opportunities, and neighborhood events throughout Butler County. Its year-round radio segments and online postings keep residents informed and engaged, functioning as a continuous local media presence that amplifies community voices.",Community Media — Newsletter & Podcast,Absence of Year-Round Democratic Party Presence and Organizing,Butler Radio Network,"252 Pillow Street, Butler, PA 16001",https://www.butlerradio.com,news@butlerradio.com,
WPRDC Data Briefs and Community Profiles,"The Western Pennsylvania Regional Data Center curates public datasets and publishes concise data briefs and profiles that translate complex local indicators—employment, health outcomes, education metrics, and infrastructure conditions—into accessible, evidence-based summaries. Journalists, local governments, and civic groups use these materials as ready-made issue packets to brief visiting officials and candidates across Western Pennsylvania communities beyond Pittsburgh’s urban core.",Community Issues Packet for Visitors,Campaign Visits Concentrated in Urban Pittsburgh Rather Than Industrial Communities,"University of Pittsburgh, Center for Social and Urban Research (UCSUR)","3343 Forbes Avenue, Pittsburgh, PA 15260",https://www.wprdc.org,wprdc@pitt.edu,
WQED Community Engagement & Documentaries,"WQED produces documentaries, radio segments, and digital shorts that elevate the voices of workers, residents, and faith leaders on issues such as economic transition, public health, and neighborhood revitalization. The station’s community engagement team co-hosts screenings and panel discussions with schools, congregations, and civic organizations, then amplifies those stories through PBS television, radio, and online platforms to reach broad audiences and build momentum for community soluti...",Joint Public Education and Storytelling Campaigns,Absence of Labor-Community Coalitions,WQED Multimedia,"4802 Fifth Avenue, Pittsburgh, PA 15213",https://www.wqed.org,info@wqed.org,
WRCT News & Public Affairs,"WRCT 88.3 FM airs locally produced public affairs programs and interviews that highlight grassroots initiatives, neighborhood issues, and civic opportunities in the Pittsburgh area. The station invites community members and organizations to participate, creating ongoing radio and podcast content that lifts resident voices and connects listeners to local events and engagement.",Community Media — Newsletter & Podcast,Absence of Year-Round Democratic Party Presence and Organizing,"WRCT 88.3 FM, Carnegie Mellon University","5000 Forbes Avenue, Pittsburgh, PA 15213",https://www.wrct.org,general@wrct.org,
West Overton Village & Museums,"West Overton interprets Western Pennsylvania’s industrial story through the lens of whiskey distilling, company-town life, and the origins of industrialist Henry Clay Frick, offering tours, exhibits, and seasonal public programs. Events and hands-on workshops highlight traditional craft and the labor that powered the region’s economy, reinforcing pride in manual work and community heritage.",Industrial Heritage and Labor Cultural Events,Cultural Disconnection Between Progressive Messaging and Working-Class Identity,West Overton Village & Museums,"109 W Overton Road, Scottdale, PA 15683",https://www.westovertonvillage.org,info@westovertonvillage.org,
Western Pennsylvania Electrical JATC Apprenticeship (IBEW Local 5),"The Western PA Electrical JATC provides union apprenticeship training for inside wirepersons and technicians, including courses in solar PV, energy storage, EV charging, and building energy management systems. Apprentices earn while they learn on union jobs retrofitting public and commercial buildings for efficiency and installing clean‑energy systems, aligning climate goals with hands‑on, well‑paid electrical work.",Joint Environmental‑Job Transition Projects,Cultural Disconnection Between Progressive Messaging and Working-Class Identity,Western Pennsylvania Electrical JATC (IBEW Local Union No. 5),"5 Hot Metal Street, Suite 100, Pittsburgh, PA 15203",https://www.ibew5.org,,
Western Pennsylvania Electrical JATC Apprenticeship Program,"The Western Pennsylvania Electrical Joint Apprenticeship and Training Committee trains new electricians through a multi-year registered apprenticeship where apprentices learn directly from journeyman mentors on jobsites and in the classroom. Through IBEW Local 5’s hall and committees, apprentices participate in political education, GOTV efforts, and community service alongside veteran members—transferring civic engagement and organizing experience while strengthening peer-to-peer networks tha...",Youth-worker apprenticeship and civic engagement program,Communication Gaps Between Top Union Officials and Rank-and-File Members,Western Pennsylvania Electrical JATC (sponsored by IBEW Local 5 and NECA),"5 Hot Metal Street, Pittsburgh, PA 15203",https://www.wpaejatc.org,,
Western Pennsylvania Regional Data Center,"The Western Pennsylvania Regional Data Center (WPRDC) aggregates and publishes open datasets from Allegheny County, the City of Pittsburgh, and municipalities across the region, including economic, housing, infrastructure, and environmental indicators. It hosts interactive dashboards, APIs, and map-based tools that make local needs visible at the neighborhood and small-town level. Journalists, advocacy groups, and campaigns use these resources to ground messaging and policy proposals in share...",Data & Resource Sharing Platform,Absence of Labor-Community Coalitions,University of Pittsburgh Center for Social and Urban Research (UCSUR),"3343 Forbes Avenue, Pittsburgh, PA 15260",https://www.wprdc.org,support@wprdc.org,
Western Pennsylvania Regional Data Center,"The Western Pennsylvania Regional Data Center (WPRDC) is an open-data hub that hosts datasets, maps, and research from local governments, universities, and nonprofits across the region. Community, labor, faith, and environmental justice organizations can publish and access shared data, tools, and documentation to coordinate campaigns, track impact metrics, and reduce duplication of effort. The platform enables cross-sector collaboration by standardizing resources and making them discoverable ...",Data & Resource Sharing Platform,Absence of Labor-Community Coalitions,University of Pittsburgh Center for Social and Urban Research,"3343 Forbes Avenue, Pittsburgh, PA 15260",https://www.wprdc.org,info@wprdc.org,
Western Pennsylvania Regional Data Center,"The Western Pennsylvania Regional Data Center (WPRDC) aggregates and publishes open datasets from Allegheny County, the City of Pittsburgh, and municipalities across the region, including economic, housing, infrastructure, and environmental indicators. It hosts interactive dashboards, APIs, and map-based tools that make local needs visible at the neighborhood and small-town level. Journalists, advocacy groups, and campaigns use these resources to ground messaging and policy proposals in share...",Collaborative Data and Needs Dashboard,Campaign Visits Concentrated in Urban Pittsburgh Rather Than Industrial Communities,University of Pittsburgh Center for Social and Urban Research (UCSUR),"3343 Forbes Avenue, Pittsburgh, PA 15260",https://www.wprdc.org,support@wprdc.org,
Western Pennsylvania Regional Data Center (WPRDC),"WPRDC provides open data infrastructure and hosts local workforce and economic datasets that power community dashboards and analysis for the Pittsburgh region. By making granular labor-market data accessible to workforce agencies, researchers, and navigators, it enables evidence-based career guidance and helps align training and job placement with verified employer demand.",Local Workforce Data Dashboards and Career Navigators,Cultural Disconnection Between Progressive Messaging and Working-Class Identity,University of Pittsburgh Center for Social and Urban Research in partnership with Allegheny County and the City of Pittsburgh,"3343 Forbes Avenue, Pittsburgh, PA 15260",https://www.wprdc.org,info@wprdc.org,
Western Pennsylvania Regional Data Center (WPRDC),"WPRDC is a partnership housed at Pitt’s Center for Social and Urban Research that provides open data, training, and technical assistance to community groups, nonprofits, and governments across the region. It offers workshops, evaluation-friendly data tools, and support for dashboards and measurement plans so local initiatives can track outcomes and make evidence-based decisions. By equipping partners with practical evaluation infrastructure and coaching, WPRDC operationalizes the evaluation c...",Data & Resource Sharing Platform,Absence of Labor-Community Coalitions,University of Pittsburgh Center for Social and Urban Research,"3343 Forbes Avenue, Pittsburgh, PA 15260",https://www.wprdc.org,info@wprdc.org,
Western Pennsylvania Regional Data Center (WPRDC),"WPRDC is the region’s open data portal that aggregates datasets from municipal, county, university, and nonprofit partners across Western Pennsylvania. It provides interactive maps, dashboards, and APIs covering infrastructure, housing, economic indicators, and environmental data that reveal needs in deindustrialized towns as well as urban neighborhoods. Journalists, advocacy groups, and campaigns use the standardized, comparable indicators to ground reporting, outreach, and policy proposals ...",Collaborative Data and Needs Dashboard,Campaign Visits Concentrated in Urban Pittsburgh Rather Than Industrial Communities,University of Pittsburgh Center for Social and Urban Research (UCSUR),"3343 Forbes Avenue, Pittsburgh, PA 15260",https://www.wprdc.org,info@wprdc.org,
Western Pennsylvania Regional Data Center (WPRDC),"WPRDC is a regional open data hub that aggregates datasets, case studies, and interactive maps from local governments, universities, and nonprofits across Western Pennsylvania. It implements the solution by centralizing neighborhood- and municipality-level statistics on infrastructure, economy, housing, environment, and public services, and making them accessible to campaigns, journalists, and advocacy groups for evidence-based outreach and policy.",Collaborative Data and Needs Dashboard,Campaign Visits Concentrated in Urban Pittsburgh Rather Than Industrial Communities,"University of Pittsburgh, University Center for Social and Urban Research (in partnership with Allegheny County and the City of Pittsburgh)","3343 Forbes Avenue, Pittsburgh, PA 15213",https://www.wprdc.org,info@wprdc.org,
Westmoreland County Chamber of Commerce,"The Chamber publishes an annual Public Policy Agenda and issue briefs on infrastructure, workforce, manufacturing, and small business that are provided to candidates, elected officials, and media. It distributes these concise, evidence‑based materials at legislative visits and tours across Westmoreland County, elevating the priorities of industrial and ex‑industrial communities such as Monessen, Jeannette, and Latrobe for visiting decision‑makers.",Community Issues Packet for Visitors,Campaign Visits Concentrated in Urban Pittsburgh Rather Than Industrial Communities,Westmoreland County Chamber of Commerce,"241 Tollgate Hill Road, Greensburg, PA 15601",https://www.westmorelandchamber.com,info@westmorelandchamber.com,
What’s So Cool About Manufacturing?—Southwestern Pennsylvania,"Catalyst Connection’s regional video contest has students interview local manufacturers and workers to produce short, plain-language films that demystify modern factory and shop-floor careers. The program foregrounds employee voices, showcases real Western Pennsylvania plants, and frames opportunities in terms of pride, pay, and pathways—countering the notion that success only comes via white-collar retraining. This respectful, community-rooted messaging spotlights the dignity of skilled trad...","Plain‑Language, Respectful Local Messaging",Cultural Disconnection Between Progressive Messaging and Working-Class Identity,Catalyst Connection,"4501 Lytle Street, Suite 301, Pittsburgh, PA 15207",https://www.catalystconnection.org/programs/whats-so-cool-about-manufacturing/,info@catalystconnection.org,
Wilkinsburg Main Street Program,"Administered by the Wilkinsburg Community Development Corporation, the Wilkinsburg Main Street Program uses resident- and business-led committees (Design, Promotion, Organization, and Economic Vitality) that meet regularly to plan and implement community priorities. Volunteers coordinate façade improvements, storefront activation, safety walks, cleanups, and events that strengthen social ties and the local economy. This committee-driven structure ensures continuous grassroots organizing and d...",Neighborhood Civic Committees,Absence of Year-Round Democratic Party Presence and Organizing,Wilkinsburg Community Development Corporation,"1001 Wood Street, Wilkinsburg, PA 15221",https://wilkinsburgcdc.org,info@wilkinsburgcdc.org,
Worker and Immigrant Rights Program,"Casa San José, a ministry founded by the Sisters of St. Joseph of Baden, runs ongoing legal clinics, wage-theft assistance, and worker advocacy that connect immigrant workers with unions and worker organizations. They convene clergy, congregations, and labor partners for know-your-rights workshops and campaign briefings, provide meeting space, and mobilize volunteers from faith communities to support workers with translation, accompaniment, and strike solidarity efforts.",Faith‑Labor Bridge Program,Absence of Labor-Community Coalitions,Casa San José,"2116 Broadway Avenue, Pittsburgh, PA 15216",https://www.casasanjose.org,info@casasanjose.org,
Workforce Development & Financial Coaching,"Mon Valley Initiative provides individualized employment coaching and connects jobseekers with supportive services to overcome barriers to work. Staff can provide transportation assistance (such as bus passes) and help arrange child care or connect clients to child care subsidy programs so they can participate in training, interviews, and new employment. These supports are tailored to stabilize participants’ schedules and improve retention in jobs and training.",Transportation and Childcare Support for Trainees,Cultural Disconnection Between Progressive Messaging and Working-Class Identity,Mon Valley Initiative,"305 East 8th Avenue, Homestead, PA 15120",https://www.monvalleyinitiative.com,info@monvalleyinitiative.com,
Workforce Development & Job Readiness Workshops,"Mon Valley Initiative hosts recurring job readiness workshops—resume and cover letter writing, interview preparation, and job search strategy—along with financial counseling and housing navigation supports. Group classes and one-on-one coaching are offered on a regular schedule at their Homestead location, bringing together residents from multiple river towns. These skill-building activities help neighbors stabilize their lives and develop confidence to participate in community problem-solvin...",Community Skill-Building Workshops,Absence of Year-Round Democratic Party Presence and Organizing,Mon Valley Initiative,"305 East 8th Avenue, Homestead, PA 15120",https://monvalleyinitiative.com,info@monvalleyinitiative.com,
Workforce Development Program,"Mon Valley Initiative hosts ongoing career-readiness workshops covering resume and cover-letter writing, interviewing skills, job search strategies, and workplace soft skills, alongside financial coaching. Sessions are delivered in group formats and one-on-one, creating a supportive environment where residents build practical competencies and confidence that translate into employment and stronger community leadership.",Community Skill-Building Workshops,Absence of Year-Round Democratic Party Presence and Organizing,Mon Valley Initiative,"305 East 8th Avenue, Homestead, PA 15120",https://monvalleyinitiative.com,info@monvalleyinitiative.com,
Workforce Development Program (Apprenticeship & Employer Partnerships),"Mon Valley Initiative partners with union affiliates and the Builders Guild to deliver apprenticeship information sessions, hiring events, and skills workshops at libraries, schools, and neighborhood facilities throughout the Mon Valley. These collaborations place union pathways and worker rights information directly inside trusted community institutions, enabling residents to engage face-to-face with union reps and peers in familiar, accessible settings.",Partnerships with trusted local institutions,Communication Gaps Between Top Union Officials and Rank-and-File Members,Mon Valley Initiative,"305 East 8th Avenue, Homestead, PA 15120",https://monvalleyinitiative.com,info@monvalleyinitiative.com,
Youth Express,"Youth Express trains middle and high school students to interview and collaborate with adults and elders to produce radio stories and oral histories about neighborhood life, work, and culture. Adult producers and community storytellers mentor teens in journalism and audio production in the studio and in the field. The intergenerational storytelling fosters empathy, civic ties, and shared identity in neutral community venues across Western Pennsylvania.",Local Storytelling Media Hub,No Locally Attuned Progressive Leaders from Working-Class Communities,"SLB Radio Productions, Inc.","10 Children’s Way, Pittsburgh, PA 15212",https://www.slbradio.org,slb@slbradio.org,
Youth Express,"Youth Express trains teens from communities such as McKeesport, Duquesne, Aliquippa, and Sto-Rox to produce first-person audio features, photo essays, and short videos about their neighborhoods’ history, challenges, and assets. These resident-created stories air on SLB’s broadcast and streaming platforms, are shared via podcasts and social media, and are frequently amplified through partnerships with schools and regional media, creating a continuous community storytelling pipeline.",Community Storytelling and Media Campaign,Campaign Visits Concentrated in Urban Pittsburgh Rather Than Industrial Communities,"SLB Radio Productions, Inc. (The Saturday Light Brigade)","10 Children's Way, Pittsburgh, PA 15212",https://www.slbradio.org/youth-express,info@slbradio.org,
Youth Express,"Youth Express trains middle and high school students to interview and collaborate with adults and elders to produce radio stories and oral histories about neighborhood life, work, and culture. Adult producers and community storytellers mentor teens in journalism and audio production in the studio and in the field. The intergenerational storytelling fosters empathy, civic ties, and shared identity in neutral community venues across Western Pennsylvania.",Community Media — Newsletter & Podcast,Absence of Year-Round Democratic Party Presence and Organizing,"SLB Radio Productions, Inc.","10 Children’s Way, Pittsburgh, PA 15212",https://www.slbradio.org,slb@slbradio.org,
Youth Express & Neighborhood Voices,"SLB Radio’s Youth Express and Neighborhood Voices initiatives train young people and residents to create original audio stories, interviews, and podcasts centered on local neighborhoods and civic life. The programs air content online and on partner stations year-round, elevating community perspectives, promoting events, and strengthening neighborhood visibility through continuous storytelling.",Community Media — Newsletter & Podcast,Absence of Year-Round Democratic Party Presence and Organizing,"SLB Radio Productions, Inc.","10 Children's Way, Pittsburgh, PA 15212",https://www.slbradio.org,info@slbradio.org,
Youth Express (SLB Radio),"Youth Express is a year-round podcast and radio platform where young people across Pittsburgh and nearby communities produce stories, interviews, and features about local life, civic issues, and neighborhood events. By training residents—especially youth—to create audio segments that air on community radio and are published as podcasts, it maintains ongoing visibility for local voices and highlights civic opportunities throughout the year.",Community Media — Newsletter & Podcast,Absence of Year-Round Democratic Party Presence and Organizing,"SLB Radio Productions, Inc.","10 Children's Way, Pittsburgh, PA 15212",https://slbradio.org,info@slbradio.org,
Youth Express (Storytelling & Oral History),"SLB’s Youth Express trains youth and community members—often in former mill and river towns—to conduct interviews, gather photos, and produce short audio/video features about their neighborhoods. Finished pieces air on local radio, stream as podcasts, and are distributed across social media and to regional media partners, putting resident voices and town stories in front of broad audiences. The program centers both community assets and challenges, directly implementing a storytelling and medi...",Community Storytelling and Media Campaign,Campaign Visits Concentrated in Urban Pittsburgh Rather Than Industrial Communities,"SLB Radio Productions, Inc.","10 Children's Way, Pittsburgh, PA 15212",https://slbradio.org,info@slbradio.org,
Youth Support Partners (YSP),"YSP employs young adults with lived experience in child-serving systems as paid peer advocates embedded within Allegheny County’s Department of Human Services and its provider network. YSPs participate in case conferences, co-facilitate family meetings, and help youth navigate services—elevating community voice inside local government decision-making. As a paid, government-based role, YSP serves as a civic apprenticeship that develops governance, advocacy, and organizing skills among young re...",Civic Apprenticeships for Young Workers,No Locally Attuned Progressive Leaders from Working-Class Communities,Allegheny County Department of Human Services,"1 Smithfield Street, Pittsburgh, PA 15222",https://www.alleghenycounty.us/Human-Services/Programs-Services/Children-Families/Youth-Support-Partners.aspx,,
Youth Tree Care Program,"Tree Pittsburgh’s Youth Tree Care Program provides paid, hands-on experience in urban forestry, nursery operations, and green infrastructure maintenance for local students and young adults. Working with schools, neighborhood groups, and municipal partners, staff mentors guide participants through certifications, service projects, and site visits that lead to internships or employment with local green employers. This cross-sector approach builds a pipeline into sustainability and land‑stewards...",School‑to‑Work Pathways with Cross‑Sector Mentors,Absence of Labor-Community Coalitions,Tree Pittsburgh,"32 62nd Street, Pittsburgh, PA 15201",https://www.treepittsburgh.org,info@treepittsburgh.org,
