Program,Organization,Description,Challenge,Solution,Theme,Address,Website,Email,Latitude,Longitude
Connector Program,Halifax Partnership,"The Halifax Partnership’s Connector Program links recent graduates, newcomers, and returning Nova Scotians with established local professionals (Connectors) for one-on-one networking that leads to informational interviews, job referrals, and mentorship. By actively engaging alumni and diaspora talent with employers and sector leaders, the program helps people re-enter the local job market, build networks quickly, and access quality career opportunities in communities across Nova Scotia.",Insufficient Quality Jobs and Career Ladders,"Community Returner and Alumni Engagement Program: Build a local outreach program connecting former residents, students and remote diasporas with job openings, mentoring roles and return incentives (housing, startup support) to entice talent back and facilitate re-entry into local careers.",Structural Economic Scale and Capital Constraints,"1201-1809 Barrington Street, Halifax, NS B3J 3K8",,connector@halifaxpartnership.com,44.6489899,-63.5745798
Digital Nova Scotia Job Portal (with Skills for Hire Atlantic),Digital Nova Scotia,"Digital Nova Scotia’s Job Portal provides a shared talent pool for small and mid-sized tech-enabled employers across the province to post roles, internships, and project-based work. Through its Skills for Hire Atlantic training and other industry-led upskilling, DNS helps employers coordinate training pipelines while enabling candidates to combine part-time/contract roles into career ladders that lead to stable, full-time opportunities in the tech sector and beyond.",Insufficient Quality Jobs and Career Ladders,"Shared Employee Pool and Job-Share Platform: Create a community-managed platform where small employers can share staff time, post part-time-to-full-time ladders, and coordinate training so workers can combine roles that lead to stable, full-time careers.",Structural Economic Scale and Capital Constraints,"45 Alderney Drive, Suite 204, Dartmouth, NS B2Y 2N6",,info@digitalnovascotia.com,44.6653194,-63.569186
BioNova – Nova Scotia Life Sciences Industry Association,BioNova,"BioNova leads the province’s life sciences cluster by coordinating sector marketing (e.g., BioPort), business acceleration, and talent initiatives that connect companies to skilled workers. Working with partners at the Life Sciences Research Institute, it facilitates access to shared labs and specialized equipment, and provides peer training and mentorship for scaling firms. This cluster approach bundles common infrastructure, skills development, and hiring pipelines to expand high-quality jo...",Insufficient Quality Jobs and Career Ladders,"Sector Cluster Projects (e.g., Creative, Agri-food, Clean Tech): Mobilize local stakeholders to launch targeted cluster initiatives that bundle marketing, shared equipment, training and joint hiring to grow higher-quality jobs and visible career ladders in regionally relevant sectors.",Structural Economic Scale and Capital Constraints,"1344 Summer Street, Halifax, NS B3H 0A8",,info@bionova.ca,44.6397624,-63.5829145
BayRides Community Transportation,BayRides (St. Margarets Bay Community Transportation Society),"BayRides is a non-profit community transit service providing accessible, door-to-door and pre-booked rides throughout St. Margarets Bay and surrounding rural HRM. Supported by municipal and community funding, BayRides offers low, predictable fares and coordinated trips to work, training, and essential services, including links to Halifax Transit hubs. This demand-responsive model reduces transportation costs and fills gaps where fixed-route buses are limited, improving job access for low-wage...",Wages Lagging Cost of Living,"Community Transit & Commute Subsidies: Implement municipal transit improvements, subsidized transit passes for low-wage workers, and coordinated ride-share programs to lower transportation costs and expand access to better-paying jobs.",Structural Economic Scale and Capital Constraints,"11 Station Road, Hubbards, NS B0J 1T0",,info@bayrides.ca,44.6392995,-64.0624616
Mental Health First Aid (MHFA) Training – Nova Scotia & PEI,St. John Ambulance Nova Scotia/PEI Council,"St. John Ambulance delivers the nationally recognized Mental Health First Aid program in communities and workplaces across Nova Scotia, with offerings that include youth-focused content. Courses equip teachers, employers, coaches, faith leaders, and volunteers to recognize emerging mental health and substance use problems, provide initial support, and refer individuals to appropriate professional help. As a charity, SJA frequently offers discounted group rates and community/classroom-based se...",Primary Care and Mental Health Gaps,"Local Mental Health First Aid Training: Offer regular subsidized Mental Health First Aid and youth-focused training for teachers, employers, faith groups, coaches and volunteers so more community members can recognize issues early and make appropriate referrals.",Structural Economic Scale and Capital Constraints,"72 Highfield Park Drive, Unit 5, Dartmouth, NS B3A 4X2",,customerservice@sja.ca,44.6876115,-63.5916199
Canadian Red Cross Transportation Services – Nova Scotia,"Canadian Red Cross, Nova Scotia Region","The Canadian Red Cross operates volunteer-based transportation for people who need help getting to medical and mental health appointments across parts of Nova Scotia. Using screened volunteer drivers and low-cost rides, the program ensures clients can access primary care, diagnostics, counseling, and other health services reliably.",Primary Care and Mental Health Gaps,"Community Transportation for Appointments: Organize volunteer driver programs or low-cost shuttles specifically to get residents to primary care and mental health appointments, reducing missed visits and improving continuity of care.",Structural Economic Scale and Capital Constraints,"133 Troop Avenue, Dartmouth, NS B3B 2A7",,info@redcross.ca,44.7099632,-63.5846921
Friendly Calls (Nova Scotia),Canadian Red Cross,"The Canadian Red Cross Friendly Calls program uses a roster of trained volunteers to provide regular phone-based wellness checks, psychosocial first aid, and referrals to community and health resources. By offering immediate, short-term supportive contact—often from experienced volunteers—it helps buffer isolation and mental health strain while clients wait for permanent primary care or counselling providers.",Primary Care and Mental Health Gaps,"Rapid Volunteer Roster for Crisis Coverage: Create a trained volunteer roster (retired nurses, counsellors, social workers) who can provide short-term coverage and crisis response while clients wait for permanent providers.",Structural Economic Scale and Capital Constraints,"133 Troop Avenue, Dartmouth, NS B3B 2A7",,info@redcross.ca,44.7099632,-63.5846921
Physician Recruitment & Retention,Doctors Nova Scotia,"Doctors Nova Scotia partners with communities and the province to recruit and retain family physicians, providing tools and guidance for community-led campaigns that highlight quality of life and practice supports. Their resources and advisory support help assemble local packages that include relocation guidance, introductions to housing and schools, and connections for spousal employment.",Primary Care and Mental Health Gaps,"Community Provider Recruitment Campaign: Coordinate a local recruitment package promoting quality of life, housing support, spousal employment help, and relocation bonuses to attract family doctors, nurse practitioners and therapists to the area.",Structural Economic Scale and Capital Constraints,"1559 Brunswick Street, Suite 200, Halifax, NS B3J 2G1",,info@doctorsns.com,44.6447424,-63.5753247
BayRides — On-Demand Community Transit,BayRides,"BayRides provides demand-responsive microtransit in the St. Margaret’s Bay area with bookings by phone and online, using small buses/vans to connect residents to Halifax Transit park-and-ride locations, medical appointments, and local employment. The service began as a community pilot and continues to use trip and booking data to adjust operating hours, service boundaries, and vehicle deployment before expanding further.",Transportation and Regional Mobility,"Demand‑Responsive Microtransit Pilots: Short-term community pilots using small vehicles on-demand (book by app or phone) to connect people to main transit corridors, health centres and job sites. Data from pilots helps adjust routes and schedules to actual local travel patterns before scaling up.",Structural Economic Scale and Capital Constraints,"5229 St Margarets Bay Road, Upper Tantallon, NS B3Z 1E3",,info@bayrides.ca,44.6893032,-63.8802722
Borrow the Internet,Annapolis Valley Regional Library,"Annapolis Valley Regional Library’s Borrow the Internet initiative allows patrons to check out mobile Wi‑Fi hotspots, ensuring rural households can access high‑speed internet for schoolwork and entrepreneurship. AVRL branches provide evening/weekend access to study areas, public computers, and maker/tech programming, so youth can use connectivity and equipment close to home when schools are closed.",Digital Connectivity Gaps,"School and Library Access Programs: Coordinate with school boards and public libraries to extend building access, loan portable hotspots and devices, and run evening/weekend study and maker-space sessions so rural youth can access high-speed connectivity and equipment close to home.",Structural Economic Scale and Capital Constraints,"26 Bay Road, Bridgetown, NS B0S 1C0",,avrl@valleylibrary.ca,44.8435247,-65.2962713
Game Changers Youth Retention Employer Pledge,Halifax Partnership,"Halifax Partnership’s Game Changers initiative invites employers to publicly pledge to hire for skills by offering co-ops, internships, and entry-level roles where performance and task-based trials matter more than years of experience. Participating employers are showcased in talent campaigns and networking events, signaling to youth and newcomers that these workplaces practice skills-first hiring and help break the ‘no experience, no job’ cycle.",Credential Recognition and Experience Barriers,"Employer 'Hire for Skills' Pledge: Ask local employers to commit publicly to skills‑based hiring practices (competency tests, trial tasks, anchored references) and promote participating employers to jobseekers.",Structural Economic Scale and Capital Constraints,"1809 Barrington Street, Suite 1100, Halifax, NS B3J 3K8",,info@halifaxpartnership.com,44.6489899,-63.5745798
Alderney Landing Commercial Kitchen and Farmers’ Market,Alderney Landing Association,"Alderney Landing operates an inspected, bookable commercial kitchen and a waterfront farmers’ market that offers low-cost, short-term vendor spaces. Entrepreneurs can produce small batches in the community kitchen and immediately test products at market pop-ups and festivals on-site, with staff support for scheduling and basic permitting guidance.",Barriers to Entrepreneurship and Small Business Growth,"Pop-up Retail & Kitchen Program: A community-run calendar and space-rotation program that lets entrepreneurs test products and food concepts in vacant storefronts, festivals, or community kitchens with minimal upfront costs.",Structural Economic Scale and Capital Constraints,"2 Ochterloney Street, Dartmouth, NS B2Y 4W1",,info@alderneylanding.com,44.6644002,-63.5701366
Antigonish Farmers’ Market Co-operative,Antigonish Farmers’ Market Co-operative,"A vendor-owned co-operative that operates a year-round public market, pooling member resources to provide shared retail space, marketing, and governance for small producers and entrepreneurs. By collectively owning the market and its infrastructure, vendors reduce individual startup and overhead costs while keeping decision-making local through democratic member control.",Barriers to Entrepreneurship and Small Business Growth,"Cooperative Ownership Models: Support cooperative business models where workers or community members buy equity collectively, reducing individual capital needs and keeping businesses anchored locally with shared governance.",Structural Economic Scale and Capital Constraints,"20 James Street, Antigonish, NS B2G 1R7",,manager@antigonishfarmersmarket.ca,45.6160572,-62.0012244
Evergreen Festival,Downtown Halifax Business Commission,"Evergreen Festival is a multi-week winter celebration in late November and December featuring outdoor light installations, artisan markets, live music, and cultural programming throughout downtown Halifax and the waterfront. By activating public spaces and venues in the off-season, it drives foot traffic to local businesses and creates paid opportunities for artists, vendors, and hospitality workers, smoothing seasonal demand.",Industry Concentration and Seasonality,"Year-round Cultural and Events Calendar: Organize community-led festivals, markets, workshops and performances in shoulder and off-seasons to smooth demand for hospitality and creative work and to keep visitor flows and local spending more consistent.",Structural Economic Scale and Capital Constraints,"1546 Barrington Street, Suite 104, Halifax, NS B3J 2A2",,info@downtownhalifax.ca,44.6449202,-63.5731504
Halifax Partnership – Inclusive Economic Strategy (People. Planet. Prosperity.),Halifax Partnership,"Halifax Partnership leads the city’s cross-sector economic strategy by convening business leaders, post-secondary institutions, non-profits, and municipal representatives to identify gaps, align workforce training, and coordinate investment attraction. Through initiatives like the Connector Program and sector collaborations, it pools marketing efforts and drives diversification beyond seasonal industries, helping retain and attract young talent with year-round opportunities.",Industry Concentration and Seasonality,"Cross-sector Economic Diversification Council: Form a community council of business owners, non-profits, education and municipal reps to identify gaps, coordinate training, pool marketing, and develop strategies to reduce sector reliance and seasonality.",Structural Economic Scale and Capital Constraints,"1800 Argyle Street, Suite 810, Halifax, NS B3J 3N8",,info@halifaxpartnership.com,44.6482199,-63.5767414
PAINTS (Professional Artists in the Schools),Visual Arts Nova Scotia,"PAINTS connects professional visual artists with P–12 classrooms across Nova Scotia for paid, curriculum-connected residencies ranging from single sessions to multi-week projects. Artists mentor students and teachers through hands-on art-making, building skills and intergenerational connections while keeping youth engaged in creative practice.","Underinvestment in Arts, Culture, and Recreation","Artist Residency and School Mentorships: Match local artists with schools and community groups for in-residence projects, skill-sharing and paid mentorship that strengthens intergenerational connections and keeps youth engaged.",Structural Economic Scale and Capital Constraints,"1113 Marginal Road, Halifax, NS B3H 4P7",,programs@vans.ca,44.6393248,-63.5661532
Evergreen Festival,Downtown Halifax Business Commission (in partnership with Build Nova Scotia and community partners),"A winter city-wide festival that unites arts groups, venues, waterfront sites, markets, and small businesses to keep cultural activity vibrant through late fall and early winter. By coordinating concerts, light installations, artisan markets, and community events across partner sites, it staggers programming outside the summer peak and builds a coalition of presenters that sustains year-round cultural momentum.","Underinvestment in Arts, Culture, and Recreation","Year-Round Programming Consortium: Coordinate a coalition of festivals, venues and community groups to produce staggered, seasonal programming so cultural activity continues throughout the year rather than peaking only in summer.",Structural Economic Scale and Capital Constraints,"1546 Barrington Street, Suite 104, Halifax, NS B3J 3X7",,info@downtownhalifax.ca,44.6449202,-63.5731504
Alderney Landing Year-Round Cultural Programming,Alderney Landing Association,"Alderney Landing functions as a community hub coordinating festivals (e.g., Canada Day, Natal Day, Christkindlmarket), concerts, markets, theatre, and cultural gatherings with local partners across all seasons. By aligning municipal, community, and arts stakeholders and hosting events throughout the year, it creates staggered, seasonal programming that keeps Dartmouth’s waterfront culturally active beyond the summer peak.","Underinvestment in Arts, Culture, and Recreation","Year-Round Programming Consortium: Coordinate a coalition of festivals, venues and community groups to produce staggered, seasonal programming so cultural activity continues throughout the year rather than peaking only in summer.",Structural Economic Scale and Capital Constraints,"2 Ochterloney Street, Dartmouth, NS B2Y 4W1",,info@alderneylanding.com,44.6644002,-63.5701366
Arts Nova Scotia Opportunities Board,Arts Nova Scotia (Province of Nova Scotia),"Arts Nova Scotia curates a province-wide opportunities board listing paid contracts, jobs, calls for artists, and project-based gigs across festivals, theatres, galleries, and arts organizations. As a publicly funded, centralized platform, it connects young creatives to short-term paid roles in events, production, and arts administration. This functions as a local gig board that strengthens access to compensated creative work throughout Nova Scotia.","Underinvestment in Arts, Culture, and Recreation","Paid Youth Apprenticeships and Gig Platforms: Develop municipal or business-subsidized paid apprenticeship programs and a local gig board that connects young creatives with short-term paid opportunities in events, production and arts administration.",Structural Economic Scale and Capital Constraints,"1741 Brunswick Street, Halifax, NS B3J 3X8",,artsnscotia@novascotia.ca,44.6473243,-63.5766982
Millbrook Cultural & Heritage Centre,Millbrook Cultural & Heritage Centre,"A Mi’kmaw cultural centre and museum offering exhibits, guided tours, cultural demonstrations, and community events. Through storytelling, art, drumming and dance presentations, and seasonal celebrations that welcome schools and the public, it elevates Mi’kmaw heritage, builds inter-community relationships, and advances understanding across the province.",Inclusion and Discrimination,"Cultural Centres and Celebration Festivals: Establish and support community-run cultural centres and annual festivals that showcase Mi'kmaq, African Nova Scotian and other cultural heritages through food, music, storytelling and art to build inter-community relationships and visibility.",Structural Economic Scale and Capital Constraints,"65 Treaty Trail, Millbrook, NS B6L 1W3",,info@millbrookheritage.ca,45.3307883,-63.3047308
Road to Economic Prosperity (ANREP) – Inclusive Hiring and Procurement Commitments,Halifax Partnership,"ANREP convenes HRM, anchor institutions, and local businesses to adopt concrete commitments that grow employment and procurement opportunities for African Nova Scotians, including supplier diversity pledges, inclusive hiring pathways, and mentorship. The initiative sets measurable actions and publishes progress updates and scorecards, creating accountability for equitable hiring and local purchasing across Halifax.",Inclusion and Discrimination,"Inclusive Local Hiring and Procurement Pledges: Encourage municipalities, school boards and local businesses to adopt public hiring and procurement commitments that prioritize equity, target barriers for underrepresented groups, and track/report progress transparently.",Structural Economic Scale and Capital Constraints,"1809 Barrington Street, Suite 1100, Halifax, NS B3J 3K8",,info@halifaxpartnership.com,44.6489899,-63.5745798
Black Entrepreneur Startup Program (BESP),Futurpreneur Canada,"Futurpreneur’s Black Entrepreneur Startup Program offers tailored business coaching, up to $60,000 in start-up financing (in partnership with BDC), and two years of mentorship for Black entrepreneurs aged 18–39. Operating in Nova Scotia through its Atlantic office, the program removes common barriers by combining accessible capital with training, planning tools, and community connections.",Inclusion and Discrimination,"Micro-grants and Business Supports for Black and Indigenous Entrepreneurs: Create local micro-grant funds, low-interest loans, business incubators and tailored training to remove barriers for African Nova Scotian and Indigenous entrepreneurs starting or scaling small businesses.",Structural Economic Scale and Capital Constraints,"1505 Barrington Street, Suite 100, Halifax, NS B3J 3K5",,info@futurpreneur.ca,44.6445647,-63.5723991
Come to Work (Nova Scotia),CNIB (Canadian National Institute for the Blind) – Nova Scotia,"CNIB’s Come to Work program connects job seekers who are blind, partially sighted, or Deafblind with inclusive employers and provides job readiness training and one‑to‑one coaching. The program conducts workplace assessments, advises on accessible technology and accommodations, and delivers employer education to build inclusive hiring pipelines—embodying the solution’s supported employment and workplace accommodations consulting model.",Inclusion and Discrimination,"Disability Employment and Skills Training Hubs: Establish community hubs offering supported employment programs, workplace accommodations consulting, job coaching and employer education to increase hiring and retention of people with disabilities.",Structural Economic Scale and Capital Constraints,"6136 Almon Street, Halifax, NS B3K 1T8",,info@cnib.ca,44.6556173,-63.600682
Project/Action Grants,Nova Scotia Public Interest Research Group (NSPIRG),"NSPIRG provides small, rapid‑turnaround grants to student and youth‑led initiatives that advance social and environmental justice on campus and in the broader Halifax community. Funding typically supports civic‑minded projects such as public education events, pop‑up services, mutual aid efforts, and public art, with a simple application and light reporting that make it easy for youth to lead.",Youth Voice and Civic Influence,"Micro‑grants for Youth‑Led Civic Projects: Create a community fund that awards small, rapid-turnaround grants to youth-led civic initiatives (public art, pop-up services, neighbourhood improvements) with light reporting requirements.",Structural Economic Scale and Capital Constraints,"Room 314, Dalhousie Student Union Building, 6136 University Avenue, Halifax, NS B3H 4J2",,info@nspirg.ca,44.648618,-63.5859487
Student Vote Nova Scotia,CIVIX (in partnership with Elections Nova Scotia),"Student Vote is a parallel election program that runs in Nova Scotia schools during real election periods, providing teachers with curriculum-aligned lesson plans, activities, and materials so students can learn about government, issues, and candidates before participating in a school-wide mock vote. By mirroring the official election process and encouraging classroom Q&As or forums with local candidates and representatives, it provides a hands-on simulation of democratic decision-making. Thi...",Youth Voice and Civic Influence,School‑to‑Community Civic Curriculum and Service Learning: Work with school boards to embed community-based civic projects and local governance simulations into the curriculum that connect students directly to municipal needs and decision-makers.,Structural Economic Scale and Capital Constraints,"202 Brownlow Avenue, Suite 101, Dartmouth, NS B3B 1T5",,info@electionsnovascotia.ca,44.6981233,-63.581871
Workshops & Skillshares,Nova Scotia Public Interest Research Group (NSPIRG),"NSPIRG runs free, short, skills-based workshops for students and community members on facilitation, consensus decision-making, conflict navigation, power analysis, and advocacy/policy literacy. These trainings prepare youth and adult allies to co-facilitate meetings, negotiate with decision-makers, and design equitable, shared-power processes for campus and community change.",Youth Voice and Civic Influence,"Training for Co‑Governance and Facilitation: Offer short community workshops for youth and adult allies on facilitation, policy literacy, negotiation and power-sharing so both sides can engage in equitable co‑decision processes.",Structural Economic Scale and Capital Constraints,"Room 314, Student Union Building, 6136 University Avenue, Halifax, NS B3H 4J2",,info@nspirg.ca,44.6367223,-63.5892308
Atlantic First Nations Youth Council on Water (AFNYCW),Atlantic Policy Congress of First Nations Chiefs Secretariat,"AFNYCW brings together Mi’kmaq and other Indigenous youth from Atlantic communities, including Nova Scotia, to advise Chiefs, planners, and governments on water and environmental decisions. Through APC’s environment programs, the council co-develops recommendations and community engagement processes, creating a structured, culturally appropriate pathway for youth voices to shape local water stewardship and related policy.",Youth Voice and Civic Influence,Partnerships with Mi'kmaq and Indigenous Youth Councils: Co-create formal pathways for Indigenous youth voice by partnering with Mi'kmaq communities and organizations to ensure culturally appropriate roles in local decision-making.,Structural Economic Scale and Capital Constraints,"153 Willowdale Drive, Dartmouth, NS B2V 0A5",,info@apcfnc.ca,44.6799707,-63.5720232
Annapolis Valley Regional Library (AVRL),Annapolis Valley Regional Library,"AVRL is a regional library board serving multiple municipalities in the Annapolis Valley, using a cross-municipal governance model that includes municipal and community representatives to set shared service priorities. It coordinates programming, staffing, and infrastructure across branches, aligning timelines and budgets so that initiatives scale regionally rather than siloed by town. AVRL consolidates and submits joint applications for provincial public library funding and federal project g...",Policy Fragmentation and Short-Term Funding,"Regional Service Councils: Establish cross-municipal councils of community organizations, local governments and service providers to coordinate priorities, share resources, align timelines and present unified proposals to provincial or federal funders.",Structural Economic Scale and Capital Constraints,"26 Bay Road, Bridgetown, NS B0S 1C0",,askus@valleylibrary.ca,44.8435247,-65.2962713
Feed Nova Scotia Volunteer Program,Feed Nova Scotia,"Feed Nova Scotia engages skilled volunteers in data entry for donor and client systems, file organization, and reporting support, which preserves institutional knowledge and ensures accurate, up-to-date records. Volunteers are also mobilized for short-term operational needs—such as reception, logistics, and warehouse coordination—helping maintain service continuity during periods of funding or staffing fluctuation.",Policy Fragmentation and Short-Term Funding,"Volunteer Continuity & Knowledge Team: Assemble a trained volunteer cadre to preserve institutional knowledge (archives, contacts, evaluation records) and provide short-term operational support when funding gaps threaten continuity.",Structural Economic Scale and Capital Constraints,"67 Wright Avenue, Dartmouth, NS B3B 1H2",,info@feednovascotia.ca,44.7037091,-63.5997121
Canadian Red Cross – Nova Scotia Disaster Management Program,"Canadian Red Cross, Nova Scotia","The Canadian Red Cross recruits and trains volunteers across Nova Scotia to prepare for and respond to floods, hurricanes, and severe storms. Volunteer teams receive training in first-response support, wellness checks, sheltering and evacuations, needs assessments, and hands-on tasks such as sandbagging and distributing relief supplies to protect vulnerable residents in coastal and rural communities.",Climate Risks and Infrastructure Resilience,"Community Emergency Response Teams (CERT): Train local volunteers in first response, search and rescue basics, sandbagging, and neighborhood check-ins to reduce immediate storm damage and support vulnerable residents.",Structural Economic Scale and Capital Constraints,"133 Troop Avenue, Dartmouth, NS B3B 2A7",,info@redcross.ca,44.7099632,-63.5846921
Digby Community Hub,Digby Area Learning Association (DALA),"Operated by the Digby Area Learning Association, the Digby Community Hub co-locates Nova Scotia Works employment services, adult learning, digital access, and youth programming under one roof. It provides classrooms, public computers and drop-in workspaces, workshops and training, and bookable meeting rooms, with partner agencies offering outreach clinics and information sessions. This centralized access point helps rural residents find training, jobs, and supports without traveling to larger...",Regional Disparities,"Multi-Service Community Hubs: Convert or build centrally located hubs that combine coworking, training, health outreach, daycare drop-in, library services and meeting space to create one-stop access to amenities.",Structural Economic Scale and Capital Constraints,"87 Warwick Street, Digby, NS B0V 1A0",,info@dala.ca,44.6165485,-65.7631218
Festival de la Mi-Carême (Mi-Carême Cultural Program),La Société Mi-Carême (Centre de la Mi-Carême),"Rooted in Acadian tradition, Festival de la Mi-Carême features mask-making, storytelling nights, parades, and exhibitions that animate Grand-Étang and neighbouring communities each spring. By bringing residents and visitors together in shared cultural spaces and public celebrations, it strengthens local identity, supports artists and artisans, and boosts rural cultural tourism.",Regional Disparities,"Cultural and Place-Making Events: Organize festivals, markets, public art, and storytelling nights that celebrate local identity, attract visitors, and make communities more appealing places to live.",Structural Economic Scale and Capital Constraints,"51 Old Cabot Trail, Grand-Étang, NS B0E 1L0",,info@micareme.ca,46.5486952,-61.04252
Start-Up Yard at COVE,COVE (Centre for Ocean Ventures and Entrepreneurship),"Start-Up Yard is an ocean-technology incubator located in a repurposed federal Coast Guard facility, providing access to shared workshops, prototyping labs, machine shop, wet labs, and a deepwater testing wharf. It delivers structured mentorship, business advisory, and market development supports that help startups and trades-focused suppliers prototype, scale, and hire locally within Nova Scotia’s blue economy.",Insufficient Quality Jobs and Career Ladders,"Community-led Mini Incubators and Makerspaces: Convert underused municipal or non-profit spaces into low-cost incubators and makerspaces that provide equipment, mentorship, and business supports for startups, social enterprises, and skilled tradespeople to prototype, scale and hire locally.",Structural Economic Scale and Capital Constraints,"27 Parker Street, Dartmouth, NS B2Y 4T5",https://coveocean.com,info@coveocean.com,44.6622182,-63.5567724
Navigate Startup House,Navigate (Cape Breton University + Cape Breton Partnership),"Navigate provides low-cost co-working, a makerspace-style prototyping area, and entrepreneurial programming from a renovated community innovation hub in Sydney’s downtown. Through mentorship, workshops, and one-on-one business coaching (delivered by a partnership of Cape Breton University and the Cape Breton Partnership), it enables startups, social enterprises, and tradespeople in Cape Breton to build, test, and grow companies without leaving the region.",Insufficient Quality Jobs and Career Ladders,"Community-led Mini Incubators and Makerspaces: Convert underused municipal or non-profit spaces into low-cost incubators and makerspaces that provide equipment, mentorship, and business supports for startups, social enterprises, and skilled tradespeople to prototype, scale and hire locally.",Structural Economic Scale and Capital Constraints,"37 Nepean Street, Sydney, NS B1P 1J2",https://navigatestartup.ca/,info@navigatestartup.ca,46.1431613,-60.1966931
Rural Innovation Centre (RIC) at the Perennia Innovation Centre,Perennia Food and Agriculture Corporation,"The Rural Innovation Centre offers incubator space, shared labs, pilot-scale processing facilities, and technical advisory services for agri-food and bioresource startups in a provincially owned facility in Bible Hill. It pairs equipment access with mentorship, product development support, and business advisory to help rural entrepreneurs prototype, scale production, and create quality local jobs.",Insufficient Quality Jobs and Career Ladders,"Community-led Mini Incubators and Makerspaces: Convert underused municipal or non-profit spaces into low-cost incubators and makerspaces that provide equipment, mentorship, and business supports for startups, social enterprises, and skilled tradespeople to prototype, scale and hire locally.",Structural Economic Scale and Capital Constraints,"90 Research Drive, Bible Hill, NS B6L 2R2",https://perennia.ca,info@perennia.ca,45.3891687,-63.2429674
North Queens Business Hub,Region of Queens Municipality,"Located in a repurposed municipal building in Caledonia, the North Queens Business Hub provides affordable co-working space, meeting rooms, and shared equipment alongside regular workshops and one-on-one small business support. By lowering the barriers to space and business services in a rural community, it serves as a mini-incubator that helps freelancers, tradespeople, and early-stage ventures start, operate, and hire locally.",Insufficient Quality Jobs and Career Ladders,"Community-led Mini Incubators and Makerspaces: Convert underused municipal or non-profit spaces into low-cost incubators and makerspaces that provide equipment, mentorship, and business supports for startups, social enterprises, and skilled tradespeople to prototype, scale and hire locally.",Structural Economic Scale and Capital Constraints,"9793 Highway 8, Caledonia, NS B0T 1B0",https://northqueensbusinesshub.ca/,manager@northqueensbusinesshub.ca,44.3756978,-65.0275926
Building Futures for Youth (BFY),Construction Association of Nova Scotia (CANS),"BFY connects high school students across Nova Scotia with paid summer placements in the construction sector, pairing them with local employers and on-the-job journeyperson mentors. The program maps clear pathways into apprenticeship, facilitates safety and introductory training, and links participants with NSAA/NSCC for block-release training after they register as apprentices—creating a local pipeline and visible career ladder in the skilled trades.",Insufficient Quality Jobs and Career Ladders,"Local Apprenticeship and Mentorship Network: Create a community-managed registry that matches apprentices with local employers, retired tradespeople mentors, and peer cohorts, coordinates block-release training, and promotes clear local career ladders in trades and technical fields.",Structural Economic Scale and Capital Constraints,"134 Eileen Stubbs Avenue, Unit 103, Dartmouth, NS B3B 2C4",https://www.buildingfutures.ca,info@cans.ns.ca,44.6960439,-63.5736377
NSCC Apprenticeship Training,Nova Scotia Community College (NSCC),"Nova Scotia Community College delivers the in-school technical (block-release and day-release) training for dozens of designated trades, organizing cohorts and schedules in coordination with employers and the Nova Scotia Apprenticeship Agency. Through labs, industry partnerships, and campus-based supports, NSCC helps apprentices connect with local employers and mentors while progressing along clear pathways from entry-level apprentice to certified journeyperson and beyond.",Insufficient Quality Jobs and Career Ladders,"Local Apprenticeship and Mentorship Network: Create a community-managed registry that matches apprentices with local employers, retired tradespeople mentors, and peer cohorts, coordinates block-release training, and promotes clear local career ladders in trades and technical fields.",Structural Economic Scale and Capital Constraints,"5685 Leeds Street, Halifax, NS B3K 2T3",https://www.nscc.ca,info@nscc.ca,44.6695773,-63.6147024
Pathways to Shipbuilding,Nova Scotia Community College (NSCC),"Pathways to Shipbuilding is an employer-educator partnership that lays out a clear progression for careers in shipbuilding, from pre-apprenticeship training through apprenticeship to Red Seal certification and advanced roles. Led by NSCC with industry partners, it publishes the steps, credentials, and supports required at each stage and runs targeted outreach to underrepresented youth so they can see realistic, local advancement paths in the marine sector.",Insufficient Quality Jobs and Career Ladders,"Local Career Ladders Mapping and Communication Campaign: Work with employers and educators to map typical career progressions in key local sectors, publish clear steps and required credentials, and run outreach so young people see realistic local advancement paths.",Structural Economic Scale and Capital Constraints,"80 Mawiomi Place, Dartmouth, NS B2Y 0A5",https://www.nscc.ca,info@nscc.ca,44.6542147,-63.5509426
Student Emergency Fund – Technology & Connectivity Support,Nova Scotia Community College (NSCC),"NSCC’s Student Emergency Fund provides rapid, small bursaries that students can use for urgent technology and connectivity needs, including paying for home internet service, purchasing or replacing a modem/router, or covering installation fees. By offsetting these costs, the fund helps learners in urban, rural, and coastal communities maintain reliable access for online classes, apprenticeships, and work-integrated learning.",Digital Connectivity Gaps,"Digital Access Microgrants: Community foundations and local businesses provide small grants or subsidies for modem/router purchase, installation, or subsidized monthly service for students, apprentices, startups and low-income households.",Structural Economic Scale and Capital Constraints,"5685 Leeds Street, Halifax, NS B3K 2T3",https://www.nscc.ca,awards@nscc.ca,44.6695773,-63.6147024
Irving Shipbuilding Centre of Excellence (ISCE) and Pathways to Shipbuilding,Nova Scotia Community College (NSCC) and Irving Shipbuilding Inc.,"This partnership recruits and supports cohorts—often from underrepresented communities—into shipbuilding trades, matching learners with Irving Shipbuilding and supply-chain employers and pairing them with experienced journeyperson mentors on the job. NSCC coordinates the block-release technical training for these cohorts, and the program lays out clear progression from pre-apprenticeship through registered apprenticeship to Red Seal certification, strengthening local career ladders in advance...",Insufficient Quality Jobs and Career Ladders,"Local Apprenticeship and Mentorship Network: Create a community-managed registry that matches apprentices with local employers, retired tradespeople mentors, and peer cohorts, coordinates block-release training, and promotes clear local career ladders in trades and technical fields.",Structural Economic Scale and Capital Constraints,"80 Mawiomi Place, Dartmouth, NS B2Y 0A5",https://shipsforcanada.ca,info@nscc.ca,44.6542147,-63.5509426
Carpenters Local 83 Apprenticeship & Training,"Atlantic Canada Regional Council of Carpenters, Millwrights and Allied Workers (Local 83)","Through its hiring hall and training centre, Local 83 connects apprentice carpenters with signatory contractors across Nova Scotia and ensures mentorship by certified journeypersons on worksites and in training. The union coordinates with NSCC and the provincial apprenticeship system for block-release schooling and provides a clear, supported career ladder—from entry-level apprentice to Red Seal carpenter—with ongoing upskilling delivered by experienced (often retired) trades professionals.",Insufficient Quality Jobs and Career Ladders,"Local Apprenticeship and Mentorship Network: Create a community-managed registry that matches apprentices with local employers, retired tradespeople mentors, and peer cohorts, coordinates block-release training, and promotes clear local career ladders in trades and technical fields.",Structural Economic Scale and Capital Constraints,"1000 Sackville Drive, Lower Sackville, NS B4E 1S4",https://www.acrc.ca/,info@acrc.ca,44.7791271,-63.69825
Pathways to Shipbuilding,Irving Shipbuilding Inc. in partnership with Nova Scotia Community College (NSCC) and the Nova Scotia Apprenticeship Agency,"A multi-employer, education, and community consortium led by Irving Shipbuilding and NSCC that co-designs training aligned to in-demand marine trades (e.g., welding, metal fabrication) and maps competencies needed for shipbuilding careers. The program uses stackable credentials (trade readiness, CWB welding tickets, apprenticeship levels) and coordinates paid work-integrated learning and on-the-job training at the Halifax Shipyard and partner firms, enabling participants to progress from pre-...",Insufficient Quality Jobs and Career Ladders,"Regional Employer Consortium for Career Pathways: Form a consortium of local employers, schools and colleges to map in-demand jobs, agree on transferable competencies, create stacked credentials, and coordinate rotating placements so workers can progress across firms and sectors.",Structural Economic Scale and Capital Constraints,"3099 Barrington Street, Halifax, NS B3K 5M7",https://www.nscc.ca,info@nscc.ca,44.6672758,-63.5966057
Building Futures for Youth (BFY),"Construction Association of Nova Scotia (CANS), in partnership with the Nova Scotia Apprenticeship Agency and Nova Scotia’s Regional Centres for Education","BFY is a province-wide consortium led by the Construction Association of Nova Scotia with employers, school boards, and the Nova Scotia Apprenticeship Agency to create clear pathways into construction trades. Students complete industry-recognized, stackable safety and trade-readiness credentials and undertake paid summer co-op placements with multiple construction firms, earning apprenticeship credit and exposure to different trades—laying a competency-based foundation to move between employe...",Insufficient Quality Jobs and Career Ladders,"Regional Employer Consortium for Career Pathways: Form a consortium of local employers, schools and colleges to map in-demand jobs, agree on transferable competencies, create stacked credentials, and coordinate rotating placements so workers can progress across firms and sectors.",Structural Economic Scale and Capital Constraints,"134 Eileen Stubbs Avenue, Dartmouth, NS B3B 2C4",https://www.cans.ns.ca/building-futures-for-youth/,info@cans.ns.ca,44.6960439,-63.5736377
Nova Scotia Apprenticeship Program,Nova Scotia Apprenticeship Agency (NSAA),"The provincial apprenticeship system partners with sector councils, unions, employers, and NSCC to map in-demand trades to detailed competency profiles and training standards. It supports stacked credentials (youth apprenticeship, pre-apprenticeship, level training to Red Seal) and enables apprentices to move among sponsoring employers or through joint employer arrangements to complete the full scope of required competencies—coordinating rotations and placements that build portable skills and...",Insufficient Quality Jobs and Career Ladders,"Regional Employer Consortium for Career Pathways: Form a consortium of local employers, schools and colleges to map in-demand jobs, agree on transferable competencies, create stacked credentials, and coordinate rotating placements so workers can progress across firms and sectors.",Structural Economic Scale and Capital Constraints,"2021 Brunswick Street, Halifax, NS B3J 2S9",https://nsapprenticeship.ca,apprenticeship@novascotia.ca,44.6520988,-63.5789365
IGNITE Yarmouth Coworking Space,IGNITE Atlantic,"IGNITE’s Yarmouth hub provides affordable coworking desks, private offices, and meeting rooms with high-speed internet for remote workers, startups, and small businesses. The space delivers business supports—mentorship, programming, and workshops—and regularly hosts employer-led training, networking, and hiring events that connect local talent with companies and scale-ups across Atlantic Canada.",Insufficient Quality Jobs and Career Ladders,"Community-run Remote Work Hubs and Coworking Spaces: Establish affordable coworking hubs with reliable broadband, meeting rooms and business supports to attract remote workers, help local entrepreneurs scale, and host employer-led training and hiring events.",Structural Economic Scale and Capital Constraints,"208 Main Street, Yarmouth, NS B5A 1C8",https://igniteatlantic.com,info@igniteatlantic.com,43.8319155,-66.1203833
IGNITE Atlantic – Yarmouth Innovation Hub,IGNITE Atlantic,"IGNITE’s Yarmouth hub provides shared workspaces, meeting rooms, high-speed internet, and entrepreneurial supports designed for rural innovators, remote workers, and startups. By offering affordable, professional facilities in a smaller town, it helps young residents stay local while connecting to remote jobs and clients across Canada and beyond.",Wages Lagging Cost of Living,"Shared Workplaces and Remote Work Hubs: Develop affordable co-working and remote work hubs in smaller towns to let young residents access higher-paying remote jobs while staying local, reducing relocation pressure and commuting costs.",Structural Economic Scale and Capital Constraints,"208 Main Street, Yarmouth, NS B5A 1C8",https://igniteatlantic.com,info@igniteatlantic.com,43.8319155,-66.1203833
IGNITE Atlantic – New Glasgow,IGNITE Atlantic,"IGNITE is a rural innovation hub that partners with NSCC campuses and Nova Scotia universities to deliver incubation, mentorship, and applied research connections for local entrepreneurs. The New Glasgow site provides affordable space, programming, and access to student consulting teams and faculty expertise, serving founders from Pictou County and surrounding communities. Through these post-secondary partnerships, it functions as a satellite incubator linking rural ventures to talent, facili...",Barriers to Entrepreneurship and Small Business Growth,"University–Community Incubator Partnerships: Partner post-secondary institutions with rural communities to offer satellite incubators, student consulting teams, and shared research resources that support local entrepreneurs with expertise and facilities.",Structural Economic Scale and Capital Constraints,"352 East River Road, New Glasgow, NS B2H 3P7",https://igniteatlantic.com,info@igniteatlantic.com,45.5833401,-62.6448939
CO3 Community Coworking Space,CO3,"CO3 is a community-run coworking hub on the South Shore that offers day passes and memberships for affordable desks, meeting rooms, and event space with dependable broadband. The space supports local entrepreneurs and remote professionals by hosting business workshops, peer meetups, and employer information sessions in partnership with regional organizations, helping people work, learn, and connect without leaving the region.",Insufficient Quality Jobs and Career Ladders,"Community-run Remote Work Hubs and Coworking Spaces: Establish affordable coworking hubs with reliable broadband, meeting rooms and business supports to attract remote workers, help local entrepreneurs scale, and host employer-led training and hiring events.",Structural Economic Scale and Capital Constraints,"705 King Street, Bridgewater, NS B4V 1B4",https://www.co3space.com,,44.379233,-64.5211677
NSCC MicroCredentials,Nova Scotia Community College (NSCC),"Nova Scotia Community College delivers short, stackable micro-credentials co-designed with local employers in sectors such as healthcare supports, advanced manufacturing, oceans, and digital skills. Courses are offered across NSCC campuses and online, issue digital badges, and are aligned to regional labour market needs; learners are connected to local job openings through NSCC Career Services, employer partnerships, and work-integrated projects.",Insufficient Quality Jobs and Career Ladders,"Local Micro-credential and Training Partnerships: Partner with community colleges, adult learning centres and employers to deliver short, stackable certifications tailored to local industry needs (e.g., healthcare supports, advanced manufacturing, digital skills) with clear links to local job openings.",Structural Economic Scale and Capital Constraints,"5685 Leeds Street, Halifax, NS B3K 2T3",https://www.nscc.ca/microcredentials,info@nscc.ca,44.6695773,-63.6147024
Skills for Hire Atlantic,Digital Nova Scotia,"Skills for Hire Atlantic is a short, cohort-based training initiative that provides stackable, industry-aligned credentials in in-demand digital skills (e.g., data, cloud, web, cybersecurity) developed with input from Nova Scotia and Atlantic Canadian tech employers. The program includes employer-led projects, career coaching, networking and job fairs, and direct connections to hiring partners, helping graduates transition into local entry-level roles quickly.",Insufficient Quality Jobs and Career Ladders,"Local Micro-credential and Training Partnerships: Partner with community colleges, adult learning centres and employers to deliver short, stackable certifications tailored to local industry needs (e.g., healthcare supports, advanced manufacturing, digital skills) with clear links to local job openings.",Structural Economic Scale and Capital Constraints,"7071 Bayers Road, Suite 309, Halifax, NS B3L 2C2",https://skillsforhire.ca,info@digitalnovascotia.com,44.6541222,-63.6273462
CANS WORKS – Construction Job Readiness Program,Construction Association of Nova Scotia (CANS),"CANS WORKS delivers short, stackable site-readiness and safety certifications (e.g., WHMIS, Fall Protection, First Aid, Traffic Control) tailored to employer requirements in Nova Scotia’s construction sector. The program partners with Nova Scotia Works and construction employers to provide hands-on training, job search support, and employer interviews/placements that link participants directly to current job openings across the province.",Insufficient Quality Jobs and Career Ladders,"Local Micro-credential and Training Partnerships: Partner with community colleges, adult learning centres and employers to deliver short, stackable certifications tailored to local industry needs (e.g., healthcare supports, advanced manufacturing, digital skills) with clear links to local job openings.",Structural Economic Scale and Capital Constraints,"134 Eileen Stubbs Avenue, Unit 301, Dartmouth, NS B3B 2C4",https://www.cans.ns.ca,info@cans.ns.ca,44.6960439,-63.5736377
Open Learning Microcredentials,Dalhousie University — Faculty of Open Learning & Career Development,"Dalhousie’s Faculty of Open Learning & Career Development offers short, stackable micro-credentials and digital badges in areas like data analytics, leadership, and project management that are developed with employer input. Programs emphasize applied projects and pathways that build toward larger certificates, and the faculty partners with organizations on cohort upskilling while connecting learners to hiring networks and local opportunities.",Insufficient Quality Jobs and Career Ladders,"Local Micro-credential and Training Partnerships: Partner with community colleges, adult learning centres and employers to deliver short, stackable certifications tailored to local industry needs (e.g., healthcare supports, advanced manufacturing, digital skills) with clear links to local job openings.",Structural Economic Scale and Capital Constraints,"6299 South Street, Halifax, NS B3H 4R2",https://www.dal.ca,openlearning@dal.ca,44.6361402,-63.593144
Social Procurement Program,Halifax Regional Municipality,"Halifax Regional Municipality’s Social Procurement Program embeds social value criteria into public purchasing, awarding evaluation points for bids that deliver community benefits and inclusive employment. This creates concrete procurement opportunities that worker-owned cooperatives can compete for, providing the predictable revenue streams needed to launch and scale locally rooted, stable jobs across sectors like construction, food, tourism, and digital services.",Insufficient Quality Jobs and Career Ladders,"Community Investment in Worker Cooperatives: Support the creation and scaling of worker-owned cooperatives (in food, construction, tourism, digital services) through seed funding, shared back-office services, and procurement commitments to create stable, locally rooted jobs.",Structural Economic Scale and Capital Constraints,"1841 Argyle Street, Halifax, NS B3J 3A5",https://www.halifax.ca,procurement@halifax.ca,44.648927,-63.5753248
SmartTrip Halifax (Employer Commuter Options Program),Halifax Regional Municipality,"SmartTrip is Halifax Regional Municipality’s employer-focused travel demand management program that helps workplaces develop commuter plans, coordinate staggered shifts, and run carpool/vanpool matching and incentive campaigns. The program partners with employers, post-secondary institutions, and community groups to implement ride-pooling, promote transit, and connect staff to benefits like EPass and Emergency Ride Home—reducing single-occupant trips to major job centres. SmartTrip provides r...",Transportation and Regional Mobility,"Employer‑Community Commuter Partnerships: Local employers, town councils and community groups collaborate to create shared commuter solutions: pooled shuttles to industrial parks, staggered shift coordination, employer-provided transit subsidies, and ride-pooling incentives to reduce single-occupant car trips.",Structural Economic Scale and Capital Constraints,"1841 Argyle Street, Halifax, NS B3J 3A5",https://www.halifax.ca,contactus@halifax.ca,44.648927,-63.5753248
Halifax Regional Municipality CarShare Parking Program and Municipal EV Charging,Halifax Regional Municipality,"HRM designates on‑street and off‑street parking stalls for car‑share vehicles and is installing public EV charging at municipal sites, enabling co‑located charging and shared cars. By formalizing car‑share spaces and supplying power for EVs, the municipality helps create community charging and car‑share nodes that residents can access for quick errands and inter‑neighborhood trips without owning a car.",Transportation and Regional Mobility,"Community EV Charging and Car‑Share Nodes: Local organizations partner with businesses and municipalities to install shared EV chargers and host a small community car‑share of electric vehicles for short trips, reducing long‑term car ownership needs and making electrified transport more accessible.",Structural Economic Scale and Capital Constraints,"1841 Argyle Street, Halifax, NS B3J 3A5",https://www.halifax.ca,contactus@halifax.ca,44.648927,-63.5753248
Halifax Public Wi‑Fi,Halifax Regional Municipality,"Halifax Regional Municipality provides free WiFi in key public spaces (e.g., squares, parks, and civic sites) using clustered outdoor wireless nodes on municipal infrastructure. The system employs meshed access points to span large outdoor areas and ties into municipal fiber where possible, offering a resilient neighbourhood‑scale network that fills connectivity gaps for residents, students, and remote workers.",Digital Connectivity Gaps,Community Mesh Network Pilots: Deploy low-cost mesh wireless nodes on public buildings and volunteer rooftops to create resilient neighbourhood networks that provide basic broadband and can be scaled or linked to fiber backhaul.,Structural Economic Scale and Capital Constraints,"1841 Argyle Street, Halifax, NS B3J 3A5",https://www.halifax.ca,contactus@halifax.ca,44.648927,-63.5753248
Cogswell District Redevelopment – Community Benefits and Social Procurement Requirements,Halifax Regional Municipality,"For the Cogswell District Redevelopment, HRM embedded community benefits and social procurement requirements into construction tenders to drive inclusive hiring and training. Bidders receive evaluation points for workforce development plans—such as hiring apprentices and workers from underrepresented groups (including Mi'kmaw, African Nova Scotian, and newcomers), recognizing alternative training pathways, and delivering on-the-job training. This preferential procurement approach channels mun...",Credential Recognition and Experience Barriers,Municipal Hiring Pilots and Preferential Procurement: Encourage municipal governments and public agencies to pilot hiring people with alternative credentials and to give preference to local contractors who demonstrate inclusive hiring and training.,Structural Economic Scale and Capital Constraints,"1841 Argyle Street, Halifax, NS B3J 3A5",https://www.halifax.ca,,44.648927,-63.5753248
Co-op Student and Internship Opportunities,Halifax Regional Municipality,"Halifax Regional Municipality (HRM) runs a centralized program that hires paid co-op students and interns across civic business units including Planning & Development, Parks & Recreation, Culture & Events, and Public Works/Economic Development. Placements can be arranged across multiple terms and units, giving youth exposure to different municipal functions and practical input into projects, which mirrors the solution’s goal of rotating interns through planning, parks, economic development an...",Youth Voice and Civic Influence,"Youth Civic Internship Program: Partner municipalities, provincial offices, school boards and local NGOs to offer paid internships that rotate youth through planning, parks, economic development and cultural departments.",Structural Economic Scale and Capital Constraints,"1841 Argyle Street, Halifax, NS B3J 3A5",https://www.halifax.ca,,44.648927,-63.5753248
Community Wellbeing Survey (with Canadian Urban Institute),Halifax Regional Municipality,"Halifax Regional Municipality participates in a standardized Community Wellbeing Survey framework used across multiple Canadian cities, enabling consistent measurement of quality-of-life indicators such as belonging, safety, housing, and access to services. HRM integrates these shared indicators into strategic planning and community grants, letting local organizations report on common metrics so funders can compare results across projects and prioritize long-term, system-wide investments that...",Policy Fragmentation and Short-Term Funding,"Shared Measurement Framework: Agree on a simple set of community impact indicators among local organizations so funders see comparable results across projects, making longer-term funding and scaling more attractive and less fragmented.",Structural Economic Scale and Capital Constraints,"1841 Argyle Street, Halifax, NS B3J 3A5",https://www.halifax.ca,contactus@halifax.ca,44.648927,-63.5753248
HRM Volunteer Services,Halifax Regional Municipality,"Halifax Regional Municipality’s Volunteer Services trains and equips community organizations with volunteer management, record-keeping, and governance tools, helping them build reliable volunteer cadres that maintain archives, contact lists, procedures, and evaluation files. The team also assists with recruitment and mobilization so trained volunteers can step into administrative and event roles, sustaining operations through funding or staffing gaps.",Policy Fragmentation and Short-Term Funding,"Volunteer Continuity & Knowledge Team: Assemble a trained volunteer cadre to preserve institutional knowledge (archives, contacts, evaluation records) and provide short-term operational support when funding gaps threaten continuity.",Structural Economic Scale and Capital Constraints,"1841 Argyle Street, Halifax, NS B3J 3A5",https://www.halifax.ca,volunteer@halifax.ca,44.648927,-63.5753248
Flood Preparedness and Insurance Workshops,Halifax Regional Municipality,"Halifax Regional Municipality hosts public workshops and open houses—often in partnership with Halifax Water and the Insurance Bureau of Canada—to explain flood risks, home insurance options (overland flood, sewer backup), and practical mitigation steps that can reduce claims and premiums. Municipal staff and insurance professionals jointly outline available programs, rebates, and discounts tied to risk-reduction improvements, helping homeowners make informed, affordability-focused decisions.",Climate Risks and Infrastructure Resilience,"Local Insurance and Affordability Workshops: Host sessions with insurance experts and municipal staff to explain coverage options, government programs, mitigation discounts and steps homeowners can take to lower premiums.",Structural Economic Scale and Capital Constraints,"1841 Argyle Street, Halifax, NS B3J 3A5",https://www.halifax.ca,contactus@halifax.ca,44.648927,-63.5753248
Sir Sandford Fleming Park (Dingle) Living Shoreline Pilot,Halifax Regional Municipality,"Halifax Regional Municipality is piloting a living shoreline at Sir Sandford Fleming Park on the Northwest Arm, where a failing seawall is being replaced with a hybrid nature-based design featuring rock sills, cobble/gravel berms, and vegetated marsh benches. The pilot reduces wave energy and shoreline erosion while maintaining public access, and serves as a demonstration site for future municipal coastal protection projects. Implemented with partners and community engagement, the project bui...",Climate Risks and Infrastructure Resilience,"Small-Scale Coastal Protection Demonstration Projects: Pilot community-led living shorelines, breakwaters or hybrid nature-based hardening projects to demonstrate cost-effective protection and build local capacity for larger interventions.",Structural Economic Scale and Capital Constraints,"1841 Argyle Street, Halifax, NS B3J 3A5",https://www.halifax.ca,contactus@halifax.ca,44.648927,-63.5753248
International Centre for Co-operative Management (ICCM),"Sobey School of Business, Saint Mary’s University","ICCM delivers specialized education and advisory services that help start and scale cooperatives, including worker co-ops, by strengthening governance, finance, operations, and leadership capacity. By providing shared back-office know-how (e.g., financial management systems, HR practices, and governance frameworks) and tailored training, ICCM equips Nova Scotia co-ops to create quality, locally rooted jobs and build clear career ladders for young workers.",Insufficient Quality Jobs and Career Ladders,"Community Investment in Worker Cooperatives: Support the creation and scaling of worker-owned cooperatives (in food, construction, tourism, digital services) through seed funding, shared back-office services, and procurement commitments to create stable, locally rooted jobs.",Structural Economic Scale and Capital Constraints,"923 Robie Street, Halifax, NS B3H 3C3",https://www.managementstudies.coop,cme@smu.ca,44.6313165,-63.5816691
Just Us! Coffee Roasters Co-op,Just Us! Coffee Roasters Co-op,"Just Us! is a worker-owned cooperative that has created stable, living-wage employment in the Annapolis Valley while demonstrating a successful pathway for worker ownership in food processing and retail. Through community-rooted ownership and long-term supply and purchasing relationships with local institutions and retailers, the co-op models how worker ownership can anchor jobs outside Halifax and provide advancement opportunities for young workers.",Insufficient Quality Jobs and Career Ladders,"Community Investment in Worker Cooperatives: Support the creation and scaling of worker-owned cooperatives (in food, construction, tourism, digital services) through seed funding, shared back-office services, and procurement commitments to create stable, locally rooted jobs.",Structural Economic Scale and Capital Constraints,"11865 Highway 1, Wolfville, NS B4P 2R3",https://justuscoffee.com,info@justuscoffee.com,45.0883499,-64.37673
CEED Youth Entrepreneurship Programs,Centre for Entrepreneurship Education & Development (CEED),"CEED delivers youth-focused entrepreneurship training, coaching, and mentorship to help young people start and grow businesses in Nova Scotia. The programs pair practical workshops and one-on-one advising with access to startup financing (including microloans) and pitch opportunities, providing both in-kind supports and early-stage capital so youth-led ventures can hire and scale locally.",Insufficient Quality Jobs and Career Ladders,"Youth Entrepreneurship Grants and Mentoring: Create small grants, in-kind supports and mentorship programs for youth-led startups and social enterprises to help young people launch businesses locally and learn practical business growth and hiring skills.",Structural Economic Scale and Capital Constraints,"7071 Bayers Road, Suite 225, Halifax, NS B3L 2C2",https://www.ceed.ca,info@ceed.ca,44.6541222,-63.6273462
SMU Startup Accelerator,"Arthur L. Irving Entrepreneurship Centre, Saint Mary’s University","The SMU Startup Accelerator supports Saint Mary’s University students and recent graduates with intensive mentorship, workshops, co-working space, and seed funding stipends/microgrants to launch ventures. By combining capital with in-kind supports and expert guidance, the program helps youth founders build practical business, growth, and hiring skills while creating jobs in Nova Scotia.",Insufficient Quality Jobs and Career Ladders,"Youth Entrepreneurship Grants and Mentoring: Create small grants, in-kind supports and mentorship programs for youth-led startups and social enterprises to help young people launch businesses locally and learn practical business growth and hiring skills.",Structural Economic Scale and Capital Constraints,"923 Robie Street, Halifax, NS B3H 3C3",https://www.smu.ca/entrepreneurship,entrepreneurship@smu.ca,44.6313165,-63.5816691
Supplier Development Program,Province of Nova Scotia – Procurement,"The Province of Nova Scotia’s Supplier Development Program helps small and medium-sized Nova Scotia firms sell to the public sector—municipalities, health authorities, universities, and school boards—through training, meet‑the‑buyer events, and guidance on bidding. By building institutional buyer–supplier connections and encouraging buyers to structure procurements that enable local participation and subcontracting, the program advances buy‑local priorities. The resulting contracts support st...",Insufficient Quality Jobs and Career Ladders,"Local Procurement and Hire-Local Pledges: Encourage municipal governments, hospitals and school boards to adopt buy-local and hire-local policies and targets, including subcontracting to local firms and prioritizing hires that create career ladder opportunities.",Structural Economic Scale and Capital Constraints,"1505 Barrington Street, Halifax, NS B3J 3K5",https://procurement.novascotia.ca/,ptenders@novascotia.ca,44.6445647,-63.5723991
Farm to School Nova Scotia,Farm to Cafeteria Canada (Nova Scotia partners include Ecology Action Centre),"Farm to School Nova Scotia works with schools and school boards to increase the amount of Nova Scotia–grown food served in cafeterias and meal programs, building procurement relationships with local farmers, fishers, and food producers. By shifting institutional spend to local suppliers and offering implementation support (menus, sourcing, and vendor onboarding), the program grows stable markets that enable local food businesses to hire and advance staff. This buy‑local model directly applies...",Insufficient Quality Jobs and Career Ladders,"Local Procurement and Hire-Local Pledges: Encourage municipal governments, hospitals and school boards to adopt buy-local and hire-local policies and targets, including subcontracting to local firms and prioritizing hires that create career ladder opportunities.",Structural Economic Scale and Capital Constraints,"2705 Fern Lane, Halifax, NS B3K 4L3",https://www.farmtocafeteriacanada.ca/,info@ecologyaction.ca,44.6567453,-63.59637
Hire Me Cape Breton,Cape Breton Partnership,"Hire Me Cape Breton connects Cape Breton–Unama’ki employers with talent, including former residents, students, and diaspora professionals looking to return. The platform showcases local job openings, promotes success stories of returnees, and offers pathways to employer introductions and relocation guidance, helping returners plug into real opportunities and community networks outside larger urban centres.",Insufficient Quality Jobs and Career Ladders,"Community Returner and Alumni Engagement Program: Build a local outreach program connecting former residents, students and remote diasporas with job openings, mentoring roles and return incentives (housing, startup support) to entice talent back and facilitate re-entry into local careers.",Structural Economic Scale and Capital Constraints,"275 Charlotte Street, Suite 204, Sydney, NS B1P 1C6",https://hiremecapebreton.com,info@capebretonpartnership.com,46.1389039,-60.1948084
Professional Mentorship Program,Immigrant Services Association of Nova Scotia (ISANS),"ISANS’ Professional Mentorship Program matches internationally trained professionals and other newcomers with mentors working in their field in Nova Scotia to provide sector-specific advice, networking, and job search connections. This guided re-entry support mirrors a returner engagement approach by helping participants build local networks and access quality roles, especially valuable for those re-establishing careers in the province.",Insufficient Quality Jobs and Career Ladders,"Community Returner and Alumni Engagement Program: Build a local outreach program connecting former residents, students and remote diasporas with job openings, mentoring roles and return incentives (housing, startup support) to entice talent back and facilitate re-entry into local careers.",Structural Economic Scale and Capital Constraints,"7071 Bayers Road, Suite 1020, Halifax, NS B3L 2C2",https://www.isans.ca,info@isans.ca,44.6541222,-63.6273462
Transportation Support (Bus Tickets) for Program Participants,Immigrant Services Association of Nova Scotia (ISANS),"ISANS provides bus tickets and, when appropriate, monthly transit passes to eligible newcomers so they can attend language and employment training, job search workshops, interviews, and work placements. This locally administered fare support, funded through program contracts and community donations, directly reduces transportation costs that can prevent clients from accessing education and employment.",Transportation and Regional Mobility,"Community Transit Fare Support Fund: A locally administered subsidy program funded by municipal contributions, local charities and fundraising to provide reduced-cost transit passes for youth, trainees and low‑income jobseekers to improve access to education and employment.",Structural Economic Scale and Capital Constraints,"6960 Mumford Road, Suite 2120, Halifax, NS B3L 1W1",https://www.isans.ca,info@isans.ca,44.6448559,-63.6191248
"Employer Support Services (including SkillsMatch, On-the-Job Training, and Practice Interviews)",Immigrant Services Association of Nova Scotia (ISANS),"ISANS works directly with Nova Scotia employers to adopt skills-based recruitment, providing tools to screen for competencies, arrange short work trials/placements, and use anchored references from mentors and supervisors rather than relying solely on foreign credentials or ‘Canadian experience.’ Employers who commit to these practices are promoted to jobseekers through ISANS’ SkillsMatch job board, hiring fairs, and sector-specific events, helping newcomers and interprovincial movers demonst...",Credential Recognition and Experience Barriers,"Employer 'Hire for Skills' Pledge: Ask local employers to commit publicly to skills‑based hiring practices (competency tests, trial tasks, anchored references) and promote participating employers to jobseekers.",Structural Economic Scale and Capital Constraints,"6960 Mumford Road, Suite 2120, Halifax, NS B3L 1H6",https://www.isans.ca,info@isans.ca,44.6448559,-63.6191248
Employment Services (Qualifications Recognition Advising),Immigrant Services Association of Nova Scotia (ISANS),"ISANS provides a one-stop hub where employment specialists help newcomers understand which occupations in Nova Scotia are regulated, what credential assessments (e.g., WES) or licensing steps are required, and how to start those evaluations. They also advise on unregulated roles and employers open to alternative proofs of skills, run workshops on foreign qualification recognition, and offer online and in-person appointments to map a step-by-step plan into work.",Credential Recognition and Experience Barriers,"Local Credential Translation & Navigation Hub: Set up a one‑stop community hub (online and in‑person) that helps newcomers identify which credentials need formal assessment, which employers accept alternatives, and how to start evaluations.",Structural Economic Scale and Capital Constraints,"6960 Mumford Road, Suite 2120, Halifax, NS B3L 4P1",https://www.isans.ca,info@isans.ca,44.645137,-63.6190662
English for Work,Immigrant Services Association of Nova Scotia (ISANS),"ISANS’ English for Work provides occupation-focused language training that helps newcomers build the specific vocabulary, communication skills, and workplace culture knowledge needed in sectors such as technology, skilled trades, health care, and customer service. Classes integrate resume and interview preparation, role‑plays, and simulations to help participants practice real-world scenarios and overcome the ‘no experience, no job’ barrier.",Credential Recognition and Experience Barriers,"Industry‑Specific Language and Workplace Labs: Offer community centre programs focused on sector language, communications, interview simulations and workplace culture for technology, trades, health care and service industries.",Structural Economic Scale and Capital Constraints,"6960 Mumford Road, Suite 2120, Halifax, NS B3L 4P1",https://www.isans.ca,info@isans.ca,44.645137,-63.6190662
Information Sessions and Workshops (Know Your Rights),Immigrant Services Association of Nova Scotia (ISANS),"ISANS hosts regular information sessions and workshops for newcomers on tenant rights, employment standards, workplace discrimination, and navigating public systems. These know‑your‑rights sessions equip immigrants and refugees with practical legal information and referrals (including to legal clinics and human rights bodies), directly supporting marginalized residents facing housing, employment, or policing‑related barriers.",Inclusion and Discrimination,"Community Legal Clinics and Know-Your-Rights Campaigns: Set up or expand community legal clinics offering free or sliding-scale legal counsel, discrimination complaint assistance and 'know your rights' information sessions targeted to marginalized residents navigating housing, employment or policing issues.",Structural Economic Scale and Capital Constraints,"7071 Bayers Road, Suite 102, Halifax, NS B3L 2C2",https://www.isans.ca,info@isans.ca,44.6541222,-63.6273462
ISANS–Halifax Public Libraries Settlement Partnership,Immigrant Services Association of Nova Scotia (ISANS),"ISANS co‑locates settlement practitioners and employment staff at Halifax Public Libraries branches, including the Central Library, to deliver newcomer services where people already gather. The partners use formal partnership agreements/MOUs that guarantee shared space, scheduled staff time, and consent‑based referral and data‑sharing protocols over multiple years, ensuring continuity of services even when specific project funding changes.",Policy Fragmentation and Short-Term Funding,"Cross-Sector Memorandums of Understanding (MOUs): Encourage local organizations and municipalities to sign MOUs that guarantee shared commitments (space, staff time, data sharing) across multiple years to reduce fragmentation when external funding changes.",Structural Economic Scale and Capital Constraints,"6960 Mumford Road, Suite 2120, Halifax, NS B3L 4P1",https://www.isans.ca,info@isans.ca,44.645137,-63.6190662
AgJobsNS (Farm and Workforce Development Program),Nova Scotia Federation of Agriculture,"AgJobsNS is a province-wide job platform run by the Nova Scotia Federation of Agriculture that connects multiple small farm and agri-food employers to a shared pool of candidates. Workforce advisors help employers coordinate hiring, onboarding, and sector-specific training so workers can stack seasonal and part-time roles and progress toward steadier, full-time employment within the agricultural sector.",Insufficient Quality Jobs and Career Ladders,"Shared Employee Pool and Job-Share Platform: Create a community-managed platform where small employers can share staff time, post part-time-to-full-time ladders, and coordinate training so workers can combine roles that lead to stable, full-time careers.",Structural Economic Scale and Capital Constraints,"7 Mellor Avenue, Unit 2, Dartmouth, NS B3B 0E8",https://www.agjobsns.ca,workforce@nsfa-fane.ca,44.7080123,-63.5790375
Cape Breton Job Board and Talent Pool,Cape Breton Partnership,"The Cape Breton Partnership maintains an island-wide job board and talent pool that lets small employers in sectors like tourism, retail, and light industry tap a shared candidate base. By partnering with Nova Scotia Works and post-secondary programs, the initiative helps coordinate training and enables workers to combine seasonal or part-time roles across employers, supporting pathways toward year-round, full-time employment on the Island.",Insufficient Quality Jobs and Career Ladders,"Shared Employee Pool and Job-Share Platform: Create a community-managed platform where small employers can share staff time, post part-time-to-full-time ladders, and coordinate training so workers can combine roles that lead to stable, full-time careers.",Structural Economic Scale and Capital Constraints,"285 Alexandra Street, Sydney, NS B1S 2E8",https://www.capebretonjobboard.com,info@capebretonpartnership.com,46.1216248,-60.1972588
Customized Employment & Job Development (Nova Scotia Works),TEAM Work Cooperative Ltd.,"TEAM Work Cooperative’s Nova Scotia Works services broker customized employment, job carving, and job-share arrangements with multiple small employers. Staff coordinate on-the-job training and combine part-time placements so clients can build hours and skills that lead to stable, full-time roles—particularly valuable for youth, newcomers, and people facing barriers to employment.",Insufficient Quality Jobs and Career Ladders,"Shared Employee Pool and Job-Share Platform: Create a community-managed platform where small employers can share staff time, post part-time-to-full-time ladders, and coordinate training so workers can combine roles that lead to stable, full-time careers.",Structural Economic Scale and Capital Constraints,"705-6960 Mumford Road, Halifax, NS B3L 4P1",https://teamworkcooperative.ca,info@teamworkcooperative.ca,44.645137,-63.6190662
THRSC Atlantic Career Pathways,Trucking Human Resource Sector Council Atlantic,"THRSC Atlantic maps career ladders across the trucking and logistics sector in Nova Scotia—from entry-level roles (e.g., dock worker) to professional driver, dispatcher, fleet supervisor, and logistics manager—detailing required certifications such as Class 1 licensing and air brake endorsements. The council works directly with employers and training providers to publish these pathways and delivers outreach in schools and communities so young people understand local opportunities and how to a...",Insufficient Quality Jobs and Career Ladders,"Local Career Ladders Mapping and Communication Campaign: Work with employers and educators to map typical career progressions in key local sectors, publish clear steps and required credentials, and run outreach so young people see realistic local advancement paths.",Structural Economic Scale and Capital Constraints,"35 MacDonald Avenue, Dartmouth, NS B3B 1C6",https://www.thrsc.com,info@thrsc.com,44.6979543,-63.5922838
Nova Scotia Tourism Human Resource Council (NSTHRC),Tourism Industry Association of Nova Scotia (TIANS),"NSTHRC develops and communicates career pathways in tourism and hospitality—showing how roles like front-desk agent or line cook can progress to department head, executive chef, or general manager—and outlines the credentials and training required (e.g., food safety, responsible beverage service). Working with employers and educators, the council publishes occupational profiles and runs outreach and career campaigns to help youth see viable advancement routes across Nova Scotia’s tourism sector.",Insufficient Quality Jobs and Career Ladders,"Local Career Ladders Mapping and Communication Campaign: Work with employers and educators to map typical career progressions in key local sectors, publish clear steps and required credentials, and run outreach so young people see realistic local advancement paths.",Structural Economic Scale and Capital Constraints,"2089 Maitland Street, Halifax, NS B3K 2Z8",https://www.tians.org,info@tians.org,44.6519136,-63.5816587
Supportive Housing for Young Mothers (SHYM),YWCA Halifax,"SHYM provides safe, affordable, supported housing for young mothers and their children while connecting residents to licensed childcare through partner centres and on-site early learning/parenting supports. By combining stable housing with coordinated access to childcare and employment navigation, the program removes key barriers that prevent young families from working, studying, and staying in the Halifax region—advancing workforce retention.",Insufficient Quality Jobs and Career Ladders,"Childcare and Housing Partnerships to Support Workforce Retention: Coordinate community-level childcare cooperatives, employer-subsidized childcare slots and partnerships with housing providers to reduce barriers that prevent workers (especially young families) from staying in the region.",Structural Economic Scale and Capital Constraints,"358 Herring Cove Road, Halifax, NS B3R 1V8",https://ywcahalifax.com/program/shym/,info@ywcahalifax.com,44.6122376,-63.6172244
Care for Newcomer Children (CNC) and Housing/Settlement Supports,Immigrant Services Association of Nova Scotia (ISANS),"ISANS offers on-site Care for Newcomer Children while parents attend language, employment, and bridging programs, directly reducing childcare barriers to job entry and advancement. In tandem, ISANS’ settlement and housing teams work with landlords and housing providers to help families secure stable housing near work and services—an integrated approach that supports newcomer families to join and remain in Nova Scotia’s workforce.",Insufficient Quality Jobs and Career Ladders,"Childcare and Housing Partnerships to Support Workforce Retention: Coordinate community-level childcare cooperatives, employer-subsidized childcare slots and partnerships with housing providers to reduce barriers that prevent workers (especially young families) from staying in the region.",Structural Economic Scale and Capital Constraints,"6960 Mumford Road, Suite 2120, Halifax, NS B3L 4P1",https://isans.ca/program/care-for-newcomer-children/,info@isans.ca,44.645137,-63.6190662
Kepmite'tmnej Aboriginal Head Start & Housing Supports,Mi’kmaw Native Friendship Centre,"The Mi’kmaw Native Friendship Centre delivers Aboriginal Head Start early learning programming and wraparound family supports that help parents access employment, training, and community services. Alongside this, MNFC’s housing support workers assist families in finding and maintaining safe, affordable housing—pairing childcare and housing stability to reduce barriers that can push urban Indigenous families out of the workforce or out of the province.",Insufficient Quality Jobs and Career Ladders,"Childcare and Housing Partnerships to Support Workforce Retention: Coordinate community-level childcare cooperatives, employer-subsidized childcare slots and partnerships with housing providers to reduce barriers that prevent workers (especially young families) from staying in the region.",Structural Economic Scale and Capital Constraints,"2158 Gottingen Street, Halifax, NS B3K 3B4",https://mymnfc.com,,44.652446,-63.5843154
Aboriginal Head Start (AHS) Early Childhood Program,Mi’kmaw Native Friendship Centre,"The Mi’kmaw Native Friendship Centre delivers a free, culturally grounded early childhood program for Indigenous families, offering part-day childcare, nutrition, and family supports. As a community-run, federally funded initiative, AHS effectively subsidizes childcare costs for families so parents can pursue employment, education, or training without prohibitive fees.",Wages Lagging Cost of Living,Neighborhood Childcare Co-ops and Subsidy Pools: Help community groups form cooperative childcare programs and local subsidy pools (through employers and charities) to lower childcare costs that hinder young workers’ ability to accept better-paying roles.,Structural Economic Scale and Capital Constraints,"2021 Gottingen Street, Halifax, NS B3K 3A9",https://mymnfc.com,info@mymnfc.com,44.6505111,-63.5810952
Youth Programs (Elder and Knowledge Keeper Mentorship),Mi’kmaw Native Friendship Centre,"The Mi’kmaw Native Friendship Centre’s youth programs connect Indigenous youth with Elders, Knowledge Keepers, and Indigenous community leaders through cultural teachings, leadership workshops, and mentorship circles. This intergenerational model transfers cultural, civic, and community knowledge while building life and leadership skills—directly aligning with the solution’s emphasis on linking youth with Indigenous leaders.",Youth Voice and Civic Influence,"Mentorship Network Linking Youth and Local Leaders: Establish mentorship pairings between youth and local elected officials, Indigenous leaders, entrepreneurs and tradespeople to transfer skills, networks and civic knowledge.",Structural Economic Scale and Capital Constraints,"2158 Gottingen Street, Halifax, NS B3K 3B4",https://mymnfc.com,info@mymnfc.com,44.652446,-63.5843154
Aberdeen Hospital Day Care Centre (Employee Child Care),Nova Scotia Health (Northern Zone),"Located on the Aberdeen Hospital campus, this employer-supported child care helps Nova Scotia Health staff—many of whom work shifts—secure reliable, nearby care for their children. By reducing child care access and scheduling barriers for health-care workers in Pictou County (outside Halifax), the program supports recruitment and retention in stable, in-demand jobs.",Insufficient Quality Jobs and Career Ladders,"Childcare and Housing Partnerships to Support Workforce Retention: Coordinate community-level childcare cooperatives, employer-subsidized childcare slots and partnerships with housing providers to reduce barriers that prevent workers (especially young families) from staying in the region.",Structural Economic Scale and Capital Constraints,"835 East River Road, New Glasgow, NS B2H 3S6",https://www.nshealth.ca/locations-details/Aberdeen-Hospital,,45.5731591,-62.6438226
Perennia Innovation Centre,Perennia Food & Agriculture Inc.,"The Perennia Innovation Centre anchors an agri-food cluster by offering shared pilot-scale food processing suites, analytical labs, and technical expertise to help producers and processors commercialize safely and meet market standards. Perennia bundles sector-wide support including food-safety training, technical workshops, and advisory services with market-development and branding assistance for Nova Scotia products. This integrated approach connects firms to common equipment and skills pip...",Insufficient Quality Jobs and Career Ladders,"Sector Cluster Projects (e.g., Creative, Agri-food, Clean Tech): Mobilize local stakeholders to launch targeted cluster initiatives that bundle marketing, shared equipment, training and joint hiring to grow higher-quality jobs and visible career ladders in regionally relevant sectors.",Structural Economic Scale and Capital Constraints,"45 Research Drive, Bible Hill, NS B6L 2R2",https://www.perennia.ca,info@perennia.ca,45.3878574,-63.2422302
Verschuren Centre for Sustainability in Energy and the Environment,Cape Breton University – Verschuren Centre,"The Verschuren Centre is a clean-tech and biomanufacturing scale-up hub that brings together companies, researchers, and investors to commercialize low-carbon technologies in Cape Breton. It offers shared pilot facilities, wet labs, and bioprocessing equipment alongside applied R&D teams, workforce training, co-ops, and industry internships. By coupling common infrastructure with coordinated talent development and market support, the Centre enables firms to scale locally, creating higher-qual...",Insufficient Quality Jobs and Career Ladders,"Sector Cluster Projects (e.g., Creative, Agri-food, Clean Tech): Mobilize local stakeholders to launch targeted cluster initiatives that bundle marketing, shared equipment, training and joint hiring to grow higher-quality jobs and visible career ladders in regionally relevant sectors.",Structural Economic Scale and Capital Constraints,"1250 Grand Lake Road, Sydney, NS B1M 1A2",https://www.verschurencentre.ca,info@verschurencentre.ca,46.147592,-60.144472
Co-operative Education (Co-op) Program,Halifax Regional Centre for Education (HRCE),"HRCE’s Co-op program partners high schools with local employers to provide semester-long placements, job-shadow days, and in-school employer presentations that align with students’ career interests. Through supervised workplace learning and reflective coursework, students earn credits while building networks with businesses and organizations throughout the Halifax region and nearby communities.",Insufficient Quality Jobs and Career Ladders,"Local Job-Shadowing and School-Employer Linkages: Organize regular job-shadow days, co-op placements and employer talks in high schools and community centres so young people encounter real career options outside major centres and begin building local networks.",Structural Economic Scale and Capital Constraints,"33 Spectacle Lake Drive, Dartmouth, NS B3B 1X7",https://www.hrce.ca,connect@hrce.ca,44.7019478,-63.5837496
"Race Relations, Cross-Cultural Understanding & Human Rights (RCH) Services",Halifax Regional Centre for Education (HRCE),"HRCE’s RCH Services provide ongoing workshops and professional learning for students, educators, and staff to address racism and foster inclusion in schools. Delivered in collaboration with African Nova Scotian and Mi'kmaw Student Support Workers and community partners, sessions incorporate local histories, implicit bias awareness, bystander intervention, and actionable allyship practices.",Inclusion and Discrimination,"Community-led Anti-racism and Inclusion Workshops: Organize regular workshops and training sessions led by local Indigenous, African Nova Scotian, and LGBTQ2S+ leaders for residents, businesses, schools, and municipal staff to teach local history, implicit bias, bystander intervention, and practical allyship strategies.",Structural Economic Scale and Capital Constraints,"33 Spectacle Lake Drive, Dartmouth, NS B3B 1X7",https://www.hrce.ca,connect@hrce.ca,44.7019478,-63.5837496
African Nova Scotian Student Support Workers (ANSSW) and Indigenous Education Support,Halifax Regional Centre for Education (HRCE),"HRCE’s ANSSW and Indigenous Education teams partner with families, community elders, and knowledge-keepers to bring culturally responsive programming into classrooms, support teachers, and strengthen inclusive curriculum implementation. They coordinate classroom visits, mentorship, and staff professional learning that address anti-Black racism and support Mi’kmaw perspectives, advancing safe and welcoming school climates.",Inclusion and Discrimination,"School–Community Partnerships for Inclusive Curriculum: Collaborate with local Indigenous and African Nova Scotian knowledge-keepers to co-develop curriculum modules, classroom visits and teacher supports that reflect regional histories, languages and contributions, plus anti-bullying and inclusion programs.",Structural Economic Scale and Capital Constraints,"33 Spectacle Lake Drive, Dartmouth, NS B3B 1X7",https://www.hrce.ca,connect@hrce.ca,44.7019478,-63.5837496
Career Rising,Nova Scotia Co-operative Council,"Career Rising connects rural and small-town youth with local co-operatives and community employers for paid summer jobs, workplace tours, and mentorship. The program includes employer talks and job-shadowing opportunities coordinated through community hubs, helping young people explore careers close to home and build lasting networks with local businesses.",Insufficient Quality Jobs and Career Ladders,"Local Job-Shadowing and School-Employer Linkages: Organize regular job-shadow days, co-op placements and employer talks in high schools and community centres so young people encounter real career options outside major centres and begin building local networks.",Structural Economic Scale and Capital Constraints,"60 Research Drive, Bible Hill, NS B6L 2R2",https://nssc.coop/career-rising,info@nssc.coop,45.3884983,-63.2422032
NSCC Co-op and Work-Integrated Learning,Nova Scotia Community College (NSCC) – Institute of Technology Campus,"NSCC integrates co-op terms, practicums, and industry projects across campuses province-wide, matching students with employers in sectors like trades, IT, health, and community services. Many programs host employer talks, networking events, and short job-shadow experiences, enabling learners to explore real roles and build local connections in communities outside Halifax.",Insufficient Quality Jobs and Career Ladders,"Local Job-Shadowing and School-Employer Linkages: Organize regular job-shadow days, co-op placements and employer talks in high schools and community centres so young people encounter real career options outside major centres and begin building local networks.",Structural Economic Scale and Capital Constraints,"5685 Leeds Street, Halifax, NS B3K 2T3",https://www.nscc.ca,info@nscc.ca,44.6695773,-63.6147024
Certified Living Wage Employer Program (Nova Scotia),Human Development Council – Living Wage Atlantic Canada,"Living Wage Atlantic Canada operates a certification program across Nova Scotia that recognizes employers who commit to paying at least the locally calculated living wage. The program provides guidance on wage/benefit structures, helps employers implement living-wage policies, and publicly recognizes them with a 'Certified Living Wage Employer' designation and directory—mobilizing municipalities, businesses, and non-profits to adopt and promote living wages.",Wages Lagging Cost of Living,"Community Living Wage Campaign: Mobilize municipalities, businesses and non-profits to adopt and publicize a locally calculated living wage for entry-level roles; provide guidance and recognition (e.g., ‘Living Wage Employer’ designation) to encourage pay increases across sectors.",Structural Economic Scale and Capital Constraints,"139 Prince Edward Street, Saint John, NB E2L 3S3",https://www.livingwageatlantic.ca,info@livingwageatlantic.ca,45.2778858,-66.0541191
Certified Living Wage Employer – Ecology Action Centre,Ecology Action Centre,"Ecology Action Centre is a Certified Living Wage Employer in Halifax, committing to pay at least the locally calculated living wage to all staff and contracted workers. By publicly promoting its designation and sharing implementation practices with peers and suppliers, EAC advances sector-wide adoption of living-wage standards in Nova Scotia, aligning with campaigns that encourage recognition and pay increases across organizations.",Wages Lagging Cost of Living,"Community Living Wage Campaign: Mobilize municipalities, businesses and non-profits to adopt and publicize a locally calculated living wage for entry-level roles; provide guidance and recognition (e.g., ‘Living Wage Employer’ designation) to encourage pay increases across sectors.",Structural Economic Scale and Capital Constraints,"2705 Fern Lane, Halifax, NS B3K 4L3",https://ecologyaction.ca,info@ecologyaction.ca,44.6567453,-63.59637
Transportation & Active Mobility Program,Ecology Action Centre,"Ecology Action Centre’s Transportation & Active Mobility team organizes resident-led engagement on transportation across Nova Scotia, including travel surveys, street audits, and pop-up demonstrations to test low-cost improvements. They convene community consultations, produce evidence-based recommendations, and advocate to municipal and provincial decision-makers, helping local groups translate needs into fundable projects and pilots (e.g., School Streets, Open Streets, and tactical urbanism...",Transportation and Regional Mobility,"Local Transit Advocacy and Planning Group: A resident-led working group that collects travel data, runs community consultations, advocates to regional and provincial governments, and pilots low-cost solutions. They act as a bridge between local needs and funding opportunities for larger projects.",Structural Economic Scale and Capital Constraints,"2705 Fern Lane, Halifax, NS B3K 4L3",https://ecologyaction.ca,transportation@ecologyaction.ca,44.6567453,-63.59637
Ecology Action Centre – Community Climate Action Hub,Ecology Action Centre,"The Ecology Action Centre curates toolkits, case studies, and evaluation frameworks from community climate projects, and shares funding calls and timelines through its programs and communications, acting as a province-wide knowledge hub. By consolidating lessons learned and outcomes from pilots and facilitating communities of practice, EAC enables local organizations to adopt proven approaches, align on measurement, and avoid duplicating short-term efforts.",Policy Fragmentation and Short-Term Funding,"Community Knowledge Hub: Create an online and in-person hub that centralizes program outcomes, evaluation templates, funding calendars and best practices so organizations can plan ahead and avoid duplicated pilot efforts.",Structural Economic Scale and Capital Constraints,"2705 Fern Lane, Halifax, NS B3K 4L3",https://ecologyaction.ca,info@ecologyaction.ca,44.6567453,-63.59637
Nova Scotia King Tides Project,Ecology Action Centre,"This citizen-science initiative invites residents to document extreme high tides and storm surges at set times and locations by submitting geotagged photos and observations. The data are compiled into public maps and visual reports that reveal flood pathways and erosion-prone areas, supporting municipal planning, early-warning outreach, and evidence for coastal adaptation grant applications.",Climate Risks and Infrastructure Resilience,"Community Coastal Monitoring and Mapping: Organize volunteer teams to monitor shoreline change, flooding incidents and erosion, and maintain a community-accessible map/database to inform planning, early warning and grant applications.",Structural Economic Scale and Capital Constraints,"2705 Fern Lane, Halifax, NS B3K 4L3",https://ecologyaction.ca,info@ecologyaction.ca,44.6567453,-63.59637
Coastal and Water Program – Dune and Coastal Habitat Restoration,Ecology Action Centre,"The Ecology Action Centre coordinates community-led dune restoration at beaches such as Lawrencetown and Rainbow Haven, planting native beach grasses and installing sand fencing to rebuild dunes that reduce wave energy and storm impacts. The program also supports living shoreline pilots and wetland protection, and helps local groups and municipalities establish stewardship of riparian buffers and coastal wetlands.",Climate Risks and Infrastructure Resilience,"Local Natural Infrastructure Projects: Restore and protect salt marshes, dunes, wetlands and riparian buffers through community planting days and stewardship agreements to reduce storm surge, absorb flood waters and stabilize shorelines.",Structural Economic Scale and Capital Constraints,"2705 Fern Lane, Halifax, NS B3K 4L3",https://ecologyaction.ca,info@ecologyaction.ca,44.6567453,-63.59637
Depave Paradise (Halifax),Ecology Action Centre,"Ecology Action Centre delivers Depave Paradise volunteer events to remove excess pavement and replace it with rain gardens and permeable landscaping, which helps infiltrate stormwater and reduce overland flow into basements. They pair these hands-on builds with homeowner workshops on practices like downspout disconnection, grading, and native planting, giving residents the skills to improve drainage and seal problem areas around their homes.",Climate Risks and Infrastructure Resilience,"Home Resilience Retrofit Program: Run a community-supported retrofit initiative offering group discounts, volunteer labour swaps and how-to workshops for flood-proofing basements, elevating utilities, improving drainage and sealing buildings.",Structural Economic Scale and Capital Constraints,"2705 Fern Lane, Halifax, NS B3K 4L3",https://ecologyaction.ca,info@ecologyaction.ca,44.6567453,-63.59637
Coastal Adaptation Program,Ecology Action Centre,"Ecology Action Centre convenes community forums and participatory mapping sessions across coastal Nova Scotia to help residents and municipalities understand flood and erosion risks and evaluate future land-use choices. The program provides guidance on voluntary retreat and property acquisition, and promotes planning tools such as rolling easements and coastal setbacks to build fair, community-driven managed-retreat strategies in high-risk areas.",Climate Risks and Infrastructure Resilience,"Managed Retreat & Land-Use Dialogues: Facilitate community-led conversations and planning tools about voluntary buyouts, relocation incentives, and future land use to create fair, transparent managed-retreat strategies for high-risk areas.",Structural Economic Scale and Capital Constraints,"2705 Fern Lane, Halifax, NS B3K 4L3",https://ecologyaction.ca,info@ecologyaction.ca,44.6567453,-63.59637
Town of Wolfville Living Wage Policy,Town of Wolfville,"The Town of Wolfville has adopted a living-wage policy that sets minimum pay for municipal employees and contracted services at or above the locally calculated living wage. The municipality publicizes the policy and integrates living-wage expectations into procurement, modeling the approach for local employers and encouraging broader uptake and recognition of living-wage standards in the community.",Wages Lagging Cost of Living,"Community Living Wage Campaign: Mobilize municipalities, businesses and non-profits to adopt and publicize a locally calculated living wage for entry-level roles; provide guidance and recognition (e.g., ‘Living Wage Employer’ designation) to encourage pay increases across sectors.",Structural Economic Scale and Capital Constraints,"359 Main Street, Wolfville, NS B4P 1A1",https://www.wolfville.ca,info@wolfville.ca,45.091537,-64.3591978
Wolfville Night Market,Town of Wolfville,"A summer street-market series that closes sections of Main Street for rotating pop-up vendors, local food, and live performances in the heart of Wolfville. The temporary activation of public right-of-way and nearby parks creates a lively cultural hub, offering emerging businesses and artists a low-barrier way to test offerings and audience interest.","Underinvestment in Arts, Culture, and Recreation","Pop-up and Mobile Venues: Organize rotating pop-up shows, performances and markets in vacant storefronts, parks and community centres to activate spaces and test demand for long-term venues.",Structural Economic Scale and Capital Constraints,"359 Main Street, Wolfville, NS B4P 1A1",https://www.wolfville.ca,info@wolfville.ca,45.091537,-64.3591978
Town of Wolfville Vending By-law (Temporary Vending Permits),Town of Wolfville,"Wolfville’s Vending By-law issues temporary permits for mobile vendors, markets, and special-event pop-ups, allowing short-term commercial use of sidewalks, parks, and other public spaces. Paired with the Town’s land use by-law that supports home occupations and mixed-use in the downtown, it enables live-work and home-based entrepreneurship, creating low-barrier ways for young founders to test and grow businesses outside HRM.",Regional Disparities,"Flexible Zoning and Pop-Up Permits: Advocate for municipal changes that allow flexible use of properties (pop-up shops, home-based businesses, live-work spaces) to stimulate local entrepreneurship.",Structural Economic Scale and Capital Constraints,"359 Main Street, Wolfville, NS B4P 1A1",https://www.wolfville.ca,town@wolfville.ca,45.091537,-64.3591978
Nova Scotia Power Apprenticeship Programs,Nova Scotia Power Inc.,"Nova Scotia Power recruits and trains apprentices for skilled trades such as powerline technicians and industrial electricians, combining paid on‑the‑job learning with technical training delivered through partners like NSCC. Apprentices are hired as employees from day one and progress through clearly defined wage steps under collective agreements (e.g., with IBEW), culminating in journeyperson rates upon certification. The utility’s employer-college-union partnership ensures paid training, in...",Wages Lagging Cost of Living,"Local Hiring & Apprenticeship Partnerships: Create coordinated programs between local employers, community colleges and unions that guarantee paid internships, apprenticeships and clear wage progression pathways for young people entering trades and emerging industries.",Structural Economic Scale and Capital Constraints,"1223 Lower Water Street, Halifax, NS B3J 3S8",https://www.nspower.ca/careers,,44.6419859,-63.5673509
Clean Leadership Summer Internship Program,Clean Foundation,"Clean Foundation’s Clean Leadership program provides wage subsidies to host employers across Nova Scotia to hire youth for paid, skill‑building internships in the clean economy. The subsidy acts as a temporary wage top‑up that enables employers to pay competitive wages while interns gain training, mentorship, and industry‑recognized experience. This public‑ and privately supported initiative helps young workers remain in their communities, build careers, and transition into longer‑term employ...",Wages Lagging Cost of Living,"Community-Based Wage Top-Up Fund: Establish a locally administered private-public fund (supported by foundations, businesses and municipal seed money) that provides temporary wage top-ups or retention bonuses for young workers in high-cost roles while they upskill.",Structural Economic Scale and Capital Constraints,"126 Portland Street, Dartmouth, NS B2Y 1H8",https://www.cleanfoundation.ca/cleanleadership/,info@cleanfoundation.ca,44.6659186,-63.5662829
Homeownership Program,Habitat for Humanity Nova Scotia,"Habitat for Humanity Nova Scotia builds and sells homes to eligible working families using affordable, geared-to-income mortgages with no down payment, creating stable, below-market homeownership options. By keeping monthly housing costs predictable and tied to income, the program eases cost-of-living pressures for young workers and families. Habitat retains affordability through its model and homeowner supports, helping households build equity while maintaining long-term community stability.",Wages Lagging Cost of Living,"Affordable Cooperative Housing Initiatives: Support community land trusts and housing co-ops that develop stable, below-market rental or ownership options targeted at young workers and families to reduce housing cost pressures.",Structural Economic Scale and Capital Constraints,"81 Wright Avenue, Dartmouth, NS B3B 1H4",https://habitatns.ca,info@habitatns.ca,44.7050784,-63.5968992
New Dawn Affordable Housing,New Dawn Enterprises Limited,"New Dawn Enterprises develops and manages below-market rental housing in Sydney and surrounding areas, offering stable, long-term homes that working families can afford. As a community-based, non-profit developer and owner, New Dawn keeps units in community hands and prioritizes affordability over profit, reducing exposure to rent spikes. Its projects add mixed-income, quality apartments that align with local wages, helping young workers establish roots and thrive.",Wages Lagging Cost of Living,"Affordable Cooperative Housing Initiatives: Support community land trusts and housing co-ops that develop stable, below-market rental or ownership options targeted at young workers and families to reduce housing cost pressures.",Structural Economic Scale and Capital Constraints,"170 George Street, Sydney, NS B1P 1J3",https://newdawn.ca,info@newdawn.ca,46.1434098,-60.1963358
Chebucto Family Centre Childminding & Family Support,Home of the Guardian Angel (Chebucto Family Centre),"Chebucto Family Centre offers free on-site childminding during employment-support workshops, prenatal/postnatal sessions, and other programs, reducing immediate childcare costs that can block access to jobs or training. Funded by donors and partners, the Centre also helps families navigate provincial subsidies and connect with nearby regulated care, aligning with community-based subsidy pooling and co-operative support models.",Wages Lagging Cost of Living,Neighborhood Childcare Co-ops and Subsidy Pools: Help community groups form cooperative childcare programs and local subsidy pools (through employers and charities) to lower childcare costs that hinder young workers’ ability to accept better-paying roles.,Structural Economic Scale and Capital Constraints,"3 Sylvia Avenue, Halifax, NS B3R 1J7",https://hgahfx.ca,,44.6035474,-63.6110091
Community Benefits and Social Procurement for Major Projects,Build Nova Scotia,"Build Nova Scotia embeds community benefits into procurement and development agreements for provincial infrastructure projects, requiring contractors to prioritize local hiring, apprenticeship and workforce development, and opportunities for Nova Scotian suppliers. These procurements also set expectations for fair compensation aligned with living-wage benchmarks where appropriate, leveraging public contracts to grow decent-paid local jobs.",Wages Lagging Cost of Living,Local Procurement & Living Wage Clauses: Encourage towns and regional authorities to include living-wage and local-hire clauses in procurement and development agreements to raise wages indirectly by creating demand for decent-paid local jobs.,Structural Economic Scale and Capital Constraints,"1875 Upper Water Street, Suite 301, Halifax, NS B3J 1S7",https://buildns.ca,info@buildns.ca,44.6505119,-63.5728293
Internet for Nova Scotia Initiative (IFNSI),Build Nova Scotia,"IFNSI aggregates demand from rural and coastal communities by mapping underserved premises and bundling neighboring areas into larger project clusters. It then runs competitive procurements and partners with regional ISPs (e.g., Bell, Seaside, Xplore) to deliver last‑mile fibre, cable, or fixed‑wireless builds and upgrades, leveraging pooled public funding to secure better pricing and faster timelines.",Digital Connectivity Gaps,"Local ISP Partnership and Demand Aggregation: Aggregate household and business demand across neighbouring communities to create bulk-buy incentives, then partner with regional ISPs or co-ops to secure competitive last-mile builds or service upgrades.",Structural Economic Scale and Capital Constraints,"1741 Lower Water Street, Suite 600, Halifax, NS B3J 0J2",https://buildns.ca,info@buildns.ca,44.6487605,-63.5717828
Halifax Waterfront Free Public WiFi,Build Nova Scotia,"Build Nova Scotia operates a free public WiFi network along the Halifax waterfront using multiple outdoor access points mounted on light standards and public buildings. The nodes use wireless mesh backhaul to create continuous coverage and resiliency across the boardwalk and adjacent public spaces, and are linked to fiber where available—functioning as a community mesh pilot that can be extended into nearby neighbourhoods.",Digital Connectivity Gaps,Community Mesh Network Pilots: Deploy low-cost mesh wireless nodes on public buildings and volunteer rooftops to create resilient neighbourhood networks that provide basic broadband and can be scaled or linked to fiber backhaul.,Structural Economic Scale and Capital Constraints,"1751 Lower Water Street, Halifax, NS B3J 1S5",https://buildns.ca,info@buildns.ca,44.6492185,-63.5710311
Buy Social Procurement Advisory and Certification (Nova Scotia),Common Good Solutions,"Common Good Solutions provides social procurement training and hands-on support to municipalities, universities, health authorities, and developers in Nova Scotia to include local-hire, community benefit, and living-wage language in RFPs and contracts. It also helps suppliers meet decent work and living-wage expectations and access Buy Social certification, channeling public and institutional spending toward better-paid local employment.",Wages Lagging Cost of Living,Local Procurement & Living Wage Clauses: Encourage towns and regional authorities to include living-wage and local-hire clauses in procurement and development agreements to raise wages indirectly by creating demand for decent-paid local jobs.,Structural Economic Scale and Capital Constraints,"5557 Cunard Street, Suite C, Halifax, NS B3K 1C5",https://commongoodsolutions.ca,hello@commongoodsolutions.ca,44.652856,-63.586588
Volta Residency and Volta Cohort,Volta,"Volta is Atlantic Canada’s innovation hub offering subsidized workspace, mentorship, and programming for tech-enabled startups. Its Residency provides entrepreneurs with community, advisor access, and reduced overhead, while the Volta Cohort program awards funding to early-stage companies alongside intensive mentorship and investor connections. These supports lower start-up costs and accelerate revenue generation for young founders building companies in Nova Scotia.",Wages Lagging Cost of Living,"Microgrants & Start-up Supports for Young Entrepreneurs: Provide small grants, rent-free pop-up retail space, mentorship and reduced-fee licensing to help young entrepreneurs launch businesses that generate higher personal incomes locally.",Structural Economic Scale and Capital Constraints,"1505 Barrington Street, Unit 100, Halifax, NS B3J 3K5",https://voltaeffect.com,info@voltaeffect.com,44.6445647,-63.5723991
Volta Office Hours and Mentorship,Volta,"Volta convenes volunteer mentors—experienced founders, retired industry leaders, and functional experts—for recurring Office Hours and group clinics that advise early-stage entrepreneurs. These sessions, delivered in person at Volta and virtually across Nova Scotia, focus on business planning, fundraising and financing, sales pipelines, and operational best practices, often organizing conversations by sector and stage to create effective mentor circles.",Barriers to Entrepreneurship and Small Business Growth,"Volunteer Mentor Circles: Neighborhood- and sector-based mentor groups of retired business owners, tradespeople, and professionals who meet regularly (in-person or online) to advise new entrepreneurs on planning, financing, and operations.",Structural Economic Scale and Capital Constraints,"1505 Barrington Street, Unit 100, Halifax, NS B3J 3K5",https://voltaeffect.com,info@voltaeffect.com,44.6445647,-63.5723991
Volta Coworking and Startup Hub,Volta,"Volta is a nonprofit innovation hub that provides affordable coworking desks, offices, meeting rooms, and event space for startups and founders. It implements the solution by converting large floors within the Maritime Centre into shared workspaces run by a nonprofit, offering subsidized resident memberships, mentorship, and programming to reduce early-stage costs and barriers.",Barriers to Entrepreneurship and Small Business Growth,"Shared Workspaces and Maker Hubs: Transform underused community buildings into affordable coworking and maker spaces run as cooperatives or nonprofits, offering desks, workshops, meeting rooms and subsidized rates for startups.",Structural Economic Scale and Capital Constraints,"1505 Barrington Street, Halifax, NS B3J 3K5",https://voltaeffect.com,info@voltaeffect.com,44.6445647,-63.5723991
Volta on the Road,Volta,"Volta’s team and mentor network run traveling “on the road” pop-up clinics and office hours in communities across Nova Scotia, bringing startup advising directly to rural founders. These visits bundle startup diagnostics, mentorship sign-ups, and practical guidance on permits, incorporation, and funding pathways in collaboration with local partners—functioning as a one-stop mobile support unit for entrepreneurs outside Halifax.",Barriers to Entrepreneurship and Small Business Growth,"One-Stop Mobile Business Support Unit: A traveling team (staffed by volunteers and small-business advisors) that visits rural communities on a schedule to provide startup clinics, permit help, funding advice and mentorship sign-ups.",Structural Economic Scale and Capital Constraints,"1505 Barrington Street, 7th Floor, Halifax, NS B3J 3K5",https://voltaeffect.com,info@voltaeffect.com,44.648618,-63.5859487
Volta Cohort Pitch Competition,Volta,"Volta Cohort is a recurring pitch event where early-stage founders compete for seed funding and in-kind resources. Winners receive seed investments along with mentorship, workspace access, and professional services from Volta’s partner network, directly addressing gaps in early capital, coaching, and affordable space for Nova Scotia startups.",Barriers to Entrepreneurship and Small Business Growth,"Business Plan & Pitch Nights with Seed Grants: Regular community pitch events where finalists receive small seed grants or in-kind support (space, legal help, mentorship) funded by local sponsors and voters, building local ownership of startups.",Structural Economic Scale and Capital Constraints,"1505 Barrington Street, Halifax, NS B3J 3K5",https://voltaeffect.com,info@voltaeffect.com,44.6445647,-63.5723991
Volta Innovation Hub,Volta,"Volta is Atlantic Canada’s largest innovation hub, offering flexible co-working memberships, meeting rooms, and a community for tech startups, freelancers, and remote employees. Through regular workshops, meetups, mentorship, and a welcoming ‘landing pad’ for relocators, Volta gives remote workers and returning Nova Scotians access to workspace, networks, and programming year-round—strengthening the local tech ecosystem beyond seasonal cycles.",Industry Concentration and Seasonality,"Remote Worker and Returner Attraction Program: Offer a locally promoted package of incentives and services for remote workers and former residents—co-working access, childcare options, housing navigation and welcome events—to attract talent year-round.",Structural Economic Scale and Capital Constraints,"1505 Barrington Street, Halifax, NS B3J 3K5",https://voltaeffect.com,info@voltaeffect.com,44.6445647,-63.5723991
Downtown Truro Pop-Up Shop Program,Downtown Truro Partnership,"This initiative activates vacant storefronts by offering short-term, subsidized or rent-free retail pop-up spaces to new and emerging entrepreneurs. Participants receive coaching on merchandising, marketing, and permits, along with promotional support from the business association, allowing youth and first-time founders to test concepts with minimal overhead. The program helps entrepreneurs build local customer bases and income while de-risking the path to a permanent location.",Wages Lagging Cost of Living,"Microgrants & Start-up Supports for Young Entrepreneurs: Provide small grants, rent-free pop-up retail space, mentorship and reduced-fee licensing to help young entrepreneurs launch businesses that generate higher personal incomes locally.",Structural Economic Scale and Capital Constraints,"104-605 Prince Street, Truro, NS B2N 1G2",https://downtowntruro.ca,info@downtowntruro.ca,45.3654528,-63.2832201
Advocacy & Municipal Liaison,Downtown Truro Partnership,"Downtown Truro Partnership represents member businesses in regular meetings with the Town of Truro and the Municipality of Colchester to remove barriers to opening and growing downtown enterprises. It advocates for streamlined sign and patio permits, standardized application templates, quicker approvals, and practical zoning and parking updates, channeling coordinated feedback from merchants to council to make local regulations more small-business friendly outside HRM.",Barriers to Entrepreneurship and Small Business Growth,"Municipal Partnership Advocacy Groups: Local business associations and community groups collaborate to lobby municipal councils for streamlined permitting templates, faster approvals, and common-sense zoning updates in outlying areas.",Structural Economic Scale and Capital Constraints,"605 Prince Street, Truro, NS B2N 1G2",https://downtowntruro.ca,info@downtowntruro.ca,45.3654528,-63.2832201
CBDC Blue Water Youth Loan Program,CBDC Blue Water (Community Business Development Corporation),"CBDC Blue Water offers flexible Youth Loans (typically up to $20,000) along with one-on-one business counselling to help entrepreneurs aged 18–34 start or expand ventures in rural Nova Scotia. The program pairs accessible financing with mentorship on business planning, cash flow, and licensing requirements, reducing start-up barriers for young founders. By combining capital with advisory support, it enables youth-led businesses to launch and increase local earning potential.",Wages Lagging Cost of Living,"Microgrants & Start-up Supports for Young Entrepreneurs: Provide small grants, rent-free pop-up retail space, mentorship and reduced-fee licensing to help young entrepreneurs launch businesses that generate higher personal incomes locally.",Structural Economic Scale and Capital Constraints,"61 Stella Drive, Unit 204, Musquodoboit Harbour, NS B0J 2L0",https://www.cbdc.ca,bluewater@cbdc.ca,44.7826899,-63.1792542
Business Is Jammin’ Youth Entrepreneurship Programs,Business Is Jammin’ (a program of the Black Business Initiative),"Business Is Jammin’ delivers entrepreneurship education, mentorship, and pitch events that provide startup cash awards to Black youth across Nova Scotia. Through workshops, camps, and coaching, participants gain the skills and support to launch micro-enterprises and creative ventures, often accessing small grants or prize funding to cover initial costs. The program helps young entrepreneurs build confidence, revenue, and community connections while growing businesses locally.",Wages Lagging Cost of Living,"Microgrants & Start-up Supports for Young Entrepreneurs: Provide small grants, rent-free pop-up retail space, mentorship and reduced-fee licensing to help young entrepreneurs launch businesses that generate higher personal incomes locally.",Structural Economic Scale and Capital Constraints,"1660 Hollis Street, Suite 910, Halifax, NS B3J 1V7",https://businessisjammin.ca,info@businessisjammin.ca,44.6467706,-63.5725894
Affordable Access Program – Low Income Transit Pass,Halifax Regional Municipality (Halifax Transit),"Halifax Regional Municipality’s Affordable Access Program provides a 50% discount on Halifax Transit monthly passes for eligible low-income residents. The subsidy directly lowers commuting costs for low-wage workers and job seekers, enabling reliable access to employment, training, and services across the city’s bus and ferry network. By reducing the financial barrier to transit, the program supports workforce participation and mobility for young people and families.",Wages Lagging Cost of Living,"Community Transit & Commute Subsidies: Implement municipal transit improvements, subsidized transit passes for low-wage workers, and coordinated ride-share programs to lower transportation costs and expand access to better-paying jobs.",Structural Economic Scale and Capital Constraints,"7071 Bayers Road, Halifax, NS B3L 2C2",https://www.halifax.ca,,44.6541222,-63.6273462
Kings Transit Authority (Regional Bus Service),Kings Transit Authority,"Kings Transit Authority operates fixed-route public transit linking communities from Weymouth to Wolfville across the Annapolis Valley. With affordable fares and monthly passes, the service connects residents to employment centers, colleges, industrial parks, and retail corridors, reducing the need for private vehicles. By improving regional mobility, it expands access to better-paying jobs for workers and youth in rural and small-town Nova Scotia.",Wages Lagging Cost of Living,"Community Transit & Commute Subsidies: Implement municipal transit improvements, subsidized transit passes for low-wage workers, and coordinated ride-share programs to lower transportation costs and expand access to better-paying jobs.",Structural Economic Scale and Capital Constraints,"29 Crescent Drive, New Minas, NS B4N 3G7",https://www.kingstransit.ca,info@kingstransit.ca,45.0700026,-64.4654124
WorkEvolved Coworking Community,WorkEvolved Inc.,"WorkEvolved provides affordable coworking memberships, hot desks, private offices, and meeting rooms with high-speed internet in downtown Truro. By giving freelancers, remote employees, and entrepreneurs professional space and amenities close to home, it helps young residents access remote and higher-paying jobs without relocating or commuting to larger centres.",Wages Lagging Cost of Living,"Shared Workplaces and Remote Work Hubs: Develop affordable co-working and remote work hubs in smaller towns to let young residents access higher-paying remote jobs while staying local, reducing relocation pressure and commuting costs.",Structural Economic Scale and Capital Constraints,"574 Prince Street, Truro, NS B2N 1G1",https://workevolved.ca,hello@workevolved.ca,45.3653823,-63.284056
Women in Trades and Technology (WITT),YWCA Halifax,"WITT offers short, intensive pre-apprenticeship training and career readiness workshops for women and gender-diverse people exploring skilled trades and technology careers. Participants earn industry-recognized safety tickets, receive mentorship and job coaching, and are connected with NSCC programs and local employers for placements and apprenticeships. The program provides a clear, supported ladder into higher-wage trades and tech roles.",Wages Lagging Cost of Living,"Skills-upskilling & Career Ladder Workshops: Run community-led short-course bootcamps, credential bridging and mentorship programs (in partnership with colleges/employers) that help entry-level workers move into higher-wage roles faster.",Structural Economic Scale and Capital Constraints,"1233 Barrington Street, Halifax, NS B3J 1Y2",https://ywcahalifax.com,info@ywcahalifax.com,44.6406613,-63.5704631
Home Energy Assessment,EfficiencyOne (Efficiency Nova Scotia),"Efficiency Nova Scotia’s Home Energy Assessment connects households with an energy advisor to identify cost-saving retrofits and provides rebates for insulation, heat pumps, and efficient equipment. By coordinating a network of certified contractors and incentives, the program lowers upfront costs and enables bulk uptake of common upgrades, directly reducing monthly energy bills for Nova Scotians.",Wages Lagging Cost of Living,"Energy Efficiency & Utility Support Programs: Coordinate local bulk-buy and retrofit programs (insulation, heat pumps, efficient appliances) and targeted utility relief for low-wage households to reduce monthly living costs.",Structural Economic Scale and Capital Constraints,"230 Brownlow Avenue, Suite 300, Dartmouth, NS B3B 0G5",https://www.efficiencyns.ca/residential/home-energy-assessment/,info@efficiencyns.ca,44.6961793,-63.5809694
HomeWarming,Clean Foundation and EfficiencyOne (Efficiency Nova Scotia),"HomeWarming provides no-cost home energy retrofits—such as insulation, air sealing, and heating system improvements—for income-qualified Nova Scotians. Delivered by Clean Foundation and EfficiencyOne, the program targets low-wage households to cut energy waste and utility bills, implementing coordinated retrofit services that reduce monthly living costs.",Wages Lagging Cost of Living,"Energy Efficiency & Utility Support Programs: Coordinate local bulk-buy and retrofit programs (insulation, heat pumps, efficient appliances) and targeted utility relief for low-wage households to reduce monthly living costs.",Structural Economic Scale and Capital Constraints,"126 Portland Street, Dartmouth, NS B2Y 1H8",https://www.homewarming.ca,info@cleanfoundation.ca,44.6659186,-63.5662829
Heating Assistance Rebate Program (HARP),Government of Nova Scotia — Service Nova Scotia,"HARP provides an annual rebate to help low- and modest-income Nova Scotian households with home heating costs, including electricity, oil, propane, wood, and other fuels. This targeted utility relief reduces energy burden for wage-constrained families, complementing retrofit programs by lowering near-term monthly living costs.",Wages Lagging Cost of Living,"Energy Efficiency & Utility Support Programs: Coordinate local bulk-buy and retrofit programs (insulation, heat pumps, efficient appliances) and targeted utility relief for low-wage households to reduce monthly living costs.",Structural Economic Scale and Capital Constraints,"Maritime Centre, 1505 Barrington Street, Halifax, NS B3J 3K5",https://novascotia.ca/programs/heating-assistance-rebate-program/,harp@novascotia.ca,44.6444381,-63.5720656
Dartmouth North Community Food Centre,Dartmouth Family Centre / Dartmouth North Community Food Centre,"The Dartmouth North Community Food Centre runs affordable produce markets, community meals, and gardening programs that increase access to fresh, healthy food for local families. By offering low-cost fruits and vegetables, teaching food skills, and supporting community gardens, the Centre directly lowers grocery costs and strengthens local food security.",Wages Lagging Cost of Living,"Food Security & Affordable Grocery Initiatives: Support food co-ops, community gardens, farmers’ market discount programs and bulk-buy purchasing groups that lower household food costs for young families and individuals.",Structural Economic Scale and Capital Constraints,"6 Primrose Street, Dartmouth, NS B3A 4C5",https://dartmouthfamilycentre.ca/community-food-centre,info@dartmouthfamilycentre.ca,44.6814085,-63.5860545
Good Food Access Program,New Glasgow Farmers Market Society,"The Good Food Access Program at the New Glasgow Farmers Market provides subsidized Fresh Food Boxes and Market Bucks that help households purchase local produce at reduced cost. By combining bulk-buy produce boxes with discount vouchers for market vendors, the program lowers weekly grocery bills while supporting local growers.",Wages Lagging Cost of Living,"Food Security & Affordable Grocery Initiatives: Support food co-ops, community gardens, farmers’ market discount programs and bulk-buy purchasing groups that lower household food costs for young families and individuals.",Structural Economic Scale and Capital Constraints,"620 East River Road, New Glasgow, NS B2H 3S2",https://ngfarmmarket.com,info@ngfarmmarket.com,45.5755437,-62.6380417
Nourishing Communities Food Coupon Program,Wolfville Farmers’ Market,The Wolfville Farmers’ Market’s Nourishing Communities program distributes weekly food coupons that can be spent with market vendors on fresh produce and staples. This targeted discount initiative improves affordability for low-income residents and families while keeping dollars within the local food economy.,Wages Lagging Cost of Living,"Food Security & Affordable Grocery Initiatives: Support food co-ops, community gardens, farmers’ market discount programs and bulk-buy purchasing groups that lower household food costs for young families and individuals.",Structural Economic Scale and Capital Constraints,"24 Elm Avenue, Wolfville, NS B4P 1Z9",https://www.wolfvillefarmersmarket.ca,info@wolfvillefarmersmarket.ca,45.0927247,-64.3641647
Square Roots Pay-What-You-Can Produce Bundles,Square Roots Food Program (Enactus Saint Mary’s University),"Square Roots offers pay-what-you-can 10–20 lb produce bundles made from rescued or surplus fruits and vegetables, with community pickup hubs across Nova Scotia. By aggregating bulk purchases and reducing food waste, the program provides affordable groceries for individuals and families while strengthening local food access.",Wages Lagging Cost of Living,"Food Security & Affordable Grocery Initiatives: Support food co-ops, community gardens, farmers’ market discount programs and bulk-buy purchasing groups that lower household food costs for young families and individuals.",Structural Economic Scale and Capital Constraints,"923 Robie Street, Halifax, NS B3H 3C3",https://squarerootsfood.ca,squarerootsfoodprogram@gmail.com,44.6313165,-63.5816691
Community Volunteer Income Tax Program (CVITP) and Money Matters at Halifax Public Libraries,Halifax Public Libraries,"Halifax Public Libraries hosts free CVITP tax clinics and Money Matters financial literacy workshops across its branches. These services help individuals file taxes to access federal and provincial benefits and credits, and build budgeting, credit, and debt management skills—directly improving disposable income for young workers. Librarians and partner organizations provide one-on-one guidance and referrals to community supports, functioning as an accessible benefits navigation hub.",Wages Lagging Cost of Living,"Financial Coaching and Benefits Navigation: Provide free or low-cost financial literacy, debt counseling and benefits navigation through libraries and community centres so young workers maximize income and access supports that improve disposable income.",Structural Economic Scale and Capital Constraints,"5440 Spring Garden Road, Halifax, NS B3J 1E9",https://www.halifaxpubliclibraries.ca,askus@halifaxpubliclibraries.ca,44.6428872,-63.5752999
Community Navigators (Library-Based Social Work & Navigation),Halifax Public Libraries,"Halifax Public Libraries hosts Community Navigators who provide free drop-in navigation and referrals to mental health, primary care, housing, and crisis resources across multiple branches. Libraries also routinely host partner-led, volunteer and peer-run mental health support groups and drop-in circles in their community rooms, creating low-barrier, neighborhood-based hubs for help. This directly aligns with peer support and navigator access in community spaces, reducing wait-time stress and...",Primary Care and Mental Health Gaps,"Peer Mental Health Support Networks: Create volunteer-led peer support groups and peer navigator programs run from community centres and libraries that offer regular drop-in sessions, crisis navigation, and connection to professional services.",Structural Economic Scale and Capital Constraints,"5440 Spring Garden Road, Halifax, NS B3J 1E9",https://www.halifaxpubliclibraries.ca,askus@halifaxpubliclibraries.ca,44.6428872,-63.5752999
Bookable Study Rooms and Phone Booths (Telehealth-Friendly Spaces),Halifax Public Libraries,"Halifax Public Libraries offers private study rooms and phone booths at branches like Halifax Central Library that residents routinely use for virtual medical and counselling appointments. Libraries provide free high-speed Wi‑Fi, public computers and loanable devices, and staff tech help to connect to Nova Scotia Health–supported virtual care platforms (e.g., Zoom/Maple), effectively creating a telehealth hub in a trusted public space.",Primary Care and Mental Health Gaps,"Telehealth Hubs in Public Spaces: Set up private telehealth booths in municipal buildings, community centres and libraries with reliable internet, devices, and trained volunteers to help residents access virtual primary care and counselling appointments.",Structural Economic Scale and Capital Constraints,"5440 Spring Garden Road, Halifax, NS B3J 1E9",https://www.halifaxpubliclibraries.ca,askus@halifaxpubliclibraries.ca,44.6428872,-63.5752999
Technology Lending (WiFi Hotspots & Chromebooks),Halifax Public Libraries,"Halifax Public Libraries lends portable WiFi hotspots and Chromebooks so residents can get online and access a reliable device for work, learning, job searches, and entrepreneurship. The library system also hosts hands-on tech help and periodic community repair events in partnership with local volunteer fixers, aligning with the solution’s combined device-loan and repair support to build local technical capacity.",Digital Connectivity Gaps,"Device Loan and Repair Network: Establish a community library of laptops, tablets and portable hotspots with an associated volunteer repair cafe so students and entrepreneurs have reliable devices while building local technical capacity.",Structural Economic Scale and Capital Constraints,"5440 Spring Garden Road, Halifax, NS B3J 1E9",https://www.halifaxpubliclibraries.ca,askus@halifaxpubliclibraries.ca,44.6428872,-63.5752999
Halifax Central Library Creative Labs and Bookable Workspaces,Halifax Public Libraries,"Halifax Public Libraries operates free and low-cost maker and creative labs (including 3D printing, audio/video studios) and provides bookable meeting rooms and open work areas for the public. As a publicly funded nonprofit, it implements the solution by offering accessible shared work and maker spaces, enabling startups and creators to prototype, meet, and work without prohibitive costs.",Barriers to Entrepreneurship and Small Business Growth,"Shared Workspaces and Maker Hubs: Transform underused community buildings into affordable coworking and maker spaces run as cooperatives or nonprofits, offering desks, workshops, meeting rooms and subsidized rates for startups.",Structural Economic Scale and Capital Constraints,"5440 Spring Garden Road, Halifax, NS B3J 1E9",https://www.halifaxpubliclibraries.ca,askus@halifaxpubliclibraries.ca,44.6428872,-63.5752999
Lou Duggan Creative Studio & Media Studio (Halifax Central Library),Halifax Public Libraries,"Halifax Central Library hosts public makerspaces that provide free or low-cost access to 3D printers, sewing machines, Cricut cutters, digitization tools, and bookable audio/video studios. The Library also supports borrowing of creative equipment (including musical instruments through the Sun Life Musical Instrument Lending Library), enabling youth, artists, and community groups to produce media and art without purchasing gear.","Underinvestment in Arts, Culture, and Recreation","Shared Equipment Library and Makerspace: Create a lending library of tools, AV gear, instruments and fabrication equipment so artists and small groups can produce work without large upfront costs.",Structural Economic Scale and Capital Constraints,"5440 Spring Garden Road, Halifax, NS B3J 1E9",https://www.halifaxpubliclibraries.ca,askus@halifaxpubliclibraries.ca,44.6428872,-63.5752999
Pop-Up Libraries & Mobile Outreach,Halifax Public Libraries,"Halifax Public Libraries regularly deploys pop-up libraries and mobile cultural programming to parks, community centres, markets, and festivals across HRM. These temporary setups offer performances, workshops, and creative activities that animate public spaces and help identify neighbourhoods with demand for expanded, longer-term arts and literacy programming.","Underinvestment in Arts, Culture, and Recreation","Pop-up and Mobile Venues: Organize rotating pop-up shows, performances and markets in vacant storefronts, parks and community centres to activate spaces and test demand for long-term venues.",Structural Economic Scale and Capital Constraints,"60 Alderney Drive, Dartmouth, NS B2Y 4P8",https://www.halifaxpubliclibraries.ca,askus@halifaxpubliclibraries.ca,44.6645872,-63.5689392
Teen Advisory Group (TAG) - Youth Zine & Storytelling,Halifax Public Libraries,"Halifax Public Libraries’ Teen Advisory Group (TAG) empowers youth to design programs, curate zines, and create digital stories that reflect local issues like housing, climate, and transit. Youth plan and lead public showcases, pop-up exhibits, and library events where their work is shared with community members and municipal staff, and their feedback informs library and community priorities.",Youth Voice and Civic Influence,"Youth‑Led Cultural and Storytelling Projects: Support youth in producing community storytelling, festivals, zines and digital media that surface local issues and recommendations to decision-makers and the broader public.",Structural Economic Scale and Capital Constraints,"5440 Spring Garden Road, Halifax, NS B3J 1E9",https://www.halifaxpubliclibraries.ca,askus@halifaxpubliclibraries.ca,44.6428872,-63.5752999
Halifax Public Libraries Teen Advisory Group (TAG) and Annual Impact Reporting,Halifax Public Libraries,"TAG gives teens structured roles to co-design programs, collections, and spaces across Halifax Public Libraries, with recommendations captured in branch reports and Board updates. The Library publishes easy-to-read annual reports and “by the numbers” summaries that track teen participation, initiatives delivered, and changes implemented based on youth input—providing transparent, dashboard-style reporting on youth engagement activities, outcomes, and how feedback influenced library decisions.",Youth Voice and Civic Influence,"Youth Impact Dashboard and Annual Report: Publish an easy-to-read local dashboard and yearly report that tracks youth engagement activities, decisions influenced, funded projects and outcomes to increase transparency and accountability.",Structural Economic Scale and Capital Constraints,"5440 Spring Garden Road, Halifax, NS B3J 1E9",https://www.halifaxpubliclibraries.ca,contactus@halifaxpubliclibraries.ca,44.6428872,-63.5752999
Free Income Tax Clinic & Community Navigator,Chebucto Connections,"Chebucto Connections operates a free CVITP income tax clinic and offers a Community Navigator who assists residents with applications for benefits and income supports (e.g., GST/HST credit, Canada Workers Benefit, and provincial programs). They also host practical financial literacy sessions with partner agencies, providing low-barrier coaching through a neighborhood community centre to help young workers manage debt, budget, and maximize available supports.",Wages Lagging Cost of Living,"Financial Coaching and Benefits Navigation: Provide free or low-cost financial literacy, debt counseling and benefits navigation through libraries and community centres so young workers maximize income and access supports that improve disposable income.",Structural Economic Scale and Capital Constraints,"531 Herring Cove Road, Halifax, NS B3R 1X3",https://www.chebuctoconnections.ca,info@chebuctoconnections.ca,44.6009646,-63.6087078
CVITP Tax Clinics and Money Matters Workshops at Cape Breton Regional Library,Cape Breton Regional Library,"Cape Breton Regional Library branches host free Community Volunteer Income Tax Program clinics and Money Matters financial literacy workshops. These services help residents file taxes to unlock benefits and credits and provide practical coaching on budgeting, credit, and managing debt—delivered in trusted library settings that make financial help accessible to young workers across the region.",Wages Lagging Cost of Living,"Financial Coaching and Benefits Navigation: Provide free or low-cost financial literacy, debt counseling and benefits navigation through libraries and community centres so young workers maximize income and access supports that improve disposable income.",Structural Economic Scale and Capital Constraints,"50 Falmouth Street, Sydney, NS B1P 6X9",https://www.cbrl.ca,info@cbrl.ca,46.1356139,-60.1934179
Tech Help and Cyber Safety Workshops (McConnell Library),Cape Breton Regional Library,"The Cape Breton Regional Library delivers Tech Help drop-ins and workshops at branches like McConnell Library that cover computer basics, internet safety/cybersecurity, cloud tools, and video conferencing for remote work and learning. Staff assist patrons with device setup, resumes and online profiles, and navigating digital job applications so rural residents can access remote jobs and training opportunities.",Digital Connectivity Gaps,"Digital Skills and Remote Work Training: Run community-led programs teaching remote-work tools, cybersecurity, online entrepreneurship and digital job-readiness so residents can fully leverage improved connectivity.",Structural Economic Scale and Capital Constraints,"50 Falmouth Street, Sydney, NS B1P 6X9",https://www.cbrl.ca,info@cbrl.ca,46.1356139,-60.1934179
Young Workers Committee,Nova Scotia Federation of Labour,"The Young Workers Committee organizes young workers and student labour activists across Nova Scotia to build a collective voice for decent work and fair wages. It gathers data and stories on wage gaps and precarious work, then lobbies provincial and municipal governments for policies like minimum-wage increases, paid sick days, and fair scheduling, while pressing local employers to adopt living-wage practices and better entry-level pay.",Wages Lagging Cost of Living,"Advocacy & Collective Voice Network: Form local youth-employment coalitions to collect data on wage gaps, lobby provincial and municipal governments for policy changes (minimum-wage adjustments, targeted tax relief) and amplify employer accountability locally.",Structural Economic Scale and Capital Constraints,"3700 Kempt Road, Suite 5, Halifax, NS B3K 4X8",https://nslabour.ca,info@nslabour.ca,44.6626467,-63.619477
Nova Scotia Living Wage Reports & Campaign,Canadian Centre for Policy Alternatives – Nova Scotia Office,"CCPA–NS produces rigorous, community-specific living wage calculations (e.g., Halifax, Cape Breton) and analyzes wage gaps relative to the cost of housing, food, and transportation. Using this local data, the office briefs municipal and provincial decision-makers and works with community coalitions to advance policies such as living-wage procurement, minimum-wage adjustments, and targeted tax relief for low-wage workers, while publicly benchmarking employer accountability to living-wage stand...",Wages Lagging Cost of Living,"Advocacy & Collective Voice Network: Form local youth-employment coalitions to collect data on wage gaps, lobby provincial and municipal governments for policy changes (minimum-wage adjustments, targeted tax relief) and amplify employer accountability locally.",Structural Economic Scale and Capital Constraints,"Saint Mary’s University, 923 Robie Street, Halifax, NS B3H 3C3",https://www.policyalternatives.ca/offices/nova-scotia,ccpans@policyalternatives.ca,44.648618,-63.5859487
Living Wage for Halifax,United Way Halifax,"United Way Halifax convenes employers, community groups, and advocates to champion adoption of a local living wage and to close wage gaps affecting youth and other low-wage workers. The initiative leverages local affordability and wage data to encourage employers to publicly commit to paying at least the Halifax living wage and collaborates with municipal and provincial partners to embed living-wage and related policy changes that raise entry-level pay.",Wages Lagging Cost of Living,"Advocacy & Collective Voice Network: Form local youth-employment coalitions to collect data on wage gaps, lobby provincial and municipal governments for policy changes (minimum-wage adjustments, targeted tax relief) and amplify employer accountability locally.",Structural Economic Scale and Capital Constraints,"248A-6960 Mumford Road, Halifax, NS B3L 4P1",https://www.unitedwayhalifax.ca,info@unitedwayhalifax.ca,44.648618,-63.5859487
Lunenburg Downtown Free Public WiFi,Town of Lunenburg,"The Town of Lunenburg maintains a free WiFi network covering parts of Old Town and the waterfront by placing outdoor access points on municipal buildings and street fixtures. These low‑cost nodes operate in a wireless mesh to extend coverage block‑to‑block and can be linked to fiber backhaul, providing basic broadband access for residents, visitors, and local entrepreneurs.",Digital Connectivity Gaps,Community Mesh Network Pilots: Deploy low-cost mesh wireless nodes on public buildings and volunteer rooftops to create resilient neighbourhood networks that provide basic broadband and can be scaled or linked to fiber backhaul.,Structural Economic Scale and Capital Constraints,"119 Cumberland Street, Lunenburg, NS B0J 2C0",https://www.townoflunenburg.ca,town@lunenburg.ca,44.37796,-64.3098233
Town of Lunenburg Vending By-law and Sidewalk Café Permits,Town of Lunenburg,"Lunenburg issues seasonal vending and sidewalk café permits that temporarily convert portions of streets and public spaces into commercial use, enabling pop-up retail, artisans, and food vendors. Its planning framework also permits home occupations in residential zones, supporting live-work setups that let residents start and operate small businesses locally.",Regional Disparities,"Flexible Zoning and Pop-Up Permits: Advocate for municipal changes that allow flexible use of properties (pop-up shops, home-based businesses, live-work spaces) to stimulate local entrepreneurship.",Structural Economic Scale and Capital Constraints,"119 Cumberland Street, Lunenburg, NS B0J 2C0",https://www.townoflunenburg.ca,town@townoflunenburg.ca,44.37796,-64.3098233
Off-Campus Housing and Landlord Listings (Places4Students),Cape Breton University,"Cape Breton University’s Off-Campus Housing service partners with Places4Students to connect property owners with CBU’s student population, which includes many international students and recent graduates. The service provides rental guides and information on Nova Scotia tenancy standards, promotes landlord listings directly to students (an advertising incentive), and helps students prepare as responsible tenants. This combination of landlord outreach, education, and a curated listings channel...",International Student and Newcomer Retention,"Landlord Partnership & Trusted-Renter Program: Create a local certification program that trains landlords on fair practices for newcomers, connects them with screened international students and graduates, and offers landlords small incentives (e.g., vacancy advertising support or municipal tax rebates) to rent to recent graduates.",Structural Economic Scale and Capital Constraints,"1250 Grand Lake Road, Sydney, NS B1P 6L2",https://www.cbu.ca,housing@cbu.ca,46.147592,-60.144472
Dalhousie University – Campus EV Charging and Communauto Car‑Share Pods,Dalhousie University,"Dalhousie operates Level 2 EV charging on campus and hosts Communauto Atlantic car‑share vehicles in designated parking areas, integrating shared mobility with charging infrastructure. These campus nodes let students, staff, and nearby residents book an electric car for short trips while using shared chargers, reducing the need for long‑term car ownership in central Halifax.",Transportation and Regional Mobility,"Community EV Charging and Car‑Share Nodes: Local organizations partner with businesses and municipalities to install shared EV chargers and host a small community car‑share of electric vehicles for short trips, reducing long‑term car ownership needs and making electrified transport more accessible.",Structural Economic Scale and Capital Constraints,"6299 South Street, Halifax, NS B3H 4R2",https://www.dal.ca,sustainability@dal.ca,44.6361402,-63.593144
Dalhousie Student Bursary and Emergency Funding (Technology & Internet Costs),Dalhousie University,"Dalhousie University’s bursary and emergency funding streams can be used by students with financial need to cover essential connectivity expenses, such as monthly internet bills, data top‑ups, and the purchase of home networking equipment (modems/routers). These microgrants remove cost barriers to reliable internet access required for remote coursework, co‑ops, and research.",Digital Connectivity Gaps,"Digital Access Microgrants: Community foundations and local businesses provide small grants or subsidies for modem/router purchase, installation, or subsidized monthly service for students, apprentices, startups and low-income households.",Structural Economic Scale and Capital Constraints,"6299 South Street, Halifax, NS B3H 4R2",https://www.dal.ca,awards@dal.ca,44.6361402,-63.593144
Co-Curricular Record (CCR),Dalhousie University,"Dalhousie’s CCR is an official, institutionally verified document that records students’ volunteer and leadership experiences, time commitments, and mapped competencies using standardized activity descriptions. Staff guide students to translate community involvement into employer-ready language, producing a recognized, verifiable record that employers and professional programs use to assess relevant experience.",Credential Recognition and Experience Barriers,"Volunteer Experience Conversion Program: Establish standards and templates for documenting volunteer and community work so it can be presented as verifiable, relevant experience to employers and regulators.",Structural Economic Scale and Capital Constraints,"6299 South Street, Halifax, NS B3H 4R2",https://www.dal.ca,career.services@dal.ca,44.6361402,-63.593144
Counselling and Wellness Programs,YWCA Halifax,"YWCA Halifax offers low-barrier, trauma-informed counselling and peer-support groups for women and gender-diverse people, including survivors of gender-based violence and discrimination. Programs use an intersectional, anti-racist and 2SLGBTQIA+-affirming approach, with specific supports for newcomers and African Nova Scotian communities. Services are delivered from a community hub that connects participants to housing, employment, and safety resources alongside mental health supports.",Inclusion and Discrimination,"Community Mental Health and Peer-support Services: Expand culturally competent, trauma-informed mental health services and peer-support networks located in community hubs, with specific programming for survivors of racism, homophobia, transphobia and ableism.",Structural Economic Scale and Capital Constraints,"358 Herring Cove Road, Halifax, NS B3R 1V8",https://www.ywcahalifax.com,info@ywcahalifax.com,44.6122376,-63.6172244
Employment Equity and Diversity Hiring Initiative,Halifax Regional Centre for Education,"HRCE’s employment equity initiative designates certain roles for African Nova Scotian and Mi’kmaw/Indigenous candidates, runs targeted recruitment and mentorship to lower barriers, and uses self-identification to monitor representation. As one of Nova Scotia’s largest public-sector employers, HRCE’s transparent reporting and dedicated hiring pathways operationalize inclusive public hiring and create role-model representation for youth and families across the region.",Inclusion and Discrimination,"Inclusive Local Hiring and Procurement Pledges: Encourage municipalities, school boards and local businesses to adopt public hiring and procurement commitments that prioritize equity, target barriers for underrepresented groups, and track/report progress transparently.",Structural Economic Scale and Capital Constraints,"33 Spectacle Lake Drive, Dartmouth, NS B3B 1X7",https://www.hrce.ca,hrce@hrce.ca,44.7019478,-63.5837496
African Nova Scotian Advisory Committee (ANSAC),Halifax Regional Centre for Education,"ANSAC is a standing advisory body of the Halifax Regional Centre for Education composed of African Nova Scotian parents, elders, students, and community representatives. It advises HRCE leadership on policy, curriculum, school improvement, and resource allocation affecting African Nova Scotian learners, ensuring community perspectives directly inform education planning and decisions.",Inclusion and Discrimination,"Representative Community Advisory Councils: Form standing advisory councils composed of Indigenous, African Nova Scotian, disability and LGBTQ2S+ community members to consult with municipalities, schools and health services on policy, planning and budget decisions.",Structural Economic Scale and Capital Constraints,"33 Spectacle Lake Drive, Dartmouth, NS B3B 1X7",https://www.hrce.ca,connect@hrce.ca,44.7019478,-63.5837496
SchoolsPlus (Halifax Regional Centre for Education),Halifax Regional Centre for Education,"SchoolsPlus embeds facilitators and outreach workers in schools to coordinate services with Nova Scotia Health, Community Services, Justice, and local nonprofits. The model operates under formal interdepartmental MOUs and information‑sharing agreements that secure shared school space, staff time, and data protocols over multiple years, reducing siloed, pilot‑style programming even when external funding shifts.",Policy Fragmentation and Short-Term Funding,"Cross-Sector Memorandums of Understanding (MOUs): Encourage local organizations and municipalities to sign MOUs that guarantee shared commitments (space, staff time, data sharing) across multiple years to reduce fragmentation when external funding changes.",Structural Economic Scale and Capital Constraints,"33 Spectacle Lake Drive, Dartmouth, NS B3B 1X7",https://www.hrce.ca,connect@hrce.ca,44.7019478,-63.5837496
Downtown Truro Free Public WiFi,Town of Truro,"The Town of Truro provides free WiFi across key downtown corridors with outdoor access points installed on streetlights and civic buildings. The deployment uses a mesh topology to interconnect nodes and bridge around obstacles, creating a resilient neighbourhood network that can be scaled and tied to existing fiber backhaul to support students, remote workers, and small businesses.",Digital Connectivity Gaps,Community Mesh Network Pilots: Deploy low-cost mesh wireless nodes on public buildings and volunteer rooftops to create resilient neighbourhood networks that provide basic broadband and can be scaled or linked to fiber backhaul.,Structural Economic Scale and Capital Constraints,"695 Prince Street, Truro, NS B2N 1G5",https://www.truro.ca,info@truro.ca,45.3653532,-63.280498
Façade Improvement Program,Town of Truro,"The Town of Truro provides 50/50 matching grants to downtown property and business owners for storefront and building upgrades. By requiring a private match, the program directly mobilizes local business co-investment and can be stacked alongside short-term provincial or federal grants, effectively extending project timelines and impact in line with the Local Match Partnership approach.",Policy Fragmentation and Short-Term Funding,"Local Match Partnership Program: Build partnerships with local businesses and credit unions to offer matching funds for community projects that secure shorter-term grants, extending program horizons and encouraging private co-investment.",Structural Economic Scale and Capital Constraints,"695 Prince Street, Truro, NS B2N 1G5",https://www.truro.ca,info@truro.ca,45.3653532,-63.280498
Nova Scotia Health Primary Care Clinics (Cobequid Community Health Centre site),Nova Scotia Health,"Nova Scotia Health runs rotating primary care clinics for unattached patients at community sites like the Cobequid Community Health Centre, often on evenings and weekends. Clinics are staffed by nurse practitioners and other primary care providers who triage issues, manage routine and chronic care (e.g., prescription refills, blood pressure/diabetes checks), and provide referrals to mental health and addictions services and community resources—directly aligning with the community nurse practi...",Primary Care and Mental Health Gaps,"Community Nurse Practitioner Clinic: Establish a community-run clinic staffed by nurse practitioners and physician assistants on a rotating schedule to provide primary care, triage, routine chronic care, and referrals for mental health supports with extended evening/weekend hours.",Structural Economic Scale and Capital Constraints,"40 Freer Lane, Lower Sackville, NS B4C 0A2",https://www.nshealth.ca,,44.7569128,-63.6585849
Nova Scotia Breast Screening Program – Mobile Mammography Unit,Nova Scotia Health,"The Nova Scotia Breast Screening Program operates a mobile digital mammography unit that visits rural and remote communities on a rotating schedule to provide breast cancer screening. Partnering with local community sites, the unit delivers preventive care without requiring patients to travel long distances to urban centres. This mobile service increases early detection and supports equitable access to essential diagnostics.",Regional Disparities,"Mobile Service Delivery: Deploy mobile clinics, library vans, legal aid and skills trainers that visit remote communities on scheduled routes to deliver essential services.",Structural Economic Scale and Capital Constraints,"1796 Summer Street, Halifax, NS B3H 3A7",https://www.nshealth.ca,,44.6454617,-63.5871661
North End Community Health Centre (Primary Health Care),North End Community Health Centre,"A community-governed health centre providing primary care through an interdisciplinary team that includes nurse practitioners, offering assessment/triage, chronic disease management, and same-day access options for local residents. The centre integrates on-site counselling and connects clients with mental health and addictions supports, reflecting the solution’s focus on NP-led community clinics that coordinate referrals and accessible care.",Primary Care and Mental Health Gaps,"Community Nurse Practitioner Clinic: Establish a community-run clinic staffed by nurse practitioners and physician assistants on a rotating schedule to provide primary care, triage, routine chronic care, and referrals for mental health supports with extended evening/weekend hours.",Structural Economic Scale and Capital Constraints,"2165 Gottingen Street, Halifax, NS B3K 0M8",https://nechc.com,,44.6527462,-63.5842285
Mobile Outreach Street Health (MOSH),North End Community Health Centre,"MOSH runs a mobile primary care and harm-reduction service that brings nurses, physicians, and outreach workers directly to shelters, encampments, and underserved neighbourhoods across the Halifax region. The team provides on-the-spot primary care, immunizations, wound care, STI testing, and health screening, and connects clients to mental health, addictions, and social supports through warm referrals and coordinated follow-up.",Primary Care and Mental Health Gaps,"Mobile Primary Care and Wellness Clinics: Operate a regular mobile clinic that visits rural neighbourhoods and high-need areas offering basic primary care, vaccinations, screening, and referrals to mental health resources.",Structural Economic Scale and Capital Constraints,"2131 Gottingen Street, Halifax, NS B3K 3B3",https://nechc.com,info@nechc.com,44.6523377,-63.5835745
Eskasoni Health Centre (Primary Care and Mental Health Services),Eskasoni First Nation – Health and Wellness,"The Eskasoni Health Centre delivers community-run primary care with nurse practitioners and family health teams that provide triage, routine and chronic care, and health promotion for Eskasoni First Nation. It offers integrated mental health and addiction services and coordinates referrals to specialized supports, aligning with an NP-led community clinic model that improves access and continuity of care.",Primary Care and Mental Health Gaps,"Community Nurse Practitioner Clinic: Establish a community-run clinic staffed by nurse practitioners and physician assistants on a rotating schedule to provide primary care, triage, routine chronic care, and referrals for mental health supports with extended evening/weekend hours.",Structural Economic Scale and Capital Constraints,"441 Shore Road, Eskasoni, NS B1W 1A1",https://www.eskasonihealth.ca/,,45.9345465,-60.6381278
Laing House Peer Support Program,Laing House,"Laing House is a youth-driven organization for people aged 16–29 living with mental illness, offering daily peer-led drop-in programming, support groups, and community activities. Trained youth peer leaders and staff facilitate connections to primary care, counseling, and psychiatric services, and help members navigate crisis supports. Programs are run from a welcoming, youth-centered space and often partner with libraries and community venues to reduce wait-time barriers and build supportive...",Primary Care and Mental Health Gaps,"Peer Mental Health Support Networks: Create volunteer-led peer support groups and peer navigator programs run from community centres and libraries that offer regular drop-in sessions, crisis navigation, and connection to professional services.",Structural Economic Scale and Capital Constraints,"1225 Barrington Street, Halifax, NS B3J 1Y2",https://www.lainghouse.org,info@lainghouse.org,44.6405661,-63.5704307
Peer Support Nova Scotia (Adult Peer Support),"Nova Scotia Health, Mental Health and Addictions Program","Peer Support Nova Scotia embeds trained peer support workers with lived experience within Nova Scotia Health’s Mental Health & Addictions Program to offer one-on-one and group peer support, both in clinical and community settings. Many sessions are delivered in accessible community locations and help people navigate crisis options and connect to clinicians, family doctors, and counseling. The program complements primary care by providing regular, recovery-oriented peer support and guided path...",Primary Care and Mental Health Gaps,"Peer Mental Health Support Networks: Create volunteer-led peer support groups and peer navigator programs run from community centres and libraries that offer regular drop-in sessions, crisis navigation, and connection to professional services.",Structural Economic Scale and Capital Constraints,"300 Pleasant Street, Dartmouth, NS B2Y 3Z9",https://mha.nshealth.ca/en/services/peer-support,,44.6518651,-63.5493479
Community Mental Health & Navigation (Drop-in and Peer-Informed Supports),North End Community Health Centre,"The North End Community Health Centre operates community-based drop-ins and outreach that include peer-informed support and navigation for mental health and substance use. Peer and outreach workers meet people where they are—at the health centre and in neighborhood settings—to guide them to primary care providers, counseling, and crisis resources, reducing barriers and wait-time uncertainty. As a trusted community hub, it anchors ongoing, low-barrier support in a familiar space and connects r...",Primary Care and Mental Health Gaps,"Peer Mental Health Support Networks: Create volunteer-led peer support groups and peer navigator programs run from community centres and libraries that offer regular drop-in sessions, crisis navigation, and connection to professional services.",Structural Economic Scale and Capital Constraints,"2165 Gottingen Street, Halifax, NS B3K 3B5",https://www.nechc.com,info@nechc.com,44.6527462,-63.5842285
Phoenix Centre for Youth (Drop-in & Navigation),Phoenix Youth Programs,"Phoenix Centre for Youth provides a daily drop-in for youth ages 16–24 that includes peer-style support, basic needs, and on-site navigation to primary care and mental health services. Staff and peer mentors help young people access counseling, crisis lines, and community clinics, while building supportive peer networks in a safe, youth-friendly space. This model offers consistent, low-barrier, community-based support that shortens the path to professional help.",Primary Care and Mental Health Gaps,"Peer Mental Health Support Networks: Create volunteer-led peer support groups and peer navigator programs run from community centres and libraries that offer regular drop-in sessions, crisis navigation, and connection to professional services.",Structural Economic Scale and Capital Constraints,"6035 Coburg Road, Halifax, NS B3H 1Y8",https://phoenixyouth.ca,info@phoenixyouth.ca,44.6401275,-63.5877873
Community Meeting Rooms (Telehealth Use by Appointment),Pictou-Antigonish Regional Library,"Pictou-Antigonish Regional Library provides bookable, private community rooms with reliable internet at branches such as New Glasgow Public Library, enabling residents to attend virtual primary care and mental health counselling sessions. Staff can assist with device setup and video platforms, and patrons can use library computers or borrow devices—functioning as a practical telehealth hub in a public library setting.",Primary Care and Mental Health Gaps,"Telehealth Hubs in Public Spaces: Set up private telehealth booths in municipal buildings, community centres and libraries with reliable internet, devices, and trained volunteers to help residents access virtual primary care and counselling appointments.",Structural Economic Scale and Capital Constraints,"182 Dalhousie Street, New Glasgow, NS B2H 4M7",https://www.parl.ns.ca,info@parl.ns.ca,45.5879386,-62.6434641
WiFi To Go,Pictou-Antigonish Regional Library,"Pictou-Antigonish Regional Library’s WiFi To Go service provides loanable mobile hotspots that patrons can borrow to get online from home or on the go, addressing connectivity gaps across rural communities. The library system also maintains public computers, study spaces, and regular evening/weekend maker and tech programming at branches like New Glasgow and Antigonish, enabling youth to work on homework and creative projects with reliable internet and equipment.",Digital Connectivity Gaps,"School and Library Access Programs: Coordinate with school boards and public libraries to extend building access, loan portable hotspots and devices, and run evening/weekend study and maker-space sessions so rural youth can access high-speed connectivity and equipment close to home.",Structural Economic Scale and Capital Constraints,"182 Dalhousie Street, New Glasgow, NS B2H 4C7",https://www.parl.ns.ca,info@parl.ns.ca,45.5879386,-62.6434641
Book a Room (Private Telehealth-Friendly Spaces),Cape Breton Regional Library,"Cape Breton Regional Library’s McConnell Library offers bookable private rooms and strong Wi‑Fi that community members use for virtual doctor and counselling appointments. Staff provide basic tech help, and patrons can access library devices as needed—creating a library-based telehealth access point that reduces travel and connectivity barriers.",Primary Care and Mental Health Gaps,"Telehealth Hubs in Public Spaces: Set up private telehealth booths in municipal buildings, community centres and libraries with reliable internet, devices, and trained volunteers to help residents access virtual primary care and counselling appointments.",Structural Economic Scale and Capital Constraints,"50 Falmouth Street, Sydney, NS B1P 6X9",https://cbrl.ca,,46.1356139,-60.1934179
James McConnell Memorial Library,Cape Breton Regional Library,"As the flagship branch of the Cape Breton Regional Library, the McConnell Library provides free public Wi‑Fi, study tables, public computers, printers, and a bookable community room—functioning as a low-cost workspace for remote workers, learners, and small teams. Wi‑Fi access is available during open hours and can often be reached from outside the building after hours, increasing connectivity for residents in Sydney and surrounding communities.",Digital Connectivity Gaps,"Public Wi‑Fi and Remote Work Hubs: Convert town halls, libraries, community centres and unused storefronts into 24/7 or extended-hour secure Wi‑Fi zones and low-cost coworking spaces with desks, printers and meeting rooms to support remote work and learning.",Structural Economic Scale and Capital Constraints,"50 Falmouth Street, Sydney, NS B1P 6X9",https://cbrl.ca,info@cbrl.ca,46.1356139,-60.1934179
WiFi To Go,Cape Breton Regional Library,"Cape Breton Regional Library’s WiFi To Go program lends portable Wi‑Fi hotspots to cardholders, helping families and youth in communities across Cape Breton access broadband where home service is limited. Branches like McConnell Library also offer extended hours, computers, and maker‑style workshops (e.g., coding, 3D printing demos), creating evening and weekend opportunities for students to study and explore technology.",Digital Connectivity Gaps,"School and Library Access Programs: Coordinate with school boards and public libraries to extend building access, loan portable hotspots and devices, and run evening/weekend study and maker-space sessions so rural youth can access high-speed connectivity and equipment close to home.",Structural Economic Scale and Capital Constraints,"50 Falmouth Street, Sydney, NS B1P 6X9",https://cbrl.ca,info@cbrl.ca,46.1356139,-60.1934179
Cape Breton Regional Library Bookmobile,Cape Breton Regional Library,"The Cape Breton Regional Library Bookmobile functions as a traveling library branch with scheduled stops in rural communities, lending books and other materials and providing access to programs and digital resources. The service offers Wi‑Fi and basic tech help, connecting residents to information and learning opportunities where fixed branches are distant. By delivering library services on wheels, it reduces regional disparities in access to education and cultural amenities.",Regional Disparities,"Mobile Service Delivery: Deploy mobile clinics, library vans, legal aid and skills trainers that visit remote communities on scheduled routes to deliver essential services.",Structural Economic Scale and Capital Constraints,"50 Falmouth Street, Sydney, NS B1P 6X9",https://cbrl.ca,ask@cbrl.ca,46.1356139,-60.1934179
Study Rooms (Telehealth Support in Community Library),South Shore Public Libraries,"South Shore Public Libraries’ Margaret Hennigar Public Library in Bridgewater provides private study rooms with dependable internet that residents can reserve for virtual health and mental health appointments. Library staff offer help with devices and video platforms, turning a community library into a convenient telehealth hub.",Primary Care and Mental Health Gaps,"Telehealth Hubs in Public Spaces: Set up private telehealth booths in municipal buildings, community centres and libraries with reliable internet, devices, and trained volunteers to help residents access virtual primary care and counselling appointments.",Structural Economic Scale and Capital Constraints,"135 North Park Street, Bridgewater, NS B4V 9B3",https://www.southshorepubliclibraries.ca,,44.3858656,-64.5341196
Borrow the Internet,South Shore Public Libraries,"South Shore Public Libraries’ Borrow the Internet program lends portable Wi‑Fi hotspots so residents, including rural youth, can take high‑speed connectivity home or access it from nearby branches. Libraries in the system also offer evening and weekend hours, public computers, and hands‑on maker and STEAM programs (like 3D printing and coding clubs), giving students study spaces and equipment access outside of school time.",Digital Connectivity Gaps,"School and Library Access Programs: Coordinate with school boards and public libraries to extend building access, loan portable hotspots and devices, and run evening/weekend study and maker-space sessions so rural youth can access high-speed connectivity and equipment close to home.",Structural Economic Scale and Capital Constraints,"135 North Park Street, Bridgewater, NS B4V 9B3",https://www.southshorepubliclibraries.ca,info@southshorepubliclibraries.ca,44.3858656,-64.5341196
Tech Learning & E-Literacy (Margaret Hennigar Public Library),South Shore Public Libraries,"South Shore Public Libraries runs regular technology classes and one-on-one support that teach email, file sharing, cloud apps, and video meeting platforms, alongside online privacy and cybersecurity. They also host employment-focused sessions on digital job search and remote work readiness, enabling residents in rural communities to use improved connectivity for work, learning, and entrepreneurship.",Digital Connectivity Gaps,"Digital Skills and Remote Work Training: Run community-led programs teaching remote-work tools, cybersecurity, online entrepreneurship and digital job-readiness so residents can fully leverage improved connectivity.",Structural Economic Scale and Capital Constraints,"135 North Park Street, Bridgewater, NS B4V 9B3",https://www.southshorepubliclibraries.ca,info@ssplibraries.ca,44.3858656,-64.5341196
South Shore Public Libraries (SSPL),South Shore Public Libraries,"SSPL is the regional public library system for Lunenburg and Queens Counties, governed by a cross-municipal board that brings together local governments and community stakeholders to coordinate priorities and services. It aligns programming, collections, staffing, and capital planning across multiple communities, sharing resources and synchronizing timelines for maximum regional impact. SSPL develops unified proposals to provincial and federal funders for literacy, digital inclusion, and infr...",Policy Fragmentation and Short-Term Funding,"Regional Service Councils: Establish cross-municipal councils of community organizations, local governments and service providers to coordinate priorities, share resources, align timelines and present unified proposals to provincial or federal funders.",Structural Economic Scale and Capital Constraints,"135 North Park Street, Bridgewater, NS B4V 9B3",https://www.southshorepubliclibraries.ca,info@southshorepubliclibraries.ca,44.3858656,-64.5341196
Mental Health First Aid (Supporting Youth) – Professional Learning for Educators,Nova Scotia Teachers Union,"The Nova Scotia Teachers Union sponsors and hosts Mental Health First Aid (including youth-focused modules) as part of its professional learning for teachers, school leaders, specialists, and support staff province-wide. Training helps educators and coaches identify early signs of mental health concerns in students, engage in supportive conversations, and connect young people with school-based or community mental health services. Sessions are offered at low or no cost to members, effectively ...",Primary Care and Mental Health Gaps,"Local Mental Health First Aid Training: Offer regular subsidized Mental Health First Aid and youth-focused training for teachers, employers, faith groups, coaches and volunteers so more community members can recognize issues early and make appropriate referrals.",Structural Economic Scale and Capital Constraints,"3106 Joseph Howe Drive, Halifax, NS B3L 4L7",https://www.nstu.ca,info@nstu.ca,44.6489931,-63.6305665
Mental Health First Aid (Supporting Youth) – Campus and Community Training,Dalhousie University – Student Health & Wellness,"Dalhousie Student Health & Wellness offers Mental Health First Aid (including youth-focused content) for faculty, staff, student leaders, and community-facing roles such as residence assistants and coaches. The program builds confidence to notice warning signs, provide initial help, and make timely referrals to on-campus and community mental health resources. Trainings are frequently provided at low or no cost to participants, expanding MHFA capacity in the broader Halifax community.",Primary Care and Mental Health Gaps,"Local Mental Health First Aid Training: Offer regular subsidized Mental Health First Aid and youth-focused training for teachers, employers, faith groups, coaches and volunteers so more community members can recognize issues early and make appropriate referrals.",Structural Economic Scale and Capital Constraints,"1246 LeMarchant Street, Halifax, NS B3H 4R2",https://www.dal.ca/campus_life/health-and-wellness.html,wellness@dal.ca,44.6360643,-63.5898491
Mental Health in Sport – Coach and Volunteer Training,Sport Nova Scotia,"Sport Nova Scotia promotes and hosts youth-focused mental health literacy for coaches and sport leaders (e.g., the Coaching Association of Canada’s Mental Health in Sport training). These workshops help community coaches and volunteers recognize when young athletes may be struggling, have supportive conversations, and connect them to appropriate mental health services. Sport Nova Scotia and its member organizations often subsidize or bundle these trainings within coach development pathways to...",Primary Care and Mental Health Gaps,"Local Mental Health First Aid Training: Offer regular subsidized Mental Health First Aid and youth-focused training for teachers, employers, faith groups, coaches and volunteers so more community members can recognize issues early and make appropriate referrals.",Structural Economic Scale and Capital Constraints,"5516 Spring Garden Road, 4th Floor, Halifax, NS B3J 1G6",https://www.sportnovascotia.ca,info@sportnovascotia.ca,44.648618,-63.5859487
Social Work and Care Navigation,North End Community Health Centre,"NECHC integrates primary care with social work and patient navigation to remove barriers to access. Navigators help clients register for and secure a family doctor or nurse practitioner, schedule clinic and specialist appointments, and address practical issues like transportation or coverage. They connect people with counseling resources (including low‑/sliding‑fee options) and coordinate follow‑up across services such as MOSH, addictions supports, and community partners.",Primary Care and Mental Health Gaps,"Community Health Navigation Service: Create a staffed navigation program (phone and in-person) to help people find family doctors, schedule appointments, apply for sliding-scale counseling, and coordinate follow-up care across services.",Structural Economic Scale and Capital Constraints,"2165 Gottingen Street, Halifax, NS B3K 3B5",https://www.nechcns.ca,,44.6527462,-63.5842285
Wellness Navigation and Peer Support,"Canadian Mental Health Association, Halifax‑Dartmouth Branch","CMHA Halifax‑Dartmouth offers staffed wellness navigation that helps individuals identify needs and access the right mix of primary and mental health services. Navigators provide phone and in‑person support to book counseling (including low‑cost and sliding‑scale options), connect to family practices and community clinics, and make referrals. They also coordinate follow‑up to ensure people transition smoothly between services and stay engaged in care.",Primary Care and Mental Health Gaps,"Community Health Navigation Service: Create a staffed navigation program (phone and in-person) to help people find family doctors, schedule appointments, apply for sliding-scale counseling, and coordinate follow-up care across services.",Structural Economic Scale and Capital Constraints,"46 Portland Street, Dartmouth, NS B2Y 1H4",https://cmhahalifaxdartmouth.ca,,44.6650687,-63.5670059
Health & Wellness Program (Navigation),Mi’kmaw Native Friendship Centre,"The Mi’kmaw Native Friendship Centre provides culturally safe health navigation for urban Indigenous community members. Staff help people get connected to family doctors or nurse practitioners, arrange and attend appointments, and access mental wellness supports; they also assist clients in applying for covered and low‑/no‑cost counseling (e.g., through NIHB and community programs). Navigators coordinate follow‑up with hospitals, community services, and social supports to ensure continuous care.",Primary Care and Mental Health Gaps,"Community Health Navigation Service: Create a staffed navigation program (phone and in-person) to help people find family doctors, schedule appointments, apply for sliding-scale counseling, and coordinate follow-up care across services.",Structural Economic Scale and Capital Constraints,"2021 Gottingen Street, Halifax, NS B3K 3A9",https://www.mnfc.ca,,44.6505111,-63.5810952
Halifax Sexual Health Centre – Teaching Clinic,Halifax Sexual Health Centre,"Halifax Sexual Health Centre is a nonprofit clinic that serves the public while acting as a formal teaching site for Dalhousie University medical residents and medical and nursing students. Under supervision by licensed clinicians, students provide sexual and reproductive health services, which increases local access to care and creates a practical training and recruitment pipeline for primary and community health in Nova Scotia.",Primary Care and Mental Health Gaps,"Student Placement Partnerships: Partner with nursing, social work, counselling and medical schools to host student placements and supervised clinics locally, increasing services while providing training and recruitment pathways.",Structural Economic Scale and Capital Constraints,"7071 Bayers Road, Suite 302, Halifax, NS B3L 2C2",https://www.hshc.ca,info@hshc.ca,44.6541222,-63.6273462
Dalhousie Family Medicine Teaching Unit – Halifax (Mumford),Dalhousie University Department of Family Medicine,This academic family practice provides comprehensive primary care to the public while training Dalhousie University family medicine residents and medical learners in a supervised clinical setting. The teaching unit increases the number of available appointments for community members and builds a direct pipeline for recruiting new family physicians to practice in Nova Scotia.,Primary Care and Mental Health Gaps,"Student Placement Partnerships: Partner with nursing, social work, counselling and medical schools to host student placements and supervised clinics locally, increasing services while providing training and recruitment pathways.",Structural Economic Scale and Capital Constraints,"6960 Mumford Road, Halifax, NS B3L 4P1",https://www.nshealth.ca,,44.645137,-63.6190662
Acadia University Psychology Training Clinic,"Acadia University, Department of Psychology","The Acadia Psychology Clinic offers low-cost psychological assessment and therapy to the public delivered by graduate students in Clinical Psychology under the supervision of licensed psychologists. By hosting practicum and internship placements locally, the clinic expands access to mental health services in the Annapolis Valley while training and retaining future psychologists for Nova Scotia.",Primary Care and Mental Health Gaps,"Student Placement Partnerships: Partner with nursing, social work, counselling and medical schools to host student placements and supervised clinics locally, increasing services while providing training and recruitment pathways.",Structural Economic Scale and Capital Constraints,"18 University Avenue, Wolfville, NS B4P 2R6",https://psychology.acadiau.ca,apc@acadiau.ca,45.0888142,-64.3682112
Dalhousie Psychology Clinic,"Dalhousie University, Department of Psychology & Neuroscience","The clinic provides evidence-based, time-limited therapy delivered by graduate trainees under the supervision of registered psychologists, with fees set on a sliding scale. University support together with client fees subsidize care for community members, increasing affordable access to counselling for those without private insurance or the means to pay full fees.",Primary Care and Mental Health Gaps,"Sliding-Scale Counselling Fund: Establish a community-managed fund (supported by municipal seed money, local business contributions and fundraising) to subsidize short-term counselling for residents on low or moderate incomes.",Structural Economic Scale and Capital Constraints,"1355 Oxford Street, Halifax, NS B3H 4R2",https://www.dal.ca,,44.6359085,-63.5938113
Applied Psychology Services (APS) Clinic,"Mount Saint Vincent University, Department of Psychology","APS offers community counselling provided by graduate students in psychology under supervision, using a sliding-scale fee structure to keep costs low. Supported by the university and program revenues, APS subsidizes short-term counselling for individuals and families, aligning with efforts to reduce financial barriers to mental health support.",Primary Care and Mental Health Gaps,"Sliding-Scale Counselling Fund: Establish a community-managed fund (supported by municipal seed money, local business contributions and fundraising) to subsidize short-term counselling for residents on low or moderate incomes.",Structural Economic Scale and Capital Constraints,"166 Bedford Highway, Halifax, NS B3M 2J6",https://www.msvu.ca,aps@msvu.ca,44.6719513,-63.6451557
Chambers of Commerce Group Insurance Plan,Halifax Chamber of Commerce,"The Chambers Plan pools thousands of small and medium-sized employers, including many in Nova Scotia, to make group benefits with mental health supports affordable through shared risk and cost. Through the Halifax Chamber, local employers can join to offer employees EFAP and virtual counselling, and use immediate coverage for new hires as a retention incentive; members also receive HR advisory resources that support policies like flexible paid time for counselling appointments.",Primary Care and Mental Health Gaps,"Employer Mental Health Consortium: Form a local consortium of employers to share the cost of on-site or virtual counselling, provide flexible leave for appointments, and coordinate retention incentives tied to health benefits for new hires.",Structural Economic Scale and Capital Constraints,"32 Akerley Boulevard, Unit 100, Dartmouth, NS B3B 1N1",https://www.chamberplan.ca,info@halifaxchamber.com,44.7098064,-63.6035607
Health Association Nova Scotia Employee Benefits Plan,Health Association Nova Scotia,"Health Association Nova Scotia administers a multi-employer benefits plan for continuing care, disability support, and community health organizations across the province, pooling employers to reduce costs. The plan includes comprehensive mental health coverage and EFAP with virtual counselling, and HANS provides HR and policy guidance so member organizations can use benefits and flexible leave for appointments as part of recruitment and retention strategies for new hires.",Primary Care and Mental Health Gaps,"Employer Mental Health Consortium: Form a local consortium of employers to share the cost of on-site or virtual counselling, provide flexible leave for appointments, and coordinate retention incentives tied to health benefits for new hires.",Structural Economic Scale and Capital Constraints,"2 Bluewater Road, Suite 150, Bedford, NS B4B 1G7",https://www.healthassociation.ns.ca,info@healthassociation.ns.ca,44.7261277,-63.7068294
Medavie Blue Cross Group Benefits & Connected Care,Medavie Blue Cross,"Medavie Blue Cross serves many Nova Scotia employers with group benefits that include virtual mental health services through its Connected Care platform and EFAP options, enabling shared-cost access to counselling. Employers can select pooled or fully insured plans and set eligibility (e.g., coverage beginning at hire) to support retention of new employees, while facilitating flexible access to counselling appointments during work hours through virtual care.",Primary Care and Mental Health Gaps,"Employer Mental Health Consortium: Form a local consortium of employers to share the cost of on-site or virtual counselling, provide flexible leave for appointments, and coordinate retention incentives tied to health benefits for new hires.",Structural Economic Scale and Capital Constraints,"230 Brownlow Avenue, Dartmouth, NS B3B 0G5",https://www.medaviebc.ca,,44.6961793,-63.5809694
Mobile Primary Care Clinics,Nova Scotia Health,"Nova Scotia Health operates rotating mobile primary care clinics that travel to rural and high-need communities to provide same-day basic care such as assessments, prescriptions, simple diagnostics, routine vaccinations, and health screening. These clinics help people without a family doctor access timely care and include on-site navigation and referrals to mental health and addictions services and appropriate follow-up in the health system.",Primary Care and Mental Health Gaps,"Mobile Primary Care and Wellness Clinics: Operate a regular mobile clinic that visits rural neighbourhoods and high-need areas offering basic primary care, vaccinations, screening, and referrals to mental health resources.",Structural Economic Scale and Capital Constraints,"1796 Summer Street, Halifax, NS B3H 3A7",https://yourhealthns.ca/need-care-now/mobile-primary-care-clinics,,44.6454617,-63.5871661
Community Paramedicine and Mobile Integrated Health,Emergency Health Services (Medavie Health Services Nova Scotia),"EHS community paramedics deliver mobile clinics and in-home care in rural and high-need communities, offering assessments for minor/urgent concerns, chronic disease monitoring, vaccinations (e.g., flu/COVID), and health screenings to reduce emergency department use and bridge primary care gaps. Paramedic teams coordinate with primary care and Nova Scotia Health to arrange follow-up and make referrals to mental health and addictions resources so patients can access comprehensive support close ...",Primary Care and Mental Health Gaps,"Mobile Primary Care and Wellness Clinics: Operate a regular mobile clinic that visits rural neighbourhoods and high-need areas offering basic primary care, vaccinations, screening, and referrals to mental health resources.",Structural Economic Scale and Capital Constraints,"239 Brownlow Avenue, Suite 300, Dartmouth, NS B3B 2B2",https://novascotia.ca,info@mhsns.ca,44.6955097,-63.5784197
SchoolsPlus (Province-wide),Nova Scotia Department of Education and Early Childhood Development,"SchoolsPlus is a province-wide initiative that embeds SchoolsPlus Facilitators, Community Outreach Workers, and partnered mental health clinicians directly in public schools. By coordinating on-site counselling, social work support, and family services, SchoolsPlus provides early intervention and quick access for youth while creating warm handoffs to community mental health and addictions care. The integrated, school-based team model reduces wait times and improves continuity of care by linki...",Primary Care and Mental Health Gaps,"Integrated School-Based Mental Health Teams: Work with school boards to place counsellors, social workers and family clinicians in schools to provide quick access for youth, early intervention, and seamless links to community services.",Structural Economic Scale and Capital Constraints,"2021 Brunswick Street, Halifax, NS B3J 2S9",https://www.ednet.ns.ca/schoolsplus,,44.6520988,-63.5789365
IWK School-Based Mental Health and Addictions Services,IWK Health (Mental Health and Addictions),"IWK clinicians work within Halifax-area schools in partnership with SchoolsPlus and school staff to provide assessment, brief therapy, and care coordination directly where youth learn. By co-locating mental health practitioners in schools, the program accelerates access, offers early intervention, and reduces barriers to care for students and families. Clinicians ensure seamless transitions to specialized hospital and community services when needed, strengthening continuity of care.",Primary Care and Mental Health Gaps,"Integrated School-Based Mental Health Teams: Work with school boards to place counsellors, social workers and family clinicians in schools to provide quick access for youth, early intervention, and seamless links to community services.",Structural Economic Scale and Capital Constraints,"5850/5980 University Avenue, Halifax, NS B3K 6R8",https://iwk.nshealth.ca/mental-health,,44.6378638,-63.5837315
AVRCE SchoolsPlus,Annapolis Valley Regional Centre for Education,"AVRCE SchoolsPlus coordinates school-based teams—facilitators, outreach workers, and partnered mental health clinicians—embedded across Annapolis Valley schools to provide on-site counselling and social supports. The program focuses on early identification and intervention, reducing wait times by meeting students where they are and linking families to Nova Scotia Health and local community services. Integrated case planning and warm handoffs ensure youth receive the right support at the right...",Primary Care and Mental Health Gaps,"Integrated School-Based Mental Health Teams: Work with school boards to place counsellors, social workers and family clinicians in schools to provide quick access for youth, early intervention, and seamless links to community services.",Structural Economic Scale and Capital Constraints,"121 Orchard Street, Berwick, NS B0P 1E0",https://www.avrce.ca,,45.0369863,-64.7366058
Indigenous Health Program,IWK Health,"IWK Health’s Indigenous Health Program supports Indigenous children, youth, and families through Indigenous Patient Navigators and access to traditional healing practices (e.g., smudging, ceremony) within the hospital and community. The program maintains formal partnerships with Mi’kmaw Elders and cultural service providers to integrate cultural safety and traditional wellness alongside clinical mental health care, improving timely, culturally grounded support.",Primary Care and Mental Health Gaps,Cultural and Indigenous Healing Partnerships: Develop formal partnerships with Indigenous healers and cultural service providers to offer culturally safe mental health programming and broaden the types of supports available locally.,Structural Economic Scale and Capital Constraints,"5850/5980 University Avenue, Halifax, NS B3K 6R8",https://iwkhealth.ca,,44.6378638,-63.5837315
Elders in Residence Program,Dalhousie University,"Dalhousie’s Elders in Residence Program connects Indigenous students with Mi’kmaw and other Indigenous Elders for one-on-one support, sharing circles, cultural teachings, and care navigation. Through formal partnerships with Knowledge Keepers and cultural practitioners, the university offers culturally safe mental wellness supports that complement conventional counselling and reduce barriers to accessing help.",Primary Care and Mental Health Gaps,Cultural and Indigenous Healing Partnerships: Develop formal partnerships with Indigenous healers and cultural service providers to offer culturally safe mental health programming and broaden the types of supports available locally.,Structural Economic Scale and Capital Constraints,"1246 LeMarchant Street, Halifax, NS B3H 4R2",https://www.dal.ca/indigenous,indigenous@dal.ca,44.6360643,-63.5898491
Unama’ki College Elders in Residence and Indigenous Student Support,Cape Breton University – Unama’ki College,"Unama’ki College at Cape Breton University provides Elders-in-Residence, sharing circles, language and culture-based wellness activities, and ceremonial supports for Indigenous students. These services are delivered through formal relationships with local Mi’kmaw Elders and cultural service providers, embedding traditional healing alongside counselling to expand culturally safe mental health supports on campus and in the local community.",Primary Care and Mental Health Gaps,Cultural and Indigenous Healing Partnerships: Develop formal partnerships with Indigenous healers and cultural service providers to offer culturally safe mental health programming and broaden the types of supports available locally.,Structural Economic Scale and Capital Constraints,"1250 Grand Lake Road, Sydney, NS B1P 6L2",https://www.cbu.ca/indigenous,,46.147592,-60.144472
Victim Services Unit,Halifax Regional Police,"Halifax Regional Police’s Victim Services Unit deploys trained volunteer responders who provide immediate crisis intervention, safety planning, and short-term emotional support to victims of crime and trauma. This rapid volunteer roster offers stabilization and navigation to health and mental health resources, bridging the gap until clients can access ongoing services such as family physicians, counsellors, or social workers.",Primary Care and Mental Health Gaps,"Rapid Volunteer Roster for Crisis Coverage: Create a trained volunteer roster (retired nurses, counsellors, social workers) who can provide short-term coverage and crisis response while clients wait for permanent providers.",Structural Economic Scale and Capital Constraints,"1975 Gottingen Street, Halifax, NS B3J 2H1",https://www.halifax.ca,,44.6499659,-63.5799102
Office of Healthcare Professionals Recruitment (PracticeNS),Nova Scotia Department of Health and Wellness — Office of Healthcare Professionals Recruitment,"The province’s Office of Healthcare Professionals Recruitment runs PracticeNS, a coordinated recruitment portal and concierge-style service that markets Nova Scotia’s quality of life and matches family doctors, nurse practitioners, and therapists to communities. The team organizes site visits, provides relocation incentives, and connects candidates and their partners to housing options, schools, and spousal employment supports in collaboration with municipal and community partners.",Primary Care and Mental Health Gaps,"Community Provider Recruitment Campaign: Coordinate a local recruitment package promoting quality of life, housing support, spousal employment help, and relocation bonuses to attract family doctors, nurse practitioners and therapists to the area.",Structural Economic Scale and Capital Constraints,"1894 Barrington Street, 4th Floor, Halifax, NS B3J 2A8",https://practicens.ca,ohpr@novascotia.ca,44.648618,-63.5859487
Nova Scotia Health Physician Recruitment,Nova Scotia Health,"Nova Scotia Health’s provincial recruitment program actively attracts family physicians and nurse practitioners with relocation assistance, signing incentives, and a dedicated recruitment team. They coordinate community tours, promote local lifestyle advantages, and connect candidates with housing resources and spousal employment networks, aligning directly with a comprehensive community recruitment package.",Primary Care and Mental Health Gaps,"Community Provider Recruitment Campaign: Coordinate a local recruitment package promoting quality of life, housing support, spousal employment help, and relocation bonuses to attract family doctors, nurse practitioners and therapists to the area.",Structural Economic Scale and Capital Constraints,"1796 Summer Street, Halifax, NS B3H 3A7",https://recruitment.nshealth.ca,physicianrecruit@nshealth.ca,44.6454617,-63.5871661
IWK Health Talent Acquisition,IWK Health,"IWK Health recruits nurses, nurse practitioners, therapists, and physicians with a dedicated talent acquisition team that provides relocation assistance and onboarding support. They promote Halifax’s quality of life, coordinate with local partners for housing information and spousal employment referrals, and guide candidates through settlement to improve long-term retention.",Primary Care and Mental Health Gaps,"Community Provider Recruitment Campaign: Coordinate a local recruitment package promoting quality of life, housing support, spousal employment help, and relocation bonuses to attract family doctors, nurse practitioners and therapists to the area.",Structural Economic Scale and Capital Constraints,"5850/5980 University Avenue, Halifax, NS B3K 6R8",https://www.iwk.nshealth.ca/careers,talentacquisition@iwk.nshealth.ca,44.6378638,-63.5837315
Laing House (Youth Peer Support Centre),Laing House Association,"Laing House is a youth-driven, non-clinical drop-in centre for people aged 16–29 living with mental illness. It offers daily peer support check-ins and group programs such as art, music, life skills, and mindfulness that build coping and social connection. Staff and peer leaders also help members navigate and connect to primary care and community mental health services, reducing wait-time barriers in a welcoming, stigma-free setting.",Primary Care and Mental Health Gaps,"Wellness Hubs and Drop-in Centres: Open community wellness hubs offering daytime drop-in mental health check-ins, group programs (art, job skills, mindfulness), and connections to primary care referrals in a non-clinical setting.",Structural Economic Scale and Capital Constraints,"1225 Barrington Street, Halifax, NS B3J 1Y2",https://www.lainghouse.org,info@lainghouse.org,44.6405661,-63.5704307
The North Grove Community Hub,The North Grove,"The North Grove operates a welcoming, non-clinical community hub with drop-in resource navigation and supportive check-ins through on-site staff and social workers. It offers group programs that foster wellness and life skills—such as community kitchens, gardening, parenting support, and peer groups—and regularly partners with local services to link residents to primary care and mental health supports. This approach reduces barriers to care while building community connection and resilience.",Primary Care and Mental Health Gaps,"Wellness Hubs and Drop-in Centres: Open community wellness hubs offering daytime drop-in mental health check-ins, group programs (art, job skills, mindfulness), and connections to primary care referrals in a non-clinical setting.",Structural Economic Scale and Capital Constraints,"6 Primrose Street, Dartmouth, NS B3A 4C5",https://thenorthgrove.ca,info@thenorthgrove.ca,44.6814085,-63.5860545
Ally Centre of Cape Breton – Drop-in & Wellness Programs,Ally Centre of Cape Breton,"The Ally Centre runs a harm reduction–focused, non-judgmental drop-in space offering daily wellness check-ins, outreach nursing, and peer support. It provides group programming (health education, life skills, and peer groups) and actively connects people to primary care and mental health services through referrals and accompaniment. The centre functions as a community wellness hub that lowers access barriers for those facing long wait times or limited provider availability.",Primary Care and Mental Health Gaps,"Wellness Hubs and Drop-in Centres: Open community wellness hubs offering daytime drop-in mental health check-ins, group programs (art, job skills, mindfulness), and connections to primary care referrals in a non-clinical setting.",Structural Economic Scale and Capital Constraints,"75 Prince Street, Sydney, NS B1P 5J1",https://www.allycentreofcapebreton.com,admin@allycentreofcapebreton.com,46.1383945,-60.1933187
MusGo Rider Co-operative Ltd.,MusGo Rider Co-operative Ltd.,"MusGo Rider is a member-governed transportation co-operative serving the Eastern Shore of Halifax Regional Municipality, running scheduled shuttle runs and pre-booked services that connect coastal communities with town centers, services, and jobs. As a co-op, local members help set fares, plan routes, and support operations, using community-owned/leased vans and rotating staff/volunteers to keep costs affordable and services responsive.",Transportation and Regional Mobility,"Community Shuttle Cooperative: A locally governed cooperative that runs scheduled shuttles between villages, town centers and employment hubs using community-owned or leased minibuses. Members help plan routes, manage operations, set fares and rotate driving/administrative duties to keep costs low and responsive to local needs.",Structural Economic Scale and Capital Constraints,"7900 Highway 7, Musquodoboit Harbour, NS B0J 2L0",https://www.musgorider.com,info@musgorider.com,44.7864563,-63.1484757
Colchester Transportation Cooperative Limited (CTCL),Colchester Transportation Cooperative Limited,"CTCL is a community transportation co-operative that links rural Colchester County residents with Truro and nearby service and employment centres through scheduled shuttles and coordinated trips. Member representation on its board guides fare policy and service design, and the co-op model enables community-driven route planning and shared operations using minibuses and vans.",Transportation and Regional Mobility,"Community Shuttle Cooperative: A locally governed cooperative that runs scheduled shuttles between villages, town centers and employment hubs using community-owned or leased minibuses. Members help plan routes, manage operations, set fares and rotate driving/administrative duties to keep costs low and responsive to local needs.",Structural Economic Scale and Capital Constraints,"668 Prince Street, Truro, NS B2N 1G6",https://www.ctcl.ca,dispatch@ctcl.ca,45.3650284,-63.2810439
Wheels of Hope (Transportation Services) – Nova Scotia,Canadian Cancer Society – The Lodge That Gives,"Wheels of Hope coordinates screened volunteer drivers to provide door-to-door rides for people undergoing cancer treatment across Nova Scotia, covering trips that public transit often cannot, such as early-morning or out-of-town medical appointments. Volunteers use their own vehicles, scheduling is arranged through the program, and mileage/expense supports are provided so service remains affordable and reliable for clients.",Transportation and Regional Mobility,"Volunteer Driver Network: A coordinated volunteer program where screened community volunteers provide rides for seniors, jobseekers, students and shift workers for trips that public transit doesn't serve (early/late shifts, medical appointments, interviews). Use simple scheduling, mileage reimbursement, and local nonprofit coordination.",Structural Economic Scale and Capital Constraints,"5826 South Street, Halifax, NS B3H 1S6",https://cancer.ca,info@cancer.ca,44.6371652,-63.5810416
Volunteer Transportation Program – Annapolis Valley,VON Canada – Annapolis Valley,"VON’s Volunteer Transportation Program recruits and screens community volunteers to drive clients to essential appointments and errands when other transportation options are limited, especially in rural communities. Rides are scheduled through the local VON office, with volunteers using their own vehicles and receiving mileage reimbursement, directly addressing gaps in public transit for seniors, patients, and others who need to reach work-related or health appointments.",Transportation and Regional Mobility,"Volunteer Driver Network: A coordinated volunteer program where screened community volunteers provide rides for seniors, jobseekers, students and shift workers for trips that public transit doesn't serve (early/late shifts, medical appointments, interviews). Use simple scheduling, mileage reimbursement, and local nonprofit coordination.",Structural Economic Scale and Capital Constraints,"10 Webster Court, Kentville, NS B4N 1H2",https://www.von.ca,volunteer@von.ca,45.0778275,-64.4931389
E-Bike Lending Library,Municipality of the County of Kings — Recreation Services,"The Municipality of the County of Kings operates a no-cost e-bike lending library that allows residents to borrow electric-assist bicycles and accessories for several days at a time. The program provides basic safety orientation and route-planning support so people can try short trips, commutes, and errands without a car, particularly in rural areas with limited transit. By removing upfront cost barriers and including gear like helmets and bike bags, it functions as a community bike library a...",Transportation and Regional Mobility,"E‑Bike and Cargo Bike Library: A shared fleet of e‑bikes, cargo e‑bikes and accessories maintained by a community group or library that allows residents to make short trips, last‑mile commutes and errands without a car. Includes training, maintenance workshops and subsidized memberships for low‑income residents.",Structural Economic Scale and Capital Constraints,"181 Coldbrook Village Park Drive, Coldbrook, NS B4R 1B9",https://www.countyofkings.ca,recreation@countyofkings.ca,45.07011,-64.5622267
MODL E-Bike Loan Program,Municipality of the District of Lunenburg — Recreation & Community Services,"The Municipality of the District of Lunenburg offers a community e-bike loan program that lets residents borrow pedal-assist bikes and accessories for short-term use. Staff provide an introduction to e-bike operation, charging, and basic maintenance, enabling people to replace short car trips and connect to work or services where transit is sparse. The program supports low-barrier access by offering free loans and outreach to communities across the district.",Transportation and Regional Mobility,"E‑Bike and Cargo Bike Library: A shared fleet of e‑bikes, cargo e‑bikes and accessories maintained by a community group or library that allows residents to make short trips, last‑mile commutes and errands without a car. Includes training, maintenance workshops and subsidized memberships for low‑income residents.",Structural Economic Scale and Capital Constraints,"210 Aberdeen Road, Bridgewater, NS B4V 4G8",https://www.modl.ca,recreation@modl.ca,44.3849399,-64.5127618
CarShare Atlantic for Business (Corporate Membership),CarShare Atlantic,"CarShare Atlantic partners with employers and institutions across Halifax to offer corporate carshare memberships and on-site vehicles so staff can commute by transit, shuttle, or carpool and still access a car for work trips. This arrangement helps employers reduce parking demand and single-occupant commuting by enabling shared commuting to the workplace and shifting necessary daytime travel to a pooled fleet. Employers often combine the corporate plan with transit subsidies and ride-pooling...",Transportation and Regional Mobility,"Employer‑Community Commuter Partnerships: Local employers, town councils and community groups collaborate to create shared commuter solutions: pooled shuttles to industrial parks, staggered shift coordination, employer-provided transit subsidies, and ride-pooling incentives to reduce single-occupant car trips.",Structural Economic Scale and Capital Constraints,"5553 Bloomfield Street, Suite 209, Halifax, NS B3K 1S7",https://carshareatlantic.ca/en/business,info@carshareatlantic.ca,44.6589425,-63.5955855
Bridge Terminal (Mobility Hub),Halifax Transit (Halifax Regional Municipality),"Halifax Transit’s Bridge Terminal is a major mobility hub where numerous urban and suburban routes converge, providing heated indoor waiting areas, accessible shelters, bike racks, and real-time digital departure displays with clear wayfinding signage. The terminal is adjacent to ride-hail/taxi pick-up zones and local active transportation connections, making transfers safer and quicker for regional commuters. By concentrating services and amenities in one place, it functions as a practical m...",Transportation and Regional Mobility,"Mobility Hubs and Improved Park‑and‑Ride: Develop small local mobility hubs (safe waiting areas, bike parking, EV charging, real‑time info boards) at strategic locations where community shuttles, intercity buses and ride‑shares connect. Community builds and maintains shelters and signage to make transfers easier and safer.",Structural Economic Scale and Capital Constraints,"275 Wyse Road, Dartmouth, NS B3A 1N9",https://www.halifax.ca,contactus@halifax.ca,44.6716923,-63.5805621
Sackville Transit Terminal Park & Ride,Halifax Transit (Halifax Regional Municipality),"The Sackville Terminal serves as a park-and-ride mobility hub for commuters from Lower Sackville, Beaver Bank, and nearby rural communities, with a large Park & Ride lot, sheltered platforms, bicycle parking, and real-time departure information. Multiple local and express routes connect here, and the site includes designated pick-up/drop-off zones that support carpools and ride-hail services. This layout reduces car dependence by making transfers to Halifax more convenient and safe.",Transportation and Regional Mobility,"Mobility Hubs and Improved Park‑and‑Ride: Develop small local mobility hubs (safe waiting areas, bike parking, EV charging, real‑time info boards) at strategic locations where community shuttles, intercity buses and ride‑shares connect. Community builds and maintains shelters and signage to make transfers easier and safer.",Structural Economic Scale and Capital Constraints,"7 Walker Avenue, Lower Sackville, NS B4C 4A1",https://www.halifax.ca,contactus@halifax.ca,44.7680023,-63.6990509
Maritime Bus – Halifax Bus Terminal,Maritime Bus,"Maritime Bus’s Halifax Terminal is the province’s primary intercity coach hub, offering indoor waiting, ticketing, posted schedules and online real-time updates, and safe boarding areas. Located steps from Halifax Transit routes and common ride-hail/taxi pickup points, it enables seamless transfers between intercity buses, local transit, and shared rides. This co-location advances the mobility hub concept by linking long-distance travel with first/last-mile options.",Transportation and Regional Mobility,"Mobility Hubs and Improved Park‑and‑Ride: Develop small local mobility hubs (safe waiting areas, bike parking, EV charging, real‑time info boards) at strategic locations where community shuttles, intercity buses and ride‑shares connect. Community builds and maintains shelters and signage to make transfers easier and safer.",Structural Economic Scale and Capital Constraints,"6040 Almon Street, Halifax, NS B3K 1T8",https://www.maritimebus.com,info@maritimebus.com,44.6569914,-63.5992358
Lunenburg County Lifestyle Centre (LCLC) Transit Hub,Town of Bridgewater (Bridgewater Transit),"The LCLC functions as a community mobility hub in Bridgewater where Bridgewater Transit routes stop at a well-marked, accessible facility that includes sheltered waiting areas, bike racks, and on-site EV charging. Clear signage and a safe campus layout make it an easy transfer point for local buses, Lunenburg County Wheels/community transit, and ride-hail/taxi services. By hosting multiple modes and amenities at one site, it improves regional connectivity and first/last‑mile access for reside...",Transportation and Regional Mobility,"Mobility Hubs and Improved Park‑and‑Ride: Develop small local mobility hubs (safe waiting areas, bike parking, EV charging, real‑time info boards) at strategic locations where community shuttles, intercity buses and ride‑shares connect. Community builds and maintains shelters and signage to make transfers easier and safer.",Structural Economic Scale and Capital Constraints,"135 North Park Street, Bridgewater, NS B4V 9B3",https://www.bridgewater.ca/transit,info@bridgewater.ca,44.3858656,-64.5341196
PC Connect Special Event and Weekend Service,Municipality of Pictou County (PC Connect Rural Transit),"PC Connect is the rural transit system for Pictou County that operates intercommunity routes on weekdays and Saturdays, with added or extended runs aligned to seasonal events like farmers’ markets and regional festivals. On weekends and event days, these buses act as community shuttles linking Pictou, New Glasgow, Stellarton, Westville, and Trenton so residents, students, and visitors can get to activities without a car. By filling mobility gaps when intercity options are limited, the service...",Transportation and Regional Mobility,"Intercommunity Weekend/Seasonal Shuttle: Community-organized weekend or seasonal intercity shuttle service (farm markets, festivals, student travel, regional job fairs) that fills gaps left by infrequent intercity routes and demonstrates demand for more regular service.",Structural Economic Scale and Capital Constraints,"46 Municipal Drive, Pictou, NS B0K 1H0",https://www.drivepcconnect.ca,,45.6825264,-62.7336085
Maritime Bus Acadia University Connector,Maritime Bus (Coach Atlantic Maritime Bus),"Maritime Bus runs semester-timed Friday/Sunday and holiday shuttles during the academic year between Wolfville (Acadia University) and Halifax/Halifax Stanfield International Airport to match peak student travel. This targeted, seasonal schedule supplements the regular intercity network and provides reliable weekend mobility for youth and students without cars. By aggregating demand around weekends and breaks, the connector illustrates the viability of sustained intercommunity service between...",Transportation and Regional Mobility,"Intercommunity Weekend/Seasonal Shuttle: Community-organized weekend or seasonal intercity shuttle service (farm markets, festivals, student travel, regional job fairs) that fills gaps left by infrequent intercity routes and demonstrates demand for more regular service.",Structural Economic Scale and Capital Constraints,"6040 Almon Street, Halifax, NS B3K 1T8",https://www.maritimebus.com,info@maritimebus.com,44.6569914,-63.5992358
Student Transit Pass Program,Halifax Regional Municipality (Halifax Transit) in partnership with Halifax Regional Centre for Education (HRCE) and Conseil scolaire acadien provincial (CSAP),"This program provides eligible junior and senior high students at participating HRCE and CSAP schools with a Halifax Transit pass valid seven days a week, year-round. By eliminating fares for youth, it supports reliable access to school, co-op placements, part-time work, training, and extracurriculars, directly advancing education and early employment pathways.",Transportation and Regional Mobility,"Community Transit Fare Support Fund: A locally administered subsidy program funded by municipal contributions, local charities and fundraising to provide reduced-cost transit passes for youth, trainees and low‑income jobseekers to improve access to education and employment.",Structural Economic Scale and Capital Constraints,"33 Spectacle Lake Drive, Dartmouth, NS B3B 1X7",https://www.halifax.ca,connect@hrce.ca,44.7019478,-63.5837496
Affordable Access Program (Transit Subsidy),Town of Bridgewater,"Bridgewater’s Affordable Access Program offers reduced-cost Bridgewater Transit passes to residents with low incomes. The municipally administered subsidy lowers transportation costs so youth, trainees, and jobseekers can reliably reach school, training sites, interviews, and workplaces throughout the town and surrounding area.",Transportation and Regional Mobility,"Community Transit Fare Support Fund: A locally administered subsidy program funded by municipal contributions, local charities and fundraising to provide reduced-cost transit passes for youth, trainees and low‑income jobseekers to improve access to education and employment.",Structural Economic Scale and Capital Constraints,"60 Pleasant Street, Bridgewater, NS B4V 3X9",https://www.bridgewater.ca,info@bridgewater.ca,44.3755744,-64.5223664
Town of Bridgewater Youth Advisory Committee,Town of Bridgewater,"The Town of Bridgewater’s Youth Advisory Committee embeds young people directly in municipal decision-making by appointing them as voting members of an advisory body to Council. Youth members receive the same per‑meeting honoraria and expense supports that apply to other citizen appointees, reducing financial barriers to participation. The committee’s recommendations inform Council and staff, and members may also be appointed to other Town committees and projects to extend youth influence acr...",Youth Voice and Civic Influence,"Paid Youth Representation on Committees: Allocate paid seats and honoraria for youth on municipal committees, planning boards and nonprofit boards so young people have voting roles and financial support to participate.",Structural Economic Scale and Capital Constraints,"60 Pleasant Street, Bridgewater, NS B4V 3X9",https://www.bridgewater.ca,info@bridgewater.ca,44.3755744,-64.5223664
Façade & Commercial Building Improvement Program,Town of Bridgewater,"Bridgewater offers cost-shared (typically 50/50) funding to commercial property owners for façade and building improvements in the downtown core. The matching structure incentivizes private co-investment and is often paired with short-term grants or low-cost financing (including from local credit unions), extending project horizons and stabilizing local revitalization efforts.",Policy Fragmentation and Short-Term Funding,"Local Match Partnership Program: Build partnerships with local businesses and credit unions to offer matching funds for community projects that secure shorter-term grants, extending program horizons and encouraging private co-investment.",Structural Economic Scale and Capital Constraints,"60 Pleasant Street, Bridgewater, NS B4V 3X9",https://www.bridgewater.ca,info@bridgewater.ca,44.3755744,-64.5223664
Clean Energy Financing (PACE) – South Shore Cluster,Town of Bridgewater,"The Town of Bridgewater’s Clean Energy Financing program uses a proven Local Improvement Charge (PACE) model first piloted in Nova Scotia and extends it through standardized bylaws and shared delivery partners so neighbouring municipalities can adopt and continue the same program design. Through reciprocal agreements and aligned eligibility/contractor standards, nearby municipalities accept the results of the pilot and deliver identical financing to residents without recreating assessments or...",Policy Fragmentation and Short-Term Funding,"Pilot Reciprocity Agreement: Create agreements among neighbouring municipalities to accept and continue successful pilots from one jurisdiction, reducing the need to re-prove impact and enabling sustained program delivery across regions.",Structural Economic Scale and Capital Constraints,"60 Pleasant Street, Bridgewater, NS B4V 3X9",https://www.bridgewater.ca,info@bridgewater.ca,44.3755744,-64.5223664
Purchasing and Tendering Policy (Local Vendor Support),Town of Bridgewater,"The Town of Bridgewater’s purchasing policy encourages fair, open competition while recognizing the value of local suppliers where permitted by trade agreements. Through procurement practices and vendor engagement, the Town helps ensure municipal departments consider Nova Scotia-based businesses for goods, services, and construction. This approach channels stable public-sector demand to local and regional suppliers, supporting rural enterprises on the South Shore.",Regional Disparities,"Local Procurement and Buy-Local Campaigns: Encourage municipalities, schools and institutions to prioritize local suppliers and contractors to grow a stable market for rural businesses.",Structural Economic Scale and Capital Constraints,"60 Pleasant Street, Bridgewater, NS B4V 3X9",https://www.bridgewater.ca,info@bridgewater.ca,44.3755744,-64.5223664
Nova Scotia Works – Transportation Assistance,TEAM Work Cooperative (Nova Scotia Works),"TEAM Work Cooperative, a Nova Scotia Works centre, offers transportation assistance such as Halifax Transit tickets or passes to eligible jobseekers engaged in employment services, training, and work search. By subsidizing transit fares through provincially funded employment programs and community supports, it removes a key barrier to interviews, courses, and starting new jobs.",Transportation and Regional Mobility,"Community Transit Fare Support Fund: A locally administered subsidy program funded by municipal contributions, local charities and fundraising to provide reduced-cost transit passes for youth, trainees and low‑income jobseekers to improve access to education and employment.",Structural Economic Scale and Capital Constraints,"7051 Bayers Road, Suite 501, Halifax, NS B3L 4V2",https://www.teamworkcooperative.ca,info@teamworkcooperative.ca,44.6542614,-63.625934
Blue Route,Cycling Nova Scotia,"The Blue Route is a province-wide on-road cycling network led by Cycling Nova Scotia that develops signed routes, paved-shoulder segments, and short in-town bike lanes to safely connect communities with schools, workplaces, and transit hubs. Working with municipalities and local volunteers, the initiative uses low-cost treatments, wayfinding, and community partnerships to close gaps and create practical everyday cycling connections.",Transportation and Regional Mobility,"Active Transportation Improvements: Community-led projects to build and maintain walking paths, sidewalks, safe crossings and short on‑road bike lanes that connect neighbourhoods to bus stops, schools and job sites. Volunteer build days, adopt‑a‑path programs and local fundraising make small infrastructure upgrades possible.",Structural Economic Scale and Capital Constraints,"5516 Spring Garden Road, 4th Floor, Halifax, NS B3J 1G6",https://cyclingnovascotia.ca/blue-route/,info@cyclingnovascotia.ca,44.648618,-63.5859487
Saint Mary’s University – EV Charging and Communauto Car‑Share Access,Saint Mary’s University,"Saint Mary’s provides on‑campus EV charging and collaborates with Communauto Atlantic to make car‑share vehicles available on and around campus, linking shared EVs with reliable charging. This hub model offers students and South End residents convenient access to electric cars for errands and appointments, supporting reduced private car dependence.",Transportation and Regional Mobility,"Community EV Charging and Car‑Share Nodes: Local organizations partner with businesses and municipalities to install shared EV chargers and host a small community car‑share of electric vehicles for short trips, reducing long‑term car ownership needs and making electrified transport more accessible.",Structural Economic Scale and Capital Constraints,"923 Robie Street, Halifax, NS B3H 3C3",https://www.smu.ca/sustainability/,sustainability@smu.ca,44.6313165,-63.5816691
Dalhousie Transportation Collaboratory (DalTRAC),Dalhousie University,"DalTRAC partners with communities and municipalities across Nova Scotia to collect travel behavior data (e.g., the NovaTRAC household travel survey), run public workshops, and evaluate rural and small‑town mobility options. Their analyses and pilot evaluations support resident-led advocacy and help local groups prepare strong evidence-based applications for provincial and federal funding, effectively linking community-identified needs to scalable transportation solutions.",Transportation and Regional Mobility,"Local Transit Advocacy and Planning Group: A resident-led working group that collects travel data, runs community consultations, advocates to regional and provincial governments, and pilots low-cost solutions. They act as a bridge between local needs and funding opportunities for larger projects.",Structural Economic Scale and Capital Constraints,"1360 Barrington Street, Halifax, NS B3J 1Z1",https://www.daltraclab.com,daltrac@dal.ca,44.6426993,-63.5720957
Pictou County Internet (Rural Broadband Project),Pictou County Municipal Services Corporation (Municipality of Pictou County),"Pictou County created a public, community-owned internet service to finance, build, and operate local high-speed connectivity using a mix of fixed wireless and fiber in underserved rural areas. Acting as a single municipal entity, it aggregates demand from residents and businesses to secure provincial/federal funding and negotiate bulk backhaul, then offers cost-recovery retail plans to keep service affordable for students, entrepreneurs, and tradespeople.",Digital Connectivity Gaps,"Community Broadband Co-op: Residents, businesses and municipalities form a cooperative to finance, build and operate local high-speed networks (fiber or fixed wireless), access provincial/federal grants as a single applicant, negotiate bulk rates, and keep pricing affordable for students, entrepreneurs and tradespeople.",Structural Economic Scale and Capital Constraints,"46 Municipal Drive, Pictou, NS B0K 1H0",https://www.county.pictou.ns.ca,,45.6825264,-62.7336085
Valley Community Fibre Network (VCFN),Valley Community Fibre Network Inc.,"VCFN is an open-access, community-owned fiber backbone created by municipalities and public institutions in the Annapolis Valley to pool resources and lower transport costs for last‑mile providers. By leasing dark fiber to ISPs, schools, and businesses, it enables community and municipal broadband initiatives to extend high-speed service into rural communities, leveraging collective investment and public funding to keep prices competitive.",Digital Connectivity Gaps,"Community Broadband Co-op: Residents, businesses and municipalities form a cooperative to finance, build and operate local high-speed networks (fiber or fixed wireless), access provincial/federal grants as a single applicant, negotiate bulk rates, and keep pricing affordable for students, entrepreneurs and tradespeople.",Structural Economic Scale and Capital Constraints,"181 Coldbrook Village Park Drive, Coldbrook, NS B4R 1B9",https://www.vcfn.ca,,45.07011,-64.5622267
Chebucto Community Net,Chebucto Community Net Society,"Chebucto Community Net is a member-driven, non-profit ISP that operates community internet services and supports shared-access projects, keeping connectivity affordable for households, students, and small enterprises. It embodies a cooperative model by aggregating community demand, negotiating wholesale access, and reinvesting revenues into local network services and digital inclusion initiatives.",Digital Connectivity Gaps,"Community Broadband Co-op: Residents, businesses and municipalities form a cooperative to finance, build and operate local high-speed networks (fiber or fixed wireless), access provincial/federal grants as a single applicant, negotiate bulk rates, and keep pricing affordable for students, entrepreneurs and tradespeople.",Structural Economic Scale and Capital Constraints,"Room 125, Chase Building, 6136 University Avenue, Halifax, NS B3H 4R2",https://www.chebucto.ns.ca,office@chebucto.ns.ca,44.648618,-63.5859487
Colchester-East Hants Public Library – Truro Branch,Colchester-East Hants Public Library,"The Truro Library provides secure, free Wi‑Fi, study areas, public computers, printers, and bookable meeting rooms—offering an accessible, low-cost coworking environment for remote workers, students, and entrepreneurs. Its location serves as a community connectivity hub, with Wi‑Fi available inside during open hours and typically reachable outside after hours, helping bridge digital gaps in central Nova Scotia.",Digital Connectivity Gaps,"Public Wi‑Fi and Remote Work Hubs: Convert town halls, libraries, community centres and unused storefronts into 24/7 or extended-hour secure Wi‑Fi zones and low-cost coworking spaces with desks, printers and meeting rooms to support remote work and learning.",Structural Economic Scale and Capital Constraints,"754 Prince Street, Truro, NS B2N 1G9",https://www.cehpubliclibrary.ca,info@cehpubliclibrary.ca,45.3640087,-63.2787628
Mobile Hotspots and Chromebook Lending,Colchester-East Hants Public Library,"Colchester-East Hants Public Library lends mobile WiFi hotspots and Chromebooks, giving residents in rural communities access to high-speed internet and a working device for school, job hunting, telehealth, and small business tasks. Staff also provide digital help sessions, which complements the device lending by building user confidence and ensuring borrowers can effectively use the technology.",Digital Connectivity Gaps,"Device Loan and Repair Network: Establish a community library of laptops, tablets and portable hotspots with an associated volunteer repair cafe so students and entrepreneurs have reliable devices while building local technical capacity.",Structural Economic Scale and Capital Constraints,"754 Prince Street, Truro, NS B2N 1G9",https://www.cehpubliclibrary.ca,info@cehpubliclibrary.ca,45.3640087,-63.2787628
East Hants Rural High-Speed Internet Project,Municipality of East Hants,"The Municipality of East Hants aggregates resident and business demand through sign‑up lists, speed tests, and surveys across neighboring rural communities to create a strong bulk‑buy case. Using this consolidated demand, the municipality co-invests and partners with ISPs (e.g., Bell Aliant, Xplore) and provincial programs to secure competitive last‑mile fibre and fixed‑wireless builds and service upgrades.",Digital Connectivity Gaps,"Local ISP Partnership and Demand Aggregation: Aggregate household and business demand across neighbouring communities to create bulk-buy incentives, then partner with regional ISPs or co-ops to secure competitive last-mile builds or service upgrades.",Structural Economic Scale and Capital Constraints,"15 Commerce Court, Elmsdale, NS B2S 3K5",https://www.easthants.ca,info@easthants.ca,44.9784368,-63.5103035
East Hants Emergency Management (EMO),Municipality of East Hants,"East Hants EMO coordinates community-based preparedness and response efforts and organizes local volunteers to assist during severe weather and flooding. The program trains residents to operate comfort centres, conduct neighborhood wellness checks, provide basic first-aid support, and perform sandbagging and water-diversion work to reduce immediate storm damage for at-risk households.",Climate Risks and Infrastructure Resilience,"Community Emergency Response Teams (CERT): Train local volunteers in first response, search and rescue basics, sandbagging, and neighborhood check-ins to reduce immediate storm damage and support vulnerable residents.",Structural Economic Scale and Capital Constraints,"230 Highway 2, Enfield, NS B2T 1C9",https://www.easthants.ca,info@easthants.ca,44.9483997,-63.5295055
Antigonish County Rural Broadband Initiative,Municipality of the County of Antigonish,"Antigonish County conducts pre‑registration campaigns and collects address‑level demand across multiple neighboring communities to bundle them into viable build zones. The County then partners with regional ISPs under provincial initiatives to negotiate last‑mile fibre and fixed‑wireless expansions, using pooled demand and co‑funding to reduce per‑premise costs and accelerate deployment.",Digital Connectivity Gaps,"Local ISP Partnership and Demand Aggregation: Aggregate household and business demand across neighbouring communities to create bulk-buy incentives, then partner with regional ISPs or co-ops to secure competitive last-mile builds or service upgrades.",Structural Economic Scale and Capital Constraints,"285 Beech Hill Road, Antigonish, NS B2G 0B4",https://antigonishcounty.ns.ca,info@antigonishcounty.ns.ca,45.6056769,-61.9657609
MODG High-Speed Internet Project,Municipality of the District of Guysborough,"The Municipality of the District of Guysborough aggregates demand across dispersed coastal communities and creates bulk commitments to attract competitive bids. MODG partners with regional ISPs—such as Seaside Communications—through structured agreements and co‑funding to deliver last‑mile fibre builds and service upgrades based on the aggregated, cross‑community demand.",Digital Connectivity Gaps,"Local ISP Partnership and Demand Aggregation: Aggregate household and business demand across neighbouring communities to create bulk-buy incentives, then partner with regional ISPs or co-ops to secure competitive last-mile builds or service upgrades.",Structural Economic Scale and Capital Constraints,"33 Pleasant Street, Guysborough, NS B0H 1N0",https://www.modg.ca,info@modg.ca,45.3894106,-61.4987014
Seaside Communications Rural Fibre Builds,Seaside Communications Inc.,"Seaside Communications partners with Build Nova Scotia and municipalities that aggregate demand across neighboring rural communities to form viable build clusters. The ISP uses these bulk commitments and community sign‑ups to design and deliver last‑mile FTTH and fixed‑wireless upgrades, offering competitive pricing and timelines tied to the aggregated demand.",Digital Connectivity Gaps,"Local ISP Partnership and Demand Aggregation: Aggregate household and business demand across neighbouring communities to create bulk-buy incentives, then partner with regional ISPs or co-ops to secure competitive last-mile builds or service upgrades.",Structural Economic Scale and Capital Constraints,"338 Charlotte Street, Sydney, NS B1P 1C8",https://seasidecom.ca,info@seasidecom.ca,46.1376333,-60.1946643
Mobile Library (Bookmobile),South Shore Public Libraries,"South Shore Public Libraries operates a Mobile Library that travels a scheduled route to rural communities, providing free onboard Wi‑Fi, public computers, printing, and digital literacy programming. By bringing a Wi‑Fi‑equipped vehicle with cellular backhaul directly to underserved areas, it enables residents to access online classes, telehealth appointments, job searches, and pop‑up coworking opportunities where fixed broadband is limited.",Digital Connectivity Gaps,"Mobile Connectivity Units: Equip a van or bus with satellite or cellular backhaul and Wi‑Fi to serve remote pockets on a scheduled route for classes, telehealth, entrepreneurship clinics and pop-up coworking days.",Structural Economic Scale and Capital Constraints,"135 North Park Street, Bridgewater, NS B4V 9B3",https://www.southshorepubliclibraries.ca/mobile-library,info@southshorepubliclibraries.ca,44.3858656,-64.5341196
Connecting Families (Eastlink),Eastlink,"Through the Government of Canada’s Connecting Families program, Eastlink provides eligible low‑income families and seniors in Nova Scotia with high‑speed home internet at a significantly reduced monthly rate. The offer subsidizes monthly service and typically includes provider‑supplied modem/router equipment and installation at low or no additional cost, directly addressing affordability barriers to connectivity for households with students and apprentices.",Digital Connectivity Gaps,"Digital Access Microgrants: Community foundations and local businesses provide small grants or subsidies for modem/router purchase, installation, or subsidized monthly service for students, apprentices, startups and low-income households.",Structural Economic Scale and Capital Constraints,"6080 Young Street, Halifax, NS B3K 5M3",https://ised-isde.canada.ca/site/connecting-families/en,,44.658357,-63.6032774
Connecting Families (Bell Aliant),Bell Aliant (Bell Canada),"Bell Aliant participates in the federal Connecting Families program to offer eligible low‑income families and seniors across Nova Scotia high‑speed internet at a discounted monthly price. This directly subsidizes ongoing service costs and includes provider equipment (e.g., modem/router) and standard installation, helping students, apprentices, and low‑income households stay connected for remote learning and work.",Digital Connectivity Gaps,"Digital Access Microgrants: Community foundations and local businesses provide small grants or subsidies for modem/router purchase, installation, or subsidized monthly service for students, apprentices, startups and low-income households.",Structural Economic Scale and Capital Constraints,"1505 Barrington Street, Halifax, NS B3J 3K5",https://ised-isde.canada.ca/site/connecting-families/en,,44.6445647,-63.5723991
Kings County Internet Speed Test and Mapping (CIRA Partnership),Municipality of the County of Kings,"The Municipality of the County of Kings encourages residents and businesses to run the CIRA Internet Performance Test, creating an open map of actual speeds across the county. The aggregated, public results highlight outages, dead zones, and underperforming areas to guide advocacy to ISPs, inform investment priorities, and strengthen applications to provincial and federal broadband funding programs.",Digital Connectivity Gaps,"Infrastructure Mapping and Community Reporting Platform: Maintain an open, crowd-sourced map of speeds, outages and dead zones to inform investment priorities, support grant applications, and give ISPs and government clear evidence of need.",Structural Economic Scale and Capital Constraints,"181 Coldbrook Village Park Drive, Coldbrook, NS B4R 1B9",https://www.countyofkings.ca,municipality@countyofkings.ca,45.07011,-64.5622267
Planning & Development – Pre-Application and Permitting Support,Municipality of the County of Kings,"Planning staff offer free pre-application consultations, permit checklists, and step-by-step guidance for development, building, and sign permits. They review submissions for completeness and coordinate with inspection services, helping small businesses in rural communities navigate municipal permitting more efficiently and avoid delays.",Barriers to Entrepreneurship and Small Business Growth,"Permit Navigation Volunteer Corps: A trained volunteer network (including retired municipal staff and planners) offering free one-on-one help, checklists and application review to speed up permitting for small businesses in rural towns.",Structural Economic Scale and Capital Constraints,"181 Coldbrook Village Park Drive, Coldbrook, NS B4R 1B9",https://www.countyofkings.ca,planning@countyofkings.ca,45.07011,-64.5622267
Municipality of the County of Kings Youth Council,Municipality of the County of Kings,"Kings County’s Youth Council formalizes youth participation in municipal governance, with youth serving as voting members on the council and, where applicable, on other municipal committees. The municipality provides per‑meeting honoraria and related supports to Youth Council members in line with its citizen committee compensation policies. This structure ensures young people have paid seats and real influence over recommendations that go forward to Council.",Youth Voice and Civic Influence,"Paid Youth Representation on Committees: Allocate paid seats and honoraria for youth on municipal committees, planning boards and nonprofit boards so young people have voting roles and financial support to participate.",Structural Economic Scale and Capital Constraints,"181 Coldbrook Village Park Drive, Coldbrook, NS B4R 1B9",https://www.countyofkings.ca,municipality@countyofkings.ca,45.07011,-64.5622267
Get Involved Kings – Community Pop-Up Engagement,Municipality of the County of Kings,"The Municipality of the County of Kings deploys pop-up engagement tables and travelling workshops across rural villages and small towns to meet residents where they live. Staff frequently visit youth-centered spaces (high schools, NSCC Kingstec, community centres) to host listening sessions, enabling young people to shape municipal priorities on topics like economic development, recreation, and community planning without needing to travel long distances.",Youth Voice and Civic Influence,"Mobile and Pop‑Up Engagement in Rural Areas: Organize pop-up forums, listening tours and mobile buses that bring engagement events to rural and remote communities, reducing travel barriers for youth participation.",Structural Economic Scale and Capital Constraints,"181 Coldbrook Village Park Drive, Coldbrook, NS B4R 1B9",https://www.countyofkings.ca,municipality@countyofkings.ca,45.07011,-64.5622267
Secondary and Backyard Suites (Envision Kings),Municipality of the County of Kings,"Under the Envision Kings planning framework, the Municipality of the County of Kings permits secondary and backyard suites as-of-right in serviced growth centres and many residential zones, supported by standardized applications and staff guidance. This approach accelerates homeowner-led ADUs around employment hubs in Kentville, New Minas, and Coldbrook and in communities near Acadia University, adding diverse, attainable rentals for young workers and newcomers.",International Student and Newcomer Retention,"Municipal Zoning for Accessory Dwelling Units (ADUs): Advocate for and support municipal changes to permit and fast-track ADUs and secondary suites in neighbourhoods near campuses and employment hubs, increasing affordable rental stock suitable for young newcomers and graduates.",Structural Economic Scale and Capital Constraints,"181 Coldbrook Village Park Drive, Coldbrook, NS B4R 1B9",https://www.countyofkings.ca,planning@countyofkings.ca,45.07011,-64.5622267
MODL Internet Speed Test and Coverage Mapping,Municipality of the District of Lunenburg,"The Municipality of the District of Lunenburg runs an ongoing internet speed testing campaign using CIRA’s crowd-sourced platform to map actual service performance across communities. The open data and maps identify connectivity gaps and outages, helping the municipality and partners prioritize projects, engage ISPs, and prepare evidence-based submissions for connectivity grants.",Digital Connectivity Gaps,"Infrastructure Mapping and Community Reporting Platform: Maintain an open, crowd-sourced map of speeds, outages and dead zones to inform investment priorities, support grant applications, and give ISPs and government clear evidence of need.",Structural Economic Scale and Capital Constraints,"210 Aberdeen Road, Bridgewater, NS B4V 4G8",https://www.modl.ca,modl@modl.ca,44.3849399,-64.5127618
Municipality of the District of Lunenburg Youth Council,Municipality of the District of Lunenburg,"MODL’s Youth Council gives local youth a formal, voting role advising municipal staff and Council on priorities like recreation, planning, and community development. Members are provided an honorarium per meeting and supports such as transportation, mirroring compensation for other citizen appointments so participation is accessible. The Youth Council forwards motions and recommendations directly to Council and may place youth on standing committees, ensuring paid youth representation influen...",Youth Voice and Civic Influence,"Paid Youth Representation on Committees: Allocate paid seats and honoraria for youth on municipal committees, planning boards and nonprofit boards so young people have voting roles and financial support to participate.",Structural Economic Scale and Capital Constraints,"210 Aberdeen Road, Bridgewater, NS B4V 4G8",https://www.modl.ca,,44.3849399,-64.5127618
Colchester County Internet Speed Test Mapping,Municipality of the County of Colchester,"Colchester County invites residents to complete community internet speed tests that feed into a public map of service quality and dead zones. The resulting crowd-sourced dataset supports the County’s broadband planning, strengthens funding proposals, and provides ISPs and governments with clear, location-based evidence of need.",Digital Connectivity Gaps,"Infrastructure Mapping and Community Reporting Platform: Maintain an open, crowd-sourced map of speeds, outages and dead zones to inform investment priorities, support grant applications, and give ISPs and government clear evidence of need.",Structural Economic Scale and Capital Constraints,"1 Church Street, Truro, NS B2N 3Z5",https://www.colchester.ca,info@colchester.ca,45.36568,-63.2759567
Digital Job Search & Remote Work Workshops,Job Junction (Nova Scotia Works),"As a Nova Scotia Works centre, Job Junction offers free workshops and coaching on digital job search, LinkedIn, virtual interviewing, and using remote-work tools like Zoom, Microsoft Teams, and Google Workspace. They provide computer lab access and staff guidance on cybersecurity and online professionalism, preparing clients for remote employment, freelancing, and digitally enabled careers.",Digital Connectivity Gaps,"Digital Skills and Remote Work Training: Run community-led programs teaching remote-work tools, cybersecurity, online entrepreneurship and digital job-readiness so residents can fully leverage improved connectivity.",Structural Economic Scale and Capital Constraints,"6950 Mumford Road, Suite 0140, Halifax, NS B3L 4W1",https://www.jobjunction.ca,info@jobjunction.ca,44.6465144,-63.6181085
Repair Café Halifax,Halifax Tool Library,"Repair Café Halifax is a volunteer-run program where community members bring broken laptops, tablets, phones, and small electronics to be diagnosed and repaired for free alongside experienced fixers. By extending device life, sharing skills, and often hosting events at public libraries and community centres, the initiative delivers the repair-café component of the solution and grows local technical capacity to keep students and entrepreneurs reliably connected.",Digital Connectivity Gaps,"Device Loan and Repair Network: Establish a community library of laptops, tablets and portable hotspots with an associated volunteer repair cafe so students and entrepreneurs have reliable devices while building local technical capacity.",Structural Economic Scale and Capital Constraints,"3115 Veith Street, Halifax, NS B3K 3G9",https://halifaxtoollibrary.ca,info@halifaxtoollibrary.ca,44.664829,-63.5955927
Workshops and Tool Lending,Halifax Tool Library,"Halifax Tool Library equips residents to undertake DIY resilience retrofits by lending tools and teaching practical skills in workshops (e.g., sealing foundation cracks, installing window wells, redirecting downspouts, and regrading to shed water). Members commonly organize neighbour work parties and volunteer ‘fix-it’ events, lowering costs and enabling group retrofit days that improve drainage and reduce basement flood risk.",Climate Risks and Infrastructure Resilience,"Home Resilience Retrofit Program: Run a community-supported retrofit initiative offering group discounts, volunteer labour swaps and how-to workshops for flood-proofing basements, elevating utilities, improving drainage and sealing buildings.",Structural Economic Scale and Capital Constraints,"3115 Veith Street, Halifax, NS B3K 3G9",https://halifaxtoollibrary.ca,info@halifaxtoollibrary.ca,44.664829,-63.5955927
WiFi-to-Go and Chromebook Lending,Western Counties Regional Library,"Western Counties Regional Library offers WiFi-to-Go hotspots and Chromebook lending so people across Digby, Shelburne, and Yarmouth counties can stay connected and productive even where home internet is limited. The program directly addresses digital connectivity gaps for students, job seekers, and entrepreneurs by pairing loanable devices with portable internet access.",Digital Connectivity Gaps,"Device Loan and Repair Network: Establish a community library of laptops, tablets and portable hotspots with an associated volunteer repair cafe so students and entrepreneurs have reliable devices while building local technical capacity.",Structural Economic Scale and Capital Constraints,"405 Main Street, Yarmouth, NS B5A 1G3",https://westerncounties.ca,info@westerncounties.ca,43.8386003,-66.1194444
Pictou County Rural Broadband Project,Municipality of the County of Pictou,"Pictou County established a local broadband funding stream that co-invests with internet service providers and matches provincial/federal connectivity programs to reach last‑mile homes and businesses. The initiative supports fibre spurs, small‑cell and tower deployments, and targeted backhaul where gaps persist, with priorities set using county mapping and resident reports. By blending municipal, private, and higher‑order government dollars, the project advances service to rural communities t...",Digital Connectivity Gaps,"Public-Private Last‑Mile Innovation Fund: Create a locally managed fund seeded by municipalities, businesses and community donors to match provincial/federal grants for last-mile builds, small-cell installations and community backhaul projects prioritized by local need.",Structural Economic Scale and Capital Constraints,"46 Municipal Drive, Pictou, NS B0K 1H0",https://munpict.ca,info@munpict.ca,45.6825264,-62.7336085
Sensory-Friendly Hours and Accessibility Program,Discovery Centre,"The Discovery Centre offers sensory-friendly hours with reduced noise and lighting, sensory maps, and quiet zones, while maintaining accessible entries, elevators, and universal washrooms. Staff receive inclusion training and the Centre works with community partners to reduce barriers for neurodivergent visitors and families. These measures implement the solution by embedding sensory-friendly features and inclusive facilities within a major public, youth-serving space.",Inclusion and Discrimination,"Accessible Community Spaces and Transit Improvements: Work with community groups and local government to audit and upgrade public spaces, recreational facilities and transit for physical accessibility, gender-inclusive facilities, sensory-friendly features and better route/service coverage in underserved neighbourhoods.",Structural Economic Scale and Capital Constraints,"1215 Lower Water Street, Halifax, NS B3J 3S8",https://thediscoverycentre.ca,info@thediscoverycentre.ca,44.6416898,-63.5678259
NSCAD University Co-op Education,NSCAD University,"NSCAD’s Co-op Education program places undergraduate students from design, craft, and fine arts with museums, galleries, studios, startups, and creative businesses for structured work terms. These placements give students industry experience, mentorship, and networks in Nova Scotia’s cultural and creative sectors, showcasing diverse, year-round career paths in the province.",Industry Concentration and Seasonality,"School-to-Community Career Pathways: Create local career pathway programs connecting K-12 and post-secondary students with community employers for internships, project work and entrepreneurship projects that expose youth to diverse local opportunities.",Structural Economic Scale and Capital Constraints,"5163 Duke Street, Halifax, NS B3J 3J6",https://nscad.ca,coop@nscad.ca,44.6486146,-63.577353
Work Experience and Job Shadow Placements,TEAM Work Cooperative (Nova Scotia Works),"TEAM Work Cooperative (a Nova Scotia Works employment centre) brokers short, time-limited work experiences, paid wage-subsidy trials, and job-shadow opportunities with local SMEs and non-profits. These customized placements provide clients— including newcomers and young jobseekers— with Canadian workplace exposure, references, and a pathway to sustained employment.",Credential Recognition and Experience Barriers,"Micro‑Internships and Work‑Shadow Placements: Coordinate short, paid micro‑internships and job‑shadow opportunities with local small businesses and non‑profits to give candidates Canadian work experience and employer references.",Structural Economic Scale and Capital Constraints,"705-1657 Barrington Street, Halifax, NS B3J 2A1",https://teamworkcooperative.ca,info@teamworkcooperative.ca,44.6466646,-63.5736014
Internationally Educated Nurses (IEN) Pathway,Nova Scotia College of Nursing (NSCN),"NSCN provides registration advisors who act as credential navigators for internationally educated nurses, guiding them through document translation, verification and competency assessment. Through information sessions and individualized support, they help candidates assemble evidence and portfolios that demonstrate skills and meet Nova Scotia’s licensing requirements, easing entry to employment.",Credential Recognition and Experience Barriers,"Skills Recognition Clinics: Host regular community clinics where volunteers and credential navigators help people translate, document and present foreign or out‑of‑province qualifications and create skills portfolios employers understand.",Structural Economic Scale and Capital Constraints,"300-7071 Bayers Road, Halifax, NS B3L 2C2",https://www.nscn.ca,information@nscn.ca,44.6541222,-63.6273462
Internationally Educated Nurses (IEN) Competency Bridging Program,"Registered Nurses Professional Development Centre (RNPDC), Nova Scotia Health","RNPDC’s IEN Bridging Program provides targeted coursework, simulation labs, and supervised clinical placements to help internationally educated nurses meet the Nova Scotia College of Nursing’s competency and practice requirements. This structured, locally adapted bridge closes specific skill gaps and accelerates credential recognition so participants can enter in-demand nursing roles in Nova Scotia.",Credential Recognition and Experience Barriers,Community Bridging Courses and Micro‑Credentials: Partner with regional colleges and training providers to run locally adapted bridging programs and short micro‑credentials that close specific skill gaps for in‑demand jobs.,Structural Economic Scale and Capital Constraints,"1276 South Park Street, Bethune Building, 11th Floor, Halifax, NS B3H 2Y9",https://rnpdc.nshealth.ca,rnpdc@nshealth.ca,44.648618,-63.5859487
Volunteer Program,Halifax Public Libraries,"Halifax Public Libraries manages volunteer roles with clear position descriptions, tracked hours, and reference/confirmation letters that verify duties and skills. These standardized records help volunteers present community service as credible, job-relevant experience to employers and, where applicable, support applications to regulated programs.",Credential Recognition and Experience Barriers,"Volunteer Experience Conversion Program: Establish standards and templates for documenting volunteer and community work so it can be presented as verifiable, relevant experience to employers and regulators.",Structural Economic Scale and Capital Constraints,"5440 Spring Garden Road, Halifax, NS B3J 1E9",https://www.halifaxpubliclibraries.ca/support/volunteer,contactus@halifaxpubliclibraries.ca,44.6428872,-63.5752999
Atlantic Immigrant Career Loan Fund (AICLF),Immigrant Services Association of Nova Scotia (ISANS),"AICLF combines tailored career navigation with micro-loans to help internationally trained newcomers finance and complete required assessments, courses, and exams for credential recognition in Nova Scotia. Advisors work with clients to identify which credentials need formal evaluation, outline licensing pathways, and connect them with employers willing to consider alternative qualifications while full recognition is in progress, offering both online and in-person support.",Credential Recognition and Experience Barriers,"Local Credential Translation & Navigation Hub: Set up a one‑stop community hub (online and in‑person) that helps newcomers identify which credentials need formal assessment, which employers accept alternatives, and how to start evaluations.",Structural Economic Scale and Capital Constraints,"6960 Mumford Road, Suite 2120, Halifax, NS B3L 4P1",https://aiclf.ca,aiclf@isans.ca,44.645137,-63.6190662
ISANS SkillsMatch Online Recruitment Tool,Immigrant Services Association of Nova Scotia (ISANS),"SkillsMatch is a digital talent-matching platform run by ISANS that enables employers to search and connect with immigrant and refugee job seekers in Nova Scotia based on demonstrated skills, experience, and portfolios rather than relying solely on formal credentials. Candidates maintain detailed profiles showcasing competencies, projects, and language abilities, allowing employers to short‑list talent for project work, trials, or roles that emphasize practical capability and fit. This peer‑t...",Credential Recognition and Experience Barriers,Peer‑to‑Peer Job Matching Platform: Develop a community‑run digital platform that matches employers with newcomers based on demonstrated skills and project portfolios rather than only formal credentials.,Structural Economic Scale and Capital Constraints,"6960 Mumford Road, Halifax, NS B3L 1H6",https://skillsmatch.isans.ca,employment@isans.ca,44.6448559,-63.6191248
Connector+ (Halifax Connector Program Digital Platform),Halifax Partnership (National Connector Program),"Connector+ is a community‑run digital platform from the Halifax Connector Program that matches newcomers and recent graduates with local employers and industry ‘Connectors’ based on skills, career interests, and portfolios. Through in‑app profiles, portfolio links, and targeted introductions, job seekers build networks and secure informational interviews and project opportunities that showcase capability over formal credential checks. This peer‑to‑peer approach helps break experience barriers...",Credential Recognition and Experience Barriers,Peer‑to‑Peer Job Matching Platform: Develop a community‑run digital platform that matches employers with newcomers based on demonstrated skills and project portfolios rather than only formal credentials.,Structural Economic Scale and Capital Constraints,"1809 Barrington Street, Halifax, NS B3J 3K8",https://connectorplus.ca,info@halifaxpartnership.com,44.6489899,-63.5745798
NSCC Work-Integrated Learning Projects via Riipen,Nova Scotia Community College (NSCC),"Nova Scotia Community College uses the Riipen digital platform to match learners—including many newcomers and internationally trained professionals upgrading skills—with Nova Scotia employers for real projects based on portfolios, competencies, and interests. Employers post scoped projects and select students by reviewing showcased work and skills, enabling evidence‑based hiring pipelines that often lead to paid roles. This project‑first, skills‑verified model directly addresses credential re...",Credential Recognition and Experience Barriers,Peer‑to‑Peer Job Matching Platform: Develop a community‑run digital platform that matches employers with newcomers based on demonstrated skills and project portfolios rather than only formal credentials.,Structural Economic Scale and Capital Constraints,"5685 Leeds Street, Halifax, NS B3K 2T3",https://www.riipen.com,info@nscc.ca,44.6695773,-63.6147024
Halifax Local Immigration Partnership (HLIP),Halifax Regional Municipality (HRM),"HLIP is a multi-sector council that regularly hosts employer–newcomer roundtables and working groups focused on improving immigrant employment and credential recognition in Halifax. These sessions convene employers, post-secondary and training providers, regulatory bodies, and immigrants to map barriers and co-develop pilot solutions such as mentorship networks, micro-credential pathways, and employer toolkits, which are then tested and scaled with local partners.",Credential Recognition and Experience Barriers,"Employer‑Newcomer Roundtables: Host regular local roundtables where employers, regulators, training providers and newcomers identify specific recognition barriers and co‑design practical fixes and pilots.",Structural Economic Scale and Capital Constraints,"1841 Argyle Street, Halifax, NS B3J 3A5",https://www.halifax.ca,immigration@halifax.ca,44.648927,-63.5753248
Cape Breton Local Immigration Partnership (CBLIP),Cape Breton Partnership,"CBLIP organizes recurring employer roundtables and community forums that bring employers, sector councils, training providers, regulators, and immigrant residents together to address hiring and recognition of international qualifications in Cape Breton. The partnership co-designs and supports pilots—such as trial work placements, recognition-of-prior-learning pathways, and employer training—to reduce ‘no experience, no job’ cycles and improve local credential recognition practices.",Credential Recognition and Experience Barriers,"Employer‑Newcomer Roundtables: Host regular local roundtables where employers, regulators, training providers and newcomers identify specific recognition barriers and co‑design practical fixes and pilots.",Structural Economic Scale and Capital Constraints,"285 Alexandra Street, Sydney, NS B1S 2E8",https://newtocapebreton.com/local-immigration-partnership/,info@capebretonpartnership.com,46.1216248,-60.1972588
Dalhousie Business Law Clinic,"Schulich School of Law, Dalhousie University","The clinic provides free or low‑cost legal information and services to startups, social enterprises, and small businesses on incorporation, contracts, regulatory compliance, and intellectual property, delivered by law students under lawyer supervision. By offering accessible legal clinics, it removes a major barrier for newcomer and first‑time entrepreneurs who may lack recognized credentials or local networks, complementing mentorship and financing supports so they can formalize operations a...",Credential Recognition and Experience Barriers,"Newcomer Entrepreneurship Incubator: Provide locally accessible incubator supports — mentoring, micro‑grants, legal and accounting clinics — enabling credential‑constrained individuals to start businesses and hire locally.",Structural Economic Scale and Capital Constraints,"Weldon Law Building, 6061 University Avenue, Halifax, NS B3H 4H9",https://www.dal.ca,,44.6382006,-63.5875635
Co-Curricular Record (CCR),Saint Mary’s University,"Saint Mary’s University offers an official CCR where students document volunteer, leadership, and experiential roles that are verified by campus and community supervisors and tied to core competencies. This provides a centralized, standardized reference bank that students can share with employers to prove community-engaged skills and experience, mitigating the ‘no experience, no job’ barrier.",Credential Recognition and Experience Barriers,"Community Reference Bank: Create a verified repository where civic groups, volunteer supervisors and educators can submit standardized references and competency attestations for local jobseekers.",Structural Economic Scale and Capital Constraints,"923 Robie Street, Halifax, NS B3H 3C3",https://www.smu.ca,,44.6313165,-63.5816691
MyCreds Digital Credential Wallet (NSCC),Nova Scotia Community College,"Nova Scotia Community College issues secure, verifiable digital credentials through the MyCreds platform, enabling learners to store and share official transcripts, diplomas, and micro‑credentials with employers. As an educator-verified repository, it standardizes competency attestations and expedites recognition of qualifications for jobseekers across sectors.",Credential Recognition and Experience Barriers,"Community Reference Bank: Create a verified repository where civic groups, volunteer supervisors and educators can submit standardized references and competency attestations for local jobseekers.",Structural Economic Scale and Capital Constraints,"5685 Leeds Street, Halifax, NS B3K 2T3",https://www.mycreds.ca,,44.6695773,-63.6147024
YREACH,YMCA of Greater Halifax/Dartmouth,"YREACH provides employer outreach across urban and rural Nova Scotia, offering presentations, lunch-and-learns, and HR coaching on inclusive hiring and retention of newcomers. Sessions guide employers on recognizing transferable skills, using alternative proofs of competence, and navigating credential recognition resources so that international experience is assessed fairly in recruitment.",Credential Recognition and Experience Barriers,"Recognition Awareness and Employer Education Campaign: Run local campaigns and workshops to educate employers about transferrable skills, alternative evidence of competence, and best practices for assessing non‑Canadian experience.",Structural Economic Scale and Capital Constraints,"104-7071 Bayers Road, Halifax, NS B3L 2C2",https://ymcahfx.ca/programs/yreach,yreach@halifax.ymca.ca,44.6541222,-63.6273462
Procurement Assistance Nova Scotia (PANS) and Supplier Diversity,Province of Nova Scotia – Procurement,"PANS helps local and diverse suppliers—including newcomer- and youth-led firms—participate in provincial procurement and supports departments to include supplier diversity and community benefits in solicitations. Provincial procurement tools allow weighting for social value and workforce development commitments, giving preference to vendors with inclusive hiring, apprenticeships, and training practices. This advances preferential public procurement and creates pathways for candidates with alt...",Credential Recognition and Experience Barriers,Municipal Hiring Pilots and Preferential Procurement: Encourage municipal governments and public agencies to pilot hiring people with alternative credentials and to give preference to local contractors who demonstrate inclusive hiring and training.,Structural Economic Scale and Capital Constraints,"1505 Barrington Street, Halifax, NS B3J 3K5",https://procurement.novascotia.ca,procurement@novascotia.ca,44.6445647,-63.5723991
Nova Scotia Small Business Loan Guarantee Program (delivered by East Coast Credit Union),East Coast Credit Union,"East Coast Credit Union, a member-owned financial cooperative, delivers the Nova Scotia Small Business Loan Guarantee Program across rural communities. It provides small, low-interest business loans with a provincial guarantee to entrepreneurs who may be declined by traditional lenders; funds are sourced from local member deposits and revolve back into the community as loans are repaid. Local governance and branch presence outside HRM make it accessible to entrepreneurs in Antigonish and surr...",Barriers to Entrepreneurship and Small Business Growth,"Community Microloan Fund: A locally governed revolving microloan fund seeded by residents, businesses, and philanthropic groups to provide small, low-interest loans and loan guarantees to entrepreneurs outside HRM who lack access to traditional capital.",Structural Economic Scale and Capital Constraints,"257 Main Street, Antigonish, NS B2G 2C1",https://www.eastcoastcu.ca,info@eastcoastcu.ca,45.6223732,-61.9908347
Nova Scotia Small Business Loan Guarantee Program (delivered by Valley Credit Union),Valley Credit Union,"Valley Credit Union is a community-governed financial cooperative serving the Annapolis Valley and Western Nova Scotia. Through the Nova Scotia Small Business Loan Guarantee Program and its own small business lending, it offers small, affordable loans and guarantees to startups and growing firms that may lack collateral, with capital mobilized from local members and businesses and recycled as loans are repaid. This directly addresses rural access-to-capital gaps outside HRM.",Barriers to Entrepreneurship and Small Business Growth,"Community Microloan Fund: A locally governed revolving microloan fund seeded by residents, businesses, and philanthropic groups to provide small, low-interest loans and loan guarantees to entrepreneurs outside HRM who lack access to traditional capital.",Structural Economic Scale and Capital Constraints,"640 Main Street, Middleton, NS B0S 1P0",https://www.valleycreditunion.com,info@valleycreditunion.com,44.9380594,-65.0771509
Nova Scotia Small Business Loan Guarantee Program (delivered by Community Credit Union of Cumberland Colchester),Community Credit Union of Cumberland Colchester,"Community Credit Union of Cumberland Colchester participates in the Nova Scotia Small Business Loan Guarantee Program to expand financing access for entrepreneurs in northern Nova Scotia. As a locally owned credit union, it pools deposits from residents and businesses to provide small, low-interest loans that are provincially guaranteed, creating a revolving source of community capital. Its Amherst branch serves entrepreneurs outside HRM with relationship-based lending and mentorship referrals.",Barriers to Entrepreneurship and Small Business Growth,"Community Microloan Fund: A locally governed revolving microloan fund seeded by residents, businesses, and philanthropic groups to provide small, low-interest loans and loan guarantees to entrepreneurs outside HRM who lack access to traditional capital.",Structural Economic Scale and Capital Constraints,"33 Acadia Street, Amherst, NS B4H 3K7",https://www.communitycreditunion.ns.ca,info@communitycreditunion.ns.ca,45.833849,-64.208172
Community Investment & Sponsorship Program,Community Credit Union of Cumberland Colchester,"Community Credit Union provides grants and sponsorships to local initiatives, frequently structured to match community fundraising or to complement short-term grants from municipalities or foundations. This approach leverages credit union capital to co-invest with local businesses and extend the life and scope of community projects, directly implementing the Local Match Partnership concept.",Policy Fragmentation and Short-Term Funding,"Local Match Partnership Program: Build partnerships with local businesses and credit unions to offer matching funds for community projects that secure shorter-term grants, extending program horizons and encouraging private co-investment.",Structural Economic Scale and Capital Constraints,"347 Willow Street, Truro, NS B2N 5A6",https://www.communitycreditunion.ns.ca,info@communitycreditunion.ns.ca,45.3529887,-63.2937225
PeerSpark,Centre for Women in Business (Mount Saint Vincent University),"PeerSpark is a cohort-based program that forms facilitated peer mentoring circles for women-identifying entrepreneurs, drawing on a province-wide network of volunteer advisors and alumni—including retired executives and seasoned professionals. Groups meet regularly online and at the Centre’s hub to work through business planning, access to capital, sales operations, and growth management, providing ongoing, sector-aware guidance and accountability.",Barriers to Entrepreneurship and Small Business Growth,"Volunteer Mentor Circles: Neighborhood- and sector-based mentor groups of retired business owners, tradespeople, and professionals who meet regularly (in-person or online) to advise new entrepreneurs on planning, financing, and operations.",Structural Economic Scale and Capital Constraints,"166 Bedford Highway, 3rd Floor McCain Centre, Halifax, NS B3M 2J6",https://www.cwbns.ca,info@cwbns.ca,44.648618,-63.5859487
"COVE (Centre for Ocean Ventures & Entrepreneurship) Shared Offices, Labs, and Workshops",Centre for Ocean Ventures & Entrepreneurship,"COVE is a nonprofit ocean-tech hub that transforms a former coast guard site into shared coworking offices, prototyping labs, and marine workshops for startups and SMEs. It advances the solution by providing subsidized or program-supported access to specialized facilities, meeting rooms, and a collaborative community, lowering costs for entrepreneurs and enabling hands-on making and testing.",Barriers to Entrepreneurship and Small Business Growth,"Shared Workspaces and Maker Hubs: Transform underused community buildings into affordable coworking and maker spaces run as cooperatives or nonprofits, offering desks, workshops, meeting rooms and subsidized rates for startups.",Structural Economic Scale and Capital Constraints,"27 Parker Street, Dartmouth, NS B2Y 4T5",https://coveocean.com,info@coveocean.com,44.6622182,-63.5567724
Salt Yard Pop-Up Vendor Program,Build Nova Scotia,"Build Nova Scotia curates seasonal pop-up retail kiosks along the Halifax waterfront, providing short-term, low-cost vending spaces with shared amenities like power and foot-traffic marketing. The rotating vendor model and centrally managed calendar allow new and small businesses to test products, refine offerings, and reach large festival and tourism audiences without long leases.",Barriers to Entrepreneurship and Small Business Growth,"Pop-up Retail & Kitchen Program: A community-run calendar and space-rotation program that lets entrepreneurs test products and food concepts in vacant storefronts, festivals, or community kitchens with minimal upfront costs.",Structural Economic Scale and Capital Constraints,"1751 Lower Water Street, Halifax, NS B3J 1S5",https://buildns.ca/places/halifax-waterfront/salt-yard/,info@buildns.ca,44.6492185,-63.5710311
Halifax Seaport Farmers’ Market Vendor Program,Halifax Port Authority,"The Seaport Market offers flexible, short-term vendor tables and day-stalls that let food and craft entrepreneurs trial products and build customers with minimal upfront costs. Market management rotates vendors through a weekly calendar and special events, functioning as a real-world testbed for new brands while providing guidance on market readiness and food safety requirements.",Barriers to Entrepreneurship and Small Business Growth,"Pop-up Retail & Kitchen Program: A community-run calendar and space-rotation program that lets entrepreneurs test products and food concepts in vacant storefronts, festivals, or community kitchens with minimal upfront costs.",Structural Economic Scale and Capital Constraints,"961 Marginal Road, Halifax, NS B3H 4P7",https://www.halifaxseaport.ca/halifax-seaport-farmers-market/,info@portofhalifax.ca,44.6363297,-63.5657453
Wolfville Farmers’ Market Kitchen and Pop-Up Vendor Program,Wolfville Farmers’ Market Cooperative,"The Wolfville Farmers’ Market provides rotating, low-commitment vendor stalls and a rentable commercial kitchen that allows startups to develop recipes and test demand without a long-term lease. The market’s community-run calendar, regular crowds, and vendor support help entrepreneurs pilot food concepts, refine packaging and pricing, and scale into permanent operations.",Barriers to Entrepreneurship and Small Business Growth,"Pop-up Retail & Kitchen Program: A community-run calendar and space-rotation program that lets entrepreneurs test products and food concepts in vacant storefronts, festivals, or community kitchens with minimal upfront costs.",Structural Economic Scale and Capital Constraints,"24 Elm Avenue, Wolfville, NS B4P 1Z9",https://www.wolfvillefarmersmarket.ca,info@wolfvillefarmersmarket.ca,45.0927247,-64.3641647
Truro Farmers’ Market Pop-Up Vendor Program,Truro Farmers’ Market Cooperative,"The Truro Farmers’ Market offers short-term, affordable tables and seasonal pop-up opportunities for new food and retail entrepreneurs to trial products and gather customer feedback. Its rotating vendor schedule and community events provide an accessible first step into commerce, reducing risk and space costs for small businesses outside HRM.",Barriers to Entrepreneurship and Small Business Growth,"Pop-up Retail & Kitchen Program: A community-run calendar and space-rotation program that lets entrepreneurs test products and food concepts in vacant storefronts, festivals, or community kitchens with minimal upfront costs.",Structural Economic Scale and Capital Constraints,"15 Young Street, Truro, NS B2N 3W3",https://www.trurofarmersmarket.org,,45.3648126,-63.2796638
Nova Scotia Business Navigators,Government of Nova Scotia – Office of Regulatory Affairs and Service Effectiveness,"A free, province-wide service that provides one-on-one guidance to entrepreneurs on permits, licenses, and regulatory requirements at the municipal, provincial, and federal levels. Navigators offer tailored checklists, connect applicants with the correct officials, and review applications for completeness to reduce back-and-forth—speeding up permitting for small businesses, including those in rural communities.",Barriers to Entrepreneurship and Small Business Growth,"Permit Navigation Volunteer Corps: A trained volunteer network (including retired municipal staff and planners) offering free one-on-one help, checklists and application review to speed up permitting for small businesses in rural towns.",Structural Economic Scale and Capital Constraints,"1800 Argyle Street, Halifax, NS B3J 3N8",https://novascotia.ca,busnav@novascotia.ca,44.6482199,-63.5767414
Cape Breton Partnership – Business Services,Cape Breton Partnership,"Business advisors provide hands-on, no-cost support to startups and small firms across Cape Breton and Victoria Counties, including help understanding zoning, development, and licensing requirements in local municipalities. The team coordinates pre-application discussions, shares step-by-step checklists, and reviews submission packages to reduce delays and streamline permitting for rural businesses.",Barriers to Entrepreneurship and Small Business Growth,"Permit Navigation Volunteer Corps: A trained volunteer network (including retired municipal staff and planners) offering free one-on-one help, checklists and application review to speed up permitting for small businesses in rural towns.",Structural Economic Scale and Capital Constraints,"285 Alexandra Street, Sydney, NS B1S 2E8",https://capebretonpartnership.com,info@capebretonpartnership.com,46.1216248,-60.1972588
Business Advocacy and Municipal Engagement,Cape Breton Partnership,"The Cape Breton Partnership brings together employers, sector groups, and community organizations to work directly with Cape Breton Regional Municipality and rural municipal units on improving the development environment. By coordinating business roundtables with planning offices, submitting joint letters and research to councils, and helping municipalities adopt clearer permit checklists and consistent zoning interpretations, it advocates for faster, simpler approvals and common-sense zoning...",Barriers to Entrepreneurship and Small Business Growth,"Municipal Partnership Advocacy Groups: Local business associations and community groups collaborate to lobby municipal councils for streamlined permitting templates, faster approvals, and common-sense zoning updates in outlying areas.",Structural Economic Scale and Capital Constraints,"275 Charlotte Street, Sydney, NS B1P 1C6",https://capebretonpartnership.com,info@capebretonpartnership.com,46.1389039,-60.1948084
Cape Breton Partnership – Regional Collaboration & Sector Roundtables,Cape Breton Partnership,"The Cape Breton Partnership facilitates island-wide collaboration by hosting recurring regional forums and sector roundtables that include municipal units from across Cape Breton–Unama’ki, rural communities, and Mi’kmaw communities. These convenings coordinate economic development strategies, foster cross-community resource sharing, and help partners pursue joint funding for infrastructure, workforce, and industry diversification projects.",Regional Disparities,"Inter-Community Collaboration Forums: Host regular forums between neighboring towns and rural areas to coordinate economic development, share resources and pursue joint grant opportunities.",Structural Economic Scale and Capital Constraints,"275 Charlotte Street, Sydney, NS B1P 1C6",https://capebretonpartnership.com,info@capebretonpartnership.com,46.1389039,-60.1948084
Acadia Entrepreneurship Centre – Business Advisory Services,Acadia Entrepreneurship Centre (Acadia University),"AEC advisors work one-on-one with entrepreneurs and small businesses across the Annapolis Valley and rural Nova Scotia to map regulatory steps and prepare permitting and licensing applications. They provide practical checklists, connect clients with municipal planning staff, and review documents to ensure completeness—helping reduce processing time for permits in smaller towns.",Barriers to Entrepreneurship and Small Business Growth,"Permit Navigation Volunteer Corps: A trained volunteer network (including retired municipal staff and planners) offering free one-on-one help, checklists and application review to speed up permitting for small businesses in rural towns.",Structural Economic Scale and Capital Constraints,"24 University Avenue, Wolfville, NS B4P 2R6",https://acadiaentrepreneurshipcentre.com,aecinfo@acadiau.ca,45.0882471,-64.3682264
Community Economic Development Investment Funds (CEDIF) Program,Nova Scotia Department of Finance and Treasury Board,"The Province of Nova Scotia’s CEDIF Program enables communities to organize local investors into formal investment co-operatives or funds that pool small contributions and make equity or patient-capital investments in Nova Scotia businesses. The model functions like a structured local investment club, with volunteer boards providing governance and due diligence and many funds pairing capital with mentorship from experienced businesspeople, expanding access to early-stage financing and guidanc...",Barriers to Entrepreneurship and Small Business Growth,"Local Investment Clubs and Angel Networks: Organize community investors into formal clubs that pool capital to make small equity investments in local startups, with mentorship and due-diligence support from experienced volunteers.",Structural Economic Scale and Capital Constraints,"1723 Hollis Street, Halifax, NS B3J 1V9",https://novascotia.ca,cedif@novascotia.ca,44.6480407,-63.5728911
New Dawn Centre for Social Innovation,New Dawn Enterprises,"New Dawn Enterprises owns and manages this multi-tenant commercial campus, redeveloping community buildings to provide long-term, affordable office and studio space for local small businesses, nonprofits, and social enterprises in downtown Sydney. By holding the property in community hands and subletting at mission-driven, below-market rates with flexible terms, it stabilizes costs for entrepreneurs and preserves accessible commercial space outside HRM.",Barriers to Entrepreneurship and Small Business Growth,"Community Land Trust for Commercial Space: Create a community land trust that buys or leases commercial properties and sublets them at below-market rates to local small businesses, ensuring long-term affordable space outside HRM.",Structural Economic Scale and Capital Constraints,"37 Nepean Street, Sydney, NS B1P 1K4",https://newdawn.ca,info@newdawn.ca,46.1431613,-60.1966931
Eltuek Arts Centre,New Dawn Enterprises,"Operated by New Dawn, Eltuek Arts Centre redeveloped a landmark property into a community-owned facility that leases studios, offices, and shared production spaces to artists, creative micro-enterprises, and cultural nonprofits. The centre sublets these commercial workspaces at accessible, community-based rates and with stable tenancy, ensuring long-term affordable space for creative businesses in Cape Breton, outside HRM.",Barriers to Entrepreneurship and Small Business Growth,"Community Land Trust for Commercial Space: Create a community land trust that buys or leases commercial properties and sublets them at below-market rates to local small businesses, ensuring long-term affordable space outside HRM.",Structural Economic Scale and Capital Constraints,"170 George Street, Sydney, NS B1P 1J4",https://eltuek.ca,info@eltuek.ca,46.1434098,-60.1963358
Eltuek Arts Centre (Studios and Shared Creative Spaces),New Dawn Enterprises,"Eltuek repurposes a former convent into affordable studios, workshops, and gallery/event spaces for artists, cultural workers, and creative entrepreneurs. By offering shared-use facilities for production and pop-up exhibitions/markets, it lowers barriers to entry and supports creative enterprises to operate and earn income year-round, diversifying the local economy beyond seasonal peaks.",Industry Concentration and Seasonality,"Shared-use Facilities and Pop-up Spaces: Convert underused community buildings into shared kitchens, fabrication labs, studios or retail pop-up spaces that lower start-up costs and help seasonal businesses test year-round offerings.",Structural Economic Scale and Capital Constraints,"170 George Street, Sydney, NS B1P 1J4",https://eltuek.ca,info@eltuek.ca,46.1434098,-60.1963358
Mahone Bay Centre – Community & Business Spaces,Mahone Bay Centre Society,"The Mahone Bay Centre Society owns a former school that has been converted into a community hub offering affordable offices, studios, and classrooms to local artisans, wellness practitioners, nonprofits, and small businesses. By keeping the property in community ownership and leasing commercial spaces at community-rate, often below-market rents, it provides stable, long-term space for local enterprises in Lunenburg County.",Barriers to Entrepreneurship and Small Business Growth,"Community Land Trust for Commercial Space: Create a community land trust that buys or leases commercial properties and sublets them at below-market rates to local small businesses, ensuring long-term affordable space outside HRM.",Structural Economic Scale and Capital Constraints,"45 School Street, Mahone Bay, NS B0J 2E0",https://mahonebaycentre.org,info@mahonebaycentre.org,44.4465592,-64.380407
Cape Breton Centre for Craft & Design – Studios and Maker Spaces,Cape Breton Centre for Craft & Design,"This nonprofit owns and operates a downtown facility that provides studio rentals, shared maker spaces, and retail opportunities to local artisans and craft-based small businesses. Through subsidized, below-market studio leases and shared equipment, it lowers overhead and secures long-term, affordable commercial space for entrepreneurs in Sydney, outside HRM.",Barriers to Entrepreneurship and Small Business Growth,"Community Land Trust for Commercial Space: Create a community land trust that buys or leases commercial properties and sublets them at below-market rates to local small businesses, ensuring long-term affordable space outside HRM.",Structural Economic Scale and Capital Constraints,"322 Charlotte Street, Sydney, NS B1P 1C8",https://www.capebretoncraft.com,info@capebretoncraft.com,46.1379353,-60.1949412
Downtown Dartmouth Dollars,Downtown Dartmouth Business Commission,"Downtown Dartmouth Dollars is a local gift-card/currency program and ongoing shop-local campaign that channels spending to independent businesses in Downtown Dartmouth. The program is promoted to residents and employers as a way to purchase goods and services from local startups and social enterprises, often used by companies for staff rewards and event procurement, thereby increasing early revenues and visibility for new ventures.",Barriers to Entrepreneurship and Small Business Growth,"Procurement & Buy-Local Campaigns: Community-driven campaigns and local procurement pledges encouraging residents, institutions and businesses to buy from local startups and social enterprises, increasing early revenues and investment appeal.",Structural Economic Scale and Capital Constraints,"163 Portland Street, Dartmouth, NS B2Y 1H9",https://downtowndartmouth.ca,info@downtowndartmouth.ca,44.667711,-63.5646919
Lunenburg Dollars,Lunenburg Board of Trade,"Lunenburg Dollars is a community currency and shop-local initiative accepted by a network of independent businesses in and around Lunenburg. The program promotes resident and visitor spending with local producers, artisans, and service startups, and is also used by employers for gifting and procurement, keeping purchasing power within the local economy and bolstering early-stage revenues.",Barriers to Entrepreneurship and Small Business Growth,"Procurement & Buy-Local Campaigns: Community-driven campaigns and local procurement pledges encouraging residents, institutions and businesses to buy from local startups and social enterprises, increasing early revenues and investment appeal.",Structural Economic Scale and Capital Constraints,"11 Blockhouse Hill Road, Lunenburg, NS B0J 2C0",https://www.lunenburgboardoftrade.com,info@lunenburgboardoftrade.com,44.377819,-64.3054275
Love Local Cape Breton,Cape Breton Regional Chamber of Commerce,"Love Local Cape Breton is an ongoing awareness and purchasing campaign that spotlights Cape Breton–based businesses and encourages residents and organizations to choose local for everyday purchases, gifting, and corporate procurement. Through promotional drives, directories, and partnerships with employers, the campaign channels spending to startups and social enterprises across the island, boosting early revenues and market confidence.",Barriers to Entrepreneurship and Small Business Growth,"Procurement & Buy-Local Campaigns: Community-driven campaigns and local procurement pledges encouraging residents, institutions and businesses to buy from local startups and social enterprises, increasing early revenues and investment appeal.",Structural Economic Scale and Capital Constraints,"275 Charlotte Street, Suite 204, Sydney, NS B1P 1C6",https://www.cbregionalchamber.ca,info@cbregionalchamber.ca,46.1389039,-60.1948084
AFCOOP Equipment Rentals,Atlantic Filmmakers Cooperative (AFCOOP),"AFCOOP maintains a community equipment library of professional film and media gear—cameras, lenses, lighting, sound, and grip—available to members at subsidized rates. This shared inventory allows filmmakers and creative entrepreneurs to produce commercial and artistic projects without the high upfront cost of owning audiovisual equipment.",Barriers to Entrepreneurship and Small Business Growth,"Peer Equipment & Tool Libraries: Community-run libraries where entrepreneurs can borrow specialized equipment (kitchen tools, fabrication machines, audiovisual gear) reducing capital costs for startups and makers.",Structural Economic Scale and Capital Constraints,"5663 Cornwallis Street, Halifax, NS B3K 1B6",https://afcoop.ca,info@afcoop.ca,44.6530804,-63.5828899
CFAT Equipment & Facilities Access,Centre for Art Tapes (CFAT),"CFAT offers a lending library of media arts equipment—including video and audio gear—and access to edit suites and production facilities for members. Sliding-scale rentals and training lower capital barriers for artists and media-based entrepreneurs to prototype, produce, and distribute work.",Barriers to Entrepreneurship and Small Business Growth,"Peer Equipment & Tool Libraries: Community-run libraries where entrepreneurs can borrow specialized equipment (kitchen tools, fabrication machines, audiovisual gear) reducing capital costs for startups and makers.",Structural Economic Scale and Capital Constraints,"2238 Maitland Street, Halifax, NS B3K 2Z9",https://www.cfat.ca,cfat@cfat.ca,44.6531181,-63.5841036
Starting Point Pitch Competition,Saint Mary’s University Entrepreneurship Centre (SMUEC),"Starting Point is SMUEC’s annual entrepreneurship conference featuring a live pitch competition where student and early-stage entrepreneurs present their business plans to judges and audiences. Cash awards and in-kind supports (legal, accounting, and ongoing mentorship from local sponsors) help winners validate ideas and launch, lowering barriers to capital and guidance for young founders across Nova Scotia.",Barriers to Entrepreneurship and Small Business Growth,"Business Plan & Pitch Nights with Seed Grants: Regular community pitch events where finalists receive small seed grants or in-kind support (space, legal help, mentorship) funded by local sponsors and voters, building local ownership of startups.",Structural Economic Scale and Capital Constraints,"923 Robie Street, Halifax, NS B3H 3C3",https://smuec.ca,smuec@smu.ca,44.6313165,-63.5816691
Ocean Startup Challenge,Ocean Startup Project,"The Ocean Startup Challenge is a pitch-based grant program run from Nova Scotia that provides non-dilutive seed funding to early-stage ocean technology companies. Teams participate in public pitch events and receive mentorship, training, and in-kind services from industry partners and sponsors, building local support networks and reducing barriers to capital and expert guidance for coastal entrepreneurs.",Barriers to Entrepreneurship and Small Business Growth,"Business Plan & Pitch Nights with Seed Grants: Regular community pitch events where finalists receive small seed grants or in-kind support (space, legal help, mentorship) funded by local sponsors and voters, building local ownership of startups.",Structural Economic Scale and Capital Constraints,"27 Parker Street, Dartmouth, NS B2Y 4T5",https://oceanstartupproject.ca,info@oceanstartupproject.ca,44.6622182,-63.5567724
Acadia Entrepreneurship Centre – Rural Innovation Centre,Acadia Entrepreneurship Centre (Acadia University),"The Rural Innovation Centre provides incubator-style workspace, coaching, and advisory services to entrepreneurs across the Annapolis Valley. It mobilizes Acadia University students and faculty through student consulting teams, market research, and business planning support for local ventures. Working with municipalities and the Valley REN, it functions as a satellite university–community hub that connects rural founders to campus expertise, mentorship, and shared resources.",Barriers to Entrepreneurship and Small Business Growth,"University–Community Incubator Partnerships: Partner post-secondary institutions with rural communities to offer satellite incubators, student consulting teams, and shared research resources that support local entrepreneurs with expertise and facilities.",Structural Economic Scale and Capital Constraints,"Patterson Hall, 24 University Avenue, Wolfville, NS B4P 2R6",https://aec.acadiau.ca/rural-innovation-centre.html,aecinfo@acadiau.ca,45.0882471,-64.3682264
Cultiv8 Sandbox (Dalhousie Faculty of Agriculture),Dalhousie University Faculty of Agriculture,"Cultiv8 is a Nova Scotia Sandbox at Dalhousie’s Agricultural Campus that helps agri-food and rural innovators develop, test, and commercialize ideas. It offers entrepreneurship coaching, workshops, and access to makerspace/prototyping and campus research assets such as labs and greenhouses. Student teams from the Faculty of Agriculture work with local producers and startups on applied projects and consulting, bringing university expertise and facilities to rural businesses.",Barriers to Entrepreneurship and Small Business Growth,"University–Community Incubator Partnerships: Partner post-secondary institutions with rural communities to offer satellite incubators, student consulting teams, and shared research resources that support local entrepreneurs with expertise and facilities.",Structural Economic Scale and Capital Constraints,"Dalhousie Agricultural Campus, 62 Cumming Drive, Truro, NS B2N 4H5",https://www.dal.ca/faculty/agriculture/cultiv8.html,cultiv8@dal.ca,45.3656974,-63.2864971
Nova Scotia Business Navigators,Government of Nova Scotia,"A free provincial service that provides entrepreneurs with one-on-one guidance and an online portal to understand permits, licenses, and regulatory requirements across Nova Scotia. They publish step-by-step checklists and link to municipal permitting systems, helping founders streamline approvals outside HRM as well. The team also connects entrepreneurs to local supports and funding programs, complementing mentorship platforms with regulatory navigation.",Barriers to Entrepreneurship and Small Business Growth,"Community Mentorship App/Portal: A simple local digital platform that matches entrepreneurs with volunteer mentors, lists funding opportunities, permits checklists and available community spaces, with localized search for areas outside HRM.",Structural Economic Scale and Capital Constraints,"1505 Barrington Street, Halifax, NS B3J 3K5",https://novascotia.ca,business.navigators@novascotia.ca,44.6445647,-63.5723991
Volta,Volta,"Volta operates an online mentor and advisor network that matches startups with volunteer experts, along with a resource hub listing funding opportunities (e.g., Volta Cohort, partner grants) and programs. The platform integrates with bookable community workspaces and meeting rooms at Volta’s hub, offering both digital matching and affordable physical space. This mirrors a community mentorship portal by centralizing mentorship, funding, and space access for entrepreneurs across Nova Scotia.",Barriers to Entrepreneurship and Small Business Growth,"Community Mentorship App/Portal: A simple local digital platform that matches entrepreneurs with volunteer mentors, lists funding opportunities, permits checklists and available community spaces, with localized search for areas outside HRM.",Structural Economic Scale and Capital Constraints,"1505 Barrington Street, Unit 100, Halifax, NS B3J 3K5",https://www.voltaeffect.com,info@voltaeffect.com,44.6445647,-63.5723991
The Spark Zone (Entrepreneurship Sandbox),Saint Mary’s University – The Spark Zone,"The Spark Zone provides an online intake and matching process to pair founders with volunteer mentors, coaches, and advisors drawn from multiple partner institutions. It curates guides to grants and early-stage funding, offers venture-readiness and basic permitting pathway checklists, and provides access to campus-based makerspaces and meeting rooms across partner sites. As a multi-campus digital gateway plus shared spaces, it functions like a community mentorship portal serving HRM and nearb...",Barriers to Entrepreneurship and Small Business Growth,"Community Mentorship App/Portal: A simple local digital platform that matches entrepreneurs with volunteer mentors, lists funding opportunities, permits checklists and available community spaces, with localized search for areas outside HRM.",Structural Economic Scale and Capital Constraints,"923 Robie Street, Halifax, NS B3H 3C3",https://www.smu.ca/sparkzone/,sparkzone@smu.ca,44.6313165,-63.5816691
Halifax Brewery Market (Historic Farmers’ Market Co-operative),Historic Farmers’ Market Co-operative,"A long-standing, vendor-run co-operative that provides shared, low-barrier retail space and coordinated marketing for small food, craft, and farm businesses in downtown Halifax. Member-owners collectively govern the market and share costs, enabling entrepreneurs to enter and grow without the capital required for standalone storefronts while anchoring activity in the community.",Barriers to Entrepreneurship and Small Business Growth,"Cooperative Ownership Models: Support cooperative business models where workers or community members buy equity collectively, reducing individual capital needs and keeping businesses anchored locally with shared governance.",Structural Economic Scale and Capital Constraints,"1496 Lower Water Street, Halifax, NS B3J 1R9",https://brewerymarket.ca,,44.6443703,-63.5702203
Victoria Co-operative Fisheries,Victoria Co-operative Fisheries Ltd.,"A fisher-owned processing and marketing co-operative in Cape Breton that enables independent harvesters to pool capital for facilities, equipment, and distribution. Through shared ownership and governance, members reduce individual financial burden, secure fair market access, and keep the seafood value chain rooted in local communities.",Barriers to Entrepreneurship and Small Business Growth,"Cooperative Ownership Models: Support cooperative business models where workers or community members buy equity collectively, reducing individual capital needs and keeping businesses anchored locally with shared governance.",Structural Economic Scale and Capital Constraints,"7353 Cabot Trail, New Haven, NS B0C 1N0",https://victoriacoopfish.com,info@victoriacoopfish.com,46.8232203,-60.3191913
Scotian Gold Cooperative,Scotian Gold Cooperative Limited,"A grower-owned tree fruit co-operative that operates shared packing, storage, and marketing infrastructure for apple producers across Nova Scotia. By owning equity collectively, farmer-members reduce the capital required for processing and market access, strengthen bargaining power, and keep governance and economic benefits within rural communities.",Barriers to Entrepreneurship and Small Business Growth,"Cooperative Ownership Models: Support cooperative business models where workers or community members buy equity collectively, reducing individual capital needs and keeping businesses anchored locally with shared governance.",Structural Economic Scale and Capital Constraints,"1016 Highway 1, Coldbrook, NS B4R 1A7",https://www.scotiangold.com,info@scotiangold.com,45.0661251,-64.5820504
CEED | The Exchange (Co-working & Business Advisory),CEED – Centre for Entrepreneurship Education and Development,"CEED’s Exchange provides affordable co-working desks, meeting rooms, and a collaborative hub alongside CEED’s entrepreneurship training, advisory, and small-business financing programs. Entrepreneurs receive mentorship, workshops on finance and bookkeeping, and facilitated connections to legal and accounting supports through partner clinics—practical services that help seasonal and early-stage ventures formalize operations and manage cash flow year-round. By combining workspace with hands-on ...",Industry Concentration and Seasonality,"Community Business Incubator and Co-working Hub: Create a locally run incubator that offers affordable desk space, mentorship, legal and accounting clinics, and shared equipment to help startups and seasonal entrepreneurs scale into year-round operations.",Structural Economic Scale and Capital Constraints,"7071 Bayers Road, Halifax, NS B3L 2C2",https://www.ceed.ca,info@ceed.ca,44.6541222,-63.6273462
Truro Winter Long John Festival,Downtown Truro Partnership,"A week-long celebration each February featuring outdoor activities, live entertainment, workshops, and downtown promotions designed to get residents and visitors out in winter. The festival’s off-season schedule lifts local retail and dining while creating paid performance and event work, helping to stabilize demand beyond the summer.",Industry Concentration and Seasonality,"Year-round Cultural and Events Calendar: Organize community-led festivals, markets, workshops and performances in shoulder and off-seasons to smooth demand for hospitality and creative work and to keep visitor flows and local spending more consistent.",Structural Economic Scale and Capital Constraints,"605 Prince Street, Truro, NS B2N 1G2",https://downtowntruro.ca/event/winter-long-john-festival/,info@downtowntruro.ca,45.3654528,-63.2832201
Professional and Continuing Studies Micro-credentials,Saint Mary’s University – Professional and Continuing Studies,"Saint Mary’s University’s Professional and Continuing Studies offers micro-credentials and digital badges in transferable, career-ready skills such as business analysis, leadership, project management, and data-driven decision-making. Programs are short, cost-effective, and scheduled flexibly (evenings/online), helping seasonal workers and early-career talent quickly build competencies that align with employer needs in Nova Scotia’s growing sectors.",Industry Concentration and Seasonality,"Skills and Micro-credential Programs: Partner with colleges, employers and community groups to run short, affordable training and micro-credential courses tied to local growth sectors and transferable skills, with flexible scheduling for seasonal workers.",Structural Economic Scale and Capital Constraints,"923 Robie Street, Halifax, NS B3H 3C3",https://www.smu.ca/continuingstudies/micro-credentials.html,pcs@smu.ca,44.6313165,-63.5816691
BBI Business Loan Program,Black Business Initiative (BBI),"BBI provides accessible financing and advisory support to Black entrepreneurs in Nova Scotia, including microloans and growth capital for startups and existing businesses. Funds can be used for equipment, inventory, marketing, and seasonal diversification (e.g., value-added processing or off-season tourism products), helping broaden the province’s economic base and create stable employment.",Industry Concentration and Seasonality,"Community Investment and Microloan Fund: Establish a community-controlled seed fund and microloan program to finance small businesses, value-added processing, off-season tourism products and innovations that diversify the local economy.",Structural Economic Scale and Capital Constraints,"1660 Hollis Street, Suite 810, Halifax, NS B3J 1V7",https://bbi.ca,info@bbi.ca,44.6467706,-63.5725894
Black Business Initiative — Loan Fund & Business Advisory Services,Black Business Initiative (BBI),"The Black Business Initiative (BBI) offers tailored financing (including micro and small business loans), one-on-one advisory services, and entrepreneur training designed specifically for African Nova Scotians. By combining access to capital with mentorship, workshops, and networking, BBI reduces systemic barriers and helps Black entrepreneurs in Nova Scotia start and scale viable small businesses.",Inclusion and Discrimination,"Micro-grants and Business Supports for Black and Indigenous Entrepreneurs: Create local micro-grant funds, low-interest loans, business incubators and tailored training to remove barriers for African Nova Scotian and Indigenous entrepreneurs starting or scaling small businesses.",Structural Economic Scale and Capital Constraints,"1660 Hollis Street, Suite 810, Halifax, NS B3J 1V7",https://bbi.ca,info@bbi.ca,44.6467706,-63.5725894
Nova Scotia Loyal,Build Nova Scotia,"Nova Scotia Loyal is a province-wide buy-local campaign that provides shared branding, marketing assets, and promotional tools encouraging residents and organizations to choose Nova Scotian products and services year-round. By amplifying demand across food, craft, retail, tourism, and professional services, it helps diversify the economy beyond seasonal peaks and supports emerging local industries. The campaign also engages businesses and communities to run localized initiatives, strengthenin...",Industry Concentration and Seasonality,"Buy Local and Sector Diversification Campaign: Run campaigns and business-to-business initiatives that encourage residents and institutions to purchase locally made and season-extending products and services, supporting emerging local industries.",Structural Economic Scale and Capital Constraints,"1875 Upper Water Street, Suite 301, Halifax, NS B3J 1S9",https://novascotialoyal.ca,info@buildns.ca,44.6505119,-63.5728293
Halifax Brewery Market,Halifax Brewery Market,"The Halifax Brewery Market is a weekly, year-round indoor market that encourages residents to buy directly from local farmers, food producers, and artisans, providing steady off-season revenue for vendors. By showcasing a diverse mix of food, craft, and wellness entrepreneurs, it supports sector diversification and growth of emerging local businesses. Its consistent schedule and indoor venue help extend sales opportunities beyond peak tourist seasons.",Industry Concentration and Seasonality,"Buy Local and Sector Diversification Campaign: Run campaigns and business-to-business initiatives that encourage residents and institutions to purchase locally made and season-extending products and services, supporting emerging local industries.",Structural Economic Scale and Capital Constraints,"1496 Lower Water Street, Halifax, NS B3J 1R9",https://halifaxbrewerymarket.com,info@halifaxbrewerymarket.com,44.6443703,-63.5702203
Centre for Craft Nova Scotia – Designer Craft Shop and Markets,Craft Nova Scotia (Centre for Craft Nova Scotia),"The Centre for Craft Nova Scotia operates a year-round Designer Craft Shop and seasonal markets that promote purchasing locally made craft, art, and design. These programs channel consumer and corporate spending toward Nova Scotian makers—supporting the creative sector as an emerging industry and diversifying income beyond tourism-heavy months. The Centre also facilitates B2B opportunities such as corporate and institutional sourcing of locally made products.",Industry Concentration and Seasonality,"Buy Local and Sector Diversification Campaign: Run campaigns and business-to-business initiatives that encourage residents and institutions to purchase locally made and season-extending products and services, supporting emerging local industries.",Structural Economic Scale and Capital Constraints,"1061 Marginal Road, Halifax, NS B3H 4P7",https://craftnovascotia.ca,info@craftnovascotia.ca,44.638734,-63.5652324
New Glasgow Farmers Market — Market Kitchen,New Glasgow Farmers Market Cooperative,"The Market Kitchen is a certified shared-use commercial kitchen inside the New Glasgow Farmers Market that food entrepreneurs can rent for production, workshops, and pop-up meals. It reduces start-up costs for small and seasonal producers by providing compliant space and built-in market access, helping them test and sell products year-round beyond peak tourism months.",Industry Concentration and Seasonality,"Shared-use Facilities and Pop-up Spaces: Convert underused community buildings into shared kitchens, fabrication labs, studios or retail pop-up spaces that lower start-up costs and help seasonal businesses test year-round offerings.",Structural Economic Scale and Capital Constraints,"620 East River Road, New Glasgow, NS B2H 3S2",https://ngfarmmarket.com,manager@ngfarmmarket.com,45.5755437,-62.6380417
Western Regional Enterprise Network (Western REN),Western Regional Enterprise Network,"Western REN brings together municipalities, local businesses, non-profits, and education partners across Digby, Yarmouth, and Shelburne counties to coordinate regional economic development. Through business outreach (e.g., BusinessNOW), sector and workforce tables, and joint marketing, it identifies skills gaps, aligns training with NSCC and employers, and advances diversification strategies that build year-round employment beyond seasonal industries.",Industry Concentration and Seasonality,"Cross-sector Economic Diversification Council: Form a community council of business owners, non-profits, education and municipal reps to identify gaps, coordinate training, pool marketing, and develop strategies to reduce sector reliance and seasonality.",Structural Economic Scale and Capital Constraints,"103 Water Street, Yarmouth, NS B5A 4P4",https://westernren.ca,info@westernren.ca,43.8378596,-66.1210012
Eastern Strait Regional Enterprise Network (ESREN),Eastern Strait Regional Enterprise Network,"ESREN convenes a cross-sector council of municipalities, businesses, post-secondary partners, and community groups in the Eastern Strait region (Antigonish, Guysborough, St. Mary’s, and Port Hawkesbury) to plan and deliver diversification initiatives. It coordinates training with education providers, facilitates sector development (e.g., ocean industries, value-added resource sectors, tourism shoulder seasons), and undertakes joint investment/talent marketing to reduce seasonality and broaden...",Industry Concentration and Seasonality,"Cross-sector Economic Diversification Council: Form a community council of business owners, non-profits, education and municipal reps to identify gaps, coordinate training, pool marketing, and develop strategies to reduce sector reliance and seasonality.",Structural Economic Scale and Capital Constraints,"32 Paint Street, Unit 4, Port Hawkesbury, NS B9A 3J8",https://esren.ca,info@esren.ca,45.6147119,-61.3331713
Dartmouth Family Home Child Care Agency,Dartmouth Family Centre,"A provincially licensed agency that recruits, trains, and supports regulated home-based child care providers across Dartmouth and HRM, offering flexible full-time and part-time spaces year-round. By coordinating shared standards, subsidies, and wraparound family supports, it removes child care barriers that keep parents—especially those in seasonal sectors—out of the workforce, helping families remain and thrive locally.",Industry Concentration and Seasonality,"Affordable Housing and Childcare Initiatives: Mobilize community land trusts, cooperative housing projects and shared childcare programs to remove barriers that push workers to leave and to make local jobs viable year-round.",Structural Economic Scale and Capital Constraints,"6 Primrose Street, Dartmouth, NS B3A 4C5",https://www.dartmouthfamilycentre.ca,info@dartmouthfamilycentre.ca,44.6814085,-63.5860545
Navigate Startup House – Student Entrepreneurship and Community Projects,Navigate Startup House,"Navigate supports student and recent graduate entrepreneurs from Cape Breton University and NSCC by connecting them with local mentors, industry partners, and community clients for real-world projects and venture development. Through workspace, programming, and employer-engaged challenges, students explore local opportunities, develop startups, and engage with businesses across the island’s diversified economy.",Industry Concentration and Seasonality,"School-to-Community Career Pathways: Create local career pathway programs connecting K-12 and post-secondary students with community employers for internships, project work and entrepreneurship projects that expose youth to diverse local opportunities.",Structural Economic Scale and Capital Constraints,"37 Nepean Street, Sydney, NS B1P 6A7",https://www.navigatestartup.ca,info@navigatestartup.ca,46.1431613,-60.1966931
Skills Canada Nova Scotia – School Engagement & Industry Partnerships,Skills Canada Nova Scotia,"Skills Canada Nova Scotia delivers in-school presentations, industry-led workshops, and skills camps that connect junior and senior high students with trades and technology mentors and employers. Through hands-on projects and competitions supported by local industry, students gain early exposure to diverse, in-demand careers and direct pathways to apprenticeships and further training in the province.",Industry Concentration and Seasonality,"School-to-Community Career Pathways: Create local career pathway programs connecting K-12 and post-secondary students with community employers for internships, project work and entrepreneurship projects that expose youth to diverse local opportunities.",Structural Economic Scale and Capital Constraints,"201 Brownlow Avenue, Unit 9, Dartmouth, NS B3B 1W2",https://www.skillsns.ca,info@skillsns.ca,44.6983925,-63.5799367
The Bus Stop Theatre Co-op,The Bus Stop Theatre Co-operative,"The Bus Stop Theatre Co-op is a community-owned performance and arts hub in a repurposed commercial space on Gottingen Street. It offers a black-box theatre, rehearsal time, meeting rooms and exhibition walls to artists and community groups at accessible, subsidized rental rates, with equipment available in-house. As a co-operative governed by a member-elected board, it keeps space affordable and community-managed in line with the arts hub model.","Underinvestment in Arts, Culture, and Recreation","Community Arts Hub (repurpose vacant buildings): Transform underused municipal or commercial spaces into multi-use arts hubs managed by a community board, offering studios, rehearsal rooms, exhibition space and shared event areas at reduced rent.",Structural Economic Scale and Capital Constraints,"2203 Gottingen Street, Halifax, NS B3K 3B5",https://www.thebusstoptheatre.org/,info@thebusstoptheatre.org,44.6532641,-63.5849809
The Old School Community Gathering Place,The Old School Community Gathering Place Society,"The Old School Community Gathering Place converted a decommissioned rural school into a multi-use arts and community centre. It offers artist studios, a performance/rehearsal hall, gallery, and meeting rooms that local groups and young creatives can rent at reduced community rates. Run by a local nonprofit society with a volunteer board, it keeps governance and programming rooted in community needs.","Underinvestment in Arts, Culture, and Recreation","Community Arts Hub (repurpose vacant buildings): Transform underused municipal or commercial spaces into multi-use arts hubs managed by a community board, offering studios, rehearsal rooms, exhibition space and shared event areas at reduced rent.",Structural Economic Scale and Capital Constraints,"7962 Highway 7, Musquodoboit Harbour, NS B0J 2L0",https://theoldschool.ca/,info@theoldschool.ca,44.7882089,-63.1456266
ArtsPlace Gallery (ARCAC),Annapolis Region Community Arts Council (ARCAC),"ARCAC’s ArtsPlace Gallery operates out of a repurposed main-street building as an arts hub for the Annapolis Valley. In addition to exhibitions, it provides a classroom studio, artist-in-residence workspace, and multipurpose rooms that are rented to artists and community groups at affordable rates. The member-based nonprofit, led by a community board, sustains year-round creative activity and shared event programming.","Underinvestment in Arts, Culture, and Recreation","Community Arts Hub (repurpose vacant buildings): Transform underused municipal or commercial spaces into multi-use arts hubs managed by a community board, offering studios, rehearsal rooms, exhibition space and shared event areas at reduced rent.",Structural Economic Scale and Capital Constraints,"396 St. George Street, Annapolis Royal, NS B0S 1A0",https://arcac.ca/,arcac@arcac.ca,44.742192,-65.5152717
Halifax Fringe Festival,Halifax Fringe Festival Society,"An annual multi-venue performing arts festival that programs pop-up theatre, comedy, dance, and music in unconventional spaces across Halifax and Dartmouth, including bars, galleries, storefronts, and outdoor sites. By activating temporary stages and short-term venues, the festival tests audience demand in different neighbourhoods and helps artists and organizers pilot concepts that can grow into longer-term offerings.","Underinvestment in Arts, Culture, and Recreation","Pop-up and Mobile Venues: Organize rotating pop-up shows, performances and markets in vacant storefronts, parks and community centres to activate spaces and test demand for long-term venues.",Structural Economic Scale and Capital Constraints,"2203 Gottingen Street, Halifax, NS B3K 3B5",https://www.halifaxfringe.ca,info@halifaxfringe.ca,44.6532641,-63.5849809
STAGES Theatre Festival,Eastern Front Theatre,"Eastern Front Theatre’s annual festival showcases new and experimental work using site-specific and pop-up venues throughout downtown Dartmouth and Halifax—such as storefronts, waterfront spaces, and community hubs. These rotating temporary stages bring live performance to public places, animating underused areas and gauging interest that can inform future, longer-term venue development.","Underinvestment in Arts, Culture, and Recreation","Pop-up and Mobile Venues: Organize rotating pop-up shows, performances and markets in vacant storefronts, parks and community centres to activate spaces and test demand for long-term venues.",Structural Economic Scale and Capital Constraints,"2 Ochterloney Street, Dartmouth, NS B2Y 4W1",https://www.easternfronttheatre.com,info@easternfronttheatre.com,44.6644002,-63.5701366
Downtown Sydney Night Market,Downtown Sydney Development Association,"A recurring summer series that transforms Charlotte Street and adjacent public spaces into a pop-up marketplace with local vendors, artisans, food, and live entertainment. By temporarily pedestrianizing streets and activating storefronts and plazas, the Night Market tests demand for year-round retail and cultural programming while drawing people back to the urban core.","Underinvestment in Arts, Culture, and Recreation","Pop-up and Mobile Venues: Organize rotating pop-up shows, performances and markets in vacant storefronts, parks and community centres to activate spaces and test demand for long-term venues.",Structural Economic Scale and Capital Constraints,"275 Charlotte Street, Sydney, NS B1P 1C7",https://www.downtownsydney.ca,info@downtownsydney.ca,46.1389039,-60.1948084
Gritty to Pretty Placemaking Grant Program,Downtown Halifax Business Commission,"Downtown Halifax Business Commission provides small, fast-turnaround grants to artists and community groups to create public art and placemaking projects such as murals, storefront installations, and pop-up activations. Funded by local businesses through the business improvement district, the program functions as a community microgrant, seeding grassroots cultural projects that animate public space and expand year-round arts programming.","Underinvestment in Arts, Culture, and Recreation","Community Microgrant Program: Establish a locally funded microgrant program (crowdfunded or supported by businesses) that provides small, rapid grants to artists and grassroots organizers for projects and programming.",Structural Economic Scale and Capital Constraints,"1546 Barrington Street, Suite 104, Halifax, NS B3J 2A2",https://downtownhalifax.ca,info@downtownhalifax.ca,44.6449202,-63.5731504
Music Nova Scotia Investment Program (Artist Development & Project Grants),Music Nova Scotia,"Music Nova Scotia administers small project grants to Nova Scotia musicians and music entrepreneurs for activities like recording, marketing, touring, and showcases. These microgrants provide rapid, targeted support to individual artists and grassroots organizers to create and present work, expand programming, and build sustainable careers in the cultural sector.","Underinvestment in Arts, Culture, and Recreation","Community Microgrant Program: Establish a locally funded microgrant program (crowdfunded or supported by businesses) that provides small, rapid grants to artists and grassroots organizers for projects and programming.",Structural Economic Scale and Capital Constraints,"2169 Gottingen Street, Halifax, NS B3K 3B5",https://www.musicnovascotia.ca/programs/funding/,info@musicnovascotia.ca,44.6528555,-63.5844013
Corporate Art Rental Program,Art Sales & Rental Society (in association with the Art Gallery of Nova Scotia),"Art Sales & Rental Society connects Nova Scotian artists with corporate clients by curating, renting, and selling artwork for offices, storefronts, hotels, and public-facing spaces. Through ongoing rotations, commissions, and tailored placements, businesses sponsor and showcase local art while artists gain steady revenue, professional exposure, and promotional support.","Underinvestment in Arts, Culture, and Recreation","Business–Arts Partnership Network: Build formal partnerships between local businesses and artists (sponsorships, storefront exhibitions, commissioning, cross-promotion) to generate revenue and exposure for creators.",Structural Economic Scale and Capital Constraints,"1723 Hollis Street, Halifax, NS B3J 1V9",https://www.artsalesandrental.ca,info@artsalesandrental.ca,44.6480407,-63.5728911
Writers in the Schools (WITS),Writers’ Federation of Nova Scotia,"WITS pairs published authors, poets, and storytellers with schools across Nova Scotia for paid classroom visits and multi-visit residencies that develop students’ writing and storytelling skills. Through mentorship, readings, and workshops, local writers share craft knowledge and foster youth engagement with language arts in partnership with teachers and community groups.","Underinvestment in Arts, Culture, and Recreation","Artist Residency and School Mentorships: Match local artists with schools and community groups for in-residence projects, skill-sharing and paid mentorship that strengthens intergenerational connections and keeps youth engaged.",Structural Economic Scale and Capital Constraints,"1113 Marginal Road, Halifax, NS B3H 4P7",https://writers.ns.ca,wits@writers.ns.ca,44.6393248,-63.5661532
ArtsReach School & Community Outreach,The Ross Creek Centre for the Arts,"ArtsReach brings professional artists from multiple disciplines into rural schools and community organizations for paid residencies, collaborative projects, and mentorship. The program supports hands-on learning and intergenerational skill-sharing, and Ross Creek’s on-site artist residencies include outreach that keeps local youth engaged year-round.","Underinvestment in Arts, Culture, and Recreation","Artist Residency and School Mentorships: Match local artists with schools and community groups for in-residence projects, skill-sharing and paid mentorship that strengthens intergenerational connections and keeps youth engaged.",Structural Economic Scale and Capital Constraints,"555 Ross Creek Road, Canning, NS B0P 1H0",https://artscentre.ca/,mail@artscentre.ca,45.1577166,-64.4209904
PERFORM! Artist in the Schools Program,Theatre Nova Scotia,"PERFORM! connects professional theatre artists and companies with Nova Scotia schools for subsidized, paid workshops and in-class residencies in acting, playwriting, movement, and production. Artists mentor students and collaborate with educators on project-based learning that strengthens community ties and deepens youth engagement in the performing arts.","Underinvestment in Arts, Culture, and Recreation","Artist Residency and School Mentorships: Match local artists with schools and community groups for in-residence projects, skill-sharing and paid mentorship that strengthens intergenerational connections and keeps youth engaged.",Structural Economic Scale and Capital Constraints,"1113 Marginal Road, Halifax, NS B3H 4P7",https://www.theatrens.ca/perform,perform@theatrens.ca,44.6393248,-63.5661532
ViewPoint Gallery,ViewPoint Gallery Cooperative,"An artist-run photography cooperative where member photographers co-manage the gallery, share staffing and curation duties, and split operating costs through dues and commissions. The cooperative model provides equitable access to exhibition slots, professional development, and shared marketing that would be cost-prohibitive individually. Sales revenue returns primarily to artists with a modest commission sustaining the gallery, keeping participation affordable.","Underinvestment in Arts, Culture, and Recreation","Cooperative Theatre/Gallery Models: Form artist-run cooperatives to operate theatres, galleries and rehearsal spaces democratically, sharing costs, booking and revenue to lower barriers for participants.",Structural Economic Scale and Capital Constraints,"1459 Brenton Street, Halifax, NS B3J 1H8",https://www.viewpointgallery.ca,info@viewpointgallery.ca,44.6418673,-63.5782331
ART 1274 Hollis Gallery,ART 1274 Hollis Cooperative Gallery,"A downtown Halifax artists’ cooperative gallery where member artists jointly operate the space, schedule exhibitions, and staff the gallery. Members pool resources to cover rent, marketing, and administration, while gallery sales use a commission model that sustains operations and returns revenue to artists. This shared, democratic structure reduces individual costs and provides ongoing exhibition opportunities.","Underinvestment in Arts, Culture, and Recreation","Cooperative Theatre/Gallery Models: Form artist-run cooperatives to operate theatres, galleries and rehearsal spaces democratically, sharing costs, booking and revenue to lower barriers for participants.",Structural Economic Scale and Capital Constraints,"1274 Hollis Street, Halifax, NS B3J 1T6",https://www.art1274hollis.ca,art1274hollis@gmail.com,44.6417636,-63.5699961
Lunenburg Art Gallery,Lunenburg Art Gallery Society,"A member-run, cooperative gallery in historic Lunenburg where local artists collaboratively manage exhibitions, staffing, and programming. Operating costs are shared through membership and commissions, and decisions are made democratically by the artist members. The co-op model provides an accessible, year-round venue for artists to show and sell work, strengthening the cultural vitality of the community.","Underinvestment in Arts, Culture, and Recreation","Cooperative Theatre/Gallery Models: Form artist-run cooperatives to operate theatres, galleries and rehearsal spaces democratically, sharing costs, booking and revenue to lower barriers for participants.",Structural Economic Scale and Capital Constraints,"194B Lincoln Street, Lunenburg, NS B0J 2C0",https://www.lunenburgartgallery.com,info@lunenburgartgallery.com,44.3784131,-64.3161593
Folk Harbour Concert Series (plus Lunenburg Folk Harbour Festival),Lunenburg Folk Harbour Society,"Beyond its flagship summer festival, Folk Harbour runs a curated concert series through fall, winter, and spring in partnership with local venues and community groups. This coordinated, seasonal programming keeps live music active year-round in Lunenburg, staggering events across months and leveraging a coalition of hosts (churches, halls, and cultural spaces) to sustain cultural vibrancy.","Underinvestment in Arts, Culture, and Recreation","Year-Round Programming Consortium: Coordinate a coalition of festivals, venues and community groups to produce staggered, seasonal programming so cultural activity continues throughout the year rather than peaking only in summer.",Structural Economic Scale and Capital Constraints,"125 Montague Street, Lunenburg, NS B0J 2C0",https://www.folkharbour.com,info@folkharbour.com,44.3764743,-64.3093328
Symphony Nova Scotia Season & Community Concerts,Symphony Nova Scotia,"Symphony Nova Scotia presents a full September–May season of classical, pops, and family programs across multiple partner venues (e.g., Rebecca Cohn Auditorium, Alderney Landing) and collaborates with schools and community groups for outreach concerts. This multi-venue, multi-partner approach staggers programming across the calendar, distributing cultural activity beyond summer and into regular, year-round offerings.","Underinvestment in Arts, Culture, and Recreation","Year-Round Programming Consortium: Coordinate a coalition of festivals, venues and community groups to produce staggered, seasonal programming so cultural activity continues throughout the year rather than peaking only in summer.",Structural Economic Scale and Capital Constraints,"1800 Argyle Street, Suite 504, Halifax, NS B3J 3N8",https://www.symphonynovascotia.ca,info@symphonynovascotia.ca,44.6482199,-63.5767414
Wonder’neath Studios and Community Studio,Wonder’neath Art Society,"Wonder’neath Art Society rehabilitated a former commercial/light-industrial building in Halifax’s North End into a network of private artist studios and a public community studio. As a non-profit, it provides subsidized, secure studio rentals to local artists and sustains affordability through grants, donations, and partnerships with community organizations. This conversion expands year-round, affordable creative workspace while supporting public arts programming.","Underinvestment in Arts, Culture, and Recreation","Affordable Studio Conversion Initiative: Organize community investment and partnerships with non-profits to convert low-cost housing or light industrial spaces into long-term, affordable artist studios with secure leases.",Structural Economic Scale and Capital Constraints,"2482 Maynard Street, Halifax, NS B3K 3V4",https://www.wonderneath.com,info@wonderneath.com,44.6546632,-63.5911133
Open Studio,Wonder’neath Art Society,"Wonder’neath’s Open Studio invites neighbours of all ages and backgrounds to create art together in a free, welcoming space. Through collaborative projects like community murals and shared art-making sessions, the program builds relationships across differences, encourages dialogue, and uses the arts to co-create solutions that reflect local voices.",Inclusion and Discrimination,"Intercultural Community Exchanges and Shared Projects: Facilitate regular intercultural dialogues, community arts collaborations, and neighbourhood improvement projects that bring diverse groups together to build relationships, reduce prejudice and co-create solutions.",Structural Economic Scale and Capital Constraints,"2482 Maynard Street, Halifax, NS B3K 3V5",https://www.wonderneath.com,info@wonderneath.com,44.6546632,-63.5911133
Parrsboro Creative – Artist Relocation Program and Cultural Campus,Parrsboro Creative,"Parrsboro Creative partners with property owners and the municipality to repurpose vacant and underused Main Street buildings into affordable artist studios and live/work spaces. The non-profit helps artists secure stable leases and supports build-outs and conversions, using grants and community investment to keep costs low. This initiative builds a year-round creative district that attracts and retains artists in rural Nova Scotia.","Underinvestment in Arts, Culture, and Recreation","Affordable Studio Conversion Initiative: Organize community investment and partnerships with non-profits to convert low-cost housing or light industrial spaces into long-term, affordable artist studios with secure leases.",Structural Economic Scale and Capital Constraints,"115 Main Street, Parrsboro, NS B0M 1S0",https://parrsborocreative.com,info@parrsborocreative.com,45.402273,-64.3282053
Radstorm,Radstorm,"Radstorm is a member-run arts and music collective that lets artists exchange volunteer time and technical help for access to rehearsal space, show bookings, and shared studios (screenprinting, zine library, etc.). By staffing shows, running sound, helping with maintenance, or mentoring others, members effectively ‘pay’ with time instead of cash, lowering costs for creatives and keeping space accessible.","Underinvestment in Arts, Culture, and Recreation","Timebanking and Barter Networks for Space/Skills: Set up a local timebank where creatives can trade rehearsal time, tutoring, venue management and technical skills instead of paying cash, reducing operating costs and building reciprocity.",Structural Economic Scale and Capital Constraints,"2177 Gottingen Street, Halifax, NS B3K 3B3",https://radstorm.org,radstormhalifax@gmail.com,44.6529081,-63.5844735
Anchor Archive Zine Library,Anchor Archive Zine Library,"Anchor Archive is a volunteer-run zine and print resource that enables people to trade volunteer shifts and skill-sharing (cataloguing, event hosting, RISO/screenprinting support) for access to tools, production time, and space. This barter-style model reduces cash barriers for artists and writers while building a reciprocal network for tutoring, workshop facilitation, and production support.","Underinvestment in Arts, Culture, and Recreation","Timebanking and Barter Networks for Space/Skills: Set up a local timebank where creatives can trade rehearsal time, tutoring, venue management and technical skills instead of paying cash, reducing operating costs and building reciprocity.",Structural Economic Scale and Capital Constraints,"2177 Gottingen Street, Halifax, NS B3K 3B3",https://anchorarchive.org,anchorarchive@gmail.com,44.6529081,-63.5844735
The Deanery Project,The Deanery Project,"The Deanery Project is a rural arts, environment, and community hub that offers work-trade arrangements—volunteer hours in facilities, events, teaching, or technical support can be exchanged for studio/workshop access, rehearsal/event space, and training. This practice functions as a timebank for creatives, reducing cash costs while building local capacity in venue operations and hands-on technical skills.","Underinvestment in Arts, Culture, and Recreation","Timebanking and Barter Networks for Space/Skills: Set up a local timebank where creatives can trade rehearsal time, tutoring, venue management and technical skills instead of paying cash, reducing operating costs and building reciprocity.",Structural Economic Scale and Capital Constraints,"37 Deanery Road, Lower Ship Harbour, NS B0J 1Y0",https://www.thedeaneryproject.com,info@thedeaneryproject.com,44.7934935,-62.8436466
Youth Media & Storytelling Camps,The Deanery Project,"The Deanery Project runs seasonal camps and labs where rural youth learn filmmaking, podcasting, and zine-making to document community stories on topics like coastal change, transportation, and rural livelihoods. Youth-led projects are screened at community festivals and town halls attended by residents and local officials, helping surface recommendations from young people to decision-makers.",Youth Voice and Civic Influence,"Youth‑Led Cultural and Storytelling Projects: Support youth in producing community storytelling, festivals, zines and digital media that surface local issues and recommendations to decision-makers and the broader public.",Structural Economic Scale and Capital Constraints,"37 Deanery Road, Lower Ship Harbour, NS B0J 1Y0",https://www.thedeaneryproject.com,info@thedeaneryproject.com,44.7934935,-62.8436466
Lumière Cape Breton: Art at Night,Cape Breton Centre for Craft & Design,"Lumière commissions site-specific installations, performances, and community projects that transform downtown Sydney and nearby public spaces into open-air galleries. By activating streetscapes, storefronts, and civic squares with contemporary art, the festival draws significant audiences, supports local creators, and leaves behind cultural touchpoints that encourage ongoing public engagement with the arts.","Underinvestment in Arts, Culture, and Recreation","Public Art and Placemaking Projects: Commission community-led murals, performances and installations that beautify public spaces, attract visitors and create year-round cultural landmarks.",Structural Economic Scale and Capital Constraints,"322 Charlotte Street, Sydney, NS B1P 1C8",https://lumierecb.com,info@capebretoncraft.com,46.1379353,-60.1949412
Keep the HAT – Community Crowdfunding and Godparent Program,Highland Arts Theatre,"Highland Arts Theatre runs an ongoing local crowdfunding effort via its website and CanadaHelps, including the ‘Godparent’ monthly donor program and time-limited matching challenges from local businesses and philanthropists. These matched-fund rounds finance venue maintenance and upgrades, production equipment, and sustained year-round programming that engages youth and emerging artists in Cape Breton.","Underinvestment in Arts, Culture, and Recreation","Local Crowdfunding and Community Investment Platform: Host a community crowdfunding portal with matched-fund rounds from local donors or municipalities to finance venue upgrades, equipment purchases and program development.",Structural Economic Scale and Capital Constraints,"40 Bentinck Street, Sydney, NS B1P 1G2",https://www.highlandartstheatre.com,boxoffice@highlandartstheatre.com,46.1385769,-60.1939016
HAT Online (Highland Arts Theatre),Highland Arts Theatre,"HAT Online offers live-streamed and on-demand performances by Cape Breton artists with digital ticketing and memberships, allowing creators to earn income without venue constraints. The platform also promotes upcoming shows and community events, helping local performers connect with province-wide and global audiences year-round.","Underinvestment in Arts, Culture, and Recreation","Local Digital Platform for Promotion and Sales: Build a community-run online marketplace and streaming/promo platform where local artists can sell work, advertise events and connect with audiences beyond physical venue limits.",Structural Economic Scale and Capital Constraints,"40 Bentinck Street, Sydney, NS B1P 1G2",https://www.highlandartstheatre.com,boxoffice@highlandartstheatre.com,46.1385769,-60.1939016
HAT Academy (Pay-What-You-Can Arts Training),Highland Arts Theatre,"The HAT Academy offers inclusive theatre, music and dance training for children and youth in Cape Breton with a Pay-What-You-Can tuition model and bursaries so no one is turned away. The company partners with schools and community groups to reach youth in underserved neighborhoods and provides materials and supportive instruction to meet diverse needs. Sliding fees and outreach expand participation in the arts and foster a sense of belonging.",Inclusion and Discrimination,"Accessible Arts, Sports and Recreation Programs: Fund inclusive arts, sports and recreation programs with sliding-fee scales, adapted equipment, transit supports and outreach to marginalized neighbourhoods to broaden participation and community connection.",Structural Economic Scale and Capital Constraints,"40 Bentinck Street, Sydney, NS B1P 1G2",https://www.highlandartstheatre.com,info@highlandartstheatre.com,46.1385769,-60.1939016
Chester Playhouse Rebuild Community Fundraising,Chester Playhouse,"Following a 2021 fire, Chester Playhouse launched a community crowdfunding campaign through its website/CanadaHelps with periodic local matching-gift rounds, combined with municipal and provincial contributions. The matched funds supported reconstruction of the theatre, purchase of stage and sound equipment, and the restoration of diverse, year-round programming for the community.","Underinvestment in Arts, Culture, and Recreation","Local Crowdfunding and Community Investment Platform: Host a community crowdfunding portal with matched-fund rounds from local donors or municipalities to finance venue upgrades, equipment purchases and program development.",Structural Economic Scale and Capital Constraints,"22 Pleasant Street, Chester, NS B0J 1J0",https://www.chesterplayhouse.ca,info@chesterplayhouse.ca,44.5384113,-64.2407541
Neptune Theatre Donor‑Matched Crowdfunding Campaigns,Neptune Theatre,"Neptune Theatre regularly runs donor-matched crowdfunding drives on its website and social channels, where local sponsors match community gifts during specific campaign windows. These matched-fund rounds are directed to facility improvements (lighting, accessibility, seating), essential production equipment, and program development that provides opportunities for young artists and audiences in Halifax.","Underinvestment in Arts, Culture, and Recreation","Local Crowdfunding and Community Investment Platform: Host a community crowdfunding portal with matched-fund rounds from local donors or municipalities to finance venue upgrades, equipment purchases and program development.",Structural Economic Scale and Capital Constraints,"1593 Argyle Street, Halifax, NS B3J 2B2",https://www.neptunetheatre.com,info@neptunetheatre.com,44.6459551,-63.5739761
Neptune Theatre Pay-What-You-Can and Accessible Performances,Neptune Theatre,"Neptune Theatre offers pay-what-you-can performances, relaxed performances, and ASL-interpreted shows, alongside discounted youth tickets, to make professional theatre accessible. By combining accessible pricing with an accessible downtown venue and youth-engagement initiatives, Neptune lowers cost and physical barriers so young people can attend, learn, and lead in the arts.","Underinvestment in Arts, Culture, and Recreation","Accessible, Inclusive Programming and Supports: Design programming with barrier-reduction in mind (sliding-scale fees, childcare at events, accessible venues, transportation supports) to ensure diverse youth can participate and lead.",Structural Economic Scale and Capital Constraints,"1593 Argyle Street, Halifax, NS B3J 2B2",https://www.neptunetheatre.com,boxoffice@neptunetheatre.com,44.6459551,-63.5739761
Craft Apprenticeship Program (CAP),Cape Breton Centre for Craft & Design,"CAP pairs emerging craftspeople with established artisans and studios for paid, time-limited apprenticeships on Cape Breton Island. Apprentices receive stipends while learning production techniques, business operations, and participation in creative markets/events. The program directly implements the solution by creating compensated, mentored placements that launch youth into sustainable creative production careers.","Underinvestment in Arts, Culture, and Recreation","Paid Youth Apprenticeships and Gig Platforms: Develop municipal or business-subsidized paid apprenticeship programs and a local gig board that connects young creatives with short-term paid opportunities in events, production and arts administration.",Structural Economic Scale and Capital Constraints,"322 Charlotte Street, Sydney, NS B1P 1C8",https://capebretoncraft.com,info@capebretoncraft.com,46.1379353,-60.1949412
CRAFT LAIR (Local Artist in Residence),Craft Nova Scotia / Mary E. Black Gallery,"Hosted by the Mary E. Black Gallery, CRAFT LAIR provides rotating, short-term studio and exhibition space where craft artists engage the public in a pop-up, storefront-style setting. This model offers flexible, temporary access to a prominent cultural venue on the waterfront, lowering barriers for artists to test ideas and reach audiences without long-term commitments.","Underinvestment in Arts, Culture, and Recreation","Advocacy for Flexible Zoning and Short-Term Leases: Mobilize residents to work with municipal councils to allow adaptive reuse, pop-up permits and affordable short-term leases that make it easier for arts ventures to access space.",Structural Economic Scale and Capital Constraints,"1061 Marginal Road, Halifax, NS B3H 4P7",https://www.craftnovascotia.ca/mary-e-black-gallery/,information@craftnovascotia.ca,44.638734,-63.5652324
King's Theatre,King's Theatre Society,"A non-profit performing arts venue presenting ticketed films, concerts, and live theatre, while also offering venue rentals, memberships, and concessions. This earned income helps keep ticket prices accessible, supports free or low-cost youth outreach and school programs, and underwrites community presentations—using a social enterprise model to maintain vibrant year-round arts in a rural community.","Underinvestment in Arts, Culture, and Recreation","Social Enterprise Models for Sustainability: Encourage arts groups to adopt social enterprise practices (ticketed workshops, cafés, merch, venue rentals) to generate reliable income that subsidizes free or low-cost programming.",Structural Economic Scale and Capital Constraints,"209 St George Street, Annapolis Royal, NS B0S 1A0",https://www.kingstheatre.ca,boxoffice@kingstheatre.ca,44.7453638,-65.5194519
Lunenburg School of the Arts,Lunenburg School of the Arts,"A community arts school that runs fee-based workshops and courses, operates a small gallery/shop featuring artist-made work, and rents its facility for events. Income from classes, merchandise sales, and rentals is reinvested to provide scholarships, bursaries, and free or low-cost community programming—showcasing a sustainable social enterprise model that broadens access to arts education for youth and adults.","Underinvestment in Arts, Culture, and Recreation","Social Enterprise Models for Sustainability: Encourage arts groups to adopt social enterprise practices (ticketed workshops, cafés, merch, venue rentals) to generate reliable income that subsidizes free or low-cost programming.",Structural Economic Scale and Capital Constraints,"6 Prince Street, Lunenburg, NS B0J 2C0",https://www.lunenburgarts.org,info@lunenburgarts.org,44.3798895,-64.307798
Centre for Craft Nova Scotia,Craft Nova Scotia,"A sector organization that operates the Mary E. Black Gallery and The Craft Shop, while offering paid craft courses and studio rentals. Tuition, retail sales, and space rentals generate reliable earned income that supports exhibitions, emerging artist programs, and free/low-cost community craft activities—illustrating a social enterprise approach that sustains accessible arts and cultural programming.","Underinvestment in Arts, Culture, and Recreation","Social Enterprise Models for Sustainability: Encourage arts groups to adopt social enterprise practices (ticketed workshops, cafés, merch, venue rentals) to generate reliable income that subsidizes free or low-cost programming.",Structural Economic Scale and Capital Constraints,"1061 Marginal Road, Halifax, NS B3H 4P7",https://craftnovascotia.ca,info@craftnovascotia.ca,44.638734,-63.5652324
Bus Stop Theatre Co-op Community Access Program,The Bus Stop Theatre Cooperative,"Bus Stop Theatre Co-op’s Community Access Program subsidizes venue rental fees for community groups, emerging artists, and youth-led events, enabling pay-what-you-can and low-cost programming. The theatre is an accessible venue with step-free entry and accessible washrooms and pairs rentals with technical mentorship, reducing financial and physical barriers so diverse youth can participate and lead on stage and behind the scenes.","Underinvestment in Arts, Culture, and Recreation","Accessible, Inclusive Programming and Supports: Design programming with barrier-reduction in mind (sliding-scale fees, childcare at events, accessible venues, transportation supports) to ensure diverse youth can participate and lead.",Structural Economic Scale and Capital Constraints,"2203 Gottingen Street, Halifax, NS B3K 3B5",https://www.busstoptheatre.coop,info@busstoptheatre.coop,44.6532641,-63.5849809
Ross Creek Arts Camps Bursary & Access Program,Ross Creek Centre for the Arts,"Ross Creek Centre for the Arts runs year-round youth arts camps and programs supported by bursaries and scholarships so cost is not a barrier. The Centre also hosts free or pay-what-you-can community arts events in accessible, supportive studios, enabling rural and urban youth to create, exhibit, and take on leadership roles in inclusive settings.","Underinvestment in Arts, Culture, and Recreation","Accessible, Inclusive Programming and Supports: Design programming with barrier-reduction in mind (sliding-scale fees, childcare at events, accessible venues, transportation supports) to ensure diverse youth can participate and lead.",Structural Economic Scale and Capital Constraints,"555 Ross Creek Road, Canning, NS B0P 1H0",https://artscentre.ca,mail@artscentre.ca,45.1577166,-64.4209904
Art Gallery of Nova Scotia Online Shop,Art Gallery of Nova Scotia,"The Art Gallery of Nova Scotia operates an e-commerce platform featuring work by Nova Scotian artists and artisans, complete with artist profiles and exhibition tie-ins. This extends sales and promotion beyond the museum’s physical shop, allowing creators to sell year-round while the Gallery’s site and channels advertise exhibitions and events to wider audiences.","Underinvestment in Arts, Culture, and Recreation","Local Digital Platform for Promotion and Sales: Build a community-run online marketplace and streaming/promo platform where local artists can sell work, advertise events and connect with audiences beyond physical venue limits.",Structural Economic Scale and Capital Constraints,"1723 Hollis Street, Halifax, NS B3J 1V9",https://shop.artgalleryofnovascotia.ca,agns@novascotia.ca,44.6480407,-63.5728911
Argyle Fine Art Online Gallery & Virtual Events,Argyle Fine Art,"Argyle Fine Art maintains a robust online gallery with real-time inventory, enabling Nova Scotia artists to sell paintings, prints, and sculptures to buyers locally and internationally. The gallery also hosts virtual exhibitions and live-streamed studio visits, promoting events and connecting artists with audiences well beyond the brick-and-mortar space.","Underinvestment in Arts, Culture, and Recreation","Local Digital Platform for Promotion and Sales: Build a community-run online marketplace and streaming/promo platform where local artists can sell work, advertise events and connect with audiences beyond physical venue limits.",Structural Economic Scale and Capital Constraints,"1559 Barrington Street, Halifax, NS B3J 1Z7",https://www.argylefineart.com,info@argylefineart.com,44.6454875,-63.5730256
Cultural Competency & Anti-Racism Training,Mi'kmaw Native Friendship Centre,"The Mi'kmaw Native Friendship Centre offers community-led cultural safety and anti-racism workshops for residents, schools, businesses, and public servants. Facilitated by local Mi'kmaw knowledge keepers and educators, sessions often include Mi'kmaw history of Kjipuktuk/Halifax, treaty education, implicit bias awareness, bystander intervention, and practical allyship strategies, with tools like the KAIROS Blanket Exercise to ground learning in local context.",Inclusion and Discrimination,"Community-led Anti-racism and Inclusion Workshops: Organize regular workshops and training sessions led by local Indigenous, African Nova Scotian, and LGBTQ2S+ leaders for residents, businesses, schools, and municipal staff to teach local history, implicit bias, bystander intervention, and practical allyship strategies.",Structural Economic Scale and Capital Constraints,"2136 Gottingen Street, Halifax, NS B3K 3B3",https://mymnfc.com,info@mymnfc.com,44.652136,-63.5839016
Education & Outreach Program,Black Cultural Centre for Nova Scotia,"The Black Cultural Centre for Nova Scotia delivers anti-Black racism education, African Nova Scotian history presentations, and inclusion training to schools, workplaces, community groups, and government. Led by African Nova Scotian historians and community leaders, workshops cover local history, systemic and implicit bias, bystander strategies, and tangible allyship actions for participants.",Inclusion and Discrimination,"Community-led Anti-racism and Inclusion Workshops: Organize regular workshops and training sessions led by local Indigenous, African Nova Scotian, and LGBTQ2S+ leaders for residents, businesses, schools, and municipal staff to teach local history, implicit bias, bystander intervention, and practical allyship strategies.",Structural Economic Scale and Capital Constraints,"10 Cherry Brook Road, Cherry Brook, NS B2Z 1A8",https://bccns.com,info@bccns.com,44.7069344,-63.4746486
Black Cultural Centre for Nova Scotia,Black Cultural Centre for Nova Scotia,"A museum and cultural hub that preserves and promotes African Nova Scotian history and culture through exhibitions, educational programs, and year-round community events. It implements the solution by hosting cultural celebrations (e.g., African Heritage Month programming, Emancipation Day events) featuring music, dance, food, storytelling, and art that welcome all communities and build inter-cultural understanding across Nova Scotia.",Inclusion and Discrimination,"Cultural Centres and Celebration Festivals: Establish and support community-run cultural centres and annual festivals that showcase Mi'kmaq, African Nova Scotian and other cultural heritages through food, music, storytelling and art to build inter-community relationships and visibility.",Structural Economic Scale and Capital Constraints,"10 Cherry Brook Road, Cherry Brook, NS B2Z 1A8",https://bccns.com,info@bccns.com,44.7069344,-63.4746486
"Social Justice Education: Anti-Racism, Decolonization & Allyship Workshops",Tatamagouche Centre,"Tatamagouche Centre convenes Indigenous elders, African Nova Scotian educators, and 2SLGBTQIA+ trainers to facilitate public and custom workshops across Nova Scotia. Sessions focus on local histories and lived experiences, implicit bias, bystander intervention, and practical allyship for residents, schools, municipalities, and businesses seeking community-led inclusion training.",Inclusion and Discrimination,"Community-led Anti-racism and Inclusion Workshops: Organize regular workshops and training sessions led by local Indigenous, African Nova Scotian, and LGBTQ2S+ leaders for residents, businesses, schools, and municipal staff to teach local history, implicit bias, bystander intervention, and practical allyship strategies.",Structural Economic Scale and Capital Constraints,"259 Loop 6 Road, Tatamagouche, NS B0K 1V0",https://www.tatacentre.ca,info@tatacentre.ca,45.7109353,-63.2879017
Facilitation and Participatory Leadership Workshops,Tatamagouche Centre,"Tatamagouche Centre hosts short, open-enrolment courses on participatory facilitation, consensus-building, restorative practices, and conflict transformation that bring together youth and adult allies from across Nova Scotia. These trainings provide concrete tools for power-sharing, co-design, and equitable decision-making in community and organizational settings, directly supporting youth–adult co-governance.",Youth Voice and Civic Influence,"Training for Co‑Governance and Facilitation: Offer short community workshops for youth and adult allies on facilitation, policy literacy, negotiation and power-sharing so both sides can engage in equitable co‑decision processes.",Structural Economic Scale and Capital Constraints,"259 Loop Road, Tatamagouche, NS B0K 1V0",https://www.tatacentre.ca,info@tatacentre.ca,45.7109353,-63.2879017
Africville Museum and Emancipation Day Festival,Africville Heritage Trust,"The Africville Museum serves as a cultural centre preserving the legacy of the Africville community and hosts public programs and exhibits year-round. Its annual Emancipation Day Festival and other gatherings feature gospel and contemporary music, traditional foods, storytelling, and art, creating welcoming spaces that increase visibility of African Nova Scotian heritage and foster inter-community relationships.",Inclusion and Discrimination,"Cultural Centres and Celebration Festivals: Establish and support community-run cultural centres and annual festivals that showcase Mi'kmaq, African Nova Scotian and other cultural heritages through food, music, storytelling and art to build inter-community relationships and visibility.",Structural Economic Scale and Capital Constraints,"5795 Africville Road, Halifax, NS B3K 2R9",https://africvillemuseum.org,info@africvillemuseum.org,44.6738855,-63.6194971
Education and School Programs,Africville Heritage Trust,"The Africville Museum’s Education and School Programs offer curriculum-linked tours, classroom presentations, and teacher resources that centre African Nova Scotian histories and contributions. Knowledge-keepers and community educators collaborate with teachers to co-develop learning modules and classroom visits that deepen understanding of racism, resilience, and inclusion in Nova Scotia.",Inclusion and Discrimination,"School–Community Partnerships for Inclusive Curriculum: Collaborate with local Indigenous and African Nova Scotian knowledge-keepers to co-develop curriculum modules, classroom visits and teacher supports that reflect regional histories, languages and contributions, plus anti-bullying and inclusion programs.",Structural Economic Scale and Capital Constraints,"5795 Africville Road, Halifax, NS B3K 2R9",https://africvillemuseum.org,info@africvillemuseum.org,44.6738855,-63.6194971
Membertou Heritage Park,Membertou Heritage Park,"An interpretive centre and museum offering exhibits, Elder-led storytelling, craft workshops, and cultural programming that share Mi’kmaw history and living traditions with visitors. By hosting cultural events and supporting community celebrations such as powwow gatherings in Membertou, it showcases Mi’kmaw foodways, music, dance, and art to connect diverse audiences and strengthen cross-cultural understanding.",Inclusion and Discrimination,"Cultural Centres and Celebration Festivals: Establish and support community-run cultural centres and annual festivals that showcase Mi'kmaq, African Nova Scotian and other cultural heritages through food, music, storytelling and art to build inter-community relationships and visibility.",Structural Economic Scale and Capital Constraints,"35 Su'kewaq Court, Membertou, NS B1S 0H1",https://membertouheritagepark.com,heritagepark@membertou.ca,45.890253,-60.960521
Nova Multifest,Nova Multifest Association,"An annual, community-run multicultural festival in Dartmouth featuring performance stages, cultural pavilions, and international food vendors. The festival regularly includes Mi’kmaq drumming and dance, African Nova Scotian music and storytelling, and showcases from many other cultural communities, creating an inclusive celebration that builds connections and visibility across Nova Scotia.",Inclusion and Discrimination,"Cultural Centres and Celebration Festivals: Establish and support community-run cultural centres and annual festivals that showcase Mi'kmaq, African Nova Scotian and other cultural heritages through food, music, storytelling and art to build inter-community relationships and visibility.",Structural Economic Scale and Capital Constraints,"2 Ochterloney Street, Dartmouth, NS B2Y 4W1",https://www.novamultifest.ca,info@novamultifest.ca,44.6644002,-63.5701366
Imhotep’s Legacy Academy (ILA),Imhotep’s Legacy Academy (Dalhousie University),"ILA is a province-wide STEM mentorship program that pairs African Nova Scotian junior and senior high school students with university student mentors, scientists, engineers and tech professionals. Through after‑school programs, industry visits, internships and scholarships, ILA builds technical skills and connects youth to real employers and entrepreneurs, creating tangible pathways into post‑secondary STEM and related careers.",Inclusion and Discrimination,"Youth Mentorship and Career Pathways: Create mentorship programs pairing youth from Indigenous, African Nova Scotian and other marginalized communities with local employers, tradespeople, artists and entrepreneurs to build skills, internships, apprenticeship placements and clear career pathways.",Structural Economic Scale and Capital Constraints,"6299 South Street, Halifax, NS B3H 4R2",https://imhotep.ca,info@imhotep.ca,44.6361402,-63.593144
Employment & Training (ISET/AYESS) Program,Native Council of Nova Scotia,"The Native Council of Nova Scotia’s Employment & Training program supports off‑reserve Indigenous youth with career counselling, skills development and wage‑subsidized work placements. By matching participants with local employers and tradespeople for mentorship and on‑the‑job experience, the program removes barriers to employment, supports apprenticeship starts, and builds clear career pathways across sectors.",Inclusion and Discrimination,"Youth Mentorship and Career Pathways: Create mentorship programs pairing youth from Indigenous, African Nova Scotian and other marginalized communities with local employers, tradespeople, artists and entrepreneurs to build skills, internships, apprenticeship placements and clear career pathways.",Structural Economic Scale and Capital Constraints,"129 Truro Heights Road, Truro, NS B6L 1X1",https://ncns.ca,info@ncns.ca,45.3619394,-63.3206349
Indigenous Courtwork Program,Native Council of Nova Scotia,"The Indigenous Courtwork Program supports off‑reserve and non‑status Indigenous people in Nova Scotia to navigate the justice system, including assistance with court processes, police interactions, and rights education. Courtworkers provide culturally informed advocacy, legal information, and referrals, offering community‑based, know‑your‑rights support that addresses discrimination and improves access to justice.",Inclusion and Discrimination,"Community Legal Clinics and Know-Your-Rights Campaigns: Set up or expand community legal clinics offering free or sliding-scale legal counsel, discrimination complaint assistance and 'know your rights' information sessions targeted to marginalized residents navigating housing, employment or policing issues.",Structural Economic Scale and Capital Constraints,"129 Truro Heights Road, Truro, NS B6L 1X1",https://ncns.ca,info@ncns.ca,45.3619394,-63.3206349
Native Council of Nova Scotia Youth Council,Native Council of Nova Scotia,"The NCNS Youth Council represents off‑reserve and non‑status Mi’kmaq/Indigenous youth across Nova Scotia and provides a formal voice into the Council’s governance and advocacy. Youth leaders advise NCNS leadership and participate in consultations with municipal, provincial, and community partners to shape programs and policy, ensuring culturally grounded youth perspectives inform local decision‑making.",Youth Voice and Civic Influence,Partnerships with Mi'kmaq and Indigenous Youth Councils: Co-create formal pathways for Indigenous youth voice by partnering with Mi'kmaq communities and organizations to ensure culturally appropriate roles in local decision-making.,Structural Economic Scale and Capital Constraints,"129 Truro Heights Road, Truro, NS B6L 1X1",https://ncns.ca,info@ncns.ca,45.3619394,-63.3206349
John W. Lindsay YMCA – Inclusive and Accessible Facilities,YMCA of Greater Halifax/Dartmouth,"The John W. Lindsay YMCA provides universally accessible recreation spaces, including barrier-free entries, elevators, adaptive fitness equipment, and gender-inclusive/universal change rooms. Staff receive inclusion training and the facility regularly updates accessibility features in line with Nova Scotia’s Accessibility Act and user feedback. These upgrades implement the solution by making a major community recreation hub welcoming and usable for people of all genders and abilities.",Inclusion and Discrimination,"Accessible Community Spaces and Transit Improvements: Work with community groups and local government to audit and upgrade public spaces, recreational facilities and transit for physical accessibility, gender-inclusive facilities, sensory-friendly features and better route/service coverage in underserved neighbourhoods.",Structural Economic Scale and Capital Constraints,"5640 Sackville Street, Halifax, NS B3J 1L2",https://www.ymcahfx.ca,info@ymcahfx.ca,44.6444187,-63.5803731
The Youth Project (2SLGBTQIA+ Youth Services),The Youth Project,"The Youth Project provides confidential peer-support groups, social drop-ins, and one-on-one support for 2SLGBTQIA+ youth across Nova Scotia. They also help start and sustain school-based Gender and Sexuality Alliances (GSAs), offer referrals to crisis and mental health resources, and run inclusive social programming and workshops, directly implementing safe spaces and peer-support networks.",Inclusion and Discrimination,"LGBTQ2S+ Safe Spaces and Peer-support Networks: Launch and fund local drop-in centres, peer-support groups and school-based alliances that provide confidential support, referrals, crisis resources and social programming for queer and trans youth and adults.",Structural Economic Scale and Capital Constraints,"2281 Brunswick Street, Halifax, NS B3K 2Y9",https://youthproject.ns.ca,info@youthproject.ns.ca,44.6545219,-63.583592
School Outreach and Education Program,The Youth Project,"The Youth Project delivers workshops, classroom sessions, and teacher professional development across Nova Scotia to address homophobia, transphobia, and bullying, and to build inclusive school cultures. Their educators collaborate with schools to tailor content, provide resources for GSAs and staff, and integrate intersectional approaches that support 2SLGBTQIA+ students alongside broader equity initiatives.",Inclusion and Discrimination,"School–Community Partnerships for Inclusive Curriculum: Collaborate with local Indigenous and African Nova Scotian knowledge-keepers to co-develop curriculum modules, classroom visits and teacher supports that reflect regional histories, languages and contributions, plus anti-bullying and inclusion programs.",Structural Economic Scale and Capital Constraints,"2281 Brunswick Street, Halifax, NS B3K 2Y9",https://youthproject.ns.ca,info@youthproject.ns.ca,44.6545219,-63.583592
South House Sexual and Gender Resource Centre,South House Sexual and Gender Resource Centre,"South House operates a safer-space drop-in centre that offers peer support, resources, and referrals for 2SLGBTQIA+ community members and allies. Through confidential one-on-one support, community-led groups, and social programming, they foster inclusion and reduce discrimination by providing welcoming spaces and connections to crisis and health services.",Inclusion and Discrimination,"LGBTQ2S+ Safe Spaces and Peer-support Networks: Launch and fund local drop-in centres, peer-support groups and school-based alliances that provide confidential support, referrals, crisis resources and social programming for queer and trans youth and adults.",Structural Economic Scale and Capital Constraints,"1443 Seymour Street, Halifax, NS B3H 3M6",https://southhousehalifax.ca,info@southhousehalifax.ca,44.6388869,-63.5893881
Valley Youth Project (Annapolis Valley 2SLGBTQ+ Youth Group),Valley Youth Project,"The Valley Youth Project hosts free, confidential peer-support meetings and social programming for 2SLGBTQ+ youth and their allies in the Annapolis Valley. Meetings provide a welcoming drop-in environment with activities, discussion, and referrals to local supports, directly building community-based safe spaces for queer and trans youth.",Inclusion and Discrimination,"LGBTQ2S+ Safe Spaces and Peer-support Networks: Launch and fund local drop-in centres, peer-support groups and school-based alliances that provide confidential support, referrals, crisis resources and social programming for queer and trans youth and adults.",Structural Economic Scale and Capital Constraints,"440 Main Street, Kentville, NS B4N 1K8",https://valleyyouthproject.ca,valleyyouthproject@gmail.com,45.0773314,-64.4974595
Education & Outreach Programs,Black Loyalist Heritage Society,"The Black Loyalist Heritage Centre provides curriculum-aligned education programs, virtual and on-site school visits, and teacher guides focused on African Nova Scotian history and culture. Working with community historians and elders, they co-create classroom-ready materials and professional learning that foster inclusive practices and counter racism in school communities.",Inclusion and Discrimination,"School–Community Partnerships for Inclusive Curriculum: Collaborate with local Indigenous and African Nova Scotian knowledge-keepers to co-develop curriculum modules, classroom visits and teacher supports that reflect regional histories, languages and contributions, plus anti-bullying and inclusion programs.",Structural Economic Scale and Capital Constraints,"119 Old Birchtown Road, Shelburne, NS B0T 1W0",https://www.blackloyalist.com,info@blackloyalist.com,43.7639539,-65.321384
Community Housing Growth Fund (Nova Scotia),Community Housing Transformation Centre (in partnership with the Nova Scotia Department of Municipal Affairs and Housing),"The Community Housing Growth Fund provides grants, planning assistance, and capacity-building supports to co-operative and non-profit housing providers across Nova Scotia to create, preserve, and expand affordable and accessible homes. Funding streams prioritize equity-denied groups (including Indigenous and African Nova Scotian communities) and support community-governed housing models—such as co-ops—that help prevent displacement in gentrifying areas by keeping housing under local, mission-...",Inclusion and Discrimination,"Affordable, Accessible Housing Co-operatives: Support community-led housing co-ops and partnerships that prioritize affordable, accessible units for families, elders, persons with disabilities and returning residents, with policies to prevent displacement in gentrifying areas.",Structural Economic Scale and Capital Constraints,"1741 Brunswick Street, Halifax, NS B3J 3X8",https://centre.support,chgf@centre.support,44.6473243,-63.5766982
Wije’winen Indigenous Housing and Community Hub,Mi’kmaw Native Friendship Centre,"Wije’winen is a community-led development that will deliver affordable, culturally safe, and accessible housing for urban Indigenous peoples in Halifax, including elders, families, and persons with disabilities, alongside wraparound services. By centering Indigenous governance and anchoring long-term affordability in the North End, the project advances partnerships that resist displacement and ensure residents can remain and thrive as the neighborhood changes.",Inclusion and Discrimination,"Affordable, Accessible Housing Co-operatives: Support community-led housing co-ops and partnerships that prioritize affordable, accessible units for families, elders, persons with disabilities and returning residents, with policies to prevent displacement in gentrifying areas.",Structural Economic Scale and Capital Constraints,"2158 Gottingen Street, Halifax, NS B3K 3B4",https://mymnfc.com/,info@mymnfc.com,44.652446,-63.5843154
Restorative Approaches in Schools (CCRCE),Chignecto Central Regional Centre for Education,"CCRCE embeds restorative approaches in school culture by training staff to facilitate restorative circles and community conferences that repair harm and rebuild trust when incidents occur. The approach offers an alternative to suspensions and exclusions, centering student voice, accountability, and inclusion, and is used to respond to bullying, racism, homophobia/transphobia, and other harms in age-appropriate, community-based ways.",Inclusion and Discrimination,"Restorative Justice and Community Safety Circles: Develop restorative justice programs and community safety circles run by trained local facilitators as alternatives to punitive systems, emphasizing healing, accountability and community-based resolutions for youth and adults.",Structural Economic Scale and Capital Constraints,"60 Lorne Street, Truro, NS B2N 3K3",https://www.ccrce.ca,,45.3680075,-63.2806871
Restorative Justice Program (ACRP),Antigonish Conflict Resolution Program,"ACRP delivers restorative justice services that use facilitated restorative circles and conferences as alternatives to court processes for youth and adults referred by police, Crown, and community partners. Trained local facilitators bring together those who caused harm, those affected, families, and community members to craft accountability agreements and healing-focused resolutions, addressing harms including discrimination while strengthening community safety and belonging.",Inclusion and Discrimination,"Restorative Justice and Community Safety Circles: Develop restorative justice programs and community safety circles run by trained local facilitators as alternatives to punitive systems, emphasizing healing, accountability and community-based resolutions for youth and adults.",Structural Economic Scale and Capital Constraints,"219 Main Street, Antigonish, NS B2G 2C1",https://acrp.ca,info@acrp.ca,45.6224878,-61.989565
Mi’kmaw Interpretive and Language Programs at Kejimkujik National Park and National Historic Site,Parks Canada,"Kejimkujik presents Mi’kmaw place names and bilingual public signage throughout the park and historic site, embedding the language into trails, exhibits, and wayfinding. The site regularly hosts Mi’kmaw interpreters, Elders, and Knowledge Keepers who lead cultural demonstrations and youth learning activities, strengthening intergenerational mentorship. These experiences connect families and schools to Mi’kmaw language and cultural practices in a widely accessible public setting.",Inclusion and Discrimination,"Mi'kmaq Language and Cultural Revitalization Programs: Invest in community-driven language nests, after-school programs, elder-mentorship, and public signage initiatives to revitalize Mi'kmaq language and cultural practices in neighbourhoods and schools.",Structural Economic Scale and Capital Constraints,"3005 Kejimkujik Main Parkway, Maitland Bridge, NS B0T 1B0",https://parks.canada.ca/pn-np/ns/kejimkujik,,44.4486318,-65.2019826
Indigenous Services and Mi’kmaw Language Programs,Halifax Public Libraries,"Halifax Public Libraries provides Mi’kmaw language learning circles, after-school activities for Indigenous youth, and regular sessions led by Elders and Knowledge Keepers across branches. Libraries also incorporate visible Mi’kmaw welcome messages and land-based acknowledgements on signage and displays, normalizing the language in community spaces. These programs create safe, inclusive hubs that support language revitalization and reduce barriers to belonging for Indigenous youth and families.",Inclusion and Discrimination,"Mi'kmaq Language and Cultural Revitalization Programs: Invest in community-driven language nests, after-school programs, elder-mentorship, and public signage initiatives to revitalize Mi'kmaq language and cultural practices in neighbourhoods and schools.",Structural Economic Scale and Capital Constraints,"5440 Spring Garden Road, Halifax, NS B3J 1E9",https://www.halifaxpubliclibraries.ca/,askus@halifaxpubliclibraries.ca,44.6428872,-63.5752999
Cultural Education and Mi’kmaw Language Programs,Membertou Heritage Park,"Membertou Heritage Park delivers school visits, youth workshops, and community events where Elders and Knowledge Keepers share Mi’kmaw language, stories, and cultural practices. Exhibits and on-site interpretive materials feature Mi’kmaw terminology and place names, reinforcing public visibility of the language. These intergenerational programs strengthen identity, build cultural pride, and create inclusive spaces for learning in the community.",Inclusion and Discrimination,"Mi'kmaq Language and Cultural Revitalization Programs: Invest in community-driven language nests, after-school programs, elder-mentorship, and public signage initiatives to revitalize Mi'kmaq language and cultural practices in neighbourhoods and schools.",Structural Economic Scale and Capital Constraints,"35 Su'n Awti, Membertou, NS B1S 0H3",https://membertouheritagepark.com/,,45.890253,-60.960521
Aboriginal Business Financing Program (ABFP) — Ulnooweg,Ulnooweg Development Group,"Ulnooweg delivers the federal Aboriginal Business Financing Program across Atlantic Canada, providing non-repayable contributions (micro-grants and grants), business loans, and advisory supports to First Nations, Inuit, and Métis entrepreneurs. The program funds start-up and expansion costs and pairs capital with business planning assistance and mentorship, directly addressing access-to-finance and capacity barriers faced by Indigenous entrepreneurs in Nova Scotia.",Inclusion and Discrimination,"Micro-grants and Business Supports for Black and Indigenous Entrepreneurs: Create local micro-grant funds, low-interest loans, business incubators and tailored training to remove barriers for African Nova Scotian and Indigenous entrepreneurs starting or scaling small businesses.",Structural Economic Scale and Capital Constraints,"172A Trider Crescent, Dartmouth, NS B3B 1R6",https://ulnooweg.ca,info@ulnooweg.ca,44.7090236,-63.5913036
Black Start-Up Project,Tribe Network,"Tribe Network’s Black Start-Up Project provides cohort-based incubator programming, mentorship, and tailored training for Black founders in Nova Scotia and Atlantic Canada. The initiative also connects entrepreneurs to micro-grant opportunities and capital partners while building networks that reduce barriers to financing, skills development, and market access.",Inclusion and Discrimination,"Micro-grants and Business Supports for Black and Indigenous Entrepreneurs: Create local micro-grant funds, low-interest loans, business incubators and tailored training to remove barriers for African Nova Scotian and Indigenous entrepreneurs starting or scaling small businesses.",Structural Economic Scale and Capital Constraints,"1505 Barrington Street, Suite 100, Halifax, NS B3J 3K5",https://tribenetwork.ca,hello@tribenetwork.ca,44.6445647,-63.5723991
WorkBridge Employment Services,Easter Seals Nova Scotia,"WorkBridge is Easter Seals Nova Scotia’s supported employment hub that provides individualized career planning, job development, and on‑the‑job coaching for job seekers with disabilities. The team partners with employers to implement workplace accommodations, offers disability and inclusion training, and supports retention through ongoing employer and employee check‑ins—directly aligning with the solution’s focus on supported employment, accommodations consulting, and employer education.",Inclusion and Discrimination,"Disability Employment and Skills Training Hubs: Establish community hubs offering supported employment programs, workplace accommodations consulting, job coaching and employer education to increase hiring and retention of people with disabilities.",Structural Economic Scale and Capital Constraints,"22 Fielding Avenue, Dartmouth, NS B3B 1E2",https://easterseals.ns.ca,workbridge@easterseals.ns.ca,44.7058109,-63.6018222
Prescott Employment Services,Prescott Group,"Prescott Employment Services delivers supported employment for adults with intellectual and developmental disabilities, including skills development, job carving, placement, and intensive job coaching. They engage employers with guidance on accessible hiring, reasonable accommodations, and inclusive workplace practices, serving as a community hub that advances the solution’s goals of increasing hiring and retention through coaching and employer education.",Inclusion and Discrimination,"Disability Employment and Skills Training Hubs: Establish community hubs offering supported employment programs, workplace accommodations consulting, job coaching and employer education to increase hiring and retention of people with disabilities.",Structural Economic Scale and Capital Constraints,"3430 Prescott Street, Halifax, NS B3K 4Y4",https://prescottgroup.ca,info@prescottgroup.ca,44.6634027,-63.610079
Supported Employment Services,TEAM Work Cooperative,"TEAM Work Cooperative (a Nova Scotia Works employment hub) offers specialized supported employment for people with disabilities, including career counseling, job development, and individualized job coaching and retention supports. The organization partners with employers to implement accommodations and hosts employer engagement and inclusion training—directly implementing the solution by operating as a community hub for supported employment and employer education.",Inclusion and Discrimination,"Disability Employment and Skills Training Hubs: Establish community hubs offering supported employment programs, workplace accommodations consulting, job coaching and employer education to increase hiring and retention of people with disabilities.",Structural Economic Scale and Capital Constraints,"501-7071 Bayers Road, Halifax, NS B3L 2C2",https://teamworkcooperative.ca/,info@teamworkcooperative.ca,44.6541222,-63.6273462
Employment Inclusion Services,reachAbility Association,"reachAbility provides barrier‑free employment readiness, job development, and supported employment for persons with disabilities, complemented by one‑to‑one job coaching and retention support. They deliver employer training on disability inclusion and accommodation best practices and advise on accessible recruitment—acting as a community hub that advances the solution’s goals of supported employment, accommodations consulting, and employer education.",Inclusion and Discrimination,"Disability Employment and Skills Training Hubs: Establish community hubs offering supported employment programs, workplace accommodations consulting, job coaching and employer education to increase hiring and retention of people with disabilities.",Structural Economic Scale and Capital Constraints,"3845 Joseph Howe Drive, Suite 201, Halifax, NS B3L 4H9",https://www.reachability.org/,info@reachability.org,44.6609037,-63.6272452
CKDU 88.1 FM,CKDU-FM Society,"Halifax’s campus–community radio station that trains volunteers to produce local programs and podcasts, including shows by and for African Nova Scotian, Mi’kmaw, LGBTQ2S+, immigrant, and disability communities. By broadcasting lived experiences and community news, CKDU amplifies marginalized voices, challenges stereotypes, and fosters a more inclusive public conversation province-wide.",Inclusion and Discrimination,"Local Storytelling and Public Awareness Campaigns: Produce community media projects (podcasts, murals, short films, local radio) that elevate lived experiences of marginalized Nova Scotians, challenge stereotypes, and promote positive local role models.",Structural Economic Scale and Capital Constraints,"6136 University Avenue, Halifax, NS B3H 4J2",https://ckdu.ca,info@ckdu.ca,44.6367223,-63.5892308
Centre for Art Tapes (CFAT),Centre for Art Tapes,"A media arts centre that provides gear, training, mentorship, and community residencies to help artists and community members produce short films, audio works, and digital media. CFAT’s public screenings, exhibitions, and community projects foreground underrepresented voices—including Indigenous, African Nova Scotian, and queer storytellers—building awareness and representation through locally made media.",Inclusion and Discrimination,"Local Storytelling and Public Awareness Campaigns: Produce community media projects (podcasts, murals, short films, local radio) that elevate lived experiences of marginalized Nova Scotians, challenge stereotypes, and promote positive local role models.",Structural Economic Scale and Capital Constraints,"2238 Maitland Street, Halifax, NS B3K 2Z9",https://www.cfat.ca,info@cfat.ca,44.6531181,-63.5841036
Chief’s Diversity Advisory Committee (CDAC),Halifax Regional Police,"The Halifax Regional Police CDAC brings together leaders from Indigenous, African Nova Scotian, 2SLGBTQ+, disability, newcomer, and other communities to advise the Chief on policies, training, priorities, and community engagement. Meeting regularly, the committee informs policing strategies and resource allocation, ensuring municipal public safety planning reflects diverse community needs and reduces discrimination.",Inclusion and Discrimination,"Representative Community Advisory Councils: Form standing advisory councils composed of Indigenous, African Nova Scotian, disability and LGBTQ2S+ community members to consult with municipalities, schools and health services on policy, planning and budget decisions.",Structural Economic Scale and Capital Constraints,"1975 Gottingen Street, Halifax, NS B3J 2H1",https://www.halifax.ca/police,hrp@halifax.ca,44.6499659,-63.5799102
KidSport Nova Scotia Fee Assistance Program,Sport Nova Scotia,"KidSport Nova Scotia provides grants to help families cover registration fees for organized sport, ensuring cost isn’t a barrier to participation. Working through community chapters across the province, the program broadens access in marginalized and rural neighborhoods and complements clubs that offer inclusive or adapted programming. By removing financial barriers, more children and youth can join local teams and build community connections.",Inclusion and Discrimination,"Accessible Arts, Sports and Recreation Programs: Fund inclusive arts, sports and recreation programs with sliding-fee scales, adapted equipment, transit supports and outreach to marginalized neighbourhoods to broaden participation and community connection.",Structural Economic Scale and Capital Constraints,"5516 Spring Garden Road, 4th Floor, Halifax, NS B3J 1G6",https://kidsportcanada.ca/nova-scotia/,kidsport@sportnovascotia.ca,44.648618,-63.5859487
Parasport Nova Scotia — Equipment Loan & Bridging to Sport,Parasport Nova Scotia,"Parasport Nova Scotia develops inclusive sport opportunities for people with disabilities and operates a province-wide adapted equipment loan program (e.g., sport wheelchairs, sit-skis) and Try-It events. The organization reduces or eliminates participant fees for many entry-level programs and connects athletes with accessible venues through community partners. This combination of adapted gear, fee support and outreach expands participation among youth facing ableism and other barriers.",Inclusion and Discrimination,"Accessible Arts, Sports and Recreation Programs: Fund inclusive arts, sports and recreation programs with sliding-fee scales, adapted equipment, transit supports and outreach to marginalized neighbourhoods to broaden participation and community connection.",Structural Economic Scale and Capital Constraints,"5516 Spring Garden Road, 4th Floor, Halifax, NS B3J 1G6",https://www.parasportns.ca,info@parasportns.ca,44.648618,-63.5859487
Community and Youth Recreation Programs,The North Grove,"The North Grove is a community hub in Dartmouth North offering free and low-cost youth arts, sports and recreation programs alongside meals, childcare and other supports. Programs are intentionally delivered in a historically marginalized neighborhood and include barrier-reduction measures such as on-site equipment and practical supports to help participants attend. This approach builds social connection while removing cost and access obstacles.",Inclusion and Discrimination,"Accessible Arts, Sports and Recreation Programs: Fund inclusive arts, sports and recreation programs with sliding-fee scales, adapted equipment, transit supports and outreach to marginalized neighbourhoods to broaden participation and community connection.",Structural Economic Scale and Capital Constraints,"4 Primrose Street, Dartmouth, NS B3A 4C5",https://www.thenorthgrove.ca,info@thenorthgrove.ca,44.684797,-63.5830135
Peer Support and Mentorship Programs,Autism Nova Scotia,"Autism Nova Scotia provides peer-support groups, social connections, and one-to-one peer mentorship for autistic people and families across the province, grounded in neurodiversity-affirming and trauma-informed practice. Programming includes specialized groups (e.g., for 2SLGBTQIA+ autistic folks) and navigation to mental health resources, addressing barriers rooted in ableism. Services are coordinated through a community hub that fosters inclusion, self-advocacy, and mental well-being.",Inclusion and Discrimination,"Community Mental Health and Peer-support Services: Expand culturally competent, trauma-informed mental health services and peer-support networks located in community hubs, with specific programming for survivors of racism, homophobia, transphobia and ableism.",Structural Economic Scale and Capital Constraints,"5945 Spring Garden Road, Suite 103, Halifax, NS B3H 3A7",https://www.autismns.ca,info@autismns.ca,44.6409982,-63.5855187
Dispute Resolution and Intake Services,Nova Scotia Human Rights Commission,"The Nova Scotia Human Rights Commission provides immediate intake and navigation for people who experience discrimination under the Nova Scotia Human Rights Act. Staff help document incidents, explain options (e.g., early resolution, restorative approaches, and formal complaints), liaise with employers, landlords, and institutions to pursue remedies, coordinate referrals to supports, and track complaint trends to drive systemic change across the province.",Inclusion and Discrimination,"Rapid-response Anti-discrimination Navigation Team: Create a local task team that provides immediate assistance for discrimination incidents — documenting cases, guiding people to remedies, liaising with employers/institutions and coordinating supports while tracking trends for systemic change.",Structural Economic Scale and Capital Constraints,"5657 Spring Garden Road, Suite 305, Halifax, NS B3J 3S5",https://humanrights.novascotia.ca,hrcintake@novascotia.ca,44.6434021,-63.5788533
Human Rights & Equity Services,Dalhousie University,"Dalhousie’s Human Rights & Equity Services provides confidential intake and case management for students, staff, and faculty experiencing discrimination or harassment. The team documents incidents, advises on complaint and accommodation processes, liaises with academic and administrative units to secure remedies, coordinates counselling and safety supports, and reviews case data to address systemic barriers on campus.",Inclusion and Discrimination,"Rapid-response Anti-discrimination Navigation Team: Create a local task team that provides immediate assistance for discrimination incidents — documenting cases, guiding people to remedies, liaising with employers/institutions and coordinating supports while tracking trends for systemic change.",Structural Economic Scale and Capital Constraints,"6299 South Street, Henry Hicks Building, Halifax, NS B3H 4R2",https://www.dal.ca/dept/hres.html,hres@dal.ca,44.648618,-63.5859487
Advocacy & Support for 2SLGBTQIA+ Youth,The Youth Project (Nova Scotia),"The Youth Project offers advocacy and case support for 2SLGBTQIA+ youth who encounter homophobia or transphobia at school, work, or in the community. Staff help document incidents, navigate school board and Nova Scotia Human Rights complaint pathways, liaise with educators and employers to secure accommodations or remedies, coordinate wraparound supports, and use emerging trends to inform policy and education efforts.",Inclusion and Discrimination,"Rapid-response Anti-discrimination Navigation Team: Create a local task team that provides immediate assistance for discrimination incidents — documenting cases, guiding people to remedies, liaising with employers/institutions and coordinating supports while tracking trends for systemic change.",Structural Economic Scale and Capital Constraints,"2281 Brunswick Street, Halifax, NS B3K 2Y9",https://youthproject.ns.ca,info@youthproject.ns.ca,44.6545219,-63.583592
Community Presents,Canadian Museum of Immigration at Pier 21,"Community Presents is a museum-led series that partners with cultural and community groups to co-host performances, talks, festivals, and exhibits. These public events create regular intercultural dialogue and shared arts experiences, building relationships among diverse communities and deepening understanding through collaborative programming.",Inclusion and Discrimination,"Intercultural Community Exchanges and Shared Projects: Facilitate regular intercultural dialogues, community arts collaborations, and neighbourhood improvement projects that bring diverse groups together to build relationships, reduce prejudice and co-create solutions.",Structural Economic Scale and Capital Constraints,"1055 Marginal Road, Halifax, NS B3H 4P7",https://www.pier21.ca,info@pier21.ca,44.6377468,-63.5660537
Community Greenhouse & Urban Farm,Hope Blooms,"Hope Blooms’ youth-led urban farm and greenhouse bring residents together to grow food, cook, and host community dinners that welcome people from many cultures and identities. These shared projects improve the neighbourhood’s green space, build cross-cultural relationships, and empower young people to co-create solutions to food security and inclusion.",Inclusion and Discrimination,"Intercultural Community Exchanges and Shared Projects: Facilitate regular intercultural dialogues, community arts collaborations, and neighbourhood improvement projects that bring diverse groups together to build relationships, reduce prejudice and co-create solutions.",Structural Economic Scale and Capital Constraints,"2439 Brunswick Street, Halifax, NS B3K 2Z4",https://hopeblooms.ca,info@hopeblooms.ca,44.6582759,-63.589319
IWK Health Centre Youth Advisory Council,IWK Health Centre,"The IWK Youth Advisory Council engages young people as partners in hospital planning and service design, with members serving on committees and working groups that shape policies and programs. The IWK provides honoraria/stipends and reimburses expenses to recognize youth expertise and remove financial barriers to participation. By placing paid youth partners in decision-making forums, the YAC ensures youth perspectives carry weight in institutional decisions that affect them.",Youth Voice and Civic Influence,"Paid Youth Representation on Committees: Allocate paid seats and honoraria for youth on municipal committees, planning boards and nonprofit boards so young people have voting roles and financial support to participate.",Structural Economic Scale and Capital Constraints,"5850/5980 University Avenue, Halifax, NS B3K 6R8",https://iwk.nshealth.ca,,44.6378638,-63.5837315
Participatory Budgeting – District 9 (Halifax West Armdale),Halifax Regional Municipality – Office of Councillor Shawn Cleary (District 9),"Halifax Regional Municipality’s District 9 runs a participatory budgeting process where residents—including youth who live, work, or attend school in the district—submit ideas, develop proposals, pitch them at a public event, and vote to allocate a portion of the District Capital Fund to winning community projects. The format directly empowers young people to co-design and select small-scale improvements (e.g., youth spaces, recreation, arts) funded from a dedicated public pot, giving them a ...",Youth Voice and Civic Influence,"Community Participatory Budgeting Pilot: Run participatory budgeting processes at the neighbourhood or municipal level where youth design, pitch and vote on small community projects funded by a dedicated public pot.",Structural Economic Scale and Capital Constraints,"1841 Argyle Street, Halifax, NS B3J 3A5",https://www.halifax.ca,shawn.cleary@halifax.ca,44.648927,-63.5753248
Student and Co-op Employment,Cape Breton Regional Municipality,"Cape Breton Regional Municipality hires paid students and co-op interns across Planning & Development, Recreation/Parks, Engineering & Public Works, Communications, and Culture & Events. Students can complete sequential placements in different units, effectively rotating through planning, parks, economic development, and cultural areas while contributing youth insight to municipal initiatives and services.",Youth Voice and Civic Influence,"Youth Civic Internship Program: Partner municipalities, provincial offices, school boards and local NGOs to offer paid internships that rotate youth through planning, parks, economic development and cultural departments.",Structural Economic Scale and Capital Constraints,"320 Esplanade, Sydney, NS B1P 7B9",https://www.cbrm.ns.ca,,46.1371609,-60.1960651
CBRM Forward Public Engagement Pop-Ups,Cape Breton Regional Municipality,"CBRM uses pop-up engagement stations and community listening sessions across communities like North Sydney, Glace Bay, New Waterford, and Louisbourg to gather public input. Youth are engaged where they are—at markets, libraries, schools, and recreation facilities—so their perspectives inform municipal strategies (strategic planning, active transportation, recreation) while reducing travel barriers for rural youth.",Youth Voice and Civic Influence,"Mobile and Pop‑Up Engagement in Rural Areas: Organize pop-up forums, listening tours and mobile buses that bring engagement events to rural and remote communities, reducing travel barriers for youth participation.",Structural Economic Scale and Capital Constraints,"320 Esplanade, Sydney, NS B1P 7B9",https://www.cbrm.ns.ca,information@cbrm.ns.ca,46.1371609,-60.1960651
Community Insurance and Recovery Information Sessions,Cape Breton Regional Municipality,"Cape Breton Regional Municipality collaborates with provincial officials and the Insurance Bureau of Canada to deliver public information sessions that walk residents through insurance coverage, claims processes, and DFA supports following severe storms. These events include practical guidance on property-level mitigation—such as drainage, backwater valves, and wildfire risk reduction—and how such actions can improve eligibility and help lower premiums.",Climate Risks and Infrastructure Resilience,"Local Insurance and Affordability Workshops: Host sessions with insurance experts and municipal staff to explain coverage options, government programs, mitigation discounts and steps homeowners can take to lower premiums.",Structural Economic Scale and Capital Constraints,"320 Esplanade, Sydney, NS B1P 7B9",https://www.cbrm.ns.ca,information@cbrm.ns.ca,46.1371609,-60.1960651
Teen Arts Group (TAG),Art Gallery of Nova Scotia,"AGNS’s Teen Arts Group is a standing youth council that collaborates with curators, educators, and program staff to co-design exhibitions, events, and learning programs relevant to young people. Participants run design workshops, develop and prototype interactive installations and teen nights, and the Gallery follows through by resourcing and implementing the ideas in public programming.",Youth Voice and Civic Influence,"Youth Co‑Design Labs: Host recurring co-design workshops where young people work with officials and service providers to redesign programs (transit, housing, recreation) affecting them, with prototypes and follow-through commitments.",Structural Economic Scale and Capital Constraints,"1723 Hollis Street, Halifax, NS B3J 1V9",https://agns.ca,info@agns.ca,44.6480407,-63.5728911
#RisingYouth Community Service Grants,TakingITGlobal,"A national micro‑grant program that funds youth (ages 15–30) to design and lead community service projects, including public art, pop‑up services, mutual aid, and neighbourhood improvements. It operates in Nova Scotia and offers $250–$1,500 micro‑grants with quick turnaround, mentorship, and light reporting so youth can rapidly implement civic ideas in their communities.",Youth Voice and Civic Influence,"Micro‑grants for Youth‑Led Civic Projects: Create a community fund that awards small, rapid-turnaround grants to youth-led civic initiatives (public art, pop-up services, neighbourhood improvements) with light reporting requirements.",Structural Economic Scale and Capital Constraints,"117 Peter Street, Suite 312, Toronto, ON M5V 0M3",https://www.risingyouth.ca,info@risingyouth.ca,43.6484152,-79.3927191
Service Learning Program,St. Francis Xavier University,"St. Francis Xavier University’s Service Learning integrates structured community projects into academic courses, linking students with local governments and community organizations in Antigonish and across Nova Scotia. Through semester-long placements and reflective assignments, students work on policy, planning, and community development initiatives and share results with partners and officials. This approach embeds civic practice within curricula and builds students’ capacity to influence l...",Youth Voice and Civic Influence,School‑to‑Community Civic Curriculum and Service Learning: Work with school boards to embed community-based civic projects and local governance simulations into the curriculum that connect students directly to municipal needs and decision-makers.,Structural Economic Scale and Capital Constraints,"4130 University Avenue, Antigonish, NS B2G 2W5",https://www.stfx.ca/academics/service-learning,servicelearning@stfx.ca,45.6191732,-61.9966544
Community-Engaged Service Learning (SUST 3003),"College of Sustainability, Dalhousie University","Dalhousie University’s College of Sustainability offers a for-credit Community-Engaged Service Learning course that places students with municipal and community partners to co-create solutions on sustainability and policy challenges. Coursework includes scoping with partners (e.g., HRM units and local NGOs), applied research, and public-facing presentations or briefs that inform decision-makers. This directly embeds civic, place-based problem solving and governance literacy into the academic ...",Youth Voice and Civic Influence,School‑to‑Community Civic Curriculum and Service Learning: Work with school boards to embed community-based civic projects and local governance simulations into the curriculum that connect students directly to municipal needs and decision-makers.,Structural Economic Scale and Capital Constraints,"6135 University Avenue, Halifax, NS B3H 4R2",https://www.dal.ca,sustain@dal.ca,44.6376163,-63.5899417
Shape Your City Halifax,Halifax Regional Municipality,"Shape Your City Halifax is HRM’s digital engagement hub where residents—including youth—can propose ideas, respond to surveys, join discussions, and ask questions on municipal projects. The platform lets users follow specific projects, receive email updates, and view “What We Heard” and decision summaries so they can track how their input influenced outcomes.",Youth Voice and Civic Influence,"Digital Engagement Platform with Local Focus: Develop an accessible online platform and mobile app where youth can propose ideas, comment on consultations, track decisions, and receive updates on how their input influenced outcomes.",Structural Economic Scale and Capital Constraints,"1841 Argyle Street, Halifax, NS B3J 3A5",https://www.shapeyourcityhalifax.ca/,contactus@halifax.ca,44.648927,-63.5753248
Let’s Talk CBRM,Cape Breton Regional Municipality,"Let’s Talk CBRM is the Cape Breton Regional Municipality’s online engagement platform, offering idea boards, discussion forums, polls, and surveys so youth and other residents can share feedback on municipal plans and bylaws. Participants can subscribe to projects to receive updates and see posted reports and council outcomes, clearly linking community input to decisions.",Youth Voice and Civic Influence,"Digital Engagement Platform with Local Focus: Develop an accessible online platform and mobile app where youth can propose ideas, comment on consultations, track decisions, and receive updates on how their input influenced outcomes.",Structural Economic Scale and Capital Constraints,"320 Esplanade, Sydney, NS B1P 7B9",https://www.letstalkcbrm.ca/,cbrm@cbrm.ns.ca,46.1371609,-60.1960651
Have Your Say Lunenburg,Town of Lunenburg,"Have Your Say Lunenburg is the Town’s mobile-friendly engagement site where community members, including youth, can submit ideas, comment on draft policies, and participate in Q&As about local initiatives. The platform publishes project timelines, updates, and “What We Heard” summaries, enabling users to track decisions and understand how their feedback shaped municipal actions.",Youth Voice and Civic Influence,"Digital Engagement Platform with Local Focus: Develop an accessible online platform and mobile app where youth can propose ideas, comment on consultations, track decisions, and receive updates on how their input influenced outcomes.",Structural Economic Scale and Capital Constraints,"119 Cumberland Street, Lunenburg, NS B0J 2C0",https://haveyoursaytownoflunenburg.ca/,town@townoflunenburg.ca,44.37796,-64.3098233
Get Involved Yarmouth,Town of Yarmouth,"Get Involved Yarmouth is the Town’s digital consultation portal that invites youth and residents to propose ideas, complete surveys, and comment on local projects such as waterfront and mobility initiatives. Users can follow projects for notifications and access result summaries and council decisions, creating a clear feedback loop that shows how public input informs outcomes.",Youth Voice and Civic Influence,"Digital Engagement Platform with Local Focus: Develop an accessible online platform and mobile app where youth can propose ideas, comment on consultations, track decisions, and receive updates on how their input influenced outcomes.",Structural Economic Scale and Capital Constraints,"400 Main Street, Yarmouth, NS B5A 1G2",https://getinvolvedyarmouth.ca/,info@townofyarmouth.ca,43.838363,-66.1200297
4-H Nova Scotia Clubs and Mentorship,4-H Nova Scotia,"4-H Nova Scotia places youth in club-based mentorship with trained volunteer leaders—local farmers, artisans, and tradespeople—through hands-on projects (e.g., agriculture, welding, small engines, public speaking) and community service. Youth develop technical and leadership skills, take on elected club roles, and work with local agricultural societies and municipal partners, strengthening civic knowledge and community connections consistent with the mentorship network solution.",Youth Voice and Civic Influence,"Mentorship Network Linking Youth and Local Leaders: Establish mentorship pairings between youth and local elected officials, Indigenous leaders, entrepreneurs and tradespeople to transfer skills, networks and civic knowledge.",Structural Economic Scale and Capital Constraints,"60 Research Drive, Bible Hill, NS B6L 2R2",https://4hnovascotia.ca,info@4hnovascotia.ca,45.3884983,-63.2422032
Mi'kmaw Native Friendship Centre - Youth Program,Mi'kmaw Native Friendship Centre,"The MNFC Youth Program supports urban Indigenous youth to lead cultural storytelling through drumming, spoken word, video, and digital media grounded in Mi'kmaw culture and language. Youth produce short films, zines, and public events on issues like education, reconciliation, and housing, and present their work at community gatherings and meetings with service providers and HRM/NS representatives to inform policy and programs.",Youth Voice and Civic Influence,"Youth‑Led Cultural and Storytelling Projects: Support youth in producing community storytelling, festivals, zines and digital media that surface local issues and recommendations to decision-makers and the broader public.",Structural Economic Scale and Capital Constraints,"2021 Gottingen Street, Halifax, NS B3K 3A9",https://www.mnfc.ca,info@mnfc.ca,44.6505111,-63.5810952
Youth Harbour Advisory Council,Ecology Action Centre (Youth Harbour Initiative),"Youth Harbour, an initiative supporting youth-led climate action, convenes a provincial Youth Advisory Council that co-designs grants and engagement activities. Advisors receive stipends/honoraria, transportation support (e.g., bus fare or gas cards), accessible meeting locations or virtual participation, and language/ASL support as needed—practical measures that enable diverse youth to attend and influence decisions.",Youth Voice and Civic Influence,"Inclusive Meeting Supports: Provide transportation stipends, childcare, honoraria, meeting-time flexibility, language support and accessible venues so youth from all backgrounds can meaningfully attend and contribute.",Structural Economic Scale and Capital Constraints,"2705 Fern Lane, Halifax, NS B3K 4L3",https://www.youthharbour.ca,info@ecologyaction.ca,44.6567453,-63.59637
Workshops & GSA Leadership Training,The Youth Project,"The Youth Project delivers province-wide workshops for students and adult allies (educators, service providers) on inclusive facilitation, anti-oppression, and policy literacy related to 2SLGBTQIA+ rights in schools and communities. By training youth and adults to co-facilitate GSAs, run effective meetings, and negotiate with school administrators, the program builds shared-power structures that embed youth voice in policy and program decisions.",Youth Voice and Civic Influence,"Training for Co‑Governance and Facilitation: Offer short community workshops for youth and adult allies on facilitation, policy literacy, negotiation and power-sharing so both sides can engage in equitable co‑decision processes.",Structural Economic Scale and Capital Constraints,"2281 Brunswick Street, Halifax, NS B3K 2Y9",https://www.youthproject.ns.ca,youthproject@youthproject.ns.ca,44.6545219,-63.583592
Leadership & Communications Program,4-H Nova Scotia,"4-H Nova Scotia offers practical workshops for youth on chairing meetings, parliamentary procedure, public speaking, and negotiation through its Communications and Leadership streams. Complementary leader training for adult volunteers emphasizes youth–adult partnership and shared governance in clubs, enabling intergenerational teams to facilitate, make decisions together, and influence policies within their organizations and communities.",Youth Voice and Civic Influence,"Training for Co‑Governance and Facilitation: Offer short community workshops for youth and adult allies on facilitation, policy literacy, negotiation and power-sharing so both sides can engage in equitable co‑decision processes.",Structural Economic Scale and Capital Constraints,"60 Research Drive, Bible Hill, NS B6L 2R2",https://www.4hnovascotia.ca,info@4hnovascotia.ca,45.3884983,-63.2422032
Eskasoni Youth Council,Eskasoni First Nation (Eskasoni Band Council),"The Eskasoni Youth Council provides a formal mechanism for Mi’kmaq youth in Eskasoni to advise Chief and Council, participate on community committees, and co-design initiatives affecting young people. By embedding youth representatives within local governance, the council ensures culturally relevant youth perspectives inform decisions on education, recreation, health, and community development.",Youth Voice and Civic Influence,Partnerships with Mi'kmaq and Indigenous Youth Councils: Co-create formal pathways for Indigenous youth voice by partnering with Mi'kmaq communities and organizations to ensure culturally appropriate roles in local decision-making.,Structural Economic Scale and Capital Constraints,"63 Mini Mall Drive, Eskasoni, NS B1W 1A0",https://www.eskasoni.ca,,45.9306767,-60.6451211
Clean Leadership (Nova Scotia Youth Conservation Corps),Clean Foundation,"Clean Foundation’s Clean Leadership/NSYCC program places youth in paid roles across Nova Scotia to deliver community environmental projects and public education. The organization publishes an annual impact report and program “by the numbers” summaries that track youth participants, host sites, funded projects, and measurable outcomes; project pages and case studies document recommendations adopted by host municipalities and partners, providing a transparent dashboard-style view of youth engag...",Youth Voice and Civic Influence,"Youth Impact Dashboard and Annual Report: Publish an easy-to-read local dashboard and yearly report that tracks youth engagement activities, decisions influenced, funded projects and outcomes to increase transparency and accountability.",Structural Economic Scale and Capital Constraints,"126 Portland Street, Dartmouth, NS B2Y 1H8",https://cleanfoundation.ca/programs/clean-leadership/,info@cleanfoundation.ca,44.6659186,-63.5662829
Community Funds Program (Place-Based Endowments),Community Foundation of Nova Scotia,"The Community Foundation of Nova Scotia establishes locally governed, place-based community funds (e.g., county and regional funds) that pool contributions from residents, businesses, service clubs, and, in many cases, municipal or foundation partners into permanent endowments. Investment earnings are granted to local nonprofits—often through multi-year commitments set by local advisory committees—creating a predictable, long-term operating funding stream that stabilizes community programs an...",Policy Fragmentation and Short-Term Funding,"Community Multi-Year Fund: Create a locally managed multi-year pooled fund supported by municipalities, businesses, foundations and citizen donations to provide predictable, long-term operating grants to community programs and reduce reliance on short pilots.",Structural Economic Scale and Capital Constraints,"1888 Brunswick Street, Suite 202, Halifax, NS B3J 3J8",https://cfns-fcne.ca,info@cfns-fcne.ca,44.6494098,-63.5784887
ShiftKey Labs (Nova Scotia Sandbox),Dalhousie University – Faculty of Computer Science (Nova Scotia Sandbox Initiative),"ShiftKey Labs is a node of the Nova Scotia Sandbox network hosted at Dalhousie University that incubates student- and community-led tech pilots using shared challenge formats, toolkits, and mentorship models. Through the Sandbox network’s standardized curricula and evaluation rubrics (e.g., common venture-readiness and impact indicators), pilots can be replicated or scaled across campuses and communities in the province without rebuilding programs or funding from scratch. This community-orien...",Policy Fragmentation and Short-Term Funding,"Shared Program Incubator: Develop a community-run incubator that hosts new pilots on a standardized, transferable platform with common evaluation metrics so successful initiatives can scale across towns without restarting funding cycles.",Structural Economic Scale and Capital Constraints,"6050 University Avenue, Halifax, NS B3H 1W5",https://www.shiftkeylabs.ca,info@shiftkeylabs.ca,44.6375234,-63.5872235
Navigate Startup Ecosystem (Navigate Startup House),Navigate Startup Ecosystem (Cape Breton University & NSCC Marconi Campus Partnership),"Navigate supports entrepreneurship across Cape Breton by operating a shared incubator space and coordinated programs delivered in partnership with Cape Breton University and NSCC. Using common programming structures (bootcamps, mentorship sprints) and consistent outcome tracking across cohorts and communities, Navigate enables pilots to be tested, measured, and then transferred to other towns on the island without restarting funding or program design. This networked approach reduces siloing a...",Policy Fragmentation and Short-Term Funding,"Shared Program Incubator: Develop a community-run incubator that hosts new pilots on a standardized, transferable platform with common evaluation metrics so successful initiatives can scale across towns without restarting funding cycles.",Structural Economic Scale and Capital Constraints,"37 Nepean Street, Sydney, NS B1P 6A7",https://www.navigatestartup.ca,info@navigatestartup.ca,46.1431613,-60.1966931
Small Business Loan Guarantee Program,Nova Scotia Co-operative Council (in partnership with Nova Scotia Credit Unions and the Province of Nova Scotia),"This province-wide program partners the Government of Nova Scotia with local credit unions to provide loans (with a government guarantee) to small businesses and social enterprises. Organizations frequently use these loans to match short-term grants, creating blended financing that extends program timelines and encourages private co-investment consistent with the Local Match Partnership model.",Policy Fragmentation and Short-Term Funding,"Local Match Partnership Program: Build partnerships with local businesses and credit unions to offer matching funds for community projects that secure shorter-term grants, extending program horizons and encouraging private co-investment.",Structural Economic Scale and Capital Constraints,"111 Provost Street, Suite 31, New Glasgow, NS B2H 2P9",https://www.novascotia.coop,info@novascotia.coop,45.5882198,-62.6449644
Nova Scotia Open Data Portal,Government of Nova Scotia,"The Nova Scotia Open Data Portal centralizes datasets and published program outcomes from across provincial departments, providing standardized data and metadata that organizations use for planning and evaluation. By making results, indicators, and historical datasets accessible in one place, it supports shared measurement, reduces duplicated pilots, and enables nonprofits and communities to adopt consistent evaluation templates and evidence-based best practices.",Policy Fragmentation and Short-Term Funding,"Community Knowledge Hub: Create an online and in-person hub that centralizes program outcomes, evaluation templates, funding calendars and best practices so organizations can plan ahead and avoid duplicated pilot efforts.",Structural Economic Scale and Capital Constraints,"One Government Place, 1700 Granville Street, Halifax, NS B3J 1X5",https://data.novascotia.ca,opendata@novascotia.ca,44.6475863,-63.573823
211 Nova Scotia,United Way Halifax,"211 Nova Scotia is a province‑wide navigation and referral service that maintains an integrated database of community, social, health, and government programs. It uses formal data‑sharing MOUs/agency agreements with service providers and multi‑year funding agreements with the Province to guarantee shared commitments (information, staff time for updates, and standardized data) across sectors, minimizing fragmentation as program funding and governments change.",Policy Fragmentation and Short-Term Funding,"Cross-Sector Memorandums of Understanding (MOUs): Encourage local organizations and municipalities to sign MOUs that guarantee shared commitments (space, staff time, data sharing) across multiple years to reduce fragmentation when external funding changes.",Structural Economic Scale and Capital Constraints,"46 Portland Street, Dartmouth, NS B2Y 1H4",https://211ns.ca,info@211ns.ca,44.6650687,-63.5670059
Our Health Centre (Community Health Hub),Our Health Centre Association,"Our Health Centre is a multi‑tenant community health hub that co‑locates primary care, mental health, public health, and community services under one roof. The centre relies on MOUs/service agreements and long‑term leases with Nova Scotia Health, the Municipality of Chester, and nonprofit partners to share space, coordinate staff time, and enable appropriate data‑sharing, reducing fragmented service delivery for families and youth across funding cycles.",Policy Fragmentation and Short-Term Funding,"Cross-Sector Memorandums of Understanding (MOUs): Encourage local organizations and municipalities to sign MOUs that guarantee shared commitments (space, staff time, data sharing) across multiple years to reduce fragmentation when external funding changes.",Structural Economic Scale and Capital Constraints,"3769 Highway 3, Chester, NS B0J 1J0",https://ourhealthcentre.ca,info@ourhealthcentre.ca,44.5472019,-64.232039
Town of Antigonish Participatory Budgeting,Town of Antigonish,"The Town of Antigonish hosts participatory budgeting rounds where community members submit proposals and vote to allocate a set portion of municipal funds to local projects. This resident‑driven process is repeated, creating a predictable pathway for funding multi‑year, community‑identified priorities and reducing reliance on short‑term, siloed grants while strengthening local ownership of outcomes.",Policy Fragmentation and Short-Term Funding,"Participatory Budgeting Initiatives: Use local participatory budgeting to allocate a portion of municipal or community foundation funds to multi-year community priorities chosen by residents, increasing predictability and local ownership.",Structural Economic Scale and Capital Constraints,"274 Main Street, Antigonish, NS B2G 2C4",https://antigonish.ca,town@antigonish.ca,45.6227052,-61.99171
Community Health Boards – Community Health Plan Indicators,Nova Scotia Health (Community Health Boards Program),"Nova Scotia’s Community Health Boards (CHBs) use a province-wide set of indicators drawn from the Nova Scotia Quality of Life Survey and health/public health data to set local priorities and report progress consistently across regions. By requiring Wellness Fund projects and community partners to align to these common indicators (e.g., mental well-being, social connection, food security), CHBs implement a shared measurement framework that lets funders compare outcomes across communities, redu...",Policy Fragmentation and Short-Term Funding,"Shared Measurement Framework: Agree on a simple set of community impact indicators among local organizations so funders see comparable results across projects, making longer-term funding and scaling more attractive and less fragmented.",Structural Economic Scale and Capital Constraints,"1796 Summer Street, Halifax, NS B3H 3A7",https://www.communityhealthboards.ns.ca,communityhealthboards@nshealth.ca,44.6454617,-63.5871661
Nova Scotia Works – Performance Measurement Framework (LaMPSS),"Nova Scotia Department of Labour, Skills and Immigration","The province funds a network of Nova Scotia Works employment service providers and requires them to track standardized client and outcome metrics through the Labour Market Program Support System (LaMPSS). This shared measurement approach—covering indicators like job placements, retention, skills gains, and credential attainment—creates comparable results across agencies and regions, enabling funders to identify effective models, reduce fragmented pilots, and scale proven youth employment supp...",Policy Fragmentation and Short-Term Funding,"Shared Measurement Framework: Agree on a simple set of community impact indicators among local organizations so funders see comparable results across projects, making longer-term funding and scaling more attractive and less fragmented.",Structural Economic Scale and Capital Constraints,"1700 Granville Street, Halifax, NS B3J 1X5",https://novascotia.ca/employmentnovascotia/,employmentnovascotia@novascotia.ca,44.6475983,-63.5737751
Community Economic Development Investment Funds (CEDIF) Program,Government of Nova Scotia – Nova Scotia Securities Commission,"The Province of Nova Scotia’s CEDIF program enables communities to raise capital locally by selling RRSP/TFSA-eligible shares to Nova Scotians, channeling patient, multi-year investment into local enterprises and initiatives. Functionally similar to community investment notes, CEDIFs mobilize residents as impact investors and repay them through enterprise revenues, reducing reliance on short-term grants and addressing policy fragmentation by creating stable, community-driven financing.",Policy Fragmentation and Short-Term Funding,"Local Social Bond or Community Investment Notes: Mobilize local investors through social bonds or community investment notes to fund capital and operating needs for multi-year social initiatives, repaid through cost-savings or community revenues.",Structural Economic Scale and Capital Constraints,"5251 Duke Street, Suite 400, Halifax, NS B3J 1P3",https://nssc.novascotia.ca,nssc@nssc.novascotia.ca,44.6492689,-63.5761344
FarmWorks Investment Co-operative Limited (CEDIF),FarmWorks Investment Co-operative Limited,"FarmWorks raises capital from Nova Scotians through recurring CEDIF share offerings and invests that pooled community capital in farms, food processors, and local food enterprises across the province. Acting like a community investment note, these offerings provide multi-year, patient financing that is repaid from business revenues, building resilient local food systems and reducing dependence on short-term, siloed funding.",Policy Fragmentation and Short-Term Funding,"Local Social Bond or Community Investment Notes: Mobilize local investors through social bonds or community investment notes to fund capital and operating needs for multi-year social initiatives, repaid through cost-savings or community revenues.",Structural Economic Scale and Capital Constraints,"70 Exhibition Street, Kentville, NS B4N 4K9",https://www.farmworks.ca,info@farmworks.ca,45.0836335,-64.4967401
Regional Solid Waste Program (Inter-Municipal Service Agreement),Valley Waste-Resource Management,"Valley Waste-Resource Management delivers integrated solid waste services for multiple neighbouring municipalities in the Annapolis Valley under a standing inter-municipal agreement. When pilots such as clear bag policies, organics enhancements, or curbside textile recycling prove successful within one member area, the board structure enables rapid acceptance and roll-out across all participating municipalities without each having to re‑prove outcomes. This reciprocity mechanism sustains regi...",Policy Fragmentation and Short-Term Funding,"Pilot Reciprocity Agreement: Create agreements among neighbouring municipalities to accept and continue successful pilots from one jurisdiction, reducing the need to re-prove impact and enabling sustained program delivery across regions.",Structural Economic Scale and Capital Constraints,"90 Donald E. Hiltz Connector Road, Kentville, NS B4N 3V7",https://www.vwrm.ca,info@vwrm.ca,45.0664994,-64.5234038
Pro Bono Students Canada – Dalhousie Chapter,"Schulich School of Law, Dalhousie University","PBSC’s Dalhousie chapter places supervised law student volunteers with nonprofits and community groups across Nova Scotia to draft bylaws and policies, build governance binders, standardize MOUs, and organize compliance checklists—formalizing and preserving institutional knowledge. These short-term, well-scoped volunteer projects deliver critical documentation and administrative support at no cost, bridging capacity and continuity when organizations face funding uncertainty.",Policy Fragmentation and Short-Term Funding,"Volunteer Continuity & Knowledge Team: Assemble a trained volunteer cadre to preserve institutional knowledge (archives, contacts, evaluation records) and provide short-term operational support when funding gaps threaten continuity.",Structural Economic Scale and Capital Constraints,"6061 University Avenue, Halifax, NS B3H 4R2",https://pbsc.ca/chapters/dalhousie/,pbscschulichlaw@dal.ca,44.6382006,-63.5875635
Nature Trust Volunteer Program (Land Stewards & Office Volunteers),Nova Scotia Nature Trust,"The Nova Scotia Nature Trust trains volunteer land stewards and office volunteers to collect and file monitoring reports, GIS notes, species observations, and stewardship records, and to maintain internal databases and contact lists—safeguarding institutional knowledge about conserved lands. Volunteers also support reception and short-term admin projects, providing surge capacity that keeps stewardship and outreach running when funding is tight.",Policy Fragmentation and Short-Term Funding,"Volunteer Continuity & Knowledge Team: Assemble a trained volunteer cadre to preserve institutional knowledge (archives, contacts, evaluation records) and provide short-term operational support when funding gaps threaten continuity.",Structural Economic Scale and Capital Constraints,"7071 Bayers Road, Suite 231, Halifax, NS B3L 2C2",https://nsnt.ca/get-involved/volunteer,info@nsnt.ca,44.6541222,-63.6273462
CoastSnap Nova Scotia,"TransCoastal Adaptations: Centre for Nature-Based Solutions, Saint Mary’s University","CoastSnap Nova Scotia engages volunteers to take repeat photos from fixed smartphone brackets installed at beaches and dunes to track shoreline change over time. Submitted images are processed to extract shoreline position and are shared through public web maps and dashboards, providing communities and municipalities with evidence to guide coastal planning, early warnings for erosion hotspots, and stronger grant applications for adaptation projects.",Climate Risks and Infrastructure Resilience,"Community Coastal Monitoring and Mapping: Organize volunteer teams to monitor shoreline change, flooding incidents and erosion, and maintain a community-accessible map/database to inform planning, early warning and grant applications.",Structural Economic Scale and Capital Constraints,"923 Robie Street, Halifax, NS B3H 3C3",https://www.transcoastaladaptations.com,info@transcoastaladaptations.com,44.6313165,-63.5816691
Living Shorelines Nova Scotia,Clean Foundation,"Living Shorelines supports communities in stabilizing eroding coasts with nature-based methods and trains local volunteers to monitor beach profiles, photo-points, and storm/flood impacts. Monitoring results and site maps are published via project dashboards and GIS story maps, informing municipal planning, permit and grant applications, and timely public communications during severe weather.",Climate Risks and Infrastructure Resilience,"Community Coastal Monitoring and Mapping: Organize volunteer teams to monitor shoreline change, flooding incidents and erosion, and maintain a community-accessible map/database to inform planning, early warning and grant applications.",Structural Economic Scale and Capital Constraints,"126 Portland Street, Dartmouth, NS B2Y 1H8",https://www.cleanfoundation.ca,info@cleanfoundation.ca,44.6659186,-63.5662829
Joint Emergency Management (JEM) Program,"Halifax Regional Municipality, Emergency Management","JEM organizes neighbourhood-level volunteer teams across Halifax to monitor and report coastal storm impacts—such as flooding, erosion, and road washouts—using standardized forms and geotagged photos. Reports feed into the municipal Emergency Management Office for situational awareness, public alerts, and the maintenance of community hazard maps used in resilience planning and funding applications.",Climate Risks and Infrastructure Resilience,"Community Coastal Monitoring and Mapping: Organize volunteer teams to monitor shoreline change, flooding incidents and erosion, and maintain a community-accessible map/database to inform planning, early warning and grant applications.",Structural Economic Scale and Capital Constraints,"1841 Argyle Street, Halifax, NS B3J 3A5",https://www.halifax.ca,emo@halifax.ca,44.648927,-63.5753248
Living Shorelines Nova Scotia,Coastal Action (Bluenose Coastal Action Foundation),"Living Shorelines Nova Scotia designs and installs nature-based shoreline protection such as salt marsh plantings, dune restoration, coir logs, and native shrub buffers. The program hosts community planting days and works with landowners and municipalities to create stewardship agreements that maintain riparian buffers and stabilize eroding coasts, reducing storm surge and flooding risks.",Climate Risks and Infrastructure Resilience,"Local Natural Infrastructure Projects: Restore and protect salt marshes, dunes, wetlands and riparian buffers through community planting days and stewardship agreements to reduce storm surge, absorb flood waters and stabilize shorelines.",Structural Economic Scale and Capital Constraints,"37 Tannery Road, Lunenburg, NS B0J 2C0",https://www.coastalaction.org,info@coastalaction.org,44.3756187,-64.3193573
Climate Change Program,Coastal Action (Bluenose Coastal Action Foundation),"Coastal Action convenes municipalities, researchers, and residents on Nova Scotia’s South Shore to plan for sea-level rise, storm surge, and flooding, and to advocate for nature-based and engineered resilience investments. Their coalition-building informs stronger coastal zoning and stormwater bylaws, and they promote incentives and funding proposals that support resilient retrofits and shoreline protection best practices.",Climate Risks and Infrastructure Resilience,"Advocacy and Coalition-Building for Policy Change: Form community coalitions to lobby municipal and provincial governments for stronger zoning, affordable insurance programs, infrastructure investments and incentives for resilient building practices.",Structural Economic Scale and Capital Constraints,"37 Tannery Road, Unit 2, Lunenburg, NS B0J 2C0",https://www.coastalaction.org,info@coastalaction.org,44.3756187,-64.3193573
Riparian Restoration and Stewardship Program,Clean Annapolis River Project (CARP),"Clean Annapolis River Project restores riparian buffers and adjacent wetlands along the Annapolis River watershed by organizing community planting days with schools, volunteers, and landowners to plant native trees, shrubs, and marsh vegetation. Through landowner outreach and stewardship agreements, the program improves bank stability, reduces flood risk, and enhances natural infrastructure that absorbs stormwater.",Climate Risks and Infrastructure Resilience,"Local Natural Infrastructure Projects: Restore and protect salt marshes, dunes, wetlands and riparian buffers through community planting days and stewardship agreements to reduce storm surge, absorb flood waters and stabilize shorelines.",Structural Economic Scale and Capital Constraints,"314 St. George Street, Annapolis Royal, NS B0S 1A0",https://annapolisriver.ca,info@annapolisriver.ca,44.7429043,-65.518273
Cape Breton Regional Municipality Comfort Centres,Cape Breton Regional Municipality Emergency Management Organization,"CBRM’s Emergency Management Organization maintains a network of designated Comfort Centres in community halls, churches, and fire stations equipped with generators throughout the municipality. Local volunteers open and operate these hubs during severe weather or power interruptions to provide warmth, device charging, internet access, emergency information, and basic supplies. CBRM EMO coordinates readiness, offers training support, and communicates openings and locations to residents.",Climate Risks and Infrastructure Resilience,"Neighbourhood Resilience Hubs: Create local hubs (in community centres, libraries, or churches) stocked with emergency supplies, communications equipment and information; train volunteers to operate them during storms or power outages.",Structural Economic Scale and Capital Constraints,"320 Esplanade, Sydney, NS B1P 7B9",https://www.cbrm.ns.ca,,46.1371609,-60.1960651
Rainscaping Program,ACAP Cape Breton,"ACAP Cape Breton runs community rainscaping initiatives that include public workshops and demonstration installs of rain gardens, swales, and downspout redirection to keep stormwater away from foundations. Through hands-on volunteer planting days and homeowner training, the program helps residents improve lot drainage and reduce flood risk to basements and lower levels.",Climate Risks and Infrastructure Resilience,"Home Resilience Retrofit Program: Run a community-supported retrofit initiative offering group discounts, volunteer labour swaps and how-to workshops for flood-proofing basements, elevating utilities, improving drainage and sealing buildings.",Structural Economic Scale and Capital Constraints,"90 Esplanade, Sydney, NS B1P 1A1",https://www.acapcb.ns.ca,info@acapcb.ns.ca,46.142419,-60.198631
Stormwater and LID Projects (Coasts & Watersheds),Clean Foundation,"Clean Foundation partners with municipalities, schools, and community groups across Nova Scotia to co-design and install rain gardens, bioswales, and other green stormwater infrastructure. Their teams host volunteer planting and maintenance days, provide technical guidance on site selection and native plants, and deliver public workshops that help residents retrofit properties with permeable surfaces and downspout disconnection. These projects reduce peak flows, improve infiltration, and less...",Climate Risks and Infrastructure Resilience,"Local Stormwater and Low-Impact Development (LID) Projects: Install rain gardens, permeable pavement, bioswales and roadside infiltration basins through community-led design and build days to reduce runoff and urban flooding.",Structural Economic Scale and Capital Constraints,"126 Portland Street, Dartmouth, NS B2Y 1H8",https://cleanfoundation.ca,info@cleanfoundation.ca,44.6659186,-63.5662829
Nova Scotia Sustainable Communities Challenge Fund,Clean Foundation,"A province-wide fund administered by Clean Foundation that provides grants to municipalities, Mi’kmaw communities, and non-profits for climate adaptation and mitigation projects, including flood resilience and nature-based coastal protection. By offering small to mid-sized grants that seed local pilots and preparedness initiatives, it functions as a community resilience fund that enables neighbourhood-scale adaptation and supports locally governed solutions.",Climate Risks and Infrastructure Resilience,"Community Resilience Fund and Microgrants: Establish a locally governed resilience fund (seeded by donations, municipal contributions and fundraisers) that provides microgrants for household flood mitigation, small business preparedness and local adaptation pilots.",Structural Economic Scale and Capital Constraints,"126 Portland Street, Dartmouth, NS B2Y 1H8",https://cleanfoundation.ca,info@cleanfoundation.ca,44.6659186,-63.5662829
Climate Adaptation Program,Clean Foundation,"Clean Foundation brings together municipalities, provincial departments, and community organizations to assess climate risks and co-develop adaptation strategies, then advances policy recommendations to councils and the Province. Through these cross-sector coalitions, they advocate for resilient infrastructure funding, updated zoning and building standards, and incentive programs that help homeowners and businesses implement resilient practices that can also reduce insurance risk.",Climate Risks and Infrastructure Resilience,"Advocacy and Coalition-Building for Policy Change: Form community coalitions to lobby municipal and provincial governments for stronger zoning, affordable insurance programs, infrastructure investments and incentives for resilient building practices.",Structural Economic Scale and Capital Constraints,"126 Chain Lake Drive, Suite 3B, Halifax, NS B3S 1A2",https://cleanfoundation.ca,info@cleanfoundation.ca,44.6450524,-63.666929
South Shore Stormwater Management and Green Infrastructure,Bluenose Coastal Action Foundation,"Bluenose Coastal Action Foundation works with towns and communities on Nova Scotia’s South Shore to design and implement LID features such as rain gardens, bioswales, and shoreline infiltration plantings that capture and filter runoff before it reaches harbours and streams. The initiative frequently organizes community planting events and youth education sessions, building local capacity to plan, install, and care for green infrastructure. These projects reduce flooding and erosion while impr...",Climate Risks and Infrastructure Resilience,"Local Stormwater and Low-Impact Development (LID) Projects: Install rain gardens, permeable pavement, bioswales and roadside infiltration basins through community-led design and build days to reduce runoff and urban flooding.",Structural Economic Scale and Capital Constraints,"18 King Street, Lunenburg, NS B0J 2C0",https://www.coastalaction.org,info@coastalaction.org,44.3771311,-64.309578
Non-Residential Stormwater Credit Program,Halifax Water,"Halifax Water provides bill credits to non-residential customers that install and maintain approved LID practices—such as permeable pavement, rain gardens/bioretention, and infiltration galleries—that reduce runoff to the municipal system. The utility offers technical guidelines and a review process that encourages property owners to retrofit sites with green infrastructure, decreasing peak flows and urban flooding. This incentive accelerates widespread adoption of LID across commercial, inst...",Climate Risks and Infrastructure Resilience,"Local Stormwater and Low-Impact Development (LID) Projects: Install rain gardens, permeable pavement, bioswales and roadside infiltration basins through community-led design and build days to reduce runoff and urban flooding.",Structural Economic Scale and Capital Constraints,"450 Cowie Hill Road, Halifax, NS B3P 2V3",https://www.halifaxwater.ca/stormwater,customercare@halifaxwater.ca,44.62613,-63.623556
Smart Grid Nova Scotia,Nova Scotia Power Inc.,"Nova Scotia Power’s Smart Grid Nova Scotia pilot deploys distributed energy resources such as residential battery storage (e.g., Tesla Powerwall), smart inverters, and advanced controls to form a virtual power plant across participating communities. The batteries provide backup power during storms and outages while coordinated operation lowers peak demand and overall energy costs, improving grid resilience for residents and small businesses.",Climate Risks and Infrastructure Resilience,"Community-Owned Microgrids and Backup Power: Develop small-scale renewable energy plus battery storage projects (solar co-ops, microgrids) to keep critical services running during outages and lower energy costs for residents and businesses.",Structural Economic Scale and Capital Constraints,"1223 Lower Water Street, Halifax, NS B3J 3S8",https://www.nspower.ca,info@nspower.ca,44.6419859,-63.5673509
Mahone Bay Solar Garden Project,Town of Mahone Bay Electric Utility,"The Town of Mahone Bay Electric Utility is developing a subscriber-based community solar garden that enables residents and businesses to purchase a share of local solar generation and receive bill credits. As part of the town’s broader grid-modernization work with AREA, the project supports local resilience by laying the groundwork to pair solar with battery storage so critical municipal services can remain powered during outages while lowering electricity costs for participants.",Climate Risks and Infrastructure Resilience,"Community-Owned Microgrids and Backup Power: Develop small-scale renewable energy plus battery storage projects (solar co-ops, microgrids) to keep critical services running during outages and lower energy costs for residents and businesses.",Structural Economic Scale and Capital Constraints,"493 Main Street, Mahone Bay, NS B0J 2E0",https://www.townofmahonebay.ca,info@townofmahonebay.ca,44.4493252,-64.3827688
Antigonish Community Solar Garden,Town of Antigonish Electric Utility,"The Town of Antigonish Electric Utility is implementing a community solar garden that lets customers subscribe to locally produced solar power and receive credits on their bills. Integrated with municipal utility operations and AREA’s community energy platform, the project advances a distributed, community-owned approach that can be complemented by battery storage to maintain essential services during outages and cut energy costs for residents and small businesses.",Climate Risks and Infrastructure Resilience,"Community-Owned Microgrids and Backup Power: Develop small-scale renewable energy plus battery storage projects (solar co-ops, microgrids) to keep critical services running during outages and lower energy costs for residents and businesses.",Structural Economic Scale and Capital Constraints,"274 Main Street, Antigonish, NS B2G 2C4",https://www.townofantigonish.ca,town@antigonish.ca,45.6227052,-61.99171
AREA (Alternative Resource Energy Authority) Community Renewables,Alternative Resource Energy Authority (AREA),"AREA is a joint venture of the municipal electric utilities of Antigonish, Berwick, and Mahone Bay that develops and operates community-owned clean energy projects, including the Ellershouse Wind Farm and community solar initiatives. By coordinating local generation with planned battery storage and smart grid controls, AREA enables its member towns to enhance outage resilience for critical services and deliver more affordable, locally owned electricity to customers.",Climate Risks and Infrastructure Resilience,"Community-Owned Microgrids and Backup Power: Develop small-scale renewable energy plus battery storage projects (solar co-ops, microgrids) to keep critical services running during outages and lower energy costs for residents and businesses.",Structural Economic Scale and Capital Constraints,"493 Main Street, Mahone Bay, NS B0J 2E0",https://www.areans.ca,,44.4493252,-64.3827688
Community Insurance Information Sessions (Nova Scotia),Insurance Bureau of Canada – Atlantic Region,"The Insurance Bureau of Canada’s Atlantic office partners with Nova Scotia municipalities to host town halls and workshops that explain home insurance coverage, including overland flood and sewer backup, and how mitigation measures can reduce risk and premiums. Sessions often include Q&A with insurance experts, guidance on discounts and endorsements, and information on how provincial Disaster Financial Assistance (DFA) interacts with private insurance.",Climate Risks and Infrastructure Resilience,"Local Insurance and Affordability Workshops: Host sessions with insurance experts and municipal staff to explain coverage options, government programs, mitigation discounts and steps homeowners can take to lower premiums.",Structural Economic Scale and Capital Constraints,"Suite 802, 1801 Hollis Street, Halifax, NS B3J 3N4",https://www.ibc.ca/ns,atlantic@ibc.ca,44.6493476,-63.5735081
Disaster Financial Assistance and Insurance Information Sessions,Nova Scotia Emergency Management Office,"Nova Scotia Emergency Management Office (NSEMO) coordinates community information sessions with municipal emergency coordinators and insurance experts to help residents understand coverage options, the DFA program, and steps to reduce household risk. These workshops explain how mitigation (e.g., sump pumps, backflow valves, fire‑smarting) can improve insurability and lower premiums while clarifying what losses are insurable versus eligible for government assistance.",Climate Risks and Infrastructure Resilience,"Local Insurance and Affordability Workshops: Host sessions with insurance experts and municipal staff to explain coverage options, government programs, mitigation discounts and steps homeowners can take to lower premiums.",Structural Economic Scale and Capital Constraints,"21 Mount Hope Avenue, Dartmouth, NS B2Y 4R4",https://novascotia.ca/emo,emo@novascotia.ca,44.6564538,-63.5440919
Regional Plan Review – Coastal Resilience and Flood Hazard Policies,Halifax Regional Municipality (HRM) – Planning & Development,"Halifax Regional Municipality’s Regional Plan Review engages residents through open houses, surveys, and mapping tools to update land-use rules for areas at high risk of sea-level rise, storm surge, and river flooding. The review advances coastal elevation and floodplain overlays, development setbacks, and restrictions on rebuilding in the highest-risk floodways, and it explores policy pathways that enable voluntary relocation and property acquisition, helping create fair, transparent managed...",Climate Risks and Infrastructure Resilience,"Managed Retreat & Land-Use Dialogues: Facilitate community-led conversations and planning tools about voluntary buyouts, relocation incentives, and future land use to create fair, transparent managed-retreat strategies for high-risk areas.",Structural Economic Scale and Capital Constraints,"1841 Argyle Street, Halifax, NS B3J 3A5",https://www.halifax.ca,regionalplan@halifax.ca,44.648927,-63.5753248
TransCoastal Adaptations – Community Coastal Adaptation Workshops & Decision-Support Tools,"TransCoastal Adaptations: Centre for Nature-based Solutions, Saint Mary’s University","TransCoastal Adaptations works with Nova Scotia municipalities and Mi’kmaw communities to facilitate community-led conversations about adapting to sea-level rise and erosion, using participatory mapping, flood/erosion scenarios, and cost–benefit tools. Their workshops compare protection, accommodation, and managed retreat options (including voluntary buyouts and relocation incentives) and translate outcomes into land-use policies and plans to support equitable, transparent managed-retreat str...",Climate Risks and Infrastructure Resilience,"Managed Retreat & Land-Use Dialogues: Facilitate community-led conversations and planning tools about voluntary buyouts, relocation incentives, and future land use to create fair, transparent managed-retreat strategies for high-risk areas.",Structural Economic Scale and Capital Constraints,"923 Robie Street, Halifax, NS B3H 3C3",https://transcoastaladaptations.com,tca@smu.ca,44.6313165,-63.5816691
Climate Change Working Group & Coastal Adaptation Dialogues,Nova Scotia Federation of Municipalities (NSFM),"The Nova Scotia Federation of Municipalities brings municipalities together with planners, provincial partners, and the public to share best practices on managing development in flood- and erosion-prone areas. Through webinars, workshops, and policy guidance, the initiative supports local governments to design transparent managed-retreat approaches—covering voluntary buyouts, relocation assistance, and land-use bylaw updates—that reflect community input and equity considerations.",Climate Risks and Infrastructure Resilience,"Managed Retreat & Land-Use Dialogues: Facilitate community-led conversations and planning tools about voluntary buyouts, relocation incentives, and future land use to create fair, transparent managed-retreat strategies for high-risk areas.",Structural Economic Scale and Capital Constraints,"1809 Barrington Street, Suite 1304, Halifax, NS B3J 3K8",https://www.nsfm.ca,info@nsfm.ca,44.6489899,-63.5745798
Coastal Training and Living Shorelines Workshops,TransCoastal Adaptations: Centre for Nature-based Solutions (Saint Mary’s University),"Hands-on training for students, early-career practitioners, and trades on designing and building nature-based coastal protection, including living shorelines and salt marsh restoration that reduce flood and erosion risks. Participants gain field skills in site assessment, design, installation, and monitoring, directly supporting local adaptation projects and creating pathways into coastal restoration jobs.",Climate Risks and Infrastructure Resilience,"Youth Resilience and Green Trades Training: Develop apprenticeships and short courses for young people in resilient construction, coastal restoration, flood-proofing and renewable energy to create local jobs tied to adaptation needs.",Structural Economic Scale and Capital Constraints,"923 Robie Street, Halifax, NS B3H 3C3",https://www.transcoastaladaptations.ca,info@transcoastaladaptations.ca,44.6313165,-63.5816691
Solar Electricity (PV) Design and Installation – Continuing Education,"Nova Scotia Community College (NSCC) – Ivany Campus, Centre for the Built Environment","A short, practical course that trains learners to design and install solar PV systems safely and in compliance with codes, including system sizing, wiring, and commissioning. Delivered through NSCC’s Centre for the Built Environment, it builds green trades capacity and supports community resilience by expanding local renewable energy skills and employment.",Climate Risks and Infrastructure Resilience,"Youth Resilience and Green Trades Training: Develop apprenticeships and short courses for young people in resilient construction, coastal restoration, flood-proofing and renewable energy to create local jobs tied to adaptation needs.",Structural Economic Scale and Capital Constraints,"80 Mawiomi Place, Dartmouth, NS B2Y 0A5",https://www.nscc.ca,info@nscc.ca,44.6542147,-63.5509426
Contractor and Energy Advisor Training & Certification Support,EfficiencyOne (operating as Efficiency Nova Scotia),"Efficiency Nova Scotia provides training, workshops, and certification support for contractors and energy advisors on heat pumps, building envelope upgrades, air sealing, and EnerGuide assessments. These short courses align with provincial rebate programs, creating immediate work opportunities in resilient retrofits and flood- and storm-ready home improvements across the province.",Climate Risks and Infrastructure Resilience,"Youth Resilience and Green Trades Training: Develop apprenticeships and short courses for young people in resilient construction, coastal restoration, flood-proofing and renewable energy to create local jobs tied to adaptation needs.",Structural Economic Scale and Capital Constraints,"230 Brownlow Avenue, Suite 300, Dartmouth, NS B3B 0G5",https://www.efficiencyns.ca/for-business/contractors/,info@efficiencyns.ca,44.6961793,-63.5809694
Lunenburg Regional Community Recycling Centre – Reuse Centre,Lunenburg Regional Community Recycling Centre (Municipality of the District of Lunenburg),"An on-site Reuse Centre where residents drop off and pick up usable items including doors, windows, lumber, hardware, and small tools at little or no cost. This local exchange of building materials reduces waste and lowers project costs, enabling households and volunteer groups to carry out repairs and resilience improvements across Lunenburg County.",Climate Risks and Infrastructure Resilience,"Local Materials and Labour Exchange: Set up a platform for sharing building materials, tools and skilled volunteers for resilience projects so small communities can carry out repairs and upgrades affordably.",Structural Economic Scale and Capital Constraints,"908 Mullock Road, Whynott's Settlement, NS B4V 5T9",https://www.communityrecycling.ca,info@communityrecycling.ca,44.4140468,-64.4695458
Waste Check Region 10 – Reuse Centre (Yarmouth Waste Park),Waste Check (Region 10 Solid Waste Management),"The Yarmouth Waste Park operates a Reuse Centre where community members can donate and take household and home-improvement items, including surplus building materials and tools, often free or at very low cost. By facilitating the local circulation of materials, it supports affordable home repairs and upgrades that strengthen resilience in rural coastal communities.",Climate Risks and Infrastructure Resilience,"Local Materials and Labour Exchange: Set up a platform for sharing building materials, tools and skilled volunteers for resilience projects so small communities can carry out repairs and upgrades affordably.",Structural Economic Scale and Capital Constraints,"1932 Hardscratch Road, Yarmouth, NS B5A 5J3",https://www.wastecheck.ca,info@wastecheck.ca,43.9162686,-66.0403906
Living Shorelines and Stormwater Resilience Program,Coastal Action,"Coastal Action partners with communities and property owners to design and implement nature-based flood and erosion solutions—such as living shorelines, rain gardens, and stormwater retrofits—and provides technical assistance along with small, cost-share support when available. By channeling government grants, donations, and partner contributions into homeowner and community pilot projects, the program operates like a local microgrant mechanism for household flood mitigation and adaptation de...",Climate Risks and Infrastructure Resilience,"Community Resilience Fund and Microgrants: Establish a locally governed resilience fund (seeded by donations, municipal contributions and fundraisers) that provides microgrants for household flood mitigation, small business preparedness and local adaptation pilots.",Structural Economic Scale and Capital Constraints,"37 Tannery Road, Unit 1, Lunenburg, NS B0J 2C0",https://www.coastalaction.org,info@coastalaction.org,44.3756187,-64.3193573
Applied Geomatics Research Group (AGRG) – Coastal Flood and Storm-Surge Mapping,Nova Scotia Community College (NSCC) – Centre of Geographic Sciences (COGS),"AGRG at NSCC’s Centre of Geographic Sciences partners with Nova Scotia municipalities, the provincial Emergency Management Office, and local fire departments to collect LiDAR/UAV/bathymetric data and produce high-resolution coastal flood and storm-surge models. The group shares maps, datasets, and training with planners and first responders so communities can integrate the modelling and historical flood records into land-use decisions, emergency routing, and infrastructure resilience planning.",Climate Risks and Infrastructure Resilience,"Data-Sharing Partnerships with Universities and First Responders: Partner with regional universities, Indigenous knowledge holders and emergency services to share modelling, historical flood data and traditional shoreline knowledge to guide community decisions.",Structural Economic Scale and Capital Constraints,"295 Main Street, Lawrencetown, NS B0S 1M0",https://www.nscc.ca,agrg@nscc.ca,44.8829115,-65.1680425
Bras d’Or Lakes Collaborative Environmental Planning Initiative (CEPI),Unama’ki Institute of Natural Resources (UINR) – Secretariat Host,"CEPI brings together Mi’kmaq knowledge holders, Cape Breton University researchers, municipal planners, and provincial/federal agencies to share science, monitoring data, and traditional knowledge on storm impacts, water levels, and shoreline change across the Bras d’Or watershed. Through a Two-Eyed Seeing approach, CEPI maintains shared information and convenes partners so communities and emergency officials can apply both modelling and Mi’kmaw knowledge in flood preparedness, coastal planni...",Climate Risks and Infrastructure Resilience,"Data-Sharing Partnerships with Universities and First Responders: Partner with regional universities, Indigenous knowledge holders and emergency services to share modelling, historical flood data and traditional shoreline knowledge to guide community decisions.",Structural Economic Scale and Capital Constraints,"4102 Shore Road, Eskasoni, NS B1W 1M4",https://brasdorcepi.ca,info@uinr.ca,45.9559976,-60.5872886
Law Reform and Policy Program,East Coast Environmental Law Association (ECELAW),"East Coast Environmental Law supports coalitions of residents, Mi’kmaw communities, and municipalities with legal research, model bylaws, and submissions that press for stronger coastal protection, flood risk management, and climate-informed zoning. They coordinate public-interest interventions and workshops that influence provincial regulations and municipal planning, aiming to advance affordable, climate-resilient insurance frameworks and infrastructure investments.",Climate Risks and Infrastructure Resilience,"Advocacy and Coalition-Building for Policy Change: Form community coalitions to lobby municipal and provincial governments for stronger zoning, affordable insurance programs, infrastructure investments and incentives for resilient building practices.",Structural Economic Scale and Capital Constraints,"6061 University Avenue, Halifax, NS B3H 4H9",https://ecelaw.ca,info@ecelaw.ca,44.6381438,-63.5875
Affordable Housing Association of Nova Scotia (Development and Community Housing Support),Affordable Housing Association of Nova Scotia,"AHANS is a province‑wide non‑profit that helps community groups plan, finance, and operate affordable housing, including co‑operative and non‑profit models that can reserve units for recent graduates and international students. By offering development services, property management support, and partnerships for tenant services, AHANS enables community‑led housing with below‑market rents, flexible tenancy approaches, and peer/community support—key features of the graduate housing co‑op solution.",International Student and Newcomer Retention,"Community-led Graduate Housing Co-ops: Form non-profit, community-run housing co-operatives that reserve units for recent graduates and international students transitioning off-campus. Co-ops can offer below-market rents, flexible lease terms, and peer support to bridge the gap between student housing and private rentals.",Structural Economic Scale and Capital Constraints,"2717 Gladstone Street, Suite 313, Halifax, NS B3K 0A4",https://www.ahans.ca,info@ahans.ca,44.6551867,-63.5990079
YREACH Landlord Outreach and Newcomer Housing Support,YMCA of Greater Halifax/Dartmouth – YREACH,"YREACH, the YMCA’s province-wide newcomer program, helps landlords across Nova Scotia rent successfully to immigrants and international students/graduates. Staff host landlord info sessions on tenant rights/responsibilities and inclusive practices, mediate expectations with culturally informed guidance, and match landlords with clients who have completed settlement and rental-readiness supports. YREACH also shares available units through its settlement networks—an advertising incentive for pa...",International Student and Newcomer Retention,"Landlord Partnership & Trusted-Renter Program: Create a local certification program that trains landlords on fair practices for newcomers, connects them with screened international students and graduates, and offers landlords small incentives (e.g., vacancy advertising support or municipal tax rebates) to rent to recent graduates.",Structural Economic Scale and Capital Constraints,"7071 Bayers Road, Suite 102, Halifax, NS B3L 2C2",https://ymcahfx.ca/immigrant-services/yreach/,immigrantservices@ymcahfx.ca,44.6541222,-63.6273462
Secondary and Garden Suites — Land Use By-law,Town of Antigonish,"The Town of Antigonish has adopted Land Use By-law provisions enabling secondary suites and garden suites across town, with clear checklists and a straightforward development permit process. Located near St. Francis Xavier University and downtown jobs, these ADU permissions make it easier for property owners to add modest rental units that support students, international graduates, and new residents seeking affordable housing.",International Student and Newcomer Retention,"Municipal Zoning for Accessory Dwelling Units (ADUs): Advocate for and support municipal changes to permit and fast-track ADUs and secondary suites in neighbourhoods near campuses and employment hubs, increasing affordable rental stock suitable for young newcomers and graduates.",Structural Economic Scale and Capital Constraints,"274 Main Street, Antigonish, NS B2G 2C4",https://www.antigonish.ca,info@antigonish.ca,45.6227052,-61.99171
Immigration Advising & PGWP Workshops,Dalhousie University – International Centre,"Dalhousie’s International Centre runs recurring immigration clinics and workshops that explain Post-Graduation Work Permit (PGWP) timelines, implied status, and next steps, along with pathways to permanent residence such as the Nova Scotia Nominee Program (NSNP) and the Atlantic Immigration Program. Regulated advisors provide one-on-one and group guidance on document preparation, maintaining status, and employer-supported options, helping students navigate forms and requirements and referring...",International Student and Newcomer Retention,"Work-Permit & Immigration Navigation Clinics: Host regular community-run legal-navigation clinics (in partnership with local immigration lawyers, university legal clinics, and settlement agencies) to help graduates and newcomers understand PGWP timelines, employer-sponsored pathways, provincial nominee programs, and document preparation.",Structural Economic Scale and Capital Constraints,"1246 LeMarchant Street, Halifax, NS B3H 4R2",https://www.dal.ca/campus_life/international-centre.html,international.centre@dal.ca,44.6360643,-63.5898491
International Student Immigration Advising,Saint Mary’s University – International Centre,"Saint Mary’s International Centre provides regular immigration advising sessions and clinics focused on PGWP eligibility and timelines, work authorization during and after studies, and next steps toward PR through NSNP and other pathways. Advisors host workshops and drop-in hours to review documents, clarify application steps, and connect students with settlement agencies or immigration lawyers for complex cases, directly addressing work-permit uncertainty and retention.",International Student and Newcomer Retention,"Work-Permit & Immigration Navigation Clinics: Host regular community-run legal-navigation clinics (in partnership with local immigration lawyers, university legal clinics, and settlement agencies) to help graduates and newcomers understand PGWP timelines, employer-sponsored pathways, provincial nominee programs, and document preparation.",Structural Economic Scale and Capital Constraints,"923 Robie Street, Halifax, NS B3H 3C3",https://www.smu.ca/international/,international.centre@smu.ca,44.6313165,-63.5816691
Newcomer Settlement and Immigration Support Clinics,YMCA of Greater Halifax/Dartmouth – Centre for Immigrant Programs,"The YMCA Centre for Immigrant Programs runs regular group workshops and drop-in navigation clinics that explain work permits, PGWP steps, and provincial nominee options, while settlement counselors offer one-on-one help with forms and supporting documents. The program connects clients to licensed immigration professionals for complex matters and collaborates with community partners to reduce barriers and improve newcomer retention in Nova Scotia.",International Student and Newcomer Retention,"Work-Permit & Immigration Navigation Clinics: Host regular community-run legal-navigation clinics (in partnership with local immigration lawyers, university legal clinics, and settlement agencies) to help graduates and newcomers understand PGWP timelines, employer-sponsored pathways, provincial nominee programs, and document preparation.",Structural Economic Scale and Capital Constraints,"6960 Mumford Road, Suite 104, Halifax, NS B3L 4P1",https://halifax.ymca.ca/programs/immigrant-services/,newcomer@halifax.ymca.ca,44.645137,-63.6190662
Atlantic Immigration Program – Employer Designation (Nova Scotia),"Nova Scotia Labour, Skills and Immigration","Nova Scotia Labour, Skills and Immigration designates local employers under the Atlantic Immigration Program (AIP), requiring them to commit to onboarding and settlement supports for international students and recent graduates. Designated employers can endorse candidates for employer-specific work permits and permanent residence, streamlining documentation and creating clear pathways from co-ops or internships into full-time roles.",International Student and Newcomer Retention,"Employer-to-Graduate Hiring Pledge: Encourage local employers to sign a pledge to create pathways for international students and recent grads (internships, co-ops, apprenticeship conversions) and to work with community groups on sponsorship or employer-specific work-permit documentation.",Structural Economic Scale and Capital Constraints,"1505 Barrington Street, Halifax, NS B3J 3K5",https://novascotia.ca/immigration/atlantic-immigration-program/,immigration@novascotia.ca,44.6445647,-63.5723991
Graduate to Opportunity (GTO),"Nova Scotia Labour, Skills and Immigration","GTO provides wage subsidies to Nova Scotia employers that hire recent post-secondary graduates, including eligible international graduates, encouraging the conversion of co-ops and internships into entry-level jobs. By lowering hiring risk and aligning with immigration pathways like AIP or provincial nominee streams, the program supports employer commitments that can lead to sustained employment and, where appropriate, employer-supported work-permit documentation.",International Student and Newcomer Retention,"Employer-to-Graduate Hiring Pledge: Encourage local employers to sign a pledge to create pathways for international students and recent grads (internships, co-ops, apprenticeship conversions) and to work with community groups on sponsorship or employer-specific work-permit documentation.",Structural Economic Scale and Capital Constraints,"1505 Barrington Street, Halifax, NS B3J 3K5",https://novascotia.ca/programs/graduate-to-opportunity/,,44.6445647,-63.5723991
Qualifying Program for Internationally Trained Dentists,"Dalhousie University, Faculty of Dentistry","Dalhousie’s two-year Qualifying Program is a structured bridging pathway that enables internationally trained dentists to complete targeted coursework and intensive clinical training aligned with Canadian standards. Graduates earn the credentials required to sit for Canadian examinations and meet provincial licensing requirements, directly addressing credential translation and employer-recognized competencies.",International Student and Newcomer Retention,"Credential-Recognition & Skills Bridging Workshops: Organize community-led workshops and micro-credential programs with industry associations to help internationally trained graduates translate foreign credentials, gain local licenses, or complete short bridging courses required by employers.",Structural Economic Scale and Capital Constraints,"5981 University Avenue, Halifax, NS B3H 1W2",https://www.dal.ca,dentistry@dal.ca,44.6386451,-63.5854876
Practice Ready Assessment Nova Scotia (PRA-NS),College of Physicians and Surgeons of Nova Scotia,PRA-NS provides internationally educated physicians with a structured orientation and supervised clinical field assessment to demonstrate practice readiness in Nova Scotia. The program bridges foreign medical training to local licensure by evaluating competencies against provincial standards and guiding candidates through the credentialing and registration process.,International Student and Newcomer Retention,"Credential-Recognition & Skills Bridging Workshops: Organize community-led workshops and micro-credential programs with industry associations to help internationally trained graduates translate foreign credentials, gain local licenses, or complete short bridging courses required by employers.",Structural Economic Scale and Capital Constraints,"1559 Brunswick Street, Suite 400, Halifax, NS B3J 2G1",https://cpsns.ns.ca,prans@cpsns.ns.ca,44.6447424,-63.5753247
Study and Stay – Nova Scotia,EduNova Co-operative Ltd.,"This retention program supports final-year international students with career coaching, mentorship, and networking to transition into Nova Scotia’s workforce. Participants are matched with local mentors and HR professionals, join mentor circles, and receive targeted job search support and cultural onboarding, building strong ties to employers and alumni networks across the province.",International Student and Newcomer Retention,"Mentor Circles & Career Navigation Networks: Build peer and professional mentor networks pairing newcomers with local alumni, tradespeople, entrepreneurs and HR professionals to provide job search support, cultural onboarding, and introductions to local industry networks.",Structural Economic Scale and Capital Constraints,"1888 Brunswick Street, Suite 708, Halifax, NS B3J 3J8",https://edunova.ca,info@edunova.ca,44.6494098,-63.5784887
Study and Stay Nova Scotia,EduNova Cooperative Ltd.,"Study and Stay Nova Scotia is a province-wide retention program dedicated to international students in their final years of study and as recent graduates, helping them build careers and remain in the province. The program aggregates employer partners across nonprofits, small businesses, and growth sectors to provide paid work-integrated learning, internships, and mentorship, giving participants Canadian experience and local references while streamlining hiring for employers.",International Student and Newcomer Retention,"Community Internship & Apprenticeship Hubs: Create a local hub that aggregates short-term paid placements across nonprofits, small businesses and trades, explicitly reserved for international students and recent grads to gain Canadian experience and references.",Structural Economic Scale and Capital Constraints,"1888 Brunswick Street, Suite 806, Halifax, NS B3J 3J8",https://studystayns.ca,info@edunova.ca,44.6494098,-63.5784887
YREACH Community Connections & Host,YMCA of Greater Halifax/Dartmouth – YREACH (YMCA Settlement Services),"YREACH engages volunteers across Nova Scotia to form welcoming circles and host-style matches that befriend newcomers, accompany them to appointments, and orient them to services in their communities. Volunteers help with practical settlement needs—including introductions to landlords, housing search referrals, and neighbourhood know‑how—while creating social connections that improve early settlement and retention.",International Student and Newcomer Retention,"Settlement Peer-Host & Welcome Circles: Organize volunteer 'host family' or 'welcome circle' programs where local households and community groups support newcomers with short-term housing referrals, orientation to local services, and social connection during early settlement.",Structural Economic Scale and Capital Constraints,"5640 Sackville Street, Halifax, NS B3J 3Y3",https://ymcahfx.ca/immigrant-services/yreach/,immigrantservices@ymcahfx.ca,44.6444187,-63.5803731
Community Support & Settlement Volunteers,Halifax Refugee Clinic,"The Halifax Refugee Clinic mobilizes trained volunteers to act as settlement supports and welcome teams for refugee claimants, assisting with housing searches, furnishing setups, and orientation to local services. These volunteer circles provide social connection and practical guidance—from navigating transit and health care to connecting with community resources—reducing isolation during the critical early settlement period.",International Student and Newcomer Retention,"Settlement Peer-Host & Welcome Circles: Organize volunteer 'host family' or 'welcome circle' programs where local households and community groups support newcomers with short-term housing referrals, orientation to local services, and social connection during early settlement.",Structural Economic Scale and Capital Constraints,"5590 North Street, Suite 203, Halifax, NS B3K 1N2",https://halifaxrefugeeclinic.org/,info@halifaxrefugeeclinic.org,44.6564751,-63.5922786
International Student Peer Mentorship Program,Dalhousie University International Centre,"Dalhousie’s peer mentorship program pairs new international students with trained upper‑year student mentors who act as local guides and informal hosts. Mentors help newcomers understand campus and community services, share practical tips on neighbourhoods and housing searches, and build social connections that support students’ successful transition and longer‑term retention in Nova Scotia.",International Student and Newcomer Retention,"Settlement Peer-Host & Welcome Circles: Organize volunteer 'host family' or 'welcome circle' programs where local households and community groups support newcomers with short-term housing referrals, orientation to local services, and social connection during early settlement.",Structural Economic Scale and Capital Constraints,"1246 LeMarchant Street, Halifax, NS B3H 4R2",https://www.dal.ca/campus_life/international-centre.html,international.centre@dal.ca,44.6360643,-63.5898491
MSVU Child Study Centre Early Learning Program,Mount Saint Vincent University,"The on-campus Child Study Centre offers licensed early learning and child care for children of MSVU students, staff, faculty, and the surrounding community, with priority access that supports student-parents, including international graduate students. Staff guide families to provincial affordability measures (e.g., fee reductions and subsidies) and coordinate schedules that align with academic and work commitments, reducing care-related barriers to study and employment. This employer-affiliat...",International Student and Newcomer Retention,"Childcare & Family Support Partnerships: Coordinate community-run affordable childcare cooperatives and referral networks aimed at making Nova Scotia more viable for international graduates with families, including shared-care models and employer-subsidized slots.",Structural Economic Scale and Capital Constraints,"166 Bedford Highway, Halifax, NS B3M 2J6",https://www.msvu.ca,,44.6719513,-63.6451557
Pictou County Internet Inc. (PCII),Pictou County Internet Inc. (Municipality of Pictou County),"PCII is a community-governed, municipally controlled broadband utility created by the Municipality of Pictou County to plan, finance, build, and operate high-speed internet in rural communities across the county. By owning local last‑mile and middle‑mile infrastructure and reinvesting locally, it functions much like a broadband cooperative—aligning governance with community needs and delivering fiber-based service to homes, farms, and small businesses that historically lacked reliable connect...",Regional Disparities,"Community Broadband Cooperatives: Form locally governed cooperatives to fund, build and manage high-speed internet infrastructure so rural homes, businesses and remote workers get reliable access comparable to HRM.",Structural Economic Scale and Capital Constraints,"46 Municipal Drive, Pictou, NS B0K 1H0",https://www.pictoucountyinternet.ca,,45.6825264,-62.7336085
Rural Internet Financing Program,Nova Scotia Municipal Finance Corporation,"This financing program provides long-term, low‑cost capital to Nova Scotia municipalities to fund community‑owned broadband infrastructure, including cooperative and municipal-utility models. By enabling local entities to finance fiber and fixed‑wireless builds under community governance, it directly supports the creation of sustainable, locally managed networks that improve rural connectivity and economic opportunity.",Regional Disparities,"Community Broadband Cooperatives: Form locally governed cooperatives to fund, build and manage high-speed internet infrastructure so rural homes, businesses and remote workers get reliable access comparable to HRM.",Structural Economic Scale and Capital Constraints,"1800 Argyle Street, Suite 1501, Halifax, NS B3J 3N8",https://www.nsfmc.ca,nsfmc@novascotia.ca,44.6482199,-63.5767414
Spark Nova Scotia,Invest Nova Scotia,"Spark Nova Scotia is a province-wide startup competition that provides non-dilutive seed funding and mentorship to early-stage entrepreneurs across regional streams (e.g., Cape Breton, Northern, South Shore, Valley, Western). These small grants help founders validate ideas and build companies where they live, keeping investment and jobs in rural and small communities. By running regional cohorts with local partners, Spark decentralizes support beyond HRM and strengthens community-based innova...",Regional Disparities,"Micro-Grant and Seed Funding Pools: Establish small, locally-managed grants to support startups, social enterprises, arts projects and community initiatives that keep investment and jobs local.",Structural Economic Scale and Capital Constraints,"1871 Hollis Street, Suite 1101, Halifax, NS B3J 0C3",https://investnovascotia.ca,info@investnovascotia.ca,44.6497244,-63.5736776
Municipality of the County of Inverness Community Grants Program,Municipality of the County of Inverness,"This annual program provides small grants to volunteer groups, social enterprises, and cultural organizations across the County of Inverness. Funding supports local projects—from festivals to community services—that stimulate rural economies, sustain jobs, and enhance quality of life in smaller communities. Administered locally, the program ensures decision-making and investment remain in the county.",Regional Disparities,"Micro-Grant and Seed Funding Pools: Establish small, locally-managed grants to support startups, social enterprises, arts projects and community initiatives that keep investment and jobs local.",Structural Economic Scale and Capital Constraints,"375 Main Street, Port Hood, NS B0E 2W0",https://invernesscounty.ca/grants,info@invernesscounty.ca,46.0223022,-61.5357084
Ulnooweg Indigenous Communities Foundation Community Grants,Ulnooweg Indigenous Communities Foundation,"Ulnooweg Indigenous Communities Foundation provides community grants to Mi'kmaq communities and Indigenous-led organizations across Nova Scotia and Atlantic Canada for culture, youth, entrepreneurship, and community well-being projects. These micro-grants are managed in close partnership with communities, enabling locally driven initiatives that create employment, support Indigenous entrepreneurs and artists, and build capacity where people live. The approach keeps resources in Mi'kma'ki’s ru...",Regional Disparities,"Micro-Grant and Seed Funding Pools: Establish small, locally-managed grants to support startups, social enterprises, arts projects and community initiatives that keep investment and jobs local.",Structural Economic Scale and Capital Constraints,"48 Treaty Trail, Millbrook, NS B6L 1W3",https://ulnoowegfoundation.ca,info@ulnooweg.ca,45.330766,-63.3049825
Kentville Pop-Up Retail Incubator,Kentville Business Community,"The Kentville Business Community works with property owners to provide short-term use of empty Main Street storefronts for emerging businesses. Participants gain a turn-key space to pilot offerings without long leases, plus connections to local mentors and business supports (including the Acadia Entrepreneurship Centre and CBDC), helping rural founders validate demand and convert to longer-term leases in the downtown.",Regional Disparities,"Pop-Up Business Incubators: Host temporary incubator spaces in vacant storefronts for entrepreneurs to test products/services, receive mentoring, and attract customers without long-term rent commitments.",Structural Economic Scale and Capital Constraints,"354 Main Street, Kentville, NS B4N 1K6",https://www.downtownkentville.ca,info@downtownkentville.ca,45.0716841,-64.4808263
NSCC Continuing Education & Customized Training,Nova Scotia Community College (NSCC) — Burridge Campus,"NSCC offers short courses, micro-credentials, and customized community training in digital skills, trades fundamentals/safety, and small business management, delivered at campuses and via outreach in rural communities. Developed with local employers and industry partners, these workshops help residents upskill for in-demand roles and succeed in remote or hybrid work. This implements the solution by aligning community-led learning with employer needs and providing practical, accessible trainin...",Regional Disparities,"Local Skills and Digital Literacy Training: Run regular community-led workshops on digital skills, trades, business management and remote work practices in partnership with colleges and employers.",Structural Economic Scale and Capital Constraints,"372 Pleasant Street, Yarmouth, NS B5A 2L2",https://www.nscc.ca,info@nscc.ca,43.8532653,-66.1032367
PARL Tech Help and Digital Literacy Workshops,Pictou-Antigonish Regional Library (PARL),"Pictou-Antigonish Regional Library branches host free, recurring Tech Help sessions and digital literacy workshops (devices, internet safety, e-services, basic productivity tools), often co-hosted with community groups and employment services. Sessions support job seekers, entrepreneurs, and learners with practical digital skills needed for online job search, remote work, and business operations. This implements the solution by providing community-led, locally accessible training that reduces...",Regional Disparities,"Local Skills and Digital Literacy Training: Run regular community-led workshops on digital skills, trades, business management and remote work practices in partnership with colleges and employers.",Structural Economic Scale and Capital Constraints,"182 Dalhousie Street, Pictou, NS B0K 1H0",https://www.parl.ns.ca,parl@parl.ns.ca,45.5879386,-62.6434641
Centre for Women in Business Training & Advisory Programs,Centre for Women in Business (Mount Saint Vincent University),"The Centre for Women in Business delivers regular workshops and cohort-based programs on digital marketing, e-commerce, financial management, and leading remote teams, offered province-wide in partnership with CBDCs, universities, and local employers. Programming is hybrid and often hosted with regional partners to ensure access for rural and small communities. This implements the solution by providing community-driven business and digital skills training that helps entrepreneurs and professi...",Regional Disparities,"Local Skills and Digital Literacy Training: Run regular community-led workshops on digital skills, trades, business management and remote work practices in partnership with colleges and employers.",Structural Economic Scale and Capital Constraints,"166 Bedford Highway, Halifax, NS B3M 2J6",https://www.centreforwomeninbusiness.ca,cwb@msvu.ca,44.6719513,-63.6451557
Cornwallis Park Housing (Former CFB Cornwallis Redevelopment),Annapolis Basin Development Inc.,"Annapolis Basin Development Inc. repurposes former military base buildings at Cornwallis Park into rental apartments and community facilities, turning vacant structures into attainable housing in rural Nova Scotia. This adaptive reuse increases the local supply of affordable units for families, newcomers, and workers, helping counter regional disparities outside HRM.",Regional Disparities,"Affordable Housing Initiatives: Assemble community land trusts, re-purpose vacant buildings and support co-housing models to increase affordable options for young families and workers.",Structural Economic Scale and Capital Constraints,"268 Marine Drive, Cornwallis Park, NS B0S 1H0",https://www.abcc.ca,info@abcc.ca,44.6576382,-65.6339022
Creative Destruction Lab – Atlantic,"Rowe School of Business, Dalhousie University","CDL–Atlantic runs a mentorship-driven venture program that pairs early-stage founders (including youth-led and newcomer-led startups) with experienced entrepreneurs, investors, and domain experts for intensive guidance and business scaling. Hosted at Dalhousie University, it draws mentors and companies from across Nova Scotia, providing structured goal-setting, networking, and support that helps founders build viable ventures and remain in the region.",Regional Disparities,"Regional Mentorship Networks: Pair experienced local entrepreneurs, artists and tradespeople with youth and new residents for career guidance, business support and retention.",Structural Economic Scale and Capital Constraints,"6100 University Avenue, Halifax, NS B3H 4R2",https://www.creativedestructionlab.com,info@creativedestructionlab.com,44.6370686,-63.5882484
Farm to School Nova Scotia,Nourish Nova Scotia,"Farm to School Nova Scotia supports schools to procure and serve more locally grown and produced foods through grants, toolkits, and connections to nearby farmers and food hubs. By helping cafeterias and meal programs source from local suppliers, the initiative creates reliable institutional markets for rural producers and food processors. It builds capacity in school communities to prioritize local procurement, strengthening regional food economies and keeping dollars in Nova Scotia.",Regional Disparities,"Local Procurement and Buy-Local Campaigns: Encourage municipalities, schools and institutions to prioritize local suppliers and contractors to grow a stable market for rural businesses.",Structural Economic Scale and Capital Constraints,"2705 Fern Lane, Halifax, NS B3K 4L3",https://www.nourishns.ca/farm-to-school,info@nourishns.ca,44.6567453,-63.59637
KitchenFest!,Colaisde na Gàidhlig / The Gaelic College,"KitchenFest! is a week-long, island-wide festival showcasing Cape Breton’s Gaelic music, dance, and storytelling through community ceilidhs, concerts, and workshops in rural halls and venues. By activating local spaces across smaller communities, it celebrates place-based identity, draws visitors beyond urban centres, and creates vibrant gathering spots that make these communities more attractive for residents and youth.",Regional Disparities,"Cultural and Place-Making Events: Organize festivals, markets, public art, and storytelling nights that celebrate local identity, attract visitors, and make communities more appealing places to live.",Structural Economic Scale and Capital Constraints,"51779 Cabot Trail, St. Anns, NS B0C 1H0",https://kitchenfest.ca,info@gaeliccollege.edu,46.2148365,-60.6059511
Paint the Town (Annapolis Royal Plein Air Art Festival),Annapolis Region Community Arts Council (ARCAC),"Paint the Town is a two-day plein air festival where artists create works throughout Annapolis Royal’s streets, gardens, and waterfront, culminating in public art displays and live auctions. The event transforms the town into an open-air gallery, drawing visitors to local businesses and public spaces while celebrating regional identity and making the community a more compelling place to live and return to.",Regional Disparities,"Cultural and Place-Making Events: Organize festivals, markets, public art, and storytelling nights that celebrate local identity, attract visitors, and make communities more appealing places to live.",Structural Economic Scale and Capital Constraints,"396 St. George Street, Annapolis Royal, NS B0S 1A0",https://arcac.ca,admin@arcac.ca,44.742192,-65.5152717
Daily Ceilidhs & Community Events,Celtic Music Interpretive Centre,"The Celtic Music Interpretive Centre hosts daily live ceilidhs, dance events, and cultural workshops that celebrate Cape Breton’s musical heritage in the rural community of Judique. These ongoing gatherings activate a community hub, attract visitors year-round, and provide opportunities for local musicians and youth to participate in and sustain place-based culture.",Regional Disparities,"Cultural and Place-Making Events: Organize festivals, markets, public art, and storytelling nights that celebrate local identity, attract visitors, and make communities more appealing places to live.",Structural Economic Scale and Capital Constraints,"5471 Highway 19, Judique, NS B0E 1P0",https://celticmusiccentre.com,info@celticmusiccentre.com,45.8774645,-61.4913193
Mobile Outreach Clinic (Dentistry),Dalhousie University — Faculty of Dentistry,"Dalhousie’s Faculty of Dentistry operates a fully equipped mobile dental clinic that travels to underserved communities and long-term care facilities across Nova Scotia to provide exams, cleanings, fillings, and urgent care. Staffed by dental professionals and supervised students, the clinic removes transportation and cost barriers for rural residents. This mobile delivery expands access to essential oral health services beyond urban centres.",Regional Disparities,"Mobile Service Delivery: Deploy mobile clinics, library vans, legal aid and skills trainers that visit remote communities on scheduled routes to deliver essential services.",Structural Economic Scale and Capital Constraints,"5981 University Avenue, Halifax, NS B3H 4R2",https://www.dal.ca/faculty/dentistry.html,dentistry@dal.ca,44.6370403,-63.5844009
Université Sainte-Anne — Satellite Campuses and Community-Based Programs,Université Sainte-Anne,"Université Sainte-Anne operates multiple satellite campuses (e.g., Church Point main campus, Halifax, Tusket, and Petit-de-Grat) and partners with francophone schools and community organizations to deliver credit programs, upgrading, and continuing education close to home. By bringing post-secondary courses, professional training, and language programs to rural Acadian communities, students can start or complete credentials locally rather than moving to HRM. These regional offerings are coord...",Regional Disparities,"Regional Education Partnerships: Partner with regional colleges and schools to offer satellite courses, apprenticeships and credit programs locally, reducing the need for relocation to HRM.",Structural Economic Scale and Capital Constraints,"1695 Highway 1, Church Point, NS B0W 1M0",https://www.usainteanne.ca,info@usainteanne.ca,44.334165,-66.119735
Dalhousie Family Medicine — South West Nova (Yarmouth) Distributed Residency Program,"Dalhousie University, Department of Family Medicine","Dalhousie University’s Department of Family Medicine partners with Nova Scotia Health and regional hospitals to deliver residency training sites outside HRM, including the South West Nova program based at Yarmouth Regional Hospital. Residents complete accredited, hands-on clinical education and academic seminars locally, supported by community preceptors and interprofessional teams. This distributed model functions like an apprenticeship in clinical practice, keeping learners in rural communi...",Regional Disparities,"Regional Education Partnerships: Partner with regional colleges and schools to offer satellite courses, apprenticeships and credit programs locally, reducing the need for relocation to HRM.",Structural Economic Scale and Capital Constraints,"60 Vancouver Street, Yarmouth, NS B5A 2P5",https://medicine.dal.ca,,43.8503694,-66.1215607
Berwick Community Solar Garden,Town of Berwick Electric Commission,"The Berwick Electric Commission operates a community solar garden where customers subscribe to panels and receive bill credits for the energy produced, lowering electricity costs for local households and businesses. Owned by the municipal utility, the project keeps generation revenues within the town and creates local jobs for installation and ongoing maintenance. This community-scale renewable initiative helps a rural Nova Scotia community build resilient, affordable energy outside HRM.",Regional Disparities,"Community-Owned Renewable Energy Projects: Develop small-scale community wind, solar or biomass projects that reduce utility costs, create local revenue and provide jobs.",Structural Economic Scale and Capital Constraints,"236 Commercial Street, Berwick, NS B0P 1E0",https://www.berwickns.ca,info@berwickns.ca,45.0463976,-64.7363645
Ellershouse Wind Farm,"Alternative Resource Energy Authority (Towns of Antigonish, Berwick, and Mahone Bay)","Ellershouse Wind Farm is owned by the Alternative Resource Energy Authority (AREA), a partnership of the Towns of Antigonish, Berwick, and Mahone Bay, supplying locally generated wind power to their municipal electric utilities. Community ownership keeps energy revenues within these rural towns, supports operations and maintenance jobs, and helps stabilize electricity rates for local customers. The project exemplifies small-scale, community-owned wind generation that reduces costs and strengt...",Regional Disparities,"Community-Owned Renewable Energy Projects: Develop small-scale community wind, solar or biomass projects that reduce utility costs, create local revenue and provide jobs.",Structural Economic Scale and Capital Constraints,"493 Main Street, Mahone Bay, NS B0J 2E0",https://www.municipalelectric.ca,,44.4493252,-64.3827688
Canada’s Musical Coast,Municipality of the County of Inverness,"Canada’s Musical Coast is a county-wide initiative that connects musicians, cultural venues, festivals, artisans, and tourism operators along Cape Breton’s west coast to promote live music and cultural experiences as travel draws. The program coordinates joint marketing, event calendars, and experience packages (e.g., ceilidhs paired with local food, outdoor activities, and accommodations), building a regional network that channels visitors to multiple rural communities and supports year-roun...",Regional Disparities,"Tourism and Creative Economy Networks: Form regional networks linking artists, cultural producers and tourism operators to package experiences that draw visitors and support year-round employment.",Structural Economic Scale and Capital Constraints,"375 Main Street, Port Hood, NS B0E 2W0",https://www.musicalcoast.ca,tourism@invernesscounty.ca,46.0223022,-61.5357084
Ship’s Company Theatre,Ship’s Company Theatre Society,"Ship’s Company Theatre partners with local museums, guides, restaurants, and inns in Parrsboro and the Fundy Shore to bundle theatre performances with cultural and nature-based experiences (e.g., fossil tours, tidal viewing, and dining packages). By collaborating with regional tourism operators and artists to co-create marketable itineraries and shoulder-season programming, the theatre anchors a local creative tourism network that boosts rural visitation and sustains employment beyond the sum...",Regional Disparities,"Tourism and Creative Economy Networks: Form regional networks linking artists, cultural producers and tourism operators to package experiences that draw visitors and support year-round employment.",Structural Economic Scale and Capital Constraints,"18 Lower Main Street, Parrsboro, NS B0M 1S0",https://www.shipscompanytheatre.com,boxoffice@shipscompanytheatre.com,45.4054809,-64.326059
East Hants Community Rider,East Hants Family Resource Centre,"East Hants Community Rider coordinates a volunteer driver program that provides door-to-door rides for rural residents to get to work, training, healthcare, and essential services when public transit is limited or unavailable. Riders are matched to vetted volunteer drivers through a centralized dispatch and scheduling system, making it possible to connect isolated communities with employment and services across East Hants and beyond. The program reduces transportation barriers for youth and f...",Regional Disparities,Community Transportation Volunteer Programs: Coordinate volunteer driver programs and ride-matching platforms to help residents access services and employment when public transit isn't available.,Structural Economic Scale and Capital Constraints,"224 Highway 214, Elmsdale, NS B2S 1J7",https://communityrider.com,info@communityrider.com,44.9731806,-63.5074703
Wheels of Hope (Nova Scotia),Canadian Cancer Society,"Wheels of Hope is a province-wide volunteer driver program that helps Nova Scotians travel to cancer-related medical appointments when they cannot access public transit. The service uses a centralized intake and ride-matching system to connect clients with volunteer drivers, enabling residents from rural and small communities to reach healthcare services that are often concentrated in Halifax and regional centres. By reducing travel barriers, the program supports quality of life and continuit...",Regional Disparities,Community Transportation Volunteer Programs: Coordinate volunteer driver programs and ride-matching platforms to help residents access services and employment when public transit isn't available.,Structural Economic Scale and Capital Constraints,"5826 South Street, Halifax, NS B3H 1S6",https://cancer.ca,connect@cancer.ca,44.6371652,-63.5810416
CBRM Open Data Portal,Cape Breton Regional Municipality,"Cape Breton Regional Municipality’s Open Data portal provides GIS layers and map applications for land use, infrastructure, transportation, civic addresses, and municipal service locations. These community‑level datasets support local governments, businesses, and nonprofits to pinpoint underserved communities in Cape Breton, target economic development and service investments, and monitor progress over time.",Regional Disparities,"Local Data & Opportunity Mapping: Collect and publish community-level data on jobs, housing, broadband and services so leaders can identify gaps, target investments and measure progress.",Structural Economic Scale and Capital Constraints,"320 Esplanade, Sydney, NS B1P 7B9",https://data-cbrm.opendata.arcgis.com/,,46.1371609,-60.1960651
Annapolis Valley Chamber – Regional Economic Forums,Annapolis Valley Chamber of Commerce,"The Annapolis Valley Chamber organizes regular regional forums and policy dialogues that bring together municipalities, towns, and rural communities across the Valley to coordinate on economic development priorities. These events facilitate shared planning, connect partners to pooled services and business supports, and help stakeholders collaborate on joint funding proposals for regional initiatives.",Regional Disparities,"Inter-Community Collaboration Forums: Host regular forums between neighboring towns and rural areas to coordinate economic development, share resources and pursue joint grant opportunities.",Structural Economic Scale and Capital Constraints,"32 Cornwallis Street, Kentville, NS B4N 2E1",https://annapolisvalleychamber.ca,info@annapolisvalleychamber.ca,45.0777073,-64.4943816
Cape Breton Welcome Network,Cape Breton Partnership,"The Cape Breton Welcome Network mobilizes local volunteer Welcome Groups and Ambassadors across communities on Cape Breton Island to greet and support newcomers and returnees. Volunteers host meet-ups, share practical information on housing, schools, transportation, and recreation, and make introductions to employers, mentors, and community groups to help people settle and stay. This volunteer-led model directly addresses rural retention by building social ties and pathways to jobs and servic...",Regional Disparities,"Volunteer-Led Welcome and Retention Programs: Create local welcome teams that help new residents and returning youth connect to housing, jobs, social groups and mentoring to encourage settling locally.",Structural Economic Scale and Capital Constraints,"285 Alexandra Street, Sydney, NS B1S 2E8",https://welcometocapebreton.ca/welcome-network,info@capebretonpartnership.com,46.1216248,-60.1972588
Community Credit Union Business Innovation Centre,Community Credit Union of Cumberland Colchester,"The Centre revitalized a previously underutilized downtown Amherst building into a co-working, training, and startup incubation hub with small business offices and meeting rooms. It delivers workshops, mentorship, and shared services that lower barriers for entrepreneurs and youth-led ventures in rural Northern Nova Scotia. This adaptive reuse activates the main street by clustering small businesses and programs in a central, walkable location.",Regional Disparities,"Adaptive Reuse of Vacant Spaces: Convert underused municipal or commercial buildings into affordable studios, small business units, training centres or youth housing to revitalize main streets.",Structural Economic Scale and Capital Constraints,"5 Ratchford Street, Amherst, NS B4H 1X2",https://ccubusinessinnovation.ca,info@ccubusinessinnovation.ca,45.83506,-64.210067
Lunenburg Academy of Music Performance (LAMP),Lunenburg Academy of Music Performance,"LAMP operates within the restored Lunenburg Academy—an historic public school—adaptively reusing the landmark into rehearsal rooms, studios, and a training campus for emerging and professional musicians. It provides instruction, residencies, and community performances that attract young talent to a small-town setting and sustain year-round cultural activity. This reuse preserves a civic asset while strengthening Lunenburg’s downtown economy through arts-based programming.",Regional Disparities,"Adaptive Reuse of Vacant Spaces: Convert underused municipal or commercial buildings into affordable studios, small business units, training centres or youth housing to revitalize main streets.",Structural Economic Scale and Capital Constraints,"97 Kaulbach Street, Lunenburg, NS B0J 2C0",https://www.lampns.ca,info@lampns.ca,44.3802352,-64.3138204
Chester Art Centre,Chester Art Centre Society,"Chester Art Centre transformed an existing village property into galleries, studios, and classrooms that offer affordable workspace and continuous arts training. By hosting workshops, exhibitions, and maker programs for all ages, it supports creative micro-enterprises and draws residents and visitors into the heart of Chester. This adaptive reuse directly contributes to main street vitality and opportunities for youth and early-career artists on the South Shore.",Regional Disparities,"Adaptive Reuse of Vacant Spaces: Convert underused municipal or commercial buildings into affordable studios, small business units, training centres or youth housing to revitalize main streets.",Structural Economic Scale and Capital Constraints,"60 Queen Street, Chester, NS B0J 1J0",https://chesterartcentre.ca,info@chesterartcentre.ca,44.53915,-64.240065
Community Health Boards – Wellness Funds (Western Zone),Nova Scotia Health – Community Health Boards (Western Zone),"Volunteer-led Community Health Boards, supported by Nova Scotia Health Public Health, provide Wellness Funds grants to local groups to expand mental health supports, addiction services, and community wellness programming. This initiative partners the regional health authority with community volunteers to identify local priorities and resource grassroots projects in rural and small communities across the Western Zone, reducing regional disparities.",Regional Disparities,"Local Health and Wellness Partnerships: Partner with regional health authorities and volunteers to expand mental health supports, addiction services and wellness programming locally.",Structural Economic Scale and Capital Constraints,"90 Glen Allan Drive, Bridgewater, NS B4V 3S6",https://www.nshealth.ca,communityhealthboards@nshealth.ca,44.3822483,-64.510921
Recovery Support Centre – Aberdeen Hospital (Northern Zone),Nova Scotia Health – Mental Health and Addictions Program,"The Recovery Support Centre provides same-day, no-appointment access to addictions care, including assessment, withdrawal management planning, and referrals to community programs. As part of Nova Scotia Health’s Mental Health and Addictions Program, the centre collaborates with local partners and peer-support groups to connect people to ongoing community-based services, strengthening local addiction and wellness supports outside major urban centres.",Regional Disparities,"Local Health and Wellness Partnerships: Partner with regional health authorities and volunteers to expand mental health supports, addiction services and wellness programming locally.",Structural Economic Scale and Capital Constraints,"835 East River Road, New Glasgow, NS B2H 3S6",https://mha.nshealth.ca/en/services/recovery-support-centre,,45.5731591,-62.6438226
Antigonish Women’s Resource Centre & Sexual Assault Services – Counseling and Outreach,Antigonish Women’s Resource Centre & Sexual Assault Services,"AWRC&SAS provides free counseling, crisis support, and outreach programming that address trauma, mental health, and wellness needs in Antigonish and surrounding rural communities. Working in partnership with Nova Scotia Health services and trained community volunteers (including support group facilitators and hospital accompaniment volunteers), the centre expands access to localized mental health and wellness supports and navigation for those facing barriers.",Regional Disparities,"Local Health and Wellness Partnerships: Partner with regional health authorities and volunteers to expand mental health supports, addiction services and wellness programming locally.",Structural Economic Scale and Capital Constraints,"219 Main Street, Suite 302, Antigonish, NS B2G 2C1",https://awrcsasa.ca,awrc@awrcsasa.ca,45.6224878,-61.989565
