Program,Organization,Description,Challenge,Solution,Theme,Address,Website,Email,Latitude,Longitude
Outsourced and Virtual CFO Services,MNP LLP,"MNP provides fractional CFO and controller services to small and mid-sized businesses, assigning senior finance leaders on a part-time basis so multiple firms can access executive-level financial strategy and oversight without hiring full-time. This directly implements the fractional executive pool model by deploying experienced CFOs across several clients concurrently, while creating pathways for mid-career finance professionals to build executive experience in diverse industries.",Limited Mid-Career Progression and Firm Scale,"Fractional Executive Pool: Organize a cooperative of part-time CFOs, CTOs, CMOs and HR leads available to multiple small businesses so firms can access senior skills at affordable rates while creating pathways for mid-career managers to gain executive experience.",Fragmented Policy and Governance Architecture,"1505 Barrington Street, Suite 1200, Halifax, NS B3J 3K5",,,44.6445647,-63.5723991
Halifax Anchor Collaborative,Halifax Partnership,"Led by Halifax Partnership, this collaborative brings together major local anchors (HRM, Nova Scotia Health, post-secondary institutions, the Port of Halifax, and others) to align procurement practices that grow local supplier participation and scale SMEs. The group facilitates vendor outreach, joint problem statements, and partnership requirements in bids, fostering capacity-building and R&D collaboration pathways that create higher-skill roles and retain talent.",Limited Mid-Career Progression and Firm Scale,Municipal Procurement for Growth: Advocate for local governments and anchor institutions to structure procurement that favors scaling local SMEs and requires partnerships or capacity-building plans that create senior roles and R&D collaborations.,Fragmented Policy and Governance Architecture,"1809 Barrington Street, Suite 1100, Halifax, NS B3J 3K8",,info@halifaxpartnership.com,44.6489899,-63.5745798
SmartBusiness Program,Halifax Partnership,"Halifax Partnership’s SmartBusiness program is a business retention and expansion (BRE) service that proactively engages established firms to identify growth barriers and connect them to export development, financing, R&D, and market opportunities. Working closely with partners like the Connector Program and post-secondary institutions, it brokers talent matches for hard-to-fill mid-career roles and opens doors to new customers and investors. By helping existing companies scale in-place, the ...",Limited Mid-Career Progression and Firm Scale,"Community-Owned Scale-Up Accelerator: Launch a locally governed accelerator focused on scaling existing firms (not just startups) offering business development, market access, talent matching, and investor introductions tailored to mid-career role creation.",Fragmented Policy and Governance Architecture,"1809 Barrington Street, Suite 1100, Halifax, NS B3J 3K8",,info@halifaxpartnership.com,44.6489899,-63.5745798
BioPort Atlantic – BioInnovation Challenge (Investor Showcase),BioNova (Nova Scotia Life Sciences Industry Association),"BioPort Atlantic, produced by BioNova, hosts the BioInnovation Challenge and investor showcase where life sciences startups pitch to panels of angels and VCs. The event intentionally aggregates regional investors to enable co-investment syndicates and provides standardized pitch materials and feedback that reduce fundraising friction and costs for founders. By curating deal flow and coordinating investor participation, it helps de-risk early checks for individual angels.",Entrepreneurship Barriers and Access to Capital,"Local Angel Network and Syndicate: A community-run angel group that aggregates local investors to co-invest in promising startups, runs regular pitch nights, and syndicates investments so individual risk is lower and transaction costs are reduced for entrepreneurs.",Fragmented Policy and Governance Architecture,"1344 Summer Street, Halifax, NS B3H 0A8",,info@bionova.ca,44.6397624,-63.5829145
Eastlink Wireless Home Internet (Rural Nova Scotia),Eastlink (Bragg Communications Incorporated),"Eastlink deploys fixed wireless internet across rural Nova Scotia using a network of towers and rooftop or mast-mounted customer equipment to deliver broadband to clusters of homes where fibre is not yet available. By leveraging tall buildings, existing towers, and new rural sites, the service creates reliable last-mile links that support remote work, learning, and small business operations in underserved communities.",Digital Infrastructure Inequities,Community Mesh and Fixed Wireless Networks: Deploy low-cost mesh or community-managed fixed wireless links (on towers or tall buildings) to connect clusters of homes and businesses where wired fibre is not yet available.,Fragmented Policy and Governance Architecture,"6080 Young Street, Halifax, NS B3K 5M3",,,44.658357,-63.6032774
Tech Help (One-on-One Technology Support),Annapolis Valley Regional Library,"Annapolis Valley Regional Library runs one-on-one technology help and beginner workshops at branches like the Wolfville Memorial Library, covering smartphones, tablets, email, video calls, and cloud-based tools. Sessions emphasize practical digital skills and online safety, helping residents adopt remote work platforms and confidently access government, education, and health services online.",Digital Infrastructure Inequities,"Digital Literacy and Support Programs: Offer workshops, drop-in clinics and peer mentoring on digital skills, device setup, cybersecurity and remote work tools at libraries, schools and community centres.",Fragmented Policy and Governance Architecture,"21 Elm Avenue, Wolfville, NS B4P 1Z9",,askus@valleylibrary.ca,45.0927479,-64.3639165
Work in Halifax (Jobs & Labour Market Dashboard),Halifax Partnership,"Halifax Partnership maintains Work in Halifax, a community-facing portal that aggregates real-time local job postings across sectors and links to employer demand, in-demand occupations, and immigration pathways. Through its broader Halifax Index and labour market dashboards, the Partnership publishes up-to-date workforce indicators and skills insights, and promotes training, co-op, and apprenticeship opportunities via partner events so educators and learners can target learning to local demand.",Skills Alignment and Work-Integrated Learning Gaps,"Local Labour Market & Skills Dashboard: Maintain a simple community dashboard (managed by municipality or chamber) showing real‑time local openings, skill gaps, apprenticeship opportunities and training calendar so educators and learners can target learning to demand.",Fragmented Policy and Governance Architecture,"1809 Barrington Street, Suite 1100, Halifax, NS B3J 3K8",,info@halifaxpartnership.com,44.6489899,-63.5745798
Immigration Employer Support – Inclusive Hiring Resources,Halifax Partnership,"Halifax Partnership provides employers with step-by-step resources to recruit and retain diverse talent, including newcomers and international students, through inclusive hiring guides and toolkits. Materials feature sample inclusive job postings, interview and assessment accommodations, bias-reduction checklists, and onboarding best practices tailored for small and medium-sized businesses in the Halifax region.","Inclusion, Anti-Racism, and Reconciliation Gaps","Inclusive Hiring Toolkit for Local Employers: Develop and distribute a practical toolkit with inclusive job posting templates, accessible interview practices, bias-reduction checklists, and onboarding guidance tailored to small and medium local employers.",Fragmented Policy and Governance Architecture,"1809 Barrington Street, Suite 1103, Halifax, NS B3J 3K8",,info@halifaxpartnership.com,44.6489899,-63.5745798
CanadianNanny.ca – Nanny Share & Caregiver Marketplace,CareGuide Inc.,"CanadianNanny.ca is an online platform that allows Nova Scotia families to find and share vetted caregivers, explicitly supporting nanny-share arrangements where two or more households split a caregiver’s time and costs. Parents in Halifax, Cape Breton, and rural communities can post nanny-share jobs and filter caregivers by non-standard availability (evenings, weekends, overnights) to cover staggered shifts, then use in-platform messaging to coordinate schedules and logistics.",Childcare Availability and Early Learning Workforce,Shared Nanny and Care Pool: Neighborhood-based shared-nanny arrangements and parent-run scheduling platforms let families share vetted caregivers for staggered hours and non-standard shifts.,Fragmented Policy and Governance Architecture,"20 Leslie Street, Suite 203, Toronto, ON M4M 3L4",,support@canadiannanny.ca,43.6593241,-79.3286771
Ward 5 Neighbourhood Centre Early Learning & After School Programs,Ward 5 Neighbourhood Centre,"Ward 5 operates licensed early learning and school-age programs from converted rooms within St. Mark’s Anglican Church in Halifax’s North End, turning underused parish and community hall space into childcare classrooms. The centre’s community board works with the church and local partners to share governance of the space, expanding access to affordable care in a walkable neighbourhood.",Childcare Availability and Early Learning Workforce,"Childcare Space Conversion Initiative: Community-led projects to convert underused municipal and commercial spaces—libraries, churches, empty storefronts—into licensed childcare rooms with shared governance.",Fragmented Policy and Governance Architecture,"5540 Russell Street, Halifax, NS B3K 1X2",,,44.6607991,-63.5977445
Door-to-Door Community Transit (Grouped Ride-Share),BayRides,"BayRides provides pre-booked, door-to-door community transportation across the rural St. Margaret’s Bay area and groups riders traveling in similar directions. Dispatchers schedule morning and late-afternoon trips to central hubs in Upper Tantallon and nearby communities, making it practical for parents to reach licensed childcare and after-school programs during peak hours. This demand-responsive, shared-ride model operationalizes coordinated shuttles and ride-shares that bridge rural househ...",Childcare Availability and Early Learning Workforce,Transportation Linkages for Rural Families: Coordinated community shuttles and ride-share arrangements that connect rural families to central childcare hubs during peak hours.,Fragmented Policy and Governance Architecture,"5284 St. Margarets Bay Road, Upper Tantallon, NS B3Z 2H9",,info@bayrides.ca,44.6927137,-63.8854297
Halifax Partnership – Workforce and Policy Collaboration on Child Care,Halifax Partnership,"Halifax Partnership convenes employers, post-secondary institutions, and government to collect and analyze local labour market data, identifying child care accessibility as a key constraint on workforce participation. Using these insights, it engages with HRM Planning & Development and council to encourage streamlined zoning/permitting for child care centres and to explore municipal investment mechanisms that help non-profit providers add infant, rural, and non-standard-hours spaces. The Part...",Childcare Availability and Early Learning Workforce,"Advocacy and Municipal Support Task Force: A community task force that aggregates local needs data, advocates for zoning, licensing streamlining, municipal subsidies and public investment in childcare.",Fragmented Policy and Governance Architecture,"1809 Barrington Street, Suite 1100, Halifax, NS B3J 3K8",,info@halifaxpartnership.com,44.6489899,-63.5745798
SuperNOVA Outreach Programs,Dalhousie University – SuperNOVA,"SuperNOVA at Dalhousie University delivers mobile, instructor-led STEM programs—including robotics, coding, and engineering design workshops—to communities across Nova Scotia, with a focus on outreach in rural and underserved areas. By bringing equipment and facilitators to local schools and community hubs, SuperNOVA acts as a traveling skills clinic that lowers access barriers and sparks interest in tech and engineering careers.",Urban–Rural Opportunity Divide,"Shared maker spaces and mobile skills labs: Develop community maker spaces with tools for woodworking, metalwork, digital fabrication and coding, and run travelling skills clinics that bring hands-on training to remote villages.",Fragmented Policy and Governance Architecture,"1360 Barrington Street, Halifax, NS B3J 1Z1",,supernova@dal.ca,44.6426993,-63.5720957
Halifax Seaport Farmers’ Market,Halifax Seaport Farmers’ Market,"The Halifax Seaport Farmers’ Market hosts dozens of Nova Scotia farmers, fishers, food producers, and artisans each weekend on the waterfront, offering a direct marketplace for locally grown and made products. By connecting urban residents and institutional buyers to rural vendors, the market advances buy-local purchasing and helps retain revenue within communities across the province.",Urban–Rural Opportunity Divide,"Local procurement and 'buy local' campaigns: Encourage municipal institutions, community organizations and residents to prioritize local suppliers, supporting rural producers, makers and service providers and keeping revenue in the region.",Fragmented Policy and Governance Architecture,"1031 Marginal Road, Halifax, NS B3H 4P7",,info@halifaxfarmersmarket.com,44.6370189,-63.5644948
Digital Nova Scotia Hackathons & Policy Design Sprints,Digital Nova Scotia,"Digital Nova Scotia partners with industry and government to run hackathons and problem-solving sprints that engage students, early-career technologists, and civic stakeholders. These events focus on prototyping user-friendly digital tools and service improvements—such as clearer licensing pathways and permit application trackers—to reduce regulatory friction for startups and small businesses.",Regulatory Burden and Slow Permitting,"Youth-Led Policy Labs and Hackathons: Host community design sprints where youth, designers, business owners and municipal staff prototype streamlined permitting workflows or digital tools that simplify submission and tracking.",Fragmented Policy and Governance Architecture,"7071 Bayers Road, Suite 309, Halifax, NS B3L 2C2",,info@digitalnovascotia.com,44.6541222,-63.6273462
Housing Support Program,Open Arms,"Open Arms’ Housing Support Program engages landlords across the Annapolis Valley to secure and sustain housing for people at risk of homelessness, mediating tenancy issues and arranging practical supports. The team provides rapid-response outreach, tenancy coaching, and access to emergency funds for rent/utility arrears or damage deposits to prevent evictions and keep people stably housed.","Public Safety, Housing Insecurity, and Substance Use Harms","Supportive tenancy and landlord mediation program: Create a community mediation hub to work with landlords and tenants, offering incentives, damage mitigation funds, tenancy coaching and rapid-response support to keep people housed.",Fragmented Policy and Governance Architecture,"32 Cornwallis Street, Kentville, NS B4N 2E1",,info@openarms.ca,45.0777073,-64.4943816
South Shore Connect,Recreation Nova Scotia (with South Shore regional partners),"South Shore Connect is a community-driven directory for programs, supports, and active living opportunities across Lunenburg, Queens, and Shelburne counties. Local organizations and residents submit program listings that are reviewed by regional partners, ensuring up-to-date, non-duplicative information that families can search by location and interest. Listings are print-friendly and are used by partners to create seasonal or topic-specific booklets for offline use.",Fragmented Governance and Data Silos,"Community Services Directory (crowd-sourced): Build and maintain a simple, searchable, crowd-sourced directory of local programs, supports and contact points (accessible online and as a printable booklet). Community organizations, libraries, schools and residents contribute updates, keeping information current and reducing duplication for youth and families navigating services.",Fragmented Policy and Governance Architecture,"5516 Spring Garden Road, Suite 407, Halifax, NS B3J 1G6",,info@recreationns.ns.ca,44.6427994,-63.5773182
Maritime SPOR SUPPORT Unit (MSSU) – Nova Scotia Site,IWK Health Centre (in partnership with Dalhousie University and Nova Scotia Health),"MSSU brings together health system decision-makers, clinicians, community organizations, patients, and academic partners to co-design and use de-identified, aggregated data for patient-oriented research and planning across Nova Scotia (and the Maritimes). Governed data access committees, privacy reviews, and standardized data-use agreements define how partners contribute to and use shared datasets while protecting confidentiality. This collaborative governance reduces fragmentation and enable...",Fragmented Governance and Data Silos,"Community Data Cooperative (data trust): Form a voluntary cooperative of local nonprofits, schools and municipal partners to share aggregated, anonymized service-use data. The cooperative sets rules for access and use, enabling joint planning while keeping control in community hands and protecting privacy.",Fragmented Policy and Governance Architecture,"5980 University Avenue, Halifax, NS B3K 6R8",,mssu@dal.ca,44.6372287,-63.584203
Maritime SPOR SUPPORT Unit – Nova Scotia Site,Maritime SPOR SUPPORT Unit (MSSU),"The MSSU (NS) supports cross-organization, patient-oriented projects by providing privacy-by-design expertise, standardized data-sharing/transfer agreement templates, and plain-language consent templates that enable limited, purpose-specific information exchange. Its guidance includes de-identification methods and retention/archiving clauses so health and community partners can coordinate services and evaluate outcomes while protecting youth and family privacy.",Fragmented Governance and Data Silos,"Community Privacy & Data-Sharing Agreement Template: Develop an easy-to-use template agreement and privacy guidelines that local organizations can sign to enable safe, limited data sharing for coordination. Include plain-language consent scripts for youth and families, and practical clauses about anonymization and retention.",Fragmented Policy and Governance Architecture,"Centre for Clinical Research, 5790 University Avenue, Halifax, NS B3H 1V7",,info@mssu.ca,44.6383547,-63.5821304
Move to Halifax (Talent & Relocation Portal),Halifax Partnership,"Halifax Partnership maintains a comprehensive digital relocation portal that aggregates job opportunities, neighbourhood and housing information, childcare and newcomer services, community events, and newcomer success stories. A local team curates and updates content and tools (including job links and settlement resources) and promotes the portal through employer networks and alumni/diaspora outreach to help prospective and returning residents make informed decisions.",Provincial Brand and Talent Attraction Narrative,"Local Digital Relocation Portal: Create and maintain a simple, community-run web portal with practical relocation information (jobs, housing listings, childcare, service contacts, events, testimonials). Keep content updated by a rotating local editorial team and promote it to alumni networks.",Fragmented Policy and Governance Architecture,"5151 George Street, Suite 1277, Halifax, NS B3J 1M5",,info@halifaxpartnership.com,44.6488945,-63.5731744
Work in Halifax Talent Attraction Toolkit,Halifax Partnership,"Halifax Partnership provides employers with ready-to-use talent attraction assets—messaging, images, videos, and market insights—that can be dropped into job postings, career pages, and social media to sell the lifestyle and opportunities of living and working in Halifax. The team hosts employer info sessions and webinars that coach small businesses on writing compelling postings and using short recruitment videos and social content to showcase workplace culture, benefits, and career pathways.",Provincial Brand and Talent Attraction Narrative,"Employer Branding Toolkit for Small Businesses: Develop an easy toolkit and templates local businesses can use to communicate workplace culture, benefits, career pathways, and remote-friendly roles. Host workshops to help employers produce job postings and short recruitment videos that sell living and working locally.",Fragmented Policy and Governance Architecture,"1809 Barrington Street, Suite 1100, Halifax, NS B3J 3K8",,info@halifaxpartnership.com,44.6489899,-63.5745798
Continuing Care Assistant (CCA) Accelerated Program,Nova Scotia Community College (NSCC),"NSCC’s accelerated CCA certificate delivers fast-tracked classroom learning combined with guaranteed clinical placements in long-term care and home care organizations across Nova Scotia. Developed with employers and Nova Scotia Health, the program embeds mentorship and work-integrated learning so graduates can move quickly into in-demand support roles and, if desired, bridge onward into LPN/RN or other allied health pathways within their communities.",Skills Alignment and Work-Integrated Learning Gaps,"Community Health & Care Training Pipeline: Partner local clinics, long‑term care facilities and colleges to create guaranteed practicum placements, fast‑track certificates for support roles, and mentorship pathways into nursing and allied health within the community.",Fragmented Policy and Governance Architecture,"80 Mawiomi Place, Dartmouth, NS B2Y 0A5",https://www.nscc.ca,info@nscc.ca,44.6542147,-63.5509426
IGNITE Atlantic Rural Pop‑up Skills Labs,IGNITE Atlantic,"IGNITE Atlantic runs pop‑up skills labs and mobile workshops that bring hands‑on digital skills, prototyping, and entrepreneurship training to rural communities in Western and Northern Nova Scotia. Sessions are set up in community venues and employer worksites, often co‑designed with local companies that mentor participants and host hiring mixers or project showcases to connect graduates to interviews. The approach lowers access barriers and rapidly aligns short, practical training with immed...",Skills Alignment and Work-Integrated Learning Gaps,"Mobile Training Units & Pop‑up Skills Labs: Deploy mobile training trailers or pop‑up labs that bring short technical and trade training to rural communities (e.g., welding, carpentry basics, digital skills), coordinated with local employers who pledge interviews for graduates.",Fragmented Policy and Governance Architecture,"208 Main Street, Yarmouth, NS B5A 1C8",https://igniteatlantic.com,info@igniteatlantic.com,43.8319155,-66.1203833
IGNITE Atlantic – Business Workshops (Digital Storytelling & Recruitment Marketing),IGNITE Atlantic,"IGNITE Atlantic runs frequent workshops that teach small businesses how to write effective, inclusive job postings and produce short, mobile-friendly recruitment videos and social content. Sessions emphasize showcasing workplace culture, flexibility (including remote-friendly roles), and the advantages of living and working in rural Nova Scotia, with staff providing light-touch coaching and templates so employers leave with ready-to-use materials.",Provincial Brand and Talent Attraction Narrative,"Employer Branding Toolkit for Small Businesses: Develop an easy toolkit and templates local businesses can use to communicate workplace culture, benefits, career pathways, and remote-friendly roles. Host workshops to help employers produce job postings and short recruitment videos that sell living and working locally.",Fragmented Policy and Governance Architecture,"352 East River Road, New Glasgow, NS B2H 3R7",https://igniteatlantic.com,info@igniteatlantic.com,45.5833401,-62.6448939
CANS Emerging Leaders,Construction Association of Nova Scotia (CANS),"CANS Emerging Leaders is a peer network for early- and mid-career construction professionals that hosts regular meetups, site tours, skills workshops, and mentoring events. By connecting tradespeople and project staff with employers and peers, the group creates referral channels and practical skill-sharing that help workers demonstrate competencies and secure roles while awaiting interprovincial trade certification or local credential recognition.",Credential Recognition and Labour Mobility Frictions,"Peer Professional Networks and Industry Circles: Sector-specific community networks (health, trades, tech, arts) that host regular peer review sessions, skills-sharing workshops and referral groups to help candidates demonstrate competencies and find local opportunities while awaiting formal recognition.",Fragmented Policy and Governance Architecture,"134 Eileen Stubbs Avenue, Unit 301, Dartmouth, NS B3B 2C8",https://www.cans.ns.ca,info@cans.ns.ca,44.700198,-63.5794894
Government Relations & Regulatory Affairs,Construction Association of Nova Scotia (CANS),"CANS convenes contractors, developers, and suppliers to identify bottlenecks in municipal planning, permitting, and inspection processes across Nova Scotia. The association aggregates member feedback into policy briefs and presentations to municipal councils and staff, advocating for standardized checklists, fixed review timelines, transparent fees, and simplified local rules that cut red tape and accelerate construction and housing delivery.",Regulatory Burden and Slow Permitting,"Regulatory Feedback and Red‑Tape Reduction Campaigns: Coordinate structured community feedback to municipal councils identifying the most burdensome rules and proposing simpler, local solutions (e.g., fee waivers, timeline caps).",Fragmented Policy and Governance Architecture,"260 Brownlow Avenue, Dartmouth, NS B3B 1V9",https://www.cans.ns.ca,info@cans.ns.ca,44.6949211,-63.5758494
HRM Living Wage Requirement for Service Contracts,Halifax Regional Municipality,"Halifax Regional Municipality has adopted a living wage requirement for many externally contracted services, embedding living wage standards into municipal procurement to ensure contracted workers are paid at or above the local living wage. The municipality informs vendors and community partners about the policy and its phased implementation, using procurement guidelines and education to encourage wider employer adoption and lift overall wage floors across the region.",Wage and Career Competitiveness,"Local Living Wage Campaign: Community-led advocacy to encourage municipalities, local institutions and larger employers to adopt a living wage policy; includes public education, employer toolkits, and phased implementation plans to raise average wages.",Fragmented Policy and Governance Architecture,"1841 Argyle Street, Halifax, NS B3J 3A5",https://www.halifax.ca,contactus@halifax.ca,44.648927,-63.5753248
Task Force on the Commemoration of Edward Cornwallis and the Recognition and Commemoration of Indigenous History (Implementation),Halifax Regional Municipality,"Halifax Regional Municipality established a joint task force with Mi'kmaq leaders and knowledge keepers to co-develop concrete recommendations for how the city should address monuments, place names, and the public recognition of Mi’kmaq history. HRM is implementing these actions through an ongoing reconciliation process that includes renaming streets, updating protocols and signage, and advancing cultural education, with progress reported publicly to Council and the community.","Inclusion, Anti-Racism, and Reconciliation Gaps","Community-led Reconciliation Action Plans: Form a local reconciliation working group with Mi'kmaq Elders, leaders, and youth to co-develop short- and long-term community actions (land stewardship, cultural education, monuments, protocols) with measurable timelines and annual public reporting.",Fragmented Policy and Governance Architecture,"1841 Argyle Street, Halifax, NS B3J 3A5",https://www.halifax.ca,,44.648927,-63.5753248
HalifACT – Coastal Hazard Setbacks and Adaptation Planning,Halifax Regional Municipality,"HalifACT is Halifax Regional Municipality’s climate action plan, which embeds coastal hazard mapping, sea-level rise allowances, and shoreline setback requirements into the Regional Plan and land-use by-laws. Through public engagement sessions and community planning processes, HRM works with residents and developers to direct new development away from high-erosion and flood-risk shorelines and to consider voluntary retreat of vulnerable structures over time. This implements local shoreline se...",Climate Resilience and Environmental Risks,"Local Shoreline Setback and Managed Retreat Planning: Facilitate community conversations and small-scale pilot buyouts or voluntary relocation incentives, guided by local priorities, to reduce long-term risk in high-erosion zones.",Fragmented Policy and Governance Architecture,"1841 Argyle Street, Halifax, NS B3J 3A5",https://www.halifax.ca,contactus@halifax.ca,44.648927,-63.5753248
Downtown Halifax Bonus Zoning Public Benefit Program (HRM by Design),Halifax Regional Municipality,"Halifax’s downtown planning framework uses negotiated development agreements and density bonusing to secure public benefits from private projects. Eligible public benefits include on-site cultural/community uses and public art, allowing the municipality to require developers to deliver dedicated cultural space (e.g., studios, rehearsal or small performance space) in new buildings or to provide cash-in-lieu contributions to municipal public benefit reserves (including the Public Art Reserve) w...","Arts, Culture, and Nightlife Space Constraints","Partnerships with Developers for Cultural Floors: Negotiate community-benefit agreements with residential and commercial developers to include dedicated affordable cultural spaces (studios, micro-theatres) or in-lieu contributions to a municipal arts space fund.",Fragmented Policy and Governance Architecture,"1841 Argyle Street, Halifax, NS B3J 3A5",https://www.halifax.ca,planning@halifax.ca,44.648927,-63.5753248
Festival & Event Application (One-Stop Event Permitting),Halifax Regional Municipality,"Halifax Regional Municipality runs a single, one-stop application for festivals and events that coordinates all required municipal permits and reviews through one intake. Staff from parks, right-of-way/traffic, planning (site permissions), building (tents/stages), fire, and police review files together and liaise with Nova Scotia Public Health for food vendor requirements, issuing coordinated decisions within published timelines. This co-located, cross-department workflow functions as a pract...",Regulatory Burden and Slow Permitting,"One-Stop Permit Pilot Partnership: Partner with the municipality to run a time-limited one-stop shop pilot that co-locates staff from planning, building, business licensing and health to issue combined decisions within set timelines.",Fragmented Policy and Governance Architecture,"40 Alderney Drive, Dartmouth, NS B2Y 2N5",https://www.halifax.ca,events@halifax.ca,44.6645795,-63.5693508
Healthcare Career Pathways for Newcomers (including IEN Bridging),Immigrant Services Association of Nova Scotia (ISANS),"ISANS supports internationally educated nurses and other internationally trained health professionals with career advising, exam preparation, mentorship, and employer connections, often in collaboration with Nova Scotia Health and long-term care agencies. The program helps participants secure supervised work experiences or observerships and guided practicum pathways, accelerating their integration into nursing and allied health roles that address local workforce needs.",Skills Alignment and Work-Integrated Learning Gaps,"Community Health & Care Training Pipeline: Partner local clinics, long‑term care facilities and colleges to create guaranteed practicum placements, fast‑track certificates for support roles, and mentorship pathways into nursing and allied health within the community.",Fragmented Policy and Governance Architecture,"6960 Mumford Road, Suite 2120, Halifax, NS B3L 4P1",https://www.isans.ca,info@isans.ca,44.645137,-63.6190662
"Welcoming Workplaces: Equity, Diversity & Inclusion Training",Immigrant Services Association of Nova Scotia (ISANS),"ISANS’ Welcoming Workplaces offers anti-racism, anti-oppression, and human rights training and policy reviews for businesses and community groups. They work with employers to draft and implement anti-harassment and anti-discrimination policies, establish reporting and complaint processes, and connect newcomers who experience hate incidents with legal and support services.","Inclusion, Anti-Racism, and Reconciliation Gaps","Community Safety and Anti-Harassment Protocols: Work with community groups and businesses to adopt clear anti-harassment policies, reporting mechanisms, and rapid-response supports for incidents targeting race, Indigeneity, gender identity, or disability.",Fragmented Policy and Governance Architecture,"7071 Bayers Road, Suite 102, Halifax, NS B3L 2C2",https://www.isans.ca,info@isans.ca,44.6541222,-63.6273462
Indigenous Cultural Safety and KAIROS Blanket Exercise,Mi’kmaw Native Friendship Centre,"The Mi’kmaw Native Friendship Centre facilitates Mi’kmaw cultural safety training, including the KAIROS Blanket Exercise and workshops on land acknowledgements, reconciliation, and working respectfully with urban Indigenous communities. Sessions are led by Elders, Knowledge Keepers, and experienced facilitators, and are offered regularly to employers, educators, and first responders, with options to tailor and subsidize delivery through partnerships.","Inclusion, Anti-Racism, and Reconciliation Gaps","Local Anti-Racism and Inclusion Training: Offer regular, subsidized anti-racism, cultural safety, and accessibility trainings co-designed and delivered by community representatives and subject experts for employers, educators, first responders, and service providers.",Fragmented Policy and Governance Architecture,"2158 Gottingen Street, Halifax, NS B3K 3B4",https://mymnfc.com,,44.652446,-63.5843154
Wije’winen Project – Community Engagement & Youth Programming,Mi’kmaw Native Friendship Centre,"The Mi’kmaw Native Friendship Centre’s Wije’winen initiative conducts ongoing community engagement circles and co-design workshops with Mi’kmaq youth, Elders, and urban Indigenous community members to shape an integrated hub of services (including housing navigation, employment supports, and cultural programming). These sessions elevate youth leadership and ensure programs are co-created with and for Indigenous youth, while also inviting collaboration with non-Indigenous partners to improve s...",Youth Voice and Civic Engagement Deficit,"Community Co-design Workshops: Host regular co-design sessions where youth and community stakeholders jointly develop programs and services (housing, transit, employment supports), using facilitation that centers youth voices, including rural and Mi'kmaq youth.",Fragmented Policy and Governance Architecture,"2021 Gottingen Street, Halifax, NS B3K 3A9",https://mymnfc.com,info@mnfc.ca,44.6505111,-63.5810952
Superintendent’s Student Advisory Council (SSAC),Halifax Regional Centre for Education (HRCE),"The HRCE Superintendent’s Student Advisory Council convenes secondary students from across the region to advise education leaders on system navigation and student supports. Youth review how school, public health, mental health, and community services intersect, help test information portals and referral processes, and recommend clearer pathways for accessing help. Their insights inform cross-agency collaboration and responsible information-sharing, advancing coordinated, youth-centered servic...",Fragmented Governance and Data Silos,"Youth Advisory Council on Service Integration: Create a council of young people from diverse backgrounds to review how services are organized, test navigation tools, advise on data-sharing practices and champion solutions. Their lived experience ensures community efforts stay youth-centered and practical.",Fragmented Policy and Governance Architecture,"33 Spectacle Lake Drive, Dartmouth, NS B3B 1X7",https://www.hrce.ca,connect@hrce.ca,44.7019478,-63.5837496
Switch: Open Street Sundays,Ecology Action Centre,"Switch temporarily opens streets to people and closes them to car traffic, creating safe, pop‑up walking and cycling routes that demonstrate how active transportation can work for everyday trips. The Ecology Action Centre coordinates volunteers, local councils, and businesses to deliver these events and often helps communities parlay successful pilots into small grants and permanent infrastructure improvements. The program also advances policies and practices—such as winter maintenance priori...",Transportation and Regional Connectivity Gaps,"Active Transportation Campaigns and Infrastructure Projects: Mobilize volunteers and local councils to build and maintain safe walking and cycling paths (including snow clearance), host bike-to-work days, and secure small grants for infrastructure that shortens local trips.",Fragmented Policy and Governance Architecture,"2705 Fern Lane, Halifax, NS B3K 4L3",https://ecologyaction.ca,info@ecologyaction.ca,44.6567453,-63.59637
"Ecology Action Centre – Coastal Restoration (Living Shorelines, Dunes, and Salt Marsh)",Ecology Action Centre,"The Ecology Action Centre coordinates community-based coastal restoration, including native dune grass plantings, living shoreline pilots with partners, and support for salt marsh conservation and restoration. By using natural features like coir logs, brush bundles, and native vegetation, EAC projects aim to reduce wave energy, encourage sediment capture, and protect public access and coastal infrastructure. Workshops and volunteer events engage youth and residents in hands-on stewardship and...",Climate Resilience and Environmental Risks,"Living Shoreline and Saltmarsh Restoration: Community volunteers, local NGOs, and municipalities collaborate to restore dunes, saltmarshes, eelgrass beds, and oyster reefs to reduce wave energy, trap sediments, and slow coastal erosion while enhancing habitat.",Fragmented Policy and Governance Architecture,"2705 Fern Lane, Halifax, NS B3K 4L3",https://ecologyaction.ca,info@ecologyaction.ca,44.6567453,-63.59637
Coastal Cleanup and Marine Debris Action,Ecology Action Centre,"Ecology Action Centre engages volunteers in coastal and harbour shoreline cleanups across Nova Scotia, often in partnership with community groups and schools. By removing driftwood accumulations, plastic waste, and derelict gear from beaches and riparian zones, these cleanups help reduce erosion impacts, protect marine and coastal biodiversity, and lower wildfire risk in dry seasons.",Climate Resilience and Environmental Risks,"Volunteer Beach and Riparian Debris Removal: Regular community cleanups to remove driftwood, abandoned materials, and invasive debris that can worsen erosion, damage habitats, or increase fire risk when dry.",Fragmented Policy and Governance Architecture,"2705 Fern Lane, Halifax, NS B3K 4L3",https://ecologyaction.ca,info@ecologyaction.ca,44.6567453,-63.59637
Coastal Adaptation: Community Outreach on Sea-Level Rise & Storm Surges,Ecology Action Centre,"Ecology Action Centre works with coastal communities to communicate flood and storm-surge risks and to promote preparedness and resilient practices for homes and infrastructure. Through workshops, guides, and local engagement, they translate risk maps and climate projections into practical steps residents can take, including knowing high-risk zones, planning evacuation routes, and protecting property.",Climate Resilience and Environmental Risks,"Public Education and Risk Communication Campaigns: Ongoing outreach in multiple languages about flood zones, evacuation routes, insurance options, and practical household preparedness steps to increase readiness across communities.",Fragmented Policy and Governance Architecture,"2705 Fern Lane, Halifax, NS B3K 4L3",https://ecologyaction.ca,info@ecologyaction.ca,44.6567453,-63.59637
Internships and Co-op Placements,Ecology Action Centre,"The Ecology Action Centre hosts paid internships and co-op placements that embed youth in policy, planning, and program design across climate, transportation, coastal, and environmental justice initiatives. Interns co-develop community programs, contribute to policy submissions and planning processes, and support engagement with municipalities and provincial agencies—giving youth meaningful roles in shaping public-interest outcomes.",Youth Voice and Civic Engagement Deficit,"Youth Civic Apprenticeships: Create short-term paid apprenticeships in local government, NGOs, and community organizations that place youth in policy, planning, and program-design roles to build skills and institutional knowledge.",Fragmented Policy and Governance Architecture,"2705 Fern Lane, Halifax, NS B3K 4L3",https://ecologyaction.ca,info@ecologyaction.ca,44.6567453,-63.59637
Halifax Waterfront Development Agreements for Cultural Public Realm,Build Nova Scotia,"Build Nova Scotia negotiates ground leases and development agreements with private developers on the Halifax waterfront that require publicly accessible cultural spaces and year‑round programming. Agreements secure cultural floors in mixed-use projects (e.g., event plazas, gallery and exhibition areas, performance locations) or require financial contributions that help program and maintain cultural public spaces—linking private development to affordable, publicly available arts venues.","Arts, Culture, and Nightlife Space Constraints","Partnerships with Developers for Cultural Floors: Negotiate community-benefit agreements with residential and commercial developers to include dedicated affordable cultural spaces (studios, micro-theatres) or in-lieu contributions to a municipal arts space fund.",Fragmented Policy and Governance Architecture,"1751 Lower Water Street, Halifax, NS B3J 1S5",https://buildns.ca,info@buildns.ca,44.6492185,-63.5710311
Volta CEO Roundtables & Community Events,Volta,"Volta hosts recurring peer roundtables and community events that bring together founders and senior leaders of small technology firms to discuss growth tactics, hiring challenges, and market expansion. These forums create a trusted space for leaders to exchange playbooks, make referrals, and identify partnership opportunities, which can translate into collaborative go-to-market efforts and larger joint pursuits.",Limited Mid-Career Progression and Firm Scale,"Local Scale-Up Peer Network: Create a community-run network where leaders of small firms meet regularly to share growth strategies, talent challenges, and partnership opportunities, enabling informal benchmarking, referrals, and joint bids that increase firm scale.",Fragmented Policy and Governance Architecture,"1505 Barrington Street, Halifax, NS B3J 3K5",https://voltaeffect.com,info@voltaeffect.com,44.6445647,-63.5723991
Founders Peer-to-Peer Sessions,Volta,"Volta convenes recurring peer-to-peer founder circles and facilitated discussions where startup leaders share practical solutions on hiring, scaling, and leadership, while receiving coaching from experienced mentors and peers. These small-group sessions operate as mentorship circles that deepen networks and improve mid-career satisfaction for tech professionals choosing to build their careers in Nova Scotia.",Limited Mid-Career Progression and Firm Scale,"Peer Mentorship Circles: Set up facilitated peer groups of mid-career professionals across sectors to exchange problem-solving, career planning, and leadership coaching, increasing retention by improving career satisfaction and networks.",Fragmented Policy and Governance Architecture,"Suite 100, 1505 Barrington Street, Halifax, NS B3J 3K5",https://voltaeffect.com,info@voltaeffect.com,44.6445647,-63.5723991
Volta Academy & Mentor Network,Volta,"Volta Academy delivers recurring cohorts and workshops that train founders to craft investor-ready pitches, develop financial models, and understand governance best practices. Its Mentor Network and Office Hours connect startups with volunteer entrepreneurs, investors, and service providers for ongoing coaching and feedback, directly increasing their readiness to attract capital.",Entrepreneurship Barriers and Access to Capital,"Investor-Readiness Bootcamps and Mentor Network: Volunteer entrepreneurs, investors and service providers run regular bootcamps and a mentorship registry to help founders craft investor-ready pitches, financial models and governance structures, increasing their ability to attract capital.",Fragmented Policy and Governance Architecture,"1505 Barrington Street, Halifax, NS B3J 3K5",https://voltaeffect.com,info@voltaeffect.com,44.6445647,-63.5723991
Volta Funding Panel & Office Hours Series,Volta,"Volta regularly convenes funding panels and lender office hours that bring together BDC, credit unions, commercial banks, and startup founders to discuss real financing cases and underwriting expectations. These facilitated sessions let lenders explain risk frameworks while founders share traction data and collateral challenges, leading to practical checklists, feedback loops on lending criteria, and pilots such as revenue-based or milestone-tied credit options tailored to early-stage companies.",Entrepreneurship Barriers and Access to Capital,"Lender–Startup Dialogue Workshops: Facilitated workshops where local lenders, credit unions and startups exchange perspectives, share case studies, and co-develop pragmatic lending criteria and pilot products that balance risk management with startup realities.",Fragmented Policy and Governance Architecture,"1505 Barrington Street, Suite 100, Halifax, NS B3J 3K5",https://voltaeffect.com,info@voltaeffect.com,44.6445647,-63.5723991
Volta Hiring Fair,Volta,"Volta’s hiring and talent events connect high-growth startups and tech employers with students, grads, and professionals through showcase booths, company pitches, and networking. Employers highlight roles, culture, and growth paths, and many accept applications or interview on the spot, supported by collateral that promotes the advantages of building a career in Nova Scotia’s innovation ecosystem.",Provincial Brand and Talent Attraction Narrative,"Community Employer Showcase Series: Organize monthly employer open‑houses and sector showcases where local businesses, trades guilds, and startups present career paths, apprenticeships, and company culture to residents and alumni. Combine with on‑the‑spot recruitment and promotional materials highlighting local opportunity.",Fragmented Policy and Governance Architecture,"1505 Barrington Street, Unit 100, Halifax, NS B3J 3K5",https://voltaeffect.com,info@voltaeffect.com,44.6445647,-63.5723991
Truro BuskerFest,Downtown Truro Partnership,"Truro BuskerFest is an annual street-performance festival that brings pop-up stages and roaming acts to sidewalks, storefronts, and civic plazas throughout downtown Truro. Using mobile, low-footprint setups and scheduled showtimes, the event adheres to local street-use and noise rules while creating a vibrant, walkable circuit of micro-venues. The program disperses audiences across multiple blocks, boosting local commerce and giving emerging performers paid, high-visibility opportunities.","Arts, Culture, and Nightlife Space Constraints","Pop-Up and Micro-Venue Program: Organize an ongoing calendar of pop-up concerts, readings, and performances in parks, plazas, storefronts and unused lots using simple staging and noise-curfew strategies; rotate locations and Promoters to spread opportunity and foot traffic.",Fragmented Policy and Governance Architecture,"605 Prince Street, Truro, NS B2N 1G2",https://downtowntruro.ca,info@downtowntruro.ca,45.3654528,-63.2832201
Façade Improvement Program,Downtown Truro Partnership,"Downtown Truro Partnership provides matching grants to commercial property owners and tenants to complete storefront improvements that comply with municipal permitting and design guidelines. Eligible expenses often include design/engineering drawings, required inspections, permit fees, and minor accessibility or safety upgrades, helping businesses meet regulatory conditions faster and continue renovations without financial bottlenecks.",Regulatory Burden and Slow Permitting,"Micro-Grant Program for Fast-Track Compliance: Fund small grants to help applicants meet regulatory requirements quickly (e.g., paying for a required inspection, engineering memo, or minor retrofits) so projects aren't stalled for lack of cash.",Fragmented Policy and Governance Architecture,"605 Prince Street, Truro, NS B2N 1G2",https://downtowntruro.ca,info@downtowntruro.ca,45.3654528,-63.2832201
Settlement Services,YWCA Halifax,"YWCA Halifax’s Settlement Services provide trauma-informed counselling, case management, and referrals for newcomer women and youth, with access to interpretation and multilingual navigation. The program supports mental wellness by offering culturally responsive, gender-informed services that help youth connect to the right health and social supports quickly.",Health Care and Mental Health Access Shortfalls,"Culturally safe and Indigenous-led services: Support Indigenous and newcomer-led counselling, traditional healing programs and multilingual navigators to ensure services are welcoming and effective for diverse youth.",Fragmented Policy and Governance Architecture,"358 Herring Cove Road, Suite 102, Halifax, NS B3R 1V8",https://ywcahalifax.com,info@ywcahalifax.com,44.6122376,-63.6172244
Book a Room (Private Study and Meeting Rooms for Virtual Care),Halifax Public Libraries,"Halifax Public Libraries offers free, bookable private rooms and study spaces with reliable high-speed internet where residents can attend virtual primary care or mental health appointments. Library staff provide basic tech help (e.g., setting up devices, using Zoom/Teams, connecting headsets) and can assist patrons in accessing Nova Scotia Health’s VirtualCareNS or other telehealth platforms, effectively functioning as community telehealth hubs.",Health Care and Mental Health Access Shortfalls,"Community telehealth hubs: Privacy-equipped rooms in libraries, community centres and youth hubs with high-speed internet and trained facilitators to help residents connect with virtual primary care and mental health appointments.",Fragmented Policy and Governance Architecture,"5440 Spring Garden Road, Halifax, NS B3J 1E9",https://www.halifaxpubliclibraries.ca,askus@halifaxpubliclibraries.ca,44.6428872,-63.5752999
Public Naloxone Training and Kit Distribution at Halifax Public Libraries,Halifax Public Libraries,"Halifax Public Libraries hosts recurring public naloxone trainings in partnership with Nova Scotia Health and local harm-reduction organizations, and many branches keep free Take Home Naloxone kits for patrons. Through branch events, staff education, and outreach, libraries help community members learn overdose response and direct them to the provincial site locator map to find kit locations across HRM.","Public Safety, Housing Insecurity, and Substance Use Harms","Community naloxone distribution and training: Organize regular public naloxone training sessions and free kit distribution at community centres, libraries, faith groups, events and shelters, and create a local map of kit locations.",Fragmented Policy and Governance Architecture,"5440 Spring Garden Road, Halifax, NS B3J 1E9",https://www.halifaxpubliclibraries.ca,,44.6428872,-63.5752999
Tech Help Volunteers and Data Literacy Workshops,Halifax Public Libraries,"Halifax Public Libraries recruits and trains volunteer Tech Tutors and hosts free data/digital literacy workshops at branches such as Halifax Central Library. These volunteers act as data stewards for the community by helping individuals and small organizations clean spreadsheets, catalogue program information, and adopt privacy-conscious practices when sharing data. By supporting patrons and community groups to update and use shared tools consistently, the library helps improve data quality ...",Fragmented Governance and Data Silos,"Volunteer Data Stewards Network: Train a network of volunteer data stewards drawn from libraries, community centres and colleges to help smaller organizations manage basic data tasks (cataloguing programs, anonymizing records, updating shared systems) and to support consistent data quality across the community.",Fragmented Policy and Governance Architecture,"5440 Spring Garden Road, Halifax, NS B3J 1E9",https://www.halifaxpubliclibraries.ca,askus@halifaxpubliclibraries.ca,44.6428872,-63.5752999
Bulk Buy & Community Kitchen (Spryfield),Chebucto Connections,"Chebucto Connections coordinates a neighbourhood Bulk Buy program and hosts community kitchen sessions that help residents pool funds to purchase wholesale produce and then batch-cook or preserve it together. Linked with nearby community gardens, this hub model lowers per-household food costs, stabilizes seasonal prices through bulk purchasing, and creates a reliable local distribution point for fresh food.",Cost of Living and Energy Affordability,"Community Food Hubs, Gardens and Preserving Co-ops: Shared land gardens, community kitchens and bulk-preservation co-ops increase access to affordable fresh food, reduce grocery bills, stabilize seasonal prices, and create local food distribution channels.",Fragmented Policy and Governance Architecture,"531 Herring Cove Road, Halifax, NS B3R 1X3",https://www.chebuctoconnections.ca,info@chebuctoconnections.ca,44.6009646,-63.6087078
Private Rooms and Digital Assistance for Virtual Health Visits,Cape Breton Regional Library,"McConnell Library in Sydney offers bookable quiet rooms and computer workstations with high-speed internet where community members can attend virtual appointments with primary care providers or mental health clinicians. Staff can assist with video platform setup, device connection, and privacy accessories (e.g., headsets), making the branch a practical telehealth access point for Cape Breton residents.",Health Care and Mental Health Access Shortfalls,"Community telehealth hubs: Privacy-equipped rooms in libraries, community centres and youth hubs with high-speed internet and trained facilitators to help residents connect with virtual primary care and mental health appointments.",Fragmented Policy and Governance Architecture,"50 Falmouth Street, Sydney, NS B1P 6X9",https://www.cbrl.ca,info@cbrl.ca,46.1356139,-60.1934179
Sponsored Employee (Loaned Representative) Program,United Way Halifax,"United Way Halifax’s Sponsored Employee (Loaned Representative) Program seconds mid-career employees from local companies to United Way for a campaign term, where they manage workplace campaigns, liaise with dozens of employers, and lead community initiatives. This structured, time-bound secondment exposes professionals to cross-sector leadership and project management responsibilities while keeping them embedded in the local community, directly aligning with an inter-company secondment model...",Limited Mid-Career Progression and Firm Scale,"Inter-Company Secondment Program: Coordinate short-term rotations among local firms and nonprofits to broaden mid-career professionals' experience, reduce skill gaps, and expose them to leadership responsibilities without leaving the community.",Fragmented Policy and Governance Architecture,"46 Portland Street, 7th Floor, Dartmouth, NS B2Y 1H4",https://www.unitedwayhalifax.ca,info@unitedwayhalifax.ca,44.6799707,-63.5720232
Wildfire Recovery Appeal,United Way Halifax,"United Way Halifax manages a community-operated emergency fund that rapidly channels donations to households affected by climate-related disasters, such as the 2023 HRM wildfires. Working through local partner agencies, the appeal provides quick financial assistance (e.g., gift cards, basic needs, temporary shelter support) to stabilize families during evacuation and early recovery, embodying a pooled, community-managed resilience fund.",Climate Resilience and Environmental Risks,Community Mutual Aid and Resilience Funds: Establish local emergency funds or insurance pools managed by community organizations to provide quick financial support for households and small businesses after climate disasters.,Fragmented Policy and Governance Architecture,"46 Portland Street, 7th Floor, Dartmouth, NS B2Y 1H4",https://www.unitedwayhalifax.ca,info@unitedwayhalifax.ca,44.6799707,-63.5720232
Halifax Coordinated Access (Reaching Home),United Way Halifax,"United Way Halifax leads the community’s Coordinated Access system for people experiencing homelessness, using a standardized intake and assessment to add individuals to a shared By-Name List and refer them to the most suitable housing and support providers. Participating agencies agree to common data fields and referral protocols, which reduces duplicate paperwork and enables warm handoffs without centralizing more personal data than necessary.",Fragmented Governance and Data Silos,"Shared Intake & Referral Toolkit: Co-create a lightweight shared intake and referral form and referral pathways that local organizations can adopt. Standardized intake reduces repeated paperwork for young people, speeds handoffs between agencies, and makes it easier to track who is being served without centralizing sensitive personal data.",Fragmented Policy and Governance Architecture,"7001 Mumford Road, Tower 1, Suite 1300, Halifax, NS B3L 2H8",https://www.unitedwayhalifax.ca,hello@unitedwayhalifax.ca,44.648618,-63.5859487
Town of Lunenburg Physician Recruitment Initiative,Town of Lunenburg,"The Town of Lunenburg collaborates with local businesses, housing providers, and health-system partners to attract family physicians and other clinicians to the community. The initiative offers municipal incentive supports, assists with housing searches and relocation logistics, and connects providers and their families to community ambassadors, clubs, and social networks; it also facilitates mentorship linkages with local practitioners. These community-driven packages help new clinicians set...",Health Care and Mental Health Access Shortfalls,"Local clinician recruitment and retention partnerships: Community-driven incentive packages (mentorship, subsidized housing, relocation supports, integration into local social networks) developed with municipal and business partners to attract and keep providers.",Fragmented Policy and Governance Architecture,"119 Cumberland Street, Lunenburg, NS B0J 2C0",https://www.townoflunenburg.ca,info@townoflunenburg.ca,44.37796,-64.3098233
Heritage Advisory Committee,Town of Lunenburg,"Lunenburg’s Heritage Advisory Committee is a citizen volunteer panel trained in the town’s Heritage Conservation District guidelines that reviews Heritage Permit applications for minor exterior alterations, storefront changes, and signage. When applications align with the standards, the committee’s recommendation allows municipal staff or Council to issue permits quickly, streamlining low-risk approvals for homeowners and small businesses in the historic district.",Regulatory Burden and Slow Permitting,"Volunteer Review Panels for Low‑Risk Projects: Establish trained community review panels to assess and endorse very low-risk applications (temporary events, small home-based businesses) so municipalities can accept those endorsements for faster approval.",Fragmented Policy and Governance Architecture,"119 Cumberland Street, Lunenburg, NS B0J 2C0",https://www.townoflunenburg.ca,info@townoflunenburg.ca,44.37796,-64.3098233
Chambers of Commerce Group Insurance Plan (Chambers Plan) — via Halifax Chamber of Commerce,Halifax Chamber of Commerce,"The Halifax Chamber of Commerce provides access to the Chambers of Commerce Group Insurance Plan (Chambers Plan), a pooled benefits program designed for small and mid-sized employers. By aggregating employees from thousands of participating member businesses, the plan spreads risk and negotiates group rates for health, dental, life, disability, employee assistance, and group retirement savings options. This collective purchasing power lowers per-employee costs and helps small firms in HRM com...",Wage and Career Competitiveness,"Small-Business Benefits Consortium: A cooperative of local small businesses that pools resources to offer affordable group health, dental and retirement options, negotiated with insurers to lower per-employee costs and make jobs more competitive.",Fragmented Policy and Governance Architecture,"32 Akerley Boulevard, Dartmouth, NS B3B 1N1",https://halifaxchamber.com,info@halifaxchamber.com,44.7098064,-63.6035607
Leadership Halifax,Halifax Chamber of Commerce,"Leadership Halifax is a cohort-based civic leadership program for mid-career professionals that runs over several months and builds the competencies needed for senior roles in the region. Participants receive structured leadership training, are paired with community and industry mentors, and complete a team-based community impact project that acts as a capstone. The program also includes site visits and leader shadowing with partner organizations, providing short real-world exposures that mir...",Limited Mid-Career Progression and Firm Scale,"Mid-Career Leadership Fellowship: Run a local fellowship for professionals transitioning into senior roles that bundles mentoring, short secondments at partner firms, leadership training, and a capstone project to accelerate promotion-readiness within the community.",Fragmented Policy and Governance Architecture,"32 Akerley Boulevard, Dartmouth, NS B3B 1N1",https://halifaxchamber.com,info@halifaxchamber.com,44.7098064,-63.6035607
Business Support Series: Meet Your Funders,Halifax Chamber of Commerce,"The Halifax Chamber’s Business Support Series includes ""Meet Your Funders"" sessions that bring startups and small businesses face-to-face with BDC, ACOA, CBDCs, and local credit unions. Moderated discussions and Q&A allow lenders to explain risk appetites and documentation needs while founders provide feedback on barriers, helping co-develop pragmatic criteria and pathways to pilot lending approaches suitable for early-stage ventures.",Entrepreneurship Barriers and Access to Capital,"Lender–Startup Dialogue Workshops: Facilitated workshops where local lenders, credit unions and startups exchange perspectives, share case studies, and co-develop pragmatic lending criteria and pilot products that balance risk management with startup realities.",Fragmented Policy and Governance Architecture,"32 Akerley Boulevard, Unit 100, Dartmouth, NS B3B 1N1",https://halifaxchamber.com,info@halifaxchamber.com,44.7098064,-63.6035607
Halifax Chamber of Commerce – Child Care Policy and Advocacy,Halifax Chamber of Commerce,"The Halifax Chamber of Commerce gathers member data and community feedback on workforce barriers, including child care shortages, and publishes policy positions that inform municipal decision-makers. Leveraging this evidence, the Chamber advocates to Halifax Regional Municipality for land-use and permitting changes that make it easier to open and expand child care centres, and for municipal supports such as tax/fee relief and public investment partnerships to increase spaces. It also collabor...",Childcare Availability and Early Learning Workforce,"Advocacy and Municipal Support Task Force: A community task force that aggregates local needs data, advocates for zoning, licensing streamlining, municipal subsidies and public investment in childcare.",Fragmented Policy and Governance Architecture,"32A-7071 Bayers Road, Halifax, NS B3L 2C2",https://halifaxchamber.com,info@halifaxchamber.com,44.648618,-63.5859487
Municipal Report Card,Halifax Chamber of Commerce,"The Halifax Chamber of Commerce publishes an annual Municipal Report Card and related advocacy briefs that compile data and business feedback on permitting timelines, planning performance, and regulatory burden in HRM. By quantifying the economic impacts of delays and benchmarking service standards, the reports build evidence for municipal reform. This helps focus attention on streamlining approvals and prioritizing permits that enable investment, jobs, and housing development.",Regulatory Burden and Slow Permitting,Community Data & Impact Reports: Collect and publish local data on delayed projects' economic and social impacts to build evidence for municipal reform and prioritize permits that drive jobs and housing.,Fragmented Policy and Governance Architecture,"32 Akerley Boulevard, Dartmouth, NS B3B 1N1",https://halifaxchamber.com,info@halifaxchamber.com,44.7098064,-63.6035607
ECE Casual Relief Staff Program,Nova Scotia College of Early Childhood Education (NSCECE),"NSCECE operates a digital registry and dispatch service that connects licensed child care centres with qualified, vetted early childhood educators and assistants for shift coverage and short‑term placements. Centres post staffing needs and schedule coverage through the service, enabling rapid, on‑demand matching that helps programs maintain ratios and extend hours, which in turn expands reliable childcare availability for families.",Childcare Availability and Early Learning Workforce,"Local Childcare Matching Platform: A community-managed online/mobile platform listing licensed centres, available spots, qualified caregivers, and shared-shift matches with ratings and scheduling tools.",Fragmented Policy and Governance Architecture,"6208 Quinpool Road, Halifax, NS B3L 1A3",https://www.nscece.ca,info@nscece.ca,44.6456288,-63.5959962
Heritage Advisory Committee,Town of Truro,"Truro’s Heritage Advisory Committee is a committee of trained citizen volunteers who review applications for heritage properties and districts against established local standards. By issuing recommendations on minor, low-risk alterations and signage, the panel enables staff and Council to process permits faster, easing regulatory burden for residents and small businesses operating in heritage areas.",Regulatory Burden and Slow Permitting,"Volunteer Review Panels for Low‑Risk Projects: Establish trained community review panels to assess and endorse very low-risk applications (temporary events, small home-based businesses) so municipalities can accept those endorsements for faster approval.",Fragmented Policy and Governance Architecture,"695 Prince Street, Truro, NS B2N 5C1",https://www.truro.ca,info@truro.ca,45.3653532,-63.280498
Move to Truro,Town of Truro,"The Town of Truro’s relocation hub provides newcomers and returnees with centralized, practical information on jobs, housing, childcare, local services, and community events, along with stories that showcase quality of life. Municipal staff keep the portal content current and share it through regional business and alumni networks to help prospective residents evaluate opportunities and settle smoothly in Truro and Colchester County.",Provincial Brand and Talent Attraction Narrative,"Local Digital Relocation Portal: Create and maintain a simple, community-run web portal with practical relocation information (jobs, housing listings, childcare, service contacts, events, testimonials). Keep content updated by a rotating local editorial team and promote it to alumni networks.",Fragmented Policy and Governance Architecture,"695 Prince Street, Truro, NS B2N 1G5",https://www.truro.ca,info@truro.ca,45.3653532,-63.280498
Learners & Teachers (Interprofessional Practice & Learning),Nova Scotia Health,"Nova Scotia Health’s Learners & Teachers team partners with universities and colleges to plan and schedule clinical placements across hospitals and community sites. Through discipline-specific provincial committees and ongoing employer–educator advisory meetings, they align curricula with practice requirements and coordinate placement capacity, timelines, and preceptor supports. This sector-based structure ensures health programs and employers jointly plan work-integrated learning so that stu...",Skills Alignment and Work-Integrated Learning Gaps,"Community–Education–Employer Advisory Councils: Create local advisory councils (by town/region and by sector) that meet quarterly to align curriculum, co-op placements and apprenticeship spots with employer needs in trades, tech, health and the arts, and to coordinate funding and schedules across schools, colleges and employers.",Fragmented Policy and Governance Architecture,"7001 Mumford Road, Suite 200, Halifax, NS B3L 4N9",https://www.nshealth.ca,learners@nshealth.ca,44.6491232,-63.6183561
Nova Scotia Health Learner Placement Services,Nova Scotia Health,"Nova Scotia Health centrally coordinates clinical and non-clinical student placements across hospitals and community sites, matching learners with supervisors and departments based on program needs. The service manages onboarding requirements (e.g., immunizations, background checks, confidentiality and OHS training) and ensures appropriate liability/insurance coverage through affiliation agreements, easing the administrative load on schools and host units. By brokering placements and standard...",Skills Alignment and Work-Integrated Learning Gaps,"Local Work‑Integrated Learning Brokerage Service: Set up a community brokerage (municipal or non‑profit) that matches students with short placements, coordinates insurance and payroll, and handles onboarding paperwork so schools and employers face fewer barriers to offering placements.",Fragmented Policy and Governance Architecture,"1276 South Park Street, Halifax, NS B3H 2Y9",https://www.nshealth.ca,learners@nshealth.ca,44.6379204,-63.5800467
Halifax Newcomer Health Clinic,Nova Scotia Health,"A team-based primary care clinic that employs physicians, nurse practitioners, nurses, and social workers to provide initial primary care and mental health supports to government-assisted refugees and other newcomers, with interpretation and trauma-informed services. It prioritizes access for an underserved population and transitions patients to long-term community practices, demonstrating sustainable, collaborative primary care scheduling and wraparound support.",Health Care and Mental Health Access Shortfalls,"Primary care cooperative (community-owned clinic): A community-governed clinic model that hires NPs and physicians on sustainable schedules, offers team-based care and prioritizes access for youth and underserved populations.",Fragmented Policy and Governance Architecture,"6960 Mumford Road, Suite 2059, Halifax, NS B3L 4P1",https://www.nshealth.ca,,44.645137,-63.6190662
Learning and Employment Centre (LEC),Phoenix Youth Programs,"Phoenix’s LEC provides youth with one-on-one career coaching, employer-led workshops, and mock interviews to build job readiness and confidence. Staff and volunteer mentors connect young people to local employers for workplace tours, informational interviews, and ongoing mentorship, acting as an employer ambassador network that aligns youth skills with real hiring needs.",Skills Alignment and Work-Integrated Learning Gaps,"Youth Mentorship & Employer Ambassador Network: Create a community volunteer network of employer ambassadors and near‑peer mentors who provide career coaching, mock interviews, workplace visits and ongoing mentorship linking youth to local job opportunities.",Fragmented Policy and Governance Architecture,"5450 Gottingen Street, Halifax, NS B3K 2B8",https://phoenixyouth.ca,info@phoenixyouth.ca,44.6623291,-63.5984039
Phoenix Supportive Housing Program,Phoenix Youth Programs,"Phoenix’s Supportive Housing Program assists youth aged 16–24—including 2SLGBTQIA+ youth, African Nova Scotians, Indigenous youth, newcomers, and youth with disabilities—to access and maintain safe, affordable housing. Housing workers place youth in community apartments with rent subsidies or rent supplements where available, and provide intensive case management, tenancy education, and connections to income supports. The team emphasizes eviction prevention through landlord mediation, arrears...","Inclusion, Anti-Racism, and Reconciliation Gaps","Targeted Housing Supports: Develop local programs that prioritize affordable, accessible housing and rental supports for youth from marginalized communities, including transitional housing, rent supplements, and eviction-prevention assistance.",Fragmented Policy and Governance Architecture,"5450 Gottingen Street, Halifax, NS B3K 1A6",https://phoenixyouth.ca,info@phoenixyouth.ca,44.6505111,-63.5810952
PARL E‑Bike Lending Program,Pictou-Antigonish Regional Library,"Pictou-Antigonish Regional Library lends e‑bikes to cardholders through select branch pickup hubs, enabling residents to try electric cycling for short trips between towns and within communities. The program includes basic safety gear and orientation, and is supported by local partnerships and provincial grants to keep use affordable. By leveraging existing library branches as hubs, it directly implements the e‑bike library model to reduce transportation barriers in rural and small-town Nova ...",Transportation and Regional Connectivity Gaps,Shared Vehicles and E‑Bike Libraries: Establish community carshare and e-bike lending programs with pickup hubs in villages and campuses; combine membership fees and local grants to make short trips affordable and reduce barriers to mobility.,Fragmented Policy and Governance Architecture,"182 Dalhousie Street, New Glasgow, NS B2H 5E3",https://www.parl.ns.ca,info@parl.ns.ca,45.5879386,-62.6434641
Wi-Fi Hotspot Lending Program,Cape Breton Regional Library,"Cape Breton Regional Library lends mobile Wi‑Fi hotspots to cardholders, enabling internet access at home in communities where broadband is unreliable or unaffordable. By providing portable connectivity for remote learning, job applications, and online services, the program helps reduce digital access gaps for students, jobseekers, and low-income families across Cape Breton.",Digital Infrastructure Inequities,"Device Access and Refurbishment Initiatives: Run donation and refurbishment programs to provide low-cost laptops, tablets and mobile hotspots to students, jobseekers and low-income households.",Fragmented Policy and Governance Architecture,"50 Falmouth Street, Sydney, NS B1P 6X9",https://cbrl.ca,,46.1356139,-60.1934179
Community Support Program (Youth & Family Wellness),Mi’kmaw Native Friendship Centre,"The Mi’kmaw Native Friendship Centre’s Community Support Program and youth services offer culturally grounded wellness supports for urban Indigenous youth and families in Kjipuktuk/Halifax. Staff and Elders facilitate peer circles, land-based and cultural activities, and one-to-one supports, while Indigenous Navigators help youth access mental-health care and crisis services across systems. Programming is free and delivered in a culturally safe environment that addresses systemic barriers fac...","Inclusion, Anti-Racism, and Reconciliation Gaps","Mental Health and Peer Support Services: Expand culturally-safe, low-cost mental health and peer-support services targeted to youth from marginalized backgrounds, including mobile outreach and crisis navigation assistance.",Fragmented Policy and Governance Architecture,"2158 Gottingen Street, Halifax, NS B3K 3B4",https://www.mnfc.ca,info@mnfc.ca,44.652446,-63.5843154
Continuing Care Assistant (CCA) Recognition of Prior Learning and Work & Learn Pathways,Health Association Nova Scotia,"Health Association Nova Scotia coordinates employer-led RPL processes with long‑term care and home care members, where experienced workers and newcomers undergo competency reviews, on‑site skills demonstrations, and workplace assessments by employer assessors/preceptors. Candidates can be hired into paid ‘work and learn’ or trainee roles while completing any identified gaps, enabling conditional recognition and accelerated progression to full CCA certification and employment.",Credential Recognition and Labour Mobility Frictions,"Employer-led Skills Recognition Panels: Local employer consortia and trade associations convene panels to evaluate transferable skills and provide conditional recognition or expedited hiring pathways (competency testing, on‑site assessments, trial placements) so qualified people can work while completing formal credentialing.",Fragmented Policy and Governance Architecture,"2 Dartmouth Road, Suite 301, Bedford, NS B4A 2K7",https://www.healthassociation.ns.ca,info@healthassociation.ns.ca,44.7308815,-63.6554408
Hate Crime Unit and Online Hate Incident Reporting,Halifax Regional Police,"Halifax Regional Police’s Hate Crime Unit investigates criminal incidents motivated by bias, including those targeting race, Indigeneity, religion, gender identity/expression, sexual orientation, or disability. It maintains dedicated reporting options and community liaison programs, and provides rapid-response coordination with victims, businesses, and community groups to address and prevent harassment and hate-motivated incidents.","Inclusion, Anti-Racism, and Reconciliation Gaps","Community Safety and Anti-Harassment Protocols: Work with community groups and businesses to adopt clear anti-harassment policies, reporting mechanisms, and rapid-response supports for incidents targeting race, Indigeneity, gender identity, or disability.",Fragmented Policy and Governance Architecture,"1975 Gottingen Street, Halifax, NS B3J 2H1",https://www.halifax.ca,,44.6499659,-63.5799102
Emergency Relief Fund,The North Grove,"The North Grove operates a locally managed emergency fund that provides fast, flexible financial help to Dartmouth North households after storms, floods, and power outages. The fund issues grocery and essentials gift cards and helps cover urgent costs during evacuations or loss of income, functioning as a neighborhood-level mutual aid and resilience pool.",Climate Resilience and Environmental Risks,Community Mutual Aid and Resilience Funds: Establish local emergency funds or insurance pools managed by community organizations to provide quick financial support for households and small businesses after climate disasters.,Fragmented Policy and Governance Architecture,"6 Primrose Street, Dartmouth, NS B3A 4C5",https://thenorthgrove.ca,info@thenorthgrove.ca,44.6814085,-63.5860545
Sharp Advice Needle Exchange,Ally Centre of Cape Breton,"Sharp Advice provides low‑barrier harm reduction services including distribution of sterile supplies, take‑home naloxone kits, and safer‑use education. Peer outreach workers with lived experience offer nonjudgmental support and navigation, helping people connect to detox, opioid agonist treatment, and mental health and social services, reducing barriers to care for youth and adults.",Health Care and Mental Health Access Shortfalls,"Harm reduction and addiction peer navigation services: Peer navigators and community harm reduction sites that distribute naloxone, provide safer-use information, linkage to treatment and nonjudgmental support to reduce barriers into care.",Fragmented Policy and Governance Architecture,"150 Bentinck Street, Sydney, NS B1P 1G6",https://www.allycentreofcapebreton.com,info@allycentreofcapebreton.com,46.1363636,-60.1932013
Overdose Prevention & Stigma Reduction Education,Ally Centre of Cape Breton,"The Ally Centre of Cape Breton provides community training on overdose recognition and response (including naloxone), harm reduction basics, and respectful language, delivered to schools, service providers, and the general public. Through peer-informed talks, public awareness events, and dialogue sessions, the initiative challenges myths about addiction and homelessness, humanizes people who use drugs, and builds more compassionate and inclusive communities in Cape Breton.","Public Safety, Housing Insecurity, and Substance Use Harms","Public education and anti-stigma campaigns: Run local campaigns, school programs and community dialogues that humanize people who use drugs, correct myths about addiction, and promote inclusive neighbourhoods to improve perceptions of livability.",Fragmented Policy and Governance Architecture,"150 Bentinck Street, Sydney, NS B1P 6J8",https://www.allycentreofcapebreton.com,,46.1363636,-60.1932013
Access-A-Bus and Bus Stop Accessibility Improvements,Halifax Transit (Halifax Regional Municipality),"Halifax Transit operates Access-A-Bus, a door-to-door accessible transit service, and systematically upgrades bus stops, terminals, and ferries with features like accessible pads, low-floor buses, audible/visual stop announcements, and improved shelters. These efforts are guided by ongoing audits of stops and facilities to remove barriers and enhance wayfinding. The service publishes rider guides and clear information online so residents and visitors can plan accessible trips, directly aligni...","Inclusion, Anti-Racism, and Reconciliation Gaps","Accessible Community Spaces Initiative: Audit and upgrade public buildings, event venues, parks, and transit stops for physical accessibility and sensory-friendly features, and publish accessibility maps and guides for residents and visitors.",Fragmented Policy and Governance Architecture,"200 Ilsley Avenue, Dartmouth, NS B3B 1V1",https://www.halifax.ca,accessabus@halifax.ca,44.6930076,-63.5846318
Maritime Bus – Nova Scotia Intercity Service,Maritime Bus,"Maritime Bus provides scheduled intercity coach service connecting many Nova Scotia towns and rural areas with Halifax and other regional centres, enabling access to jobs, training, post-secondary institutions, and cultural amenities. The network acts as a shared shuttle option across the province, offering an alternative to car ownership for long-distance rural-to-urban travel.",Urban–Rural Opportunity Divide,"Rural transport solutions and ride-share networks: Organize community shuttle services, carpool networks or app-based shared rides to improve access to jobs, training and cultural amenities in regional centres without requiring car ownership.",Fragmented Policy and Governance Architecture,"6047 Almon Street, Halifax, NS B3K 1T9",https://www.maritimebus.com,info@maritimebus.com,44.6569914,-63.5992358
East Hants Internet Speed Test and Broadband Mapping,Municipality of East Hants,"East Hants collects local speed test results and service reports from residents to build detailed connectivity maps across its rural communities. The dataset is used to identify service gaps, prioritize investment areas, and provide evidence for provincial/federal broadband funding applications, while also giving the municipality leverage to hold providers accountable for improvements.",Digital Infrastructure Inequities,"Local Broadband Mapping and Speed Testing: Collect and publish neighbourhood-level coverage and speed data (speedtests, service gaps) to inform planning, strengthen funding applications, and hold providers accountable.",Fragmented Policy and Governance Architecture,"15 Commerce Court, Elmsdale, NS B2S 3K5",https://www.easthants.ca,info@easthants.ca,44.9784368,-63.5103035
Resilient East Hants – Climate Change Adaptation Plan,Municipality of East Hants,"Resilient East Hants runs community risk workshops where residents and staff collaboratively map flood-prone areas, culvert bottlenecks, and assets like wells, roads, and public buildings. Insights from these participatory mapping sessions refine municipal flood risk maps and inform co-designed neighbourhood actions including drainage improvements, floodproofing priorities, and evacuation and communication plans.",Climate Resilience and Environmental Risks,"Community Flood Mapping and Risk Workshops: Host participatory mapping sessions where residents contribute local knowledge to refine flood and erosion maps, identify vulnerable assets, and co-design neighbourhood adaptation actions.",Fragmented Policy and Governance Architecture,"15 Commerce Court, Elmsdale, NS B2S 3K5",https://www.easthants.ca,info@easthants.ca,44.9784368,-63.5103035
Colchester County Comfort Centres Network,Municipality of the County of Colchester,"The Municipality of Colchester designates and supports a network of comfort centres—often located in libraries, community centres, and fire halls—that have backup generators to remain operational during outages. These centres provide free public Wi‑Fi, charging stations, and a safe place for residents to stay connected for work, learning, and essential communications. The municipality invests in and maintains standby power at these public connectivity nodes to increase digital resiliency in r...",Digital Infrastructure Inequities,"Resiliency and Power Backup Projects: Install generator or battery backup at key public connectivity nodes (libraries, town halls, health centres) to keep communications and telework capabilities online during outages.",Fragmented Policy and Governance Architecture,"1 Church Street, Truro, NS B2N 3Z5",https://www.colchester.ca,info@colchester.ca,45.36568,-63.2759567
Halifax Tool Library – Community Build & Repair Programs,Halifax Tool Library,"The Halifax Tool Library lends specialized tools and offers skills workshops and volunteer fix-it/build events that community groups and small venues can leverage to construct DIY acoustic panels, bass traps, and door/window treatments at low cost. This community-led approach helps rehearsal rooms and performance spaces implement practical noise-mitigation upgrades while coordinating volunteer retrofit teams and sharing guidance on materials and methods.","Arts, Culture, and Nightlife Space Constraints","Noise Mitigation Toolkit and Subsidies: Develop community-led guidance and small subsidy programs for soundproofing and acoustic treatments for small venues and rehearsal rooms, along with local installers' directory and volunteer retrofit teams.",Fragmented Policy and Governance Architecture,"6070 Almon Street, Halifax, NS B3K 1T8",https://halifaxtoollibrary.ca,info@halifaxtoollibrary.ca,44.6563131,-63.59966
Sensory Friendly Mornings,Discovery Centre,"Discovery Centre hosts regular Sensory Friendly Mornings that lower lighting and sound, limit attendance, and provide quiet zones and sensory tools to create a more inclusive museum experience. The Centre publishes a sensory guide and social story to help visitors prepare, and it maintains accessibility features like elevators, ramps, and accessible washrooms throughout the venue. This program exemplifies the solution by upgrading a public venue for physical and sensory accessibility and shar...","Inclusion, Anti-Racism, and Reconciliation Gaps","Accessible Community Spaces Initiative: Audit and upgrade public buildings, event venues, parks, and transit stops for physical accessibility and sensory-friendly features, and publish accessibility maps and guides for residents and visitors.",Fragmented Policy and Governance Architecture,"1215 Lower Water Street, Halifax, NS B3J 3S8",https://thediscoverycentre.ca,info@thediscoverycentre.ca,44.6416898,-63.5678259
Nova Scotia College of Nursing – Applicant Portal & Digital Document Repository,Nova Scotia College of Nursing (NSCN),"The Nova Scotia College of Nursing uses a secure online portal where internationally educated and interprovincial nurses submit, track, and manage verified educational credentials, registration verifications, references, and employment records. Documents are stored centrally and shared within the assessment workflow, enabling faster, more consistent licensure decisions and reducing duplicate submissions. This digital repository streamlines recognition for newcomers and mobile professionals en...",Credential Recognition and Labour Mobility Frictions,"Digital Community Credential Repository: A secure, community-managed digital system where newcomers and interprovincial professionals can store verified copies of diplomas, transcripts, references and work samples to speed assessments by regulators and employers.",Fragmented Policy and Governance Architecture,"300-120 Western Parkway, Bedford, NS B4B 0V2",https://www.nscn.ca,info@nscn.ca,44.7303901,-63.6582365
NSCN Online Public Register,Nova Scotia College of Nursing (NSCN),"The Nova Scotia College of Nursing provides a province-wide, publicly searchable registry showing each nurse’s licensure status (e.g., active, conditional, temporary) and practice class. Employers and health organizations across municipalities use this registry to instantly verify credential recognition and readiness to work, reducing delays and uncertainty in hiring and placements. While not a job board, it delivers the solution’s status-indicator component that underpins efficient job match...",Credential Recognition and Labour Mobility Frictions,"Intermunicipal Skills Registry and Job Match Platform: A local online registry of qualified candidates with status indicators (recognized, provisionally recognized, awaiting assessment) that connects them to employers, apprenticeships and volunteer opportunities across towns and municipalities to improve matching and mobility.",Fragmented Policy and Governance Architecture,"120 Western Parkway, Suite 300, Bedford, NS B4B 0V2",https://www.nscn.ca,info@nscn.ca,44.7303901,-63.6582365
Truro Farmers’ Market Community Kitchen and Online Market,Truro Farmers’ Market Cooperative,"The Truro Farmers’ Market operates a commercial kitchen and an online ordering platform that allow vendors to produce jams, baked goods, and other value-added foods in an inspected, shared facility and sell through centralized pickup. These shared processing and marketing services help small and rural producers reach broader audiences while reducing start-up costs and logistical barriers.",Urban–Rural Opportunity Divide,"Agritech, value-added food hubs and co-ops: Create community food hubs and shared processing spaces where farmers and food entrepreneurs can add value (packaging, processing, distribution) and access shared marketing resources.",Fragmented Policy and Governance Architecture,"15 Young Street, Truro, NS B2N 3W3",https://www.trurofarmersmarket.org,info@trurofarmersmarket.org,45.3648126,-63.2796638
Cape Breton Partnership – Employer Attraction Resources and Workshops,Cape Breton Partnership,"The Cape Breton Partnership provides employers with guidance and templates to craft job ads and career pages that highlight the Island Advantage—short commutes, affordability, and vibrant communities—alongside workplace culture and benefits. Through initiatives like the Cape Breton Welcome Network and Hire Me Cape Breton, they offer storytelling assets and video spotlights and host employer workshops on talent attraction and onboarding, helping small businesses market living and working locally.",Provincial Brand and Talent Attraction Narrative,"Employer Branding Toolkit for Small Businesses: Develop an easy toolkit and templates local businesses can use to communicate workplace culture, benefits, career pathways, and remote-friendly roles. Host workshops to help employers produce job postings and short recruitment videos that sell living and working locally.",Fragmented Policy and Governance Architecture,"285 Alexandra Street, Sydney, NS B1S 2E8",https://capebretonpartnership.com,info@capebretonpartnership.com,46.1216248,-60.1972588
Municipal Advocacy & Policy,Downtown Dartmouth Business Commission,"The Downtown Dartmouth Business Commission gathers structured feedback from local businesses on permitting, signage, patios, and inspections, and regularly presents this input to HRM Council and staff. Through letters, committee participation, and public submissions, the Commission has advocated for streamlined approvals, seasonal fee waivers (e.g., sidewalk café/patio fees), clearer guidelines, and predictable service timelines to reduce municipal red tape.",Regulatory Burden and Slow Permitting,"Regulatory Feedback and Red‑Tape Reduction Campaigns: Coordinate structured community feedback to municipal councils identifying the most burdensome rules and proposing simpler, local solutions (e.g., fee waivers, timeline caps).",Fragmented Policy and Governance Architecture,"163 Portland Street, Dartmouth, NS B2Y 1H9",https://downtowndartmouth.ca,info@downtowndartmouth.ca,44.667711,-63.5646919
Membership and Volunteer Credit Program,Atlantic Filmmakers Cooperative (AFCOOP),"AFCOOP runs a cooperative platform where members can earn volunteer credits that reduce the cost of renting production gear, editing suites, and studio facilities. Bookings are managed online, and artists exchange volunteer labour for discounted access to rooms and equipment—directly mirroring a time‑bank model that keeps creative space affordable.","Arts, Culture, and Nightlife Space Constraints","Rehearsal Space Time‑Bank or Swap Platform: Build a local online platform or time-bank where bands, theatre groups and venue owners exchange rehearsal hours, volunteer labour or small payments for discounted access to rooms and equipment.",Fragmented Policy and Governance Architecture,"5663 Cornwallis Street, Halifax, NS B3K 1B6",https://afcoop.ca,admin@afcoop.ca,44.6530804,-63.5828899
Media Arts Scholarship & Mentorship Program,Centre for Art Tapes (CFAT),"CFAT’s program pairs emerging media artists—prioritizing equity-deserving and underrepresented voices—with established mentors in film, audio, and digital arts. A cohort model fosters peer-support circles, while skill-building labs and professional development workshops provide career navigation into the creative industries, including portfolio development, grant writing, and industry networking.","Inclusion, Anti-Racism, and Reconciliation Gaps","Community Mentorship Circles: Establish mentorship programs pairing young people from underrepresented groups with local mentors in trades, arts, tech, and entrepreneurship, including peer support circles and career navigation workshops.",Fragmented Policy and Governance Architecture,"2238 Maitland Street, Halifax, NS B3K 2Z9",https://www.cfat.ca,office@cfat.ca,44.6531181,-63.5841036
CFAT Workshop Series & Volunteer Program,Centre For Art Tapes (CFAT),"Centre For Art Tapes delivers year‑round workshops and mentorships covering project budgeting/book‑keeping, grant writing, tech skills (camera, sound, projection), and safety and accessibility for public presentations. They maintain a volunteer program that trains and schedules community members to support screenings, installations, and partner events, providing a shared pool of skilled helpers that keeps small media‑arts presentations affordable.","Arts, Culture, and Nightlife Space Constraints","Venue Management Training and Volunteer Network: Run regular training for volunteers and small venue operators on programming, safety, book-keeping, grant writing and community outreach; establish a shared pool of trained volunteers to staff shows and reduce operating costs.",Fragmented Policy and Governance Architecture,"2238 Maitland Street, Halifax, NS B3K 2Z9",https://www.cfat.ca,info@cfat.ca,44.6531181,-63.5841036
Experts-in-Residence (EiR) Program,Volta,"Volta’s EiR program connects startups and scaling companies with seasoned executives in finance, product/technology, marketing, and people operations who work with multiple firms on a part-time basis. By providing hands-on advisory and interim leadership across a portfolio of resident companies, the program functions as a fractional executive pool and offers mid-career managers a pathway to gain executive-level experience across different growth-stage businesses.",Limited Mid-Career Progression and Firm Scale,"Fractional Executive Pool: Organize a cooperative of part-time CFOs, CTOs, CMOs and HR leads available to multiple small businesses so firms can access senior skills at affordable rates while creating pathways for mid-career managers to gain executive experience.",Fragmented Policy and Governance Architecture,"1505 Barrington Street, Halifax, NS B3J 3K5",https://www.voltaeffect.com,info@voltaeffect.com,44.6445647,-63.5723991
Scotian Gold – Controlled-Atmosphere Storage and Grower Co-operative Distribution,Scotian Gold Cooperative Limited,"Scotian Gold operates one of the largest controlled-atmosphere storage and packing facilities in Atlantic Canada, coordinating apples and other produce from a network of Nova Scotia growers. Its shared storage and centralized distribution create year-round inventory buffers and redundancy that stabilize local supply when storms or transportation interruptions occur. As a grower co-operative, Scotian Gold formalizes mutual support among members to keep essential produce available to retailers ...",Climate Resilience and Environmental Risks,"Local Supply-Chain Resilience Initiatives: Businesses and community groups create local backup supply networks, shared storage, and mutual support agreements to keep essential goods and services available during disruptions.",Fragmented Policy and Governance Architecture,"9979 Highway 1, Greenwich, NS B4P 2R2",https://www.scotiangold.com,,45.0801873,-64.4070564
The Deanery Project – Community Retrofit & Hands-on Building Workshops,The Deanery Project,"The Deanery Project delivers hands-on building workshops and community retrofit initiatives that guide groups through designing and constructing practical building improvements, including acoustic treatments using affordable and sustainable materials. Small venues and community halls can tap into staff expertise and volunteer cohorts to plan and carry out sound-dampening upgrades, making rehearsal and performance spaces more viable in rural and coastal communities.","Arts, Culture, and Nightlife Space Constraints","Noise Mitigation Toolkit and Subsidies: Develop community-led guidance and small subsidy programs for soundproofing and acoustic treatments for small venues and rehearsal rooms, along with local installers' directory and volunteer retrofit teams.",Fragmented Policy and Governance Architecture,"751 West Ship Harbour Road, Lower Ship Harbour, NS B0J 1Y0",https://www.thedeaneryproject.com,info@thedeaneryproject.com,44.7942257,-62.8442375
Student Matinee Program,Neptune Theatre,"Neptune Theatre’s Student Matinee Program organizes group attendance for school classes and youth groups at daytime performances. The theatre coordinates bus access and scheduling and supports schools arranging shared buses, encouraging pooled transportation for cultural outings instead of individual car drop-offs, thereby reducing traffic and emissions while enabling extracurricular arts participation.",Transportation and Regional Connectivity Gaps,"Event and School Transport Pooling: Coordinate pooled transport for major community events, sports, and school extracurriculars to reduce single-occupant trips—organized by parent groups, community centres, or event committees.",Fragmented Policy and Governance Architecture,"1593 Argyle Street, Halifax, NS B3J 2B2",https://www.neptunetheatre.com,school@neptunetheatre.com,44.6459551,-63.5739761
Emergency Family Support Fund,Mi'kmaw Native Friendship Centre,"The Mi'kmaw Native Friendship Centre administers an emergency fund that offers rapid assistance—such as gift cards, temporary accommodation support, and replacement of essentials—to urban Indigenous and non-Indigenous families impacted by events like wildfires, hurricanes, and flooding. By pooling community donations and distributing aid quickly, the fund acts as a grassroots mutual aid mechanism that strengthens household resilience after climate disasters.",Climate Resilience and Environmental Risks,Community Mutual Aid and Resilience Funds: Establish local emergency funds or insurance pools managed by community organizations to provide quick financial support for households and small businesses after climate disasters.,Fragmented Policy and Governance Architecture,"2021 Gottingen Street, Halifax, NS B3K 3A9",https://mymnfc.com,info@mymnfc.com,44.6505111,-63.5810952
Kejimkujik Fire Management and FireSmart Program,Parks Canada,"Parks Canada’s fire management program at Kejimkujik uses prescribed burning, mechanical thinning, and FireSmart landscaping to create defensible space around facilities, campgrounds, and cultural sites. The team partners with nearby communities and local fire departments to share FireSmart best practices, support volunteer fuel-reduction days along park boundaries and access roads, and reduce wildfire threats to adjacent homes and critical infrastructure.",Climate Resilience and Environmental Risks,"Community FireSmart and Wildfire Preparedness: Neighbourhood-led FireSmart programs to create defensible space, clear fuels, run local inspections, and organize volunteer crews for fuel reduction around homes and critical infrastructure.",Fragmented Policy and Governance Architecture,"3005 Kejimkujik Main Parkway, Maitland Bridge, NS B0T 1B0",https://parks.canada.ca/pn-np/ns/kejimkujik,pc.kejimkujik.pc@canada.ca,44.4486318,-65.2019826
Clean Foundation Community EV Charging (ZEVIP Delivery Program),Clean Foundation,"As a Natural Resources Canada ZEVIP delivery organization in Atlantic Canada, Clean Foundation provides grants and technical support to municipalities and nonprofits across Nova Scotia to install Level 2 chargers at community buildings and hubs (e.g., community centres, rinks, libraries). By bundling multiple sites and coordinating procurement and installation—often alongside local fundraising and municipal incentives—the program builds shared charging networks that serve community fleets and...",Transportation and Regional Connectivity Gaps,"Shared EV Purchasing and Charging Network: Organize group procurement of electric vehicles for community fleets and install shared charging stations at community centres and hubs, supported by local fundraising and municipal incentives.",Fragmented Policy and Governance Architecture,"126 Portland Street, Dartmouth, NS B2Y 1H8",https://cleanfoundation.ca,info@cleanfoundation.ca,44.6659186,-63.5662829
Great Nova Scotia Pick-Me-Up (GNSPMU),Clean Foundation,"The Great Nova Scotia Pick-Me-Up is a province-wide volunteer litter cleanup campaign that equips community groups with supplies and support to remove debris from beaches, riverbanks, trails, and neighbourhoods. By organizing shoreline and riparian cleanups, the program removes driftwood, plastics, and abandoned materials that can accelerate erosion, harm coastal and aquatic habitats, and elevate wildfire risk when dry.",Climate Resilience and Environmental Risks,"Volunteer Beach and Riparian Debris Removal: Regular community cleanups to remove driftwood, abandoned materials, and invasive debris that can worsen erosion, damage habitats, or increase fire risk when dry.",Fragmented Policy and Governance Architecture,"126 Portland Street, Dartmouth, NS B2Y 1H8",https://cleanfoundation.ca,info@cleanfoundation.ca,44.6659186,-63.5662829
NSFM Policy and Advocacy on Community and Intercity Transportation,Nova Scotia Federation of Municipalities (NSFM),"The Nova Scotia Federation of Municipalities coordinates cross‑municipal advocacy on rural and intercity transportation, aggregating data and priorities from member municipalities to present a unified case to the Province of Nova Scotia and the federal government. Through resolutions, submissions, and joint engagement with carriers, NSFM advances proposals for improved intercity bus coverage and regional air connectivity, including shared funding models that link multiple municipalities.",Transportation and Regional Connectivity Gaps,"Community Advocacy Coalitions for Intercity Links: Form cross‑municipal citizen groups to lobby provincial and federal governments and private carriers for restored or new intercity bus and air services, presenting consolidated demand data and shared funding proposals.",Fragmented Policy and Governance Architecture,"1809 Barrington Street, Suite 1304, Halifax, NS B3J 3K8",https://www.nsfm.ca,info@nsfm.ca,44.6489899,-63.5745798
Language Instruction for Newcomers to Canada (LINC) – Employment-Focused Workshops,YMCA of Greater Halifax/Dartmouth – Centre for Immigrant Programs,"The YMCA Centre for Immigrant Programs delivers LINC alongside employment-focused workshops that cover Canadian workplace culture, rights and responsibilities, and interview techniques. Instructors integrate job-search language and sector vocabulary and coordinate employer-led information sessions and mock interviews to help newcomers overcome non-technical barriers and transition into local jobs.",Credential Recognition and Labour Mobility Frictions,"Local Language and Workplace Culture Programs: Community-run language supports focused on industry-specific vocabulary and workplace culture orientation sessions, including mock interviews and workplace simulation, to reduce non‑technical barriers to hiring and recognition.",Fragmented Policy and Governance Architecture,"7071 Bayers Road, Suite 201, Halifax, NS B3L 2C2",https://halifax.ymca.ca/programs/immigrant-services/,info@halifax.ymca.ca,44.6541222,-63.6273462
Nova Scotia First Fund (Venture Capital),Invest Nova Scotia,"Invest Nova Scotia’s early-stage venture capital fund provides seed and pre-seed equity to Nova Scotia startups, often alongside local angels and community investors. Portfolio companies receive access to mentors, commercialization programming, and partner hubs, with investment focused on firms headquartered and growing employment in the province. By tying capital to mentorship and local scale-up pathways, the fund helps create senior technical and leadership roles that keep mid-career profes...",Limited Mid-Career Progression and Firm Scale,"Community Investment and Angel Co-op: Form a local investor group or co-op that pools community capital to provide seed and growth funding to promising local companies, tied to mentorship and community employment commitments to retain mid-career talent.",Fragmented Policy and Governance Architecture,"1871 Hollis Street, Halifax, NS B3J 0C3",https://investnovascotia.ca,info@investnovascotia.ca,44.6497244,-63.5736776
Scale-up Hub Program (Boston/Atlanta/UK),Invest Nova Scotia,"Invest Nova Scotia’s Scale-up Hub places Nova Scotia technology companies in key international markets and provides sales coaching, business development support, and curated introductions to customers, partners, and investors. It targets firms that already have traction and are ready to scale exports, helping them accelerate revenue growth and expand leadership capacity. By enabling growth at established firms, the program drives the creation of mid-career roles in sales, product, and operati...",Limited Mid-Career Progression and Firm Scale,"Community-Owned Scale-Up Accelerator: Launch a locally governed accelerator focused on scaling existing firms (not just startups) offering business development, market access, talent matching, and investor introductions tailored to mid-career role creation.",Fragmented Policy and Governance Architecture,"1800 Argyle Street, Suite 701, Halifax, NS B3J 3N8",https://investnovascotia.ca,info@investnovascotia.ca,44.6482199,-63.5767414
Advanced Management & Mentorship Program (AMMP),Centre for Women in Business (Mount Saint Vincent University),"AMMP is a flagship, multi-month leadership development and mentorship program for women entrepreneurs and managers that blends executive-level training with intensive one-on-one and peer mentoring. Participants build a strategic growth plan as a capstone, apply tools to real business challenges, and receive guidance from seasoned leaders across partner firms. By combining mentoring, applied learning, and exposure to regional business networks, AMMP functions as a mid-career leadership fellows...",Limited Mid-Career Progression and Firm Scale,"Mid-Career Leadership Fellowship: Run a local fellowship for professionals transitioning into senior roles that bundles mentoring, short secondments at partner firms, leadership training, and a capstone project to accelerate promotion-readiness within the community.",Fragmented Policy and Governance Architecture,"166 Bedford Highway, Halifax, NS B3M 2J6",https://www.centreforwomeninbusiness.ca,cwb@msvu.ca,44.6719513,-63.6451557
Diplôme en éducation de la petite enfance (EPE) – Workplace/Community Cohorts,Université Sainte-Anne,"Université Sainte-Anne offers a French-language ECE diploma tailored to Acadian and Francophone communities, combining online learning with work-integrated placements in local centres. Many students are employed in licensed child care or pre-primary settings while studying, and the university partners with regional providers who prioritize hiring graduates—expanding French-language childcare capacity in rural Nova Scotia through an earn-while-you-learn pathway.",Childcare Availability and Early Learning Workforce,"Local ECE Training and Apprenticeship Programs: Community colleges, businesses and centres create paid ECE apprenticeships and fast-track certification pathways tied to local hiring commitments.",Fragmented Policy and Governance Architecture,"1695 Highway 1, Church Point, NS B0W 1M0",https://www.usainteanne.ca,info@usainteanne.ca,44.334165,-66.119735
NSCC Ivany Campus Counselling Services,Nova Scotia Community College (NSCC) – Ivany Campus,"Nova Scotia Community College provides on-campus counselling at the Ivany Campus, embedding counsellors within Student Services to deliver timely intake, brief therapy, crisis support and referrals to Nova Scotia Health or community providers. The service offers flexible access through in-person and virtual appointments, with private rooms available on campus for students who need a confidential space for telehealth sessions.",Health Care and Mental Health Access Shortfalls,"School- and campus-based mental health teams: Embed social workers, counsellors and telehealth pods in schools and post-secondary campuses so students get timely assessment, brief therapy and referral without leaving education settings.",Fragmented Policy and Governance Architecture,"80 Mawiomi Place, Dartmouth, NS B2Y 0A5",https://www.nscc.ca,,44.6542147,-63.5509426
Aboriginal Business and Entrepreneurship Development (ABED) Program,Native Council of Nova Scotia (NCNS),"NCNS delivers the federal ABED program in Nova Scotia for off-reserve and non‑status Indigenous (including Mi’kmaq) entrepreneurs, offering non‑repayable contributions (microgrants and grants) for planning, startup, and expansion costs. Participants receive culturally grounded, wraparound supports such as business coaching, help developing proposals and business plans, and referrals to legal and financial advisors to navigate systemic barriers and grow sustainable enterprises.","Inclusion, Anti-Racism, and Reconciliation Gaps","Microgrant Program for Diverse Entrepreneurs: Create small, low-barrier grants and wraparound supports (business coaching, legal aid, microloans) to help entrepreneurs from underrepresented groups start and scale local businesses.",Fragmented Policy and Governance Architecture,"129 Truro Heights Road, Truro, NS B6L 1X1",https://ncns.ca,info@ncns.ca,45.3619394,-63.3206349
Mayor’s Youth Advisory Council (MYAC) – Kentville,Town of Kentville,"Kentville’s MYAC formally reserves seats for local youth to provide recommendations to Town Council on municipal priorities, programs, and community development. Town staff and councillors offer mentorship and orientation so youth members can participate confidently in meetings and, where appropriate, liaise with other town committees, embedding youth input in municipal decision-making.",Youth Voice and Civic Engagement Deficit,"Youth Seats on Boards and Commissions: Adopt policies that reserve youth representatives on municipal boards, school boards, arts councils, and community planning committees with mentorship and orientation to support effective participation.",Fragmented Policy and Governance Architecture,"354 Main Street, Kentville, NS B4N 1K6",https://kentville.ca,kentville@kentville.ca,45.0716841,-64.4808263
Coordinated Access and By-Name List (participation via shelters and housing programs),Shelter Nova Scotia,"Shelter Nova Scotia participates in Halifax’s Coordinated Access system and maintains client information in HIFIS (a secure, shared homelessness information system) to streamline referrals and track inflow/outflow on the community’s By-Name List. Through case conferencing and data-sharing agreements, the organization and its partners identify system bottlenecks, prioritize housing matches, and respond to emerging needs like encampments and drug-poisoning risks.","Public Safety, Housing Insecurity, and Substance Use Harms","Local data-sharing and coordinated service navigation: Create a secure, community-led data-sharing forum for service providers and peer organizations to coordinate referrals, track system gaps, and rapidly respond to emerging hot spots of need.",Fragmented Policy and Governance Architecture,"2170 Barrington Street, Halifax, NS B3K 2W9",https://www.shelternovascotia.com,info@shelternovascotia.com,44.6533003,-63.5810998
Halifax Stanfield Ground Transportation Centre,Halifax International Airport Authority,"Halifax Stanfield’s Ground Transportation Centre serves as a regional mobility hub, connecting Halifax Transit’s MetroX service with intercity shuttles, taxis, car rentals, and pedestrian access to the terminal. Coordinated by the airport authority with municipal and private operators, the hub provides wayfinding and real-time travel information in the terminal to streamline transfers between local, regional, and air travel.",Transportation and Regional Connectivity Gaps,"Mobility Hubs and Multi‑Modal Stations: Create local mobility hubs that combine bike racks, carshare parking, shuttle stops, real-time info boards, and lockers—developed in partnership with municipal planners, businesses, and volunteers.",Fragmented Policy and Governance Architecture,"747 Bell Boulevard, Enfield, NS B2T 1K2",https://halifaxstanfield.ca,info@halifaxstanfield.ca,44.9302051,-63.5187837
Indigenous Women in Community Leadership (IWCL),"Coady Institute, St. Francis Xavier University","IWCL is a nationally recognized fellowship delivered from Nova Scotia that supports Indigenous women—often mid-career community and organizational leaders—through intensive leadership education and individualized mentorship with senior Indigenous leaders. Participants design and implement a community-based capstone project with partner organizations, and many engage in short project shadowing or host-community residencies that mirror secondments. This applied, mentored model builds promotion-...",Limited Mid-Career Progression and Firm Scale,"Mid-Career Leadership Fellowship: Run a local fellowship for professionals transitioning into senior roles that bundles mentoring, short secondments at partner firms, leadership training, and a capstone project to accelerate promotion-readiness within the community.",Fragmented Policy and Governance Architecture,"4130 University Avenue, Antigonish, NS B2G 2W5",https://coady.stfx.ca,coady@stfx.ca,45.6191732,-61.9966544
MusGo Rider (Eastern Shore and Valley-Sheet Harbour),MusGo Rider Cooperative Ltd.,"MusGo Rider operates community-managed, pre-booked door-to-door transit along Nova Scotia’s Eastern Shore, using minibuses and vans to connect dispersed rural communities. Riders schedule trips in advance for work, medical, education, and daily needs, with fares set per ride and services supported by local and provincial funding—functioning as true microtransit in low-density areas.",Transportation and Regional Connectivity Gaps,"Microtransit and Book‑Ahead Demand Services: Run community-managed book-ahead or on-demand minibuses to serve low-density routes on flex schedules—paid by ride, subscription, or municipal subsidy—reducing the need for private cars.",Fragmented Policy and Governance Architecture,"7962 Highway 7, Musquodoboit Harbour, NS B0J 2L0",https://musgorider.ca,info@musgorider.ca,44.7882089,-63.1456266
Community Food Smart – Veith House Buying Club,Veith House,"Veith House hosts a Community Food Smart bulk-buying club where neighbours pool their orders and money to purchase fresh produce at wholesale rates. Orders are coordinated monthly and delivered in bulk to the site for pick-up, reducing delivery costs and leveraging group buying power while prioritizing local suppliers where possible.",Cost of Living and Energy Affordability,"Neighborhood Bulk-Buy Buying Groups: Organize community bulk purchases for groceries, heating fuel (bulk propane/wood pellets), and household staples to negotiate lower prices, reduce delivery costs, and support local suppliers through coordinated orders.",Fragmented Policy and Governance Architecture,"3115 Veith Street, Halifax, NS B3K 3G9",https://veithhouse.com,info@veithhouse.com,44.664829,-63.5955927
New Ross Family Resource Centre Licensed Childcare,New Ross Family Resource Centre,"The New Ross Family Resource Centre converted multi-purpose rooms in its community facility into licensed early learning spaces for infants, toddlers, and preschoolers, addressing rural childcare shortages. Governed by a local non-profit board and working with municipal and community partners, the centre exemplifies shared governance and community-led repurposing of existing space into regulated childcare.",Childcare Availability and Early Learning Workforce,"Childcare Space Conversion Initiative: Community-led projects to convert underused municipal and commercial spaces—libraries, churches, empty storefronts—into licensed childcare rooms with shared governance.",Fragmented Policy and Governance Architecture,"4689 Highway 12, New Ross, NS B0J 2M0",https://www.nrfrc.ca,nrfrc@ns.sympatico.ca,44.7305533,-64.4569371
Stepping Stone Street Outreach Program,Stepping Stone Association,"Stepping Stone’s peer-led outreach team, comprised of current and former sex workers and people with lived experience, conducts regular street-based outreach in Halifax providing harm-reduction supplies, safer-sex materials, and overdose prevention education. Peer navigators build trust, connect participants to housing, health care, legal and income supports, and accompany clients to appointments to reduce barriers and improve safety.","Public Safety, Housing Insecurity, and Substance Use Harms","Peer-led outreach and navigation teams: Train and fund people with lived/living experience to run outreach teams that build trust, deliver harm-reduction supplies, connect individuals to services (housing, health care, income supports), and accompany clients through appointments.",Fragmented Policy and Governance Architecture,"2223 Gottingen Street, Halifax, NS B3K 3B5",https://steppingstonens.ca,info@steppingstonens.ca,44.6535636,-63.5854192
Screen Nova Scotia Production Training Program,Screen Nova Scotia,"Short, employer-led bootcamps and intensives (typically from a few days up to several weeks) that train participants for in-demand film and TV crew roles such as grip, electric, locations, and set operations. The training is co-developed and delivered with unions/guilds and active production companies, and often leads directly to hiring hall lists, on-set placements, and entry-level job opportunities on Nova Scotia productions. This model ensures skills match current productions’ needs and bu...",Skills Alignment and Work-Integrated Learning Gaps,"Bootcamps & Short Intensives Co‑designed with Employers: Host short (2–12 week) community bootcamps in targeted areas (e.g., web dev, practical trades, digital media, hospitality service) taught jointly by educators and employers with hiring commitments for successful participants.",Fragmented Policy and Governance Architecture,"1800 Argyle Street, Suite 448, Halifax, NS B3J 3N8",https://www.screennovascotia.com,info@screennovascotia.com,44.6482199,-63.5767414
Community Shoreline Cleanups along the Annapolis River,Clean Annapolis River Project (CARP),"Clean Annapolis River Project coordinates volunteer shoreline and riparian cleanups along the Annapolis River and its tributaries, removing litter, derelict materials, and invasive debris before they enter the Bay of Fundy. These efforts stabilize banks by preventing debris-induced erosion, protect fish and wildlife habitat, and reduce fire hazards from dry, combustible materials accumulating along the shore.",Climate Resilience and Environmental Risks,"Volunteer Beach and Riparian Debris Removal: Regular community cleanups to remove driftwood, abandoned materials, and invasive debris that can worsen erosion, damage habitats, or increase fire risk when dry.",Fragmented Policy and Governance Architecture,"314 St. George Street, Annapolis Royal, NS B0S 1A0",https://www.annapolisriver.ca,carp@annapolisriver.ca,44.7429043,-65.518273
Immigrant Entrepreneur Loan Stream (Small Business Loan Guarantee Program),Immigrant Services Association of Nova Scotia (ISANS),"ISANS supports immigrant and refugee entrepreneurs to access loans delivered by Nova Scotia credit unions under the provincial Small Business Loan Guarantee Program. By leveraging the province’s loan guarantee, lenders can approve newcomers who may lack Canadian credit history or collateral, while ISANS provides advisory support to strengthen business plans. This reduces lender risk and expands access to startup and growth capital for immigrant-founded ventures.",Entrepreneurship Barriers and Access to Capital,"Community Loan Guarantee Pool: A locally funded guarantee reserve underwritten by municipal government, philanthropic organizations and anchor businesses that backstop a portion of small business loans, reducing lender risk and unlocking credit for startups without heavy collateral.",Fragmented Policy and Governance Architecture,"6960 Mumford Road, Suite 2120, Halifax, NS B3L 1W1",https://isans.ca,info@isans.ca,44.6448559,-63.6191248
ISANS Digital Access: Device Lending & Donations,Immigrant Services Association of Nova Scotia (ISANS),"ISANS accepts donated laptops and tablets, refurbishes and configures them, and provides devices to newcomers and refugees who face financial barriers to technology access. The program also maintains a lending pool of devices and connectivity supports so clients can attend online language classes, job search workshops, and settlement services, directly reducing digital inequities for low-income households.",Digital Infrastructure Inequities,"Device Access and Refurbishment Initiatives: Run donation and refurbishment programs to provide low-cost laptops, tablets and mobile hotspots to students, jobseekers and low-income households.",Fragmented Policy and Governance Architecture,"6960 Mumford Road, Suite 2120, Halifax, NS B3L 4P1",https://isans.ca,info@isans.ca,44.645137,-63.6190662
On-the-Job Training (OJT) Wage Subsidy,Immigrant Services Association of Nova Scotia (ISANS),"ISANS connects immigrant jobseekers with Nova Scotia employers for paid, time-limited on-the-job training placements supported by a wage subsidy. Staff match candidates to small businesses and public institutions, and the supervised work experience gained can be applied toward required Canadian experience or documented hours for regulated professions and skilled trades where applicable, accelerating credential recognition and labour market entry.",Credential Recognition and Labour Mobility Frictions,"Community Apprenticeship and Paid Internship Placements: A coordinated program connecting small businesses and public institutions with newcomers and interprovincial professionals for paid, time‑bound apprenticeships or internships that count toward local licensing/experience requirements.",Fragmented Policy and Governance Architecture,"6960 Mumford Road, Suite 2120, Halifax, NS B3L 4P1",https://isans.ca,info@isans.ca,44.645137,-63.6190662
Property Assessed Clean Energy (PACE) Program,Town of Amherst,"Amherst’s PACE program provides advisory support and financing that enables homeowners to complete retrofits like insulation and air sealing that lower energy use and improve comfort. The municipality helps scope projects and connects residents to vetted contractors, then finances the work through property-assessed repayments. These upgrades cut utility bills and strengthen homes against extreme temperatures and storm-related stresses.",Climate Resilience and Environmental Risks,"Homeowner Retrofit Assistance: Community-run advisory services and volunteer crews help homeowners elevate utilities, install flood barriers, and make low-cost floodproofing and insulation upgrades to reduce damage and energy costs.",Fragmented Policy and Governance Architecture,"98 Victoria Street East, Amherst, NS B4H 1X6",https://www.amherst.ca,info@amherst.ca,45.8343259,-64.2125197
"CFIB Member Benefits (Health, Dental & Retirement Plans) — Nova Scotia",Canadian Federation of Independent Business (CFIB),"The Canadian Federation of Independent Business (CFIB) connects Nova Scotia member SMEs to pooled group health, dental, life/disability, and retirement solutions arranged through CFIB’s national benefits partners. By bundling thousands of independent employers, CFIB spreads risk and secures group pricing and plan designs that individual small firms could not obtain on their own. These benefits help local businesses enhance total compensation and improve talent attraction and retention.",Wage and Career Competitiveness,"Small-Business Benefits Consortium: A cooperative of local small businesses that pools resources to offer affordable group health, dental and retirement options, negotiated with insurers to lower per-employee costs and make jobs more competitive.",Fragmented Policy and Governance Architecture,"7071 Bayers Road, Halifax, NS B3L 2C2",https://www.cfib-fcei.ca,cfib@cfib.ca,44.6541222,-63.6273462
Workplace Innovation and Productivity Skills Incentive (WIPSI),"Nova Scotia Department of Labour, Skills and Immigration","WIPSI provides cost-shared funding to Nova Scotia employers to train and upskill their workforce, enabling seasonal businesses to cross-train staff in new roles (e.g., digital marketing, operations, quality, and trade skills) and diversify services beyond peak seasons. Employers can also collaborate with training providers and partner firms to design customized, multi-skill training so workers can shift between complementary roles across businesses, helping maintain year-round employment and ...",Wage and Career Competitiveness,"Seasonal-to-Year-Round Transition Program: Community initiative helping seasonal employers diversify services, cross-train staff and partner with complementary businesses so workers can move between roles and maintain year-round income.",Fragmented Policy and Governance Architecture,"5151 Terminal Road, Halifax, NS B3J 2T8",https://novascotia.ca/programs/workplace-innovation-productivity-skills-incentive/,,44.6410933,-63.568792
Perennia Food & Beverage – Product Development and Food Safety Training,Perennia Food and Agriculture Inc.,"Perennia helps seasonal producers and processors develop value-added food and beverage products and adopt year-round processing practices, reducing reliance on short harvest windows. Through product development support, HACCP/food safety training, and connections to pilot-processing resources and co-packers, Perennia enables employers to diversify services and cross-train seasonal staff for roles in processing, quality, and packaging, creating pathways to steady, year-round work.",Wage and Career Competitiveness,"Seasonal-to-Year-Round Transition Program: Community initiative helping seasonal employers diversify services, cross-train staff and partner with complementary businesses so workers can move between roles and maintain year-round income.",Fragmented Policy and Governance Architecture,"199 Dr. Bernie MacDonald Drive, Bible Hill, NS B6L 2H5",https://perennia.ca,info@perennia.ca,45.388879,-63.2437827
Aquaculture Workforce Development & Training,Aquaculture Association of Nova Scotia (Seafarmers),"The Aquaculture Association of Nova Scotia coordinates industry-led training and certifications that allow seasonal farm staff to move into hatchery, processing, maintenance, or logistics roles during off-peak periods. By facilitating partnerships among farms, hatcheries, and processors and supporting cross-training (e.g., equipment operation, food safety, and quality), the program helps create multi-skilled teams and shared staffing models that stabilize year-round employment in coastal comm...",Wage and Career Competitiveness,"Seasonal-to-Year-Round Transition Program: Community initiative helping seasonal employers diversify services, cross-train staff and partner with complementary businesses so workers can move between roles and maintain year-round income.",Fragmented Policy and Governance Architecture,"11 Thornhill Drive, Unit 110, Dartmouth, NS B3B 1R9",https://seafarmers.ca,info@seafarmers.ca,44.7000117,-63.5955428
Ocean Startup Project,COVE (Centre for Ocean Ventures & Entrepreneurship) in partnership with regional organizations,"The Ocean Startup Project is a pan-Atlantic initiative headquartered at COVE that accelerates ocean-tech founders with non-dilutive microgrant funding through programs like the Ocean Startup Challenge (seed awards) and Discovery programs (stipends), plus structured mentorship. Startups gain access to workspace, testing infrastructure, and peer networks at COVE’s incubator, helping teams reduce early costs and accelerate commercialization. The program connects young founders to Nova Scotia’s o...",Wage and Career Competitiveness,"Youth Entrepreneurship Microgrants and Incubator: Local microgrant fund plus low-cost incubator space and mentorship to help young founders launch ventures, covering startup costs, business training and connections to local supply chains.",Fragmented Policy and Governance Architecture,"27 Parker Street, Dartmouth, NS B2Y 4T5",https://www.oceanstartupproject.ca,hello@oceanstartupproject.ca,44.6622182,-63.5567724
Halifax Playschool Co-operative,Halifax Playschool Co-operative,"Halifax Playschool is a parent co-operative preschool where families share in administration and volunteer duties to keep program costs lower. This community-operated model provides accessible early learning that supports parents who are working, studying, or transitioning back to the workforce by offering reliable, affordable care hours.",Wage and Career Competitiveness,"Childcare Cooperatives and Employer-Supported Childcare: Community-operated childcare co-ops and employer-supported programs to reduce childcare costs and increase workforce participation among parents, making local jobs more accessible.",Fragmented Policy and Governance Architecture,"6131 Chebucto Road, Halifax, NS B3L 1K7",https://www.halifaxplayschool.ca,info@halifaxplayschool.ca,44.6502776,-63.5961523
Port Wallis Co-operative Nursery School,Port Wallis Co-operative Nursery School Society,"Port Wallis is a non-profit, parent-run nursery school that reduces costs through cooperative governance and family participation. By offering affordable, community-based early learning in Dartmouth, it helps parents balance employment or training with childcare, increasing their ability to participate in the local workforce.",Wage and Career Competitiveness,"Childcare Cooperatives and Employer-Supported Childcare: Community-operated childcare co-ops and employer-supported programs to reduce childcare costs and increase workforce participation among parents, making local jobs more accessible.",Fragmented Policy and Governance Architecture,"263 Waverley Road, Dartmouth, NS B2X 2E6",https://www.pwcoopns.ca,info@pwcoopns.ca,44.69965,-63.5481057
Living Wage Employer Certification (Atlantic Living Wage Network – Nova Scotia),United Way Halifax (Atlantic Living Wage Network – Nova Scotia),"This certification invites Nova Scotia employers to publicly commit to paying at least the local living wage and to transparent wage policies, directly addressing wage competitiveness and job quality. Certified employers are listed and promoted, helping consumers identify and support organizations that provide quality local jobs and clear pay pathways, and encouraging more businesses to follow suit.",Wage and Career Competitiveness,Local Hiring Pledge & 'Hire Local' Campaign: A public commitment program where businesses pledge to prioritize local hiring and provide clear career pathways and wages; the campaign elevates participating employers and encourages consumer support.,Fragmented Policy and Governance Architecture,"7001 Mumford Road, Suite 200, Halifax, NS B3L 2H8",https://www.unitedwayhalifax.ca,info@unitedwayhalifax.ca,44.6492774,-63.6185599
Game Changers: Youth Retention Action Plan,Halifax Partnership and Halifax Chamber of Commerce,"Game Changers is a public commitment and awareness campaign that calls on employers to pledge to hire and retain young talent locally, create quality entry-level roles, and outline clear career pathways and wages. The initiative elevates participating employers through recognition, events (e.g., Hire Me Halifax), and storytelling that encourages peers and the community to support businesses investing in local youth and recent graduates—directly addressing wage and career competitiveness and t...",Wage and Career Competitiveness,Local Hiring Pledge & 'Hire Local' Campaign: A public commitment program where businesses pledge to prioritize local hiring and provide clear career pathways and wages; the campaign elevates participating employers and encourages consumer support.,Fragmented Policy and Governance Architecture,"32 Akerley Boulevard, Dartmouth, NS B3B 1N1",https://halifaxchamber.com,info@halifaxchamber.com,44.7098064,-63.6035607
Ocean Technology Advanced Diploma (delivered with COVE industry partners),Centre for Ocean Ventures & Entrepreneurship (COVE) in partnership with Nova Scotia Community College,"A specialized NSCC program built with input from ocean-technology employers and delivered in collaboration with the Centre for Ocean Ventures & Entrepreneurship (COVE). Learners gain stackable, industry-aligned competencies in areas such as marine instrumentation, ocean data, and field operations, with access to COVE’s industry testbeds and employer networks for work-integrated learning. The partnership ensures training directly matches regional ocean-sector needs, supporting strong local car...",Wage and Career Competitiveness,"Skills Partnerships with Colleges and Training Providers: Collaborative local training programs co-designed by community, employers and colleges to provide in-demand certificates, short courses and stacking credentials tailored to regional industry needs.",Fragmented Policy and Governance Architecture,"27 Parker Street, Dartmouth, NS B2Y 4T5",https://coveocean.com,info@coveocean.com,44.6622182,-63.5567724
Mentor Connect,Saint Mary’s University Entrepreneurship Centre (SMUEC),"SMU’s Entrepreneurship Centre connects students and early-career innovators with local business mentors for structured mentoring, goal setting, and introductions to the Halifax business community. Participants develop actionable career and venture roadmaps, receive guidance on skill gaps and wage growth pathways, and are connected to experiential learning and occasional shadowing opportunities with local firms. The program helps translate mentorship into tangible steps toward higher-quality e...",Wage and Career Competitiveness,"Mentorship and Career Pathways Program: A community-run mentorship network linking students and early-career workers with local professionals for guidance, job-shadowing, and structured career maps that show routes to higher wages.",Fragmented Policy and Governance Architecture,"923 Robie Street, Halifax, NS B3H 3C3",https://www.smu.ca/entrepreneurship,smuec@smu.ca,44.6313165,-63.5816691
LakeCity Works,LakeCity Works,"A non-profit social enterprise that designs and manufactures wood furniture and custom projects while employing people living with mental illness. It offers paid employment, skills training, and benefits in the craft/manufacturing sector, and reinvests revenues to expand supports and create more inclusive, stable jobs locally.",Wage and Career Competitiveness,"Social Enterprises and Worker Co-ops: Support for community-based social enterprises and worker-owned cooperatives that prioritize stable, fair-paying jobs in sectors like food, tourism, craft and services, reinvesting profits locally.",Fragmented Policy and Governance Architecture,"386 Windmill Road, Dartmouth, NS B3A 1J7",https://www.lakecityworks.ca,info@lakecityworks.ca,44.6821752,-63.5963227
DASC Works (Social Enterprise of Dartmouth Adult Services Centre),Dartmouth Adult Services Centre (DASC),"A social enterprise that provides contract assembly, packaging, fulfillment, confidential shredding, and wood products while employing adults with intellectual disabilities. It delivers paid, supported employment and skills development in services and light manufacturing, reinvesting earned revenues into wages, training, and the creation of more inclusive local jobs.",Wage and Career Competitiveness,"Social Enterprises and Worker Co-ops: Support for community-based social enterprises and worker-owned cooperatives that prioritize stable, fair-paying jobs in sectors like food, tourism, craft and services, reinvesting profits locally.",Fragmented Policy and Governance Architecture,"59 Dorey Avenue, Dartmouth, NS B3B 0B2",https://www.dasc-ns.ca,info@dasc-ns.ca,44.7105849,-63.5822198
Home Energy Assistance Top-up (HEAT) Fund,The Salvation Army Maritime Division,"The HEAT Fund provides one-time financial assistance to help low-income households cover home heating costs during the winter, a period when many Nova Scotians working in seasonal industries face reduced income. Administered by The Salvation Army and funded by Nova Scotia Power, the Province of Nova Scotia, and community donations, the program effectively acts as a short-term top-up that stabilizes household finances in the off-season and reduces precarity.",Wage and Career Competitiveness,"Seasonal Worker Stabilization Fund: A local fund that provides income smoothing or short-term top-ups during off-season periods, funded by municipal seed money, business contributions and community donations, to reduce precarity.",Fragmented Policy and Governance Architecture,"2044 Gottingen Street, Halifax, NS B3K 3A9",https://salvationarmy.ca/maritime/programs/heat/,,44.6510699,-63.5822932
Employment Insurance (EI) Fishing Benefits,Service Canada / Employment and Social Development Canada (ESDC),"EI Fishing Benefits provide income support to self-employed fishers during periods when they cannot fish, offering a structured benefit based on earnings that bridges off-season income gaps. Operating across Nova Scotia’s coastal communities, this program directly smooths income between seasons, reducing precarity for workers in one of the province’s most seasonal industries.",Wage and Career Competitiveness,"Seasonal Worker Stabilization Fund: A local fund that provides income smoothing or short-term top-ups during off-season periods, funded by municipal seed money, business contributions and community donations, to reduce precarity.",Fragmented Policy and Governance Architecture,"7071 Bayers Road, Suite 200, Halifax, NS B3L 2C2",https://www.canada.ca/en/services/benefits/ei/fishing.html,,44.6541222,-63.6273462
NSTU Job Share Arrangements,Nova Scotia Teachers Union (NSTU),"Through collective agreements with regional centres for education, the Nova Scotia Teachers Union enables job-sharing arrangements where two qualified educators split one full‑time assignment while maintaining pro‑rated salary, pension, and benefits. NSTU provides guidance and templates to help employers and members set up job shares and flexible schedules, supporting retention of skilled teachers who need reduced or flexible hours without sacrificing career progression.",Wage and Career Competitiveness,"Job-Sharing and Flexible Work Initiatives: Promotion of job-sharing models, part-time portability and compressed workweeks among local employers to retain skilled workers seeking flexibility while maintaining earnings and benefits.",Fragmented Policy and Governance Architecture,"3106 Joseph Howe Drive, Halifax, NS B3L 4L7",https://nstu.ca,nstu@nstu.ca,44.6489931,-63.6305665
Teacher Mental Health First Aid and Suicide Prevention PD,Nova Scotia Teachers Union (NSTU),"The Nova Scotia Teachers Union provides professional development that includes Mental Health First Aid and suicide-prevention sessions (e.g., safeTALK) for teachers and school staff across the province. These trainings build educators’ capacity to notice warning signs in students and colleagues, have supportive conversations, and make timely referrals to school-based and provincial mental health services.",Health Care and Mental Health Access Shortfalls,"Mental Health First Aid and suicide prevention training: Free or low-cost certified training for teachers, coaches, employers, faith leaders and volunteers so more community members can recognize crisis signs and make timely referrals.",Fragmented Policy and Governance Architecture,"3106 Joseph Howe Drive, Halifax, NS B3L 4L7",https://nstu.ca,nstu@nstu.ca,44.6489931,-63.6305665
NSGEU Collective Agreements – Flexible Work Provisions,Nova Scotia Government and General Employees Union (NSGEU),"NSGEU negotiates and supports implementation of flexible work provisions across Nova Scotia’s public sector, including compressed workweeks (earned day off/9‑day fortnight), job‑sharing options, and pro‑rated benefits portability for part‑time employees. The union assists employers and members with setting up, monitoring, and troubleshooting these arrangements, enabling workers to maintain earnings and benefits while adjusting hours, which improves retention in hard‑to‑staff roles.",Wage and Career Competitiveness,"Job-Sharing and Flexible Work Initiatives: Promotion of job-sharing models, part-time portability and compressed workweeks among local employers to retain skilled workers seeking flexibility while maintaining earnings and benefits.",Fragmented Policy and Governance Architecture,"255 John Savage Avenue, Dartmouth, NS B3B 0J3",https://nsgeu.ca,inquiry@nsgeu.ca,44.7086033,-63.5773246
Executive Certificate in Leadership,Dalhousie University — Rowe School of Business Executive Education,"Dalhousie Executive Education’s modular certificate helps mid-career managers transition into senior roles through intensive leadership training, coaching/mentoring, and peer learning. Participants complete an applied action-learning project (a practical capstone implemented in their organization) and engage with local industry leaders and case partners, building cross-sector exposure and promotion-readiness within the Nova Scotia ecosystem.",Limited Mid-Career Progression and Firm Scale,"Mid-Career Leadership Fellowship: Run a local fellowship for professionals transitioning into senior roles that bundles mentoring, short secondments at partner firms, leadership training, and a capstone project to accelerate promotion-readiness within the community.",Fragmented Policy and Governance Architecture,"6100 University Avenue, Halifax, NS B3H 4R2",https://execed.business.dal.ca,execed@dal.ca,44.6370686,-63.5882484
Emerging Leaders Program,"Saint Mary’s University — Sobey School of Business, Executive and Professional Development","A cohort-based program designed for high-potential, mid-career professionals, the Emerging Leaders Program combines executive leadership training with coaching and mentorship from experienced practitioners. Learners complete an applied capstone project tied to a real organizational challenge and engage with guest executives and local partners, mirroring the fellowship model that accelerates readiness for senior roles.",Limited Mid-Career Progression and Firm Scale,"Mid-Career Leadership Fellowship: Run a local fellowship for professionals transitioning into senior roles that bundles mentoring, short secondments at partner firms, leadership training, and a capstone project to accelerate promotion-readiness within the community.",Fragmented Policy and Governance Architecture,"923 Robie Street, Halifax, NS B3H 3C3",https://www.smu.ca/epd,epd@smu.ca,44.6313165,-63.5816691
Canadian Women in Ocean Industries Leadership (CWOIL) Mentorship Program,Centre for Ocean Ventures & Entrepreneurship (COVE),"CWOIL advances mid-career women in the ocean economy through structured mentorship with senior industry leaders, cohort-based leadership development, and curated exposure to partner companies via industry engagements and site visits. Participants craft a personal leadership plan and often undertake applied projects or showcase outcomes with mentor guidance, strengthening pathways to senior roles across Nova Scotia’s ocean sector.",Limited Mid-Career Progression and Firm Scale,"Mid-Career Leadership Fellowship: Run a local fellowship for professionals transitioning into senior roles that bundles mentoring, short secondments at partner firms, leadership training, and a capstone project to accelerate promotion-readiness within the community.",Fragmented Policy and Governance Architecture,"27 Parker Street, Dartmouth, NS B2Y 4T5",https://coveocean.com,info@coveocean.com,44.6622182,-63.5567724
Build Ventures Fund,Build Ventures,"Build Ventures is an Atlantic Canadian venture capital fund based in Halifax that pools capital from regional institutions and governments to make seed and Series A investments in high-growth companies. The fund provides board-level guidance, mentorship, and deep networks to help companies scale from Nova Scotia while building teams locally. By combining growth capital with active support and an East Coast base, it fosters the creation and retention of mid-career and senior roles in the region.",Limited Mid-Career Progression and Firm Scale,"Community Investment and Angel Co-op: Form a local investor group or co-op that pools community capital to provide seed and growth funding to promising local companies, tied to mentorship and community employment commitments to retain mid-career talent.",Fragmented Policy and Governance Architecture,"1505 Barrington Street, Suite 100, Halifax, NS B3J 3K5",https://buildventures.ca,info@buildventures.ca,44.6445647,-63.5723991
Supervisory Training Program (STP),Construction Association of Nova Scotia (CANS),"CANS’ Supervisory Training Program (STP) delivers a structured series of modules that help experienced apprentices and journeypersons move into foreperson, superintendent, and project management roles. Delivered in partnership with member employers and industry/post-secondary instructors, it builds leadership, scheduling, cost-control, and communication skills that firms require for front-line management. Employers frequently sponsor participants and send cohorts from multiple companies, crea...",Limited Mid-Career Progression and Firm Scale,"Apprentice-to-Management Pathways: Partner trades, post-secondary institutions and employers to design clear staged career maps that move apprentices into supervisory and business roles, including sponsored training and shared placement opportunities across firms.",Fragmented Policy and Governance Architecture,"134 Eileen Stubbs Avenue, Unit 103, Dartmouth, NS B3B 2C4",https://www.cans.ns.ca/education/,info@cans.ns.ca,44.6960439,-63.5736377
Leadership for Safety Excellence (LSE) & Supervisor Development,Construction Safety Nova Scotia,"Construction Safety Nova Scotia delivers Leadership for Safety Excellence and related supervisor development courses that prepare journeypersons and senior apprentices to step into foreperson and site supervisor roles. Offered province-wide and recognized by many contractors for advancement, the training covers due diligence, hazard management, communication, and team leadership. These stackable certificates are used by employers as part of staged career maps to move tradespeople into managem...",Limited Mid-Career Progression and Firm Scale,"Apprentice-to-Management Pathways: Partner trades, post-secondary institutions and employers to design clear staged career maps that move apprentices into supervisory and business roles, including sponsored training and shared placement opportunities across firms.",Fragmented Policy and Governance Architecture,"80 Trider Crescent, Dartmouth, NS B3B 1R6",https://constructionsafetyns.ca/training,info@constructionsafetyns.ca,44.7090236,-63.5913036
Interchange Canada,Treasury Board of Canada Secretariat,"Interchange Canada facilitates temporary assignments between the federal public service and external organizations, including Nova Scotia-based companies, municipalities, universities, and nonprofits. Local employers can host or send mid-career professionals on defined-term secondments, creating structured rotations that build leadership capacity and cross-sector skills while keeping talent in the province.",Limited Mid-Career Progression and Firm Scale,"Inter-Company Secondment Program: Coordinate short-term rotations among local firms and nonprofits to broaden mid-career professionals' experience, reduce skill gaps, and expose them to leadership responsibilities without leaving the community.",Fragmented Policy and Governance Architecture,"90 Elgin Street, Ottawa, ON K1A 0R5",https://www.canada.ca/en/treasury-board-secretariat/services/terms-conditions/interchange-canada.html,info@tbs-sct.gc.ca,45.4219052,-75.6942938
Nova Scotia Health Innovation Hub – Innovation Procurement Pathway,Nova Scotia Health,"The Innovation Hub works with clinical teams and procurement to issue challenge-based opportunities, co-develop pilots with local SMEs, and create a pathway from validated pilots to procurement and scale within the health system. By requiring collaborative projects with researchers and health leaders and offering vendor development supports, it builds SME capacity, drives R&D partnerships, and creates senior technical and management roles in Nova Scotia.",Limited Mid-Career Progression and Firm Scale,Municipal Procurement for Growth: Advocate for local governments and anchor institutions to structure procurement that favors scaling local SMEs and requires partnerships or capacity-building plans that create senior roles and R&D collaborations.,Fragmented Policy and Governance Architecture,"1276 South Park Street, Halifax, NS B3H 2Y9",https://innovationhub.nshealth.ca,innovationhub@nshealth.ca,44.6379204,-63.5800467
Registry of Joint Stock Companies – Co-operatives (Incorporation and Compliance),Service Nova Scotia (Registry of Joint Stock Companies),"The Registry provides the legal pathway, forms, and guidance required to incorporate worker and multi‑stakeholder co-operatives in Nova Scotia, and to transition existing firms into co‑operative entities. By enabling compliant co‑op governance and registration, the Registry directly supports owners and employees who choose employee ownership or co‑operative conversions as a succession strategy.",Limited Mid-Career Progression and Firm Scale,"Worker Ownership & Cooperative Conversions: Support transitions of viable small firms to employee ownership or cooperatives, creating broader senior-role opportunities and incentives for long-term commitment by embedding leadership within the workforce.",Fragmented Policy and Governance Architecture,"1505 Barrington Street, Halifax, NS B3J 3K5",https://novascotia.ca/sns/access/business/registry-joint-stock-companies.asp,,44.6445647,-63.5723991
International Centre for Co-operative Management (Executive Education and Advisory),"Sobey School of Business, Saint Mary’s University","Housed at Saint Mary’s University, the Centre delivers specialized executive education, research, and advisory services for co-operatives and credit unions, including support for organizations exploring or managing conversions to employee ownership and co‑op models. By building management capacity among employee-owners and emerging leaders, ICCM helps ensure that succession to worker ownership creates robust leadership pipelines and long-term, locally anchored firms.",Limited Mid-Career Progression and Firm Scale,"Worker Ownership & Cooperative Conversions: Support transitions of viable small firms to employee ownership or cooperatives, creating broader senior-role opportunities and incentives for long-term commitment by embedding leadership within the workforce.",Fragmented Policy and Governance Architecture,"903 Robie Street, Halifax, NS B3H 3C3",https://www.smu.ca/iccm,iccm@smu.ca,44.6305869,-63.580888
Small Business Loan Guarantee Program (Community Credit Union Delivery),Community Credit Union of Cumberland Colchester,"Community Credit Union of Cumberland Colchester is a participating lender in Nova Scotia’s Small Business Loan Guarantee Program. Using the provincial guarantee to backstop a portion of each approved loan, the credit union can extend financing to startups and small businesses that might not meet traditional collateral or credit thresholds. This local delivery of a community guarantee pool reduces lender risk and unlocks credit for entrepreneurs in Colchester and Cumberland counties.",Entrepreneurship Barriers and Access to Capital,"Community Loan Guarantee Pool: A locally funded guarantee reserve underwritten by municipal government, philanthropic organizations and anchor businesses that backstop a portion of small business loans, reducing lender risk and unlocking credit for startups without heavy collateral.",Fragmented Policy and Governance Architecture,"22 Inglis Place, Truro, NS B2N 4B4",https://www.communitycu.ca,info@communitycu.ca,45.364155,-63.2765505
Supplier Development and Supply Chain Engagement,Irving Shipbuilding Inc.,"Irving Shipbuilding’s supplier development team connects Nova Scotia SMEs with opportunities in the National Shipbuilding Strategy supply chain, maintaining a supplier portal and hosting outreach and matchmaking sessions with buyers and tier-one contractors. The team offers direct navigation support on pre-qualification, standards, and documentation, and provides guidance on responding to solicitations—helping firms understand requirements and position stronger bids for complex private-sector...",Entrepreneurship Barriers and Access to Capital,"Procurement Matchmaking and Supplier Navigation Service: A Chamber of Commerce or economic development office runs a hands-on service that matches startups to upcoming public and private contracts, and provides bid-writing help, templates and one-to-one navigators to demystify procurement.",Fragmented Policy and Governance Architecture,"3099 Barrington Street, Halifax, NS B3K 5M7",https://www.irvingshipbuilding.com,,44.6672758,-63.5966057
Supplier Information Sessions & Procurement Outreach,Halifax Regional Municipality – Procurement,"Halifax Regional Municipality (HRM) runs supplier information sessions and buyer–supplier outreach that explain how to do business with the municipality, upcoming procurement plans, and how to navigate HRM’s competitive processes. Procurement staff provide guidance, templates/resources, and one-on-one support and debriefs to help startups and small businesses understand requirements, improve bid quality, and connect with the right municipal buyers.",Entrepreneurship Barriers and Access to Capital,"Procurement Matchmaking and Supplier Navigation Service: A Chamber of Commerce or economic development office runs a hands-on service that matches startups to upcoming public and private contracts, and provides bid-writing help, templates and one-to-one navigators to demystify procurement.",Fragmented Policy and Governance Architecture,"1841 Argyle Street, Halifax, NS B3J 3A3",https://www.halifax.ca,,44.648927,-63.5753248
Launch Dal – Ready2Launch,Launch Dal (Dalhousie University),"Ready2Launch is Dalhousie University’s accelerator for student and researcher-led startups, offering a focused summer program with stipends/pre-seed funding, venture-building mentorship, and access to shared workspace on campus. Teams receive guidance from experienced founders and sector mentors, along with investor and partner introductions through demo days and Dal’s regional innovation network.",Entrepreneurship Barriers and Access to Capital,"Local Startup Accelerator and Pre-Seed Fund: A community accelerator (run by university, non-profit or consortium) that provides a short program combining small pre-seed grants, shared workspace, investor introductions and industry mentorship tailored to regional economic strengths.",Fragmented Policy and Governance Architecture,"6100 University Avenue, Halifax, NS B3H 4R2",https://www.dal.ca,launchdal@dal.ca,44.6370686,-63.5882484
BioInnovation Challenge & Mentor Program,BioNova – Nova Scotia Life Sciences,"BioNova’s BioInnovation Challenge pairs early-stage life sciences companies with seasoned mentors and provides intensive pitch coaching, financial planning support, and IP/governance guidance. The associated mentor network includes investors and industry experts who help founders refine investment materials and connect with potential capital sources.",Entrepreneurship Barriers and Access to Capital,"Investor-Readiness Bootcamps and Mentor Network: Volunteer entrepreneurs, investors and service providers run regular bootcamps and a mentorship registry to help founders craft investor-ready pitches, financial models and governance structures, increasing their ability to attract capital.",Fragmented Policy and Governance Architecture,"1344 Summer Street, Halifax, NS B3H 0A8",https://www.bionova.ca,info@bionova.ca,44.6397624,-63.5829145
Atlantic Social Procurement Initiative (ASPI),Inspiring Communities,"ASPI builds the capacity of public buyers and anchor institutions in Nova Scotia to include social value, local hiring, and supplier diversity criteria in procurement, while coaching social enterprises to become procurement-ready. Led from Nova Scotia, the initiative convenes municipalities, post‑secondary, health authorities, and community funders to align purchasing with impact and connect enterprises to social finance partners, blending demand-side procurement signals with patient capital ...",Entrepreneurship Barriers and Access to Capital,"Social Procurement and Impact Investor Partnerships: Local foundations, social enterprises and impact investors coordinate to earmark funding and procurement to locally owned, high-impact businesses—blending grants, concessionary capital and procurement preferences to de-risk investment.",Fragmented Policy and Governance Architecture,"100 Ochterloney Street, Suite 201, Dartmouth, NS B2Y 1C5",https://inspiringcommunities.ca,info@inspiringcommunities.ca,44.6682178,-63.5661395
Creative Destruction Lab – Atlantic,Dalhousie University – Creative Destruction Lab (CDL) Atlantic,"CDL-Atlantic is a seed-stage program at Dalhousie University that pairs high-potential Atlantic Canadian startups with a curated group of world-class mentors, angel investors, and venture capitalists. The mentor roster includes many Dalhousie/Atlantic alumni and expatriate Canadians who provide investment, hands-on mentorship, and warm introductions to international customers and partners—directly aligning with a diaspora-driven investment and market-access model.",Entrepreneurship Barriers and Access to Capital,"Alumni and Diaspora Investment & Mentorship Network: A program that engages Nova Scotia alumni and former residents abroad to invest, mentor, source customers and open market channels for local startups—leveraging emotional ties to mobilize capital and business connections.",Fragmented Policy and Governance Architecture,"Rowe School of Business, 6100 University Avenue, Halifax, NS B3H 4R2",https://www.creativedestructionlab.com,atlantic@creativedestructionlab.com,44.648618,-63.5859487
Senior Wheels Transportation Program,Senior Wheels Association,"Senior Wheels recruits and screens volunteer drivers to provide affordable, door-to-door transportation for seniors and adults with mobility challenges in the Sackville area. Trips for medical appointments, shopping, and other essential needs are booked through a central phone line, coordinating community volunteers to fill local transportation gaps.",Transportation and Regional Connectivity Gaps,"Volunteer Driver Networks: Organize vetted volunteer drivers to provide door-to-door rides for seniors, students, and low-income residents for work, medical appointments, and training—coordinated through a simple phone line or web form.",Fragmented Policy and Governance Architecture,"45 Connolly Road, Middle Sackville, NS B4E 1S6",https://seniorwheels.ca,,44.7782856,-63.7014911
Scotia Square Transit Hub (Downtown Halifax),Halifax Regional Municipality – Halifax Transit,"The downtown Scotia Square Transit Hub concentrates numerous Halifax Transit routes with sheltered platforms, real-time bus information displays, and direct indoor connections to shops and services via the pedway system. The complex includes extensive bike parking on surrounding blocks and carshare parking in the connected parkade, pairing municipal transit infrastructure with private partners to create a practical, all-in-one mobility node for commuters and students.",Transportation and Regional Connectivity Gaps,"Mobility Hubs and Multi‑Modal Stations: Create local mobility hubs that combine bike racks, carshare parking, shuttle stops, real-time info boards, and lockers—developed in partnership with municipal planners, businesses, and volunteers.",Fragmented Policy and Governance Architecture,"5201 Duke Street, Halifax, NS B3J 1N9",https://www.halifax.ca/transportation/halifax-transit,hfxtransit@halifax.ca,44.6495052,-63.5754327
Mayflower Mall Transit Transfer Hub,Cape Breton Regional Municipality – Transit Cape Breton,"Transit Cape Breton’s transfer hub at Mayflower Mall brings together multiple local routes at a single location with shelters, posted schedules, and pedestrian links to indoor amenities. The site offers bike parking on mall grounds and convenient taxi/shuttle pickup points, leveraging a partnership between the municipality and the mall operator to create a practical multi‑modal node for work, school, and shopping trips.",Transportation and Regional Connectivity Gaps,"Mobility Hubs and Multi‑Modal Stations: Create local mobility hubs that combine bike racks, carshare parking, shuttle stops, real-time info boards, and lockers—developed in partnership with municipal planners, businesses, and volunteers.",Fragmented Policy and Governance Architecture,"800 Grand Lake Road, Sydney, NS B1P 6S9",https://www.cbrm.ns.ca/transit.html,transit@cbrm.ns.ca,46.1467153,-60.1368686
Transit Cape Breton – CBU Universal Bus Pass (UPass),Cape Breton Regional Municipality — Transit Cape Breton,"Transit Cape Breton and the Cape Breton University student community partner to provide a universal bus pass for CBU students, funded through student fees and aligned with expanded campus-oriented service. The collaboration has supported added capacity and campus-focused trips that move students reliably between Sydney, Glace Bay, and the university. This implements the solution by delivering subsidized, dedicated commuter access so students can reach classes, co-ops, and part-time jobs witho...",Transportation and Regional Connectivity Gaps,"Local Employer‑Education Transit Partnerships: Coordinate with employers, colleges, and hospitals to fund dedicated commuter routes, staggered shift transportation, or subsidized passes that keep workers and students connected to work/study.",Fragmented Policy and Governance Architecture,"320 Esplanade, Sydney, NS B1P 7B9",https://www.cbrm.ns.ca/transit,,46.1371609,-60.1960651
Acadia Students’ Union UPass (Kings Transit Partnership),Acadia Students’ Union,"The Acadia Students’ Union partners with Kings Transit Authority to provide a universal bus pass for full-time Acadia students, integrated into student fees. The pass offers unlimited travel on Kings Transit routes connecting Wolfville with regional hubs like New Minas and Kentville, enabling dependable trips to campus, co-ops, and local employment. This education–transit partnership directly advances the solution by subsidizing student mobility and linking learners to work and study across t...",Transportation and Regional Connectivity Gaps,"Local Employer‑Education Transit Partnerships: Coordinate with employers, colleges, and hospitals to fund dedicated commuter routes, staggered shift transportation, or subsidized passes that keep workers and students connected to work/study.",Fragmented Policy and Governance Architecture,"Students’ Union Building, 30 Highland Avenue, Wolfville, NS B4P 2R6",https://www.acadiastudents.ca,,45.0883103,-64.3643883
QEII Patient Assistance Fund,QEII Foundation,"The QEII Patient Assistance Fund provides donor-funded support to cover essential costs for low-income patients receiving care at the QEII Health Sciences Centre, including transportation to and from medical appointments. By directly subsidizing travel expenses for individuals facing financial hardship, the fund functions as a community-administered hardship resource that reduces cost barriers to necessary medical travel, aligning with rural fare-subsidy objectives.",Transportation and Regional Connectivity Gaps,"Rural Transit Fare Subsidy Funds: Establish a community-administered hardship fund to subsidize fares for low-income residents, students, and those needing medical travel; funded by donations, local business contributions, and fundraising events.",Fragmented Policy and Governance Architecture,"5657 Spring Garden Road, Suite 3005, Halifax, NS B3J 3R4",https://qe2foundation.ca,info@qe2foundation.ca,44.6434021,-63.5788533
IWK Patient and Family Assistance Fund,IWK Health Centre (supported by the IWK Foundation),"The IWK Patient and Family Assistance Fund uses charitable donations to help families who face financial hardship with costs related to accessing pediatric and perinatal care, including transportation and travel for medical appointments. This community-supported fund acts as a hardship subsidy for travel, ensuring that families from rural and remote parts of Nova Scotia can afford necessary trips for care.",Transportation and Regional Connectivity Gaps,"Rural Transit Fare Subsidy Funds: Establish a community-administered hardship fund to subsidize fares for low-income residents, students, and those needing medical travel; funded by donations, local business contributions, and fundraising events.",Fragmented Policy and Governance Architecture,"5850/5980 University Avenue, Halifax, NS B3K 6R8",https://iwkfoundation.org,info@iwkfoundation.org,44.6378638,-63.5837315
ASU Safety Shuttle,Acadia Students’ Union,"The Acadia Students’ Union operates the ASU Safety Shuttle to pool student transportation during evenings and weekends for campus events, rehearsals, practices, and downtown activities. Dispatch groups riders and runs circulating routes between residences, campus venues, and key Wolfville stops, cutting down on parent drop-offs and single-occupant trips while supporting active student life.",Transportation and Regional Connectivity Gaps,"Event and School Transport Pooling: Coordinate pooled transport for major community events, sports, and school extracurriculars to reduce single-occupant trips—organized by parent groups, community centres, or event committees.",Fragmented Policy and Governance Architecture,"30 Highland Avenue, Wolfville, NS B4P 1Y3",https://theasu.ca,asu@acadiau.ca,45.0883103,-64.3643883
Sea Halifax – Harbour Water Taxi,Ambassatours Gray Line (Sea Halifax),"Sea Halifax operates a seasonal harbour water taxi that provides on-demand and short-hop connections between key Halifax and Dartmouth waterfront destinations. By offering flexible, small-vessel transport outside fixed bus routes, it improves first/last-mile connectivity for commuters and tourists and reduces car dependency around the harbour.",Transportation and Regional Connectivity Gaps,"Community Ferry and Water Taxi Initiatives: In coastal or island communities, develop community-run seasonal ferries or water taxis (chartered, volunteer-led, or cooperative) to improve connectivity for commuters and tourists.",Fragmented Policy and Governance Architecture,"1751 Lower Water Street, Halifax, NS B3J 1S5",https://seahalifax.com,info@ambassatours.com,44.6492185,-63.5710311
MusGo Rider Electric Community Transit Project,MusGo Rider Co-operative Limited,"MusGo Rider, a rural community transit co-operative on the Eastern Shore, has integrated battery-electric cars into its shared-ride fleet using provincial/federal incentives and community fundraising, and installed Level 2 chargers at community locations it serves. The EVs are dispatched for community trips and the chargers offer shared access when vehicles are not in service, demonstrating a group-procurement approach for a community fleet paired with a shared charging network based at local...",Transportation and Regional Connectivity Gaps,"Shared EV Purchasing and Charging Network: Organize group procurement of electric vehicles for community fleets and install shared charging stations at community centres and hubs, supported by local fundraising and municipal incentives.",Fragmented Policy and Governance Architecture,"5228 Highway 7, Porters Lake, NS B3E 1J8",https://musgorider.ca,info@musgorider.ca,44.7439945,-63.2834475
Regus – Purdy’s Wharf Co-working,Regus,"Regus offers flexible co-working with hot-desking, dedicated desks, private offices, and meeting rooms on a membership or day-pass basis, providing enterprise-grade connectivity and amenities. Corporate accounts let employers formalize remote and hybrid options, allowing staff to work from a professional hub close to home to cut car trips and cross-town commuting.",Transportation and Regional Connectivity Gaps,"Remote Work Hubs and Travel Reduction Programs: Set up local co-working spaces in under-served communities to reduce commuting, supported by municipal wifi, hot-desking fees, and partnerships with employers to formalize remote work options.",Fragmented Policy and Governance Architecture,"1959 Upper Water Street, Suite 1300, Halifax, NS B3J 3N2",https://www.regus.com/en-ca/canada/halifax/purdys-wharf,,44.6518013,-63.5742139
Regus – Metropolitan Place (Dartmouth) Co-working,Regus,"This Regus site in Dartmouth provides hot desks, dedicated desks, private offices, and meeting rooms with high-speed internet on flexible, fee-based plans. By giving workers on Halifax’s east side an accessible professional workspace and enabling employer-supported hybrid arrangements, it reduces bridge traffic and regional commuting.",Transportation and Regional Connectivity Gaps,"Remote Work Hubs and Travel Reduction Programs: Set up local co-working spaces in under-served communities to reduce commuting, supported by municipal wifi, hot-desking fees, and partnerships with employers to formalize remote work options.",Fragmented Policy and Governance Architecture,"99 Wyse Road, Suite 1100, Dartmouth, NS B3A 4S5",https://www.regus.com/en-ca/canada/dartmouth/metropolitan-place,,44.6688164,-63.5767744
Acadia LaunchBox Co-working & Startup Space,Acadia Entrepreneurship Centre / Acadia University,"LaunchBox provides free co-working space, meeting rooms, and reliable Wi-Fi for students and community entrepreneurs in the Annapolis Valley, with programs and partnerships that connect founders and local employers. By enabling remote work and startup activity in Wolfville, it reduces the need for long trips to urban centres and supports formalized remote/hybrid options close to home.",Transportation and Regional Connectivity Gaps,"Remote Work Hubs and Travel Reduction Programs: Set up local co-working spaces in under-served communities to reduce commuting, supported by municipal wifi, hot-desking fees, and partnerships with employers to formalize remote work options.",Fragmented Policy and Governance Architecture,"24 University Avenue, Wolfville, NS B4P 2R6",https://launchbox.acadiau.ca,launchbox@acadiau.ca,45.0882471,-64.3682264
Bell Wireless Home Internet – Nova Scotia,Bell Canada (Bell Aliant Regional Communications),"Bell’s Wireless Home Internet provides fixed wireless broadband to rural and remote parts of Nova Scotia using LTE/5G radio links from local towers to outdoor antennas installed at customer premises. This approach extends high-speed connectivity to clusters of households and businesses that are beyond the current fibre footprint, improving access to digital services while fibre builds progress.",Digital Infrastructure Inequities,Community Mesh and Fixed Wireless Networks: Deploy low-cost mesh or community-managed fixed wireless links (on towers or tall buildings) to connect clusters of homes and businesses where wired fibre is not yet available.,Fragmented Policy and Governance Architecture,"1601 Lower Water Street, Halifax, NS B3J 3P6",https://www.bell.ca/Bell_Internet/Wireless-Home-Internet,,44.6465471,-63.570249
Seaside Wireless Rural Internet,Seaside Communications Inc.,"Seaside Communications operates a rural fixed wireless network in Cape Breton and eastern Nova Scotia, using hilltop towers and relay sites to connect small and remote communities. Subscriber radios mounted on homes and businesses create point‑to‑multipoint links to these sites, delivering affordable broadband where wired options are limited and directly addressing digital infrastructure inequities.",Digital Infrastructure Inequities,Community Mesh and Fixed Wireless Networks: Deploy low-cost mesh or community-managed fixed wireless links (on towers or tall buildings) to connect clusters of homes and businesses where wired fibre is not yet available.,Fragmented Policy and Governance Architecture,"305 Charlotte Street, Sydney, NS B1P 1C6",https://www.seaside.ns.ca,,46.1384311,-60.1946546
Inverness County Broadband Project – Internet Interest Registry,Municipality of the County of Inverness,"The Municipality of the County of Inverness operates a broadband interest registry and community outreach to capture where residents and businesses lack adequate service. The municipality aggregates and shares this demand with providers and provincial initiatives, strengthening the business case for investment and prioritizing underserved routes across rural communities.",Digital Infrastructure Inequities,"Demand Aggregation Campaign: Organize residents and businesses to register demand and petition ISPs or funding programs, creating a clear business case for providers and prioritizing underserved routes.",Fragmented Policy and Governance Architecture,"375 Main Street, Port Hood, NS B0E 2W0",https://invernesscounty.ca/,info@invernesscounty.ca,46.0223022,-61.5357084
Internet for Nova Scotia Initiative — Internet Speed Test & Coverage Map,Build Nova Scotia,"Build Nova Scotia operates a province-wide speed test and coverage mapping platform that collects resident-submitted speed tests and availability reports and visualizes them at the community and neighbourhood level. The aggregated data identifies service gaps, informs planning and investment decisions, strengthens provincial and federal funding applications, and helps track provider commitments and performance over time.",Digital Infrastructure Inequities,"Local Broadband Mapping and Speed Testing: Collect and publish neighbourhood-level coverage and speed data (speedtests, service gaps) to inform planning, strengthen funding applications, and hold providers accountable.",Fragmented Policy and Governance Architecture,"1751 Lower Water Street, Suite 501, Halifax, NS B3J 1S5",https://internet.buildns.ca/,info@buildns.ca,44.6492185,-63.5710311
Antigonish County Internet Speed Test,Municipality of the County of Antigonish,"The Municipality of the County of Antigonish invites residents to complete standardized internet speed tests and report service availability, then maps the results to the road and neighbourhood level. The municipality uses this evidence to pinpoint underserved areas, support funding proposals for rural broadband builds, and engage ISPs with concrete performance data to improve service and accountability.",Digital Infrastructure Inequities,"Local Broadband Mapping and Speed Testing: Collect and publish neighbourhood-level coverage and speed data (speedtests, service gaps) to inform planning, strengthen funding applications, and hold providers accountable.",Fragmented Policy and Governance Architecture,"285 Beech Hill Road, Antigonish, NS B2G 0B4",https://antigonishcounty.ca,info@antigonishcounty.ca,45.6056769,-61.9657609
Tech Help,Cumberland Public Libraries,"Cumberland Public Libraries provides free technology help sessions and workshops at branches such as the Four Fathers Memorial Library, guiding patrons through device setup, account creation, Zoom/Teams, and productivity tools. Staff and volunteers offer patient, one-on-one support and basic cybersecurity guidance, enabling residents—including those in rural communities—to engage in remote work, online learning, and e-services.",Digital Infrastructure Inequities,"Digital Literacy and Support Programs: Offer workshops, drop-in clinics and peer mentoring on digital skills, device setup, cybersecurity and remote work tools at libraries, schools and community centres.",Fragmented Policy and Governance Architecture,"21 Acadia Street, Amherst, NS B4H 3L5",https://cumberlandpubliclibraries.ca,info@cumberlandpubliclibraries.ca,45.8345808,-64.2096358
Computers for Schools Plus (Nova Scotia),"Computers for Success Canada, delivered in Nova Scotia with Nova Scotia Community College","Computers for Schools Plus (CFS+) in Nova Scotia refurbishes donated computers and related equipment from government, businesses, and the public, and redistributes them at low or no cost. Youth interns and technicians wipe, repair, and upgrade devices, which are then provided to schools, libraries, non-profits, and eligible individuals, supporting students, jobseekers, and low-income households with reliable hardware for online learning and work.",Digital Infrastructure Inequities,"Device Access and Refurbishment Initiatives: Run donation and refurbishment programs to provide low-cost laptops, tablets and mobile hotspots to students, jobseekers and low-income households.",Fragmented Policy and Governance Architecture,"5685 Leeds Street, Halifax, NS B3K 2T3",https://computersforsuccess.ca,,44.6695773,-63.6147024
Municipality of the County of Cumberland – Rural Internet Advocacy,Municipality of the County of Cumberland,"The Municipality of the County of Cumberland mobilizes residents and businesses through surveys, speed tests, and public meetings to document internet gaps and advocate for solutions. Using this evidence, the municipality lobbies provincial and federal programs for targeted broadband investments and engages providers and regulators to improve service standards across rural communities.",Digital Infrastructure Inequities,"Advocacy and Policy Campaigns: Mobilize residents, businesses and community groups to press municipal, provincial and federal governments for targeted investments, better regulation and service standards for rural broadband.",Fragmented Policy and Governance Architecture,"1395 Blair Lake Road, Upper Nappan, NS B4H 3Y4",https://www.cumberlandcounty.ns.ca,info@cumberlandcounty.ns.ca,45.8030002,-64.2119242
Business Development Program (Nova Scotia),Atlantic Canada Opportunities Agency (ACOA) – Nova Scotia,"ACOA’s Business Development Program provides advisory services and funding that help SMEs—including local and regional internet providers—develop business plans, improve financial readiness, and prepare competitive bids for broadband expansion opportunities. The program can support technology adoption and, where applicable, collaborative projects that enable group purchasing of network equipment or shared infrastructure among community partners. This reduces barriers to entry and helps emergi...",Digital Infrastructure Inequities,"Local ISP Incubation and Bidding Support: Help local entrepreneurs or regional ISPs with business planning, technical mentoring and cooperative buying of equipment so new providers can enter the market or expand services.",Fragmented Policy and Governance Architecture,"5151 George Street, Suite 1400, Halifax, NS B3J 3E1",https://www.canada.ca/en/atlantic-canada-opportunities/services/programs/business-development-program.html,info@acoa-apeca.gc.ca,44.6488945,-63.5731744
Rural Internet and Connectivity Support (Municipal Toolkit and Working Group),Nova Scotia Federation of Municipalities (NSFM),"NSFM convenes municipalities and stakeholders to share procurement templates, policy guidance, and technical best practices that help communities partner with local ISPs on broadband builds. Through its working groups and resources, NSFM facilitates collaborative approaches—such as joint RFPs and shared infrastructure agreements—that make it easier for smaller providers to bid on projects and reduce equipment and deployment costs. This practical support helps rural Nova Scotia communities att...",Digital Infrastructure Inequities,"Local ISP Incubation and Bidding Support: Help local entrepreneurs or regional ISPs with business planning, technical mentoring and cooperative buying of equipment so new providers can enter the market or expand services.",Fragmented Policy and Governance Architecture,"1809 Barrington Street, Suite 1304, Halifax, NS B3J 3K8",https://www.nsfm.ca/,info@nsfm.ca,44.6489899,-63.5745798
Starlink Equipment Rebate Program,Municipality of the District of Guysborough,"The Municipality of the District of Guysborough offers a rebate to help residents and small businesses in underserved rural areas cover the upfront cost of Starlink (LEO satellite) hardware, enabling reliable connectivity where wired options are limited. Municipal staff provide information sessions and one-on-one assistance to help people compare plans, complete sign‑ups, and coordinate installations, and they liaise with providers to consolidate local demand and improve service availability.",Digital Infrastructure Inequities,"Satellite and Alternative Connectivity Assistance: Coordinate community sign-up drives and technical support for reliable satellite, low-earth-orbit or other alternative services where terrestrial options are limited, and negotiate group discounts where possible.",Fragmented Policy and Governance Architecture,"33 Pleasant Street, Guysborough, NS B0H 1N0",https://modg.ca,info@modg.ca,45.3894106,-61.4987014
Community LEO/Satellite Connectivity Solutions,ROCK Networks Inc.,"ROCK Networks works with Nova Scotia municipalities, Mi’kmaq communities, and local organizations to deploy low‑earth‑orbit (LEO) and other satellite solutions in hard‑to‑serve areas. They organize demand‑aggregation and community sign‑up support, provide turnkey installation and technical assistance, and negotiate group procurements or bulk pricing with satellite providers—accelerating reliable connectivity where fibre or cable builds are not feasible.",Digital Infrastructure Inequities,"Satellite and Alternative Connectivity Assistance: Coordinate community sign-up drives and technical support for reliable satellite, low-earth-orbit or other alternative services where terrestrial options are limited, and negotiate group discounts where possible.",Fragmented Policy and Governance Architecture,"137 Venture Run, Suite 300, Dartmouth, NS B3B 0L9",https://rocknetworks.com,sales@rocknetworks.com,44.7049039,-63.5882085
Community Internet Access and Alternative Connectivity Support,Chebucto Community Net,"Chebucto Community Net is a community‑run ISP that provides low‑cost access and personal technical support, helping Nova Scotians evaluate and sign up for alternative connectivity options—including satellite and fixed‑wireless—when wired service is not available. Through one‑on‑one assistance and volunteer-led clinics, they help residents choose appropriate plans, set up equipment and accounts, and troubleshoot connections, effectively coordinating grassroots sign‑up and support for alternati...",Digital Infrastructure Inequities,"Satellite and Alternative Connectivity Assistance: Coordinate community sign-up drives and technical support for reliable satellite, low-earth-orbit or other alternative services where terrestrial options are limited, and negotiate group discounts where possible.",Fragmented Policy and Governance Architecture,"Room 006, Chase Building, 6135 University Avenue, Halifax, NS B3H 4R2",https://www.chebucto.ns.ca,office@chebucto.ns.ca,44.648618,-63.5859487
NSTHRC Apprenticeship and Tourism HR Programs,Nova Scotia Tourism Human Resource Council (operated by the Tourism Industry Association of Nova Scotia),"The Nova Scotia Tourism Human Resource Council coordinates apprenticeship pathways (e.g., Cook) and experiential learning partnerships across independent restaurants, hotels, and tourism operators, most of which are small employers. Acting as a sector hub, NSTHRC standardizes onboarding and training resources, connects learners to multiple kitchens and properties, and helps apprentices complete hours and competencies through placements that can span several member employers. This consortium m...",Skills Alignment and Work-Integrated Learning Gaps,"Community Apprenticeship Hubs & Micro‑Employer Consortia: Form community hubs that aggregate small and mid‑sized employers to sponsor shared apprenticeships and co‑op placements so smaller businesses can jointly host, mentor and rotate trainees across complementary worksites.",Fragmented Policy and Governance Architecture,"2089 Maitland Street, Halifax, NS B3K 2Z8",https://nsthrc.ca,info@nsthrc.ca,44.6519136,-63.5816587
Options and Opportunities (O2) and Co-operative Education,Annapolis Valley Regional Centre for Education (AVRCE),"AVRCE’s O2 and Co-operative Education programs give students structured, community-based learning through job-shadow days and co-op placements with vetted local employers across sectors, including trades, healthcare, and creative industries. Staff maintain a living database of host employers and facilitate regular career days and skills showcases that feature hands-on activities aligned to local workforce demand.",Skills Alignment and Work-Integrated Learning Gaps,School–Community Co‑op and Job‑Shadow Program: Expand school co‑op and job‑shadow programs by creating a community roster of host employers (including arts organizations and health clinics) and scheduling regular ‘career days’ with hands‑on demonstrations.,Fragmented Policy and Governance Architecture,"121 Orchard Street, Berwick, NS B0P 1E0",https://www.avrce.ca,,45.0369863,-64.7366058
Co-operative Education (High School),Cape Breton–Victoria Regional Centre for Education (CBVRCE),"CBVRCE’s Co-operative Education program partners with Cape Breton–area employers to provide job-shadow and work placements that count toward graduation, helping students explore careers in trades, tech, health, and the arts. The program curates a regional roster of host employers and organizes school-based career fairs and interactive demonstrations to strengthen school–community ties.",Skills Alignment and Work-Integrated Learning Gaps,School–Community Co‑op and Job‑Shadow Program: Expand school co‑op and job‑shadow programs by creating a community roster of host employers (including arts organizations and health clinics) and scheduling regular ‘career days’ with hands‑on demonstrations.,Fragmented Policy and Governance Architecture,"275 George Street, Sydney, NS B1P 1J7",https://www.cbvrce.ca,,46.1409809,-60.1932782
NSCC Applied Research and Innovation – Makerspace and Prototyping Facilities (Ivany Campus),Nova Scotia Community College (NSCC),"NSCC’s Applied Research and Innovation team operates makerspace and prototyping resources that support students, startups, and companies with fabrication, electronics, and digital design. Through capstone projects, employer-sponsored challenges, and applied research, students collaborate directly with local businesses to solve real problems and develop market-ready prototypes. This model provides equipment, mentorship, and a pipeline to paid work via internships, company contracts, and commer...",Skills Alignment and Work-Integrated Learning Gaps,"Community Maker & Creative Studios with Employer Partnerships: Establish shared maker spaces and creative studios where students, entrepreneurs and employers collaborate on real projects — providing equipment, mentorship and a pipeline from learning to paid local work.",Fragmented Policy and Governance Architecture,"80 Mawiomi Place, Dartmouth, NS B2Y 0A5",https://www.nscc.ca/appliedresearch/,ari@nscc.ca,44.6542147,-63.5509426
Work In Cape Breton (Regional Job Board & Workforce Hub),Cape Breton Partnership,"Managed by the Cape Breton Partnership, Work In Cape Breton is a regional dashboard that posts real-time job openings and highlights priority sectors and in-demand skills on the Island. The Partnership complements the job board with labour market updates and a public events/training calendar (including apprenticeship info sessions and NSCC/industry programs), helping educators and jobseekers align learning and career choices with current employer needs.",Skills Alignment and Work-Integrated Learning Gaps,"Local Labour Market & Skills Dashboard: Maintain a simple community dashboard (managed by municipality or chamber) showing real‑time local openings, skill gaps, apprenticeship opportunities and training calendar so educators and learners can target learning to demand.",Fragmented Policy and Governance Architecture,"275 Charlotte Street, Suite 204, Sydney, NS B1P 1C6",https://workincapebreton.ca,info@capebretonpartnership.com,46.1389039,-60.1948084
IWK Health Student Placements & Clinical Education,IWK Health,"IWK Health coordinates clinical placements and preceptorships for nursing and allied health students in pediatric, perinatal, and women’s health, working closely with Dalhousie, NSCC, and other schools. The program provides structured mentorship and on-site learning in clinics and hospital units, creating a clear pipeline from education to employment within Halifax-area health services and community partners.",Skills Alignment and Work-Integrated Learning Gaps,"Community Health & Care Training Pipeline: Partner local clinics, long‑term care facilities and colleges to create guaranteed practicum placements, fast‑track certificates for support roles, and mentorship pathways into nursing and allied health within the community.",Fragmented Policy and Governance Architecture,"5850 University Avenue, Halifax, NS B3K 6R8",https://iwk.nshealth.ca/education,,44.6376114,-63.582874
Palette Skills SalesCamp (Atlantic Canada),Palette Skills,"A 3–5 week intensive bootcamp focused on B2B tech and innovation sales, co-designed with hiring companies and taught by industry sales leaders. Cohorts delivered in Halifax include employer projects, coaching, and a hiring day with partner employers who commit to interviews and actively recruit graduates. The program rapidly equips participants with job-ready, employer-validated skills and connects them to concrete hiring pipelines in Nova Scotia’s growing tech and innovation sectors.",Skills Alignment and Work-Integrated Learning Gaps,"Bootcamps & Short Intensives Co‑designed with Employers: Host short (2–12 week) community bootcamps in targeted areas (e.g., web dev, practical trades, digital media, hospitality service) taught jointly by educators and employers with hiring commitments for successful participants.",Fragmented Policy and Governance Architecture,"1505 Barrington Street, Unit 100, Halifax, NS B3J 3K5",https://www.paletteskills.org/programs/salescamp,info@paletteskills.org,44.6445647,-63.5723991
Early Childhood Education (ECE) Bridging Program for Newcomers,Immigrant Services Association of Nova Scotia (in partnership with Nova Scotia College of Early Childhood Education),"ISANS partners with the Nova Scotia College of Early Childhood Education (NSCECE) to deliver a short bridging pathway that aligns internationally educated participants with Nova Scotia’s ECE requirements. The program combines targeted technical updates on provincial regulations and practice standards with occupation-specific English for the workplace and stackable micro-credentials (e.g., First Aid/CPR and sector compliance training), offered on flexible schedules. Participants can access bur...",Credential Recognition and Labour Mobility Frictions,"Bridging and Micro‑credential Courses with Community Colleges: Partnerships between municipalities, community organizations and colleges to offer short, targeted bridging courses and micro‑credentials that address gaps identified in recognition assessments (technical updates, provincial codes, language for the workplace), with flexible schedules and bursaries.",Fragmented Policy and Governance Architecture,"6960 Mumford Road, Suite 2120, Halifax, NS B3L 4P1",https://www.isans.ca/programs/,info@isans.ca,44.645137,-63.6190662
Trade Qualifier Supports and Red Seal Exam Preparation (with NSCC),Nova Scotia Apprenticeship Agency (Government of Nova Scotia),"The Nova Scotia Apprenticeship Agency partners with NSCC and industry to offer short, targeted upgrading, provincial code updates and Interprovincial (Red Seal) exam preparation that address gaps identified during credential recognition for experienced workers, newcomers and interprovincial tradespeople. Courses are delivered across the province and online with flexible scheduling to accommodate working learners. The Agency provides financial supports (e.g., travel and exam fee assistance and...",Credential Recognition and Labour Mobility Frictions,"Bridging and Micro‑credential Courses with Community Colleges: Partnerships between municipalities, community organizations and colleges to offer short, targeted bridging courses and micro‑credentials that address gaps identified in recognition assessments (technical updates, provincial codes, language for the workplace), with flexible schedules and bursaries.",Fragmented Policy and Governance Architecture,"5151 Terminal Road, Halifax, NS B3J 2T8",https://www.nsapprenticeship.ca,apprenticeship@novascotia.ca,44.6410933,-63.568792
Language Instruction for Newcomers to Canada (LINC) – Workplace Readiness,YMCA of Cape Breton – Immigrant Services,"YMCA of Cape Breton Immigrant Services offers LINC and complementary workplace readiness programming, including sessions on Nova Scotia workplace norms, resume and interview clinics, and employer networking. Specialized workshops introduce industry-specific terminology (e.g., hospitality and health services) and provide simulated interview practice to help newcomers enter the labour market more quickly.",Credential Recognition and Labour Mobility Frictions,"Local Language and Workplace Culture Programs: Community-run language supports focused on industry-specific vocabulary and workplace culture orientation sessions, including mock interviews and workplace simulation, to reduce non‑technical barriers to hiring and recognition.",Fragmented Policy and Governance Architecture,"399 Charlotte Street, Sydney, NS B1P 1E3",https://www.cb.ymca.ca/immigrant-services,immigration@cb.ymca.ca,46.136466,-60.1940452
Saint Mary’s University MyCreds | MesCertif,Saint Mary’s University,"Saint Mary’s University participates in ARUCC’s MyCreds network to provide students and alumni with verified digital transcripts and credentials in a secure online wallet. Learners can store and share their official records instantly with Nova Scotia employers, professional regulators, and post-secondary partners, improving the speed and consistency of credential assessments. This digital repository reduces processing delays and supports interprovincial and international mobility.",Credential Recognition and Labour Mobility Frictions,"Digital Community Credential Repository: A secure, community-managed digital system where newcomers and interprovincial professionals can store verified copies of diplomas, transcripts, references and work samples to speed assessments by regulators and employers.",Fragmented Policy and Governance Architecture,"923 Robie Street, Halifax, NS B3H 3C3",https://www.smu.ca/academics/mycreds/,registrar@smu.ca,44.6313165,-63.5816691
Internationally Educated Nurses (IEN) Financial Support Program,Nova Scotia Health,"Nova Scotia Health offers financial support to internationally educated nurses to cover costs such as credential assessments (e.g., NNAS), language testing, bridging/competency assessments (e.g., NCAS/OSCE), licensing application and exam fees (e.g., NCLEX), translation, and related documentation and travel. By removing these up‑front costs, the program accelerates licensure and workforce entry for newcomer nurses and interprovincial applicants.",Credential Recognition and Labour Mobility Frictions,"Community-funded Bursaries for Licensing and Assessment Fees: A local fund, administered by settlement agencies or community foundations, to cover the costs of credential assessments, exams, licensing fees and required documentation for low- and moderate-income newcomers and interprovincial professionals.",Fragmented Policy and Governance Architecture,"1276 South Park Street, Halifax, NS B3H 2Y9",https://recruitment.nshealth.ca/choose-nova-scotia/internationally-educated-nurses,,44.6379204,-63.5800467
Practice Ready Assessment Program (Nova Scotia),"Dalhousie University, Department of Family Medicine (in partnership with Nova Scotia Health)","Delivered by Dalhousie’s Department of Family Medicine in partnership with Nova Scotia Health, this program assesses internationally educated physicians for readiness to practice and provides structured support that can include coverage of assessment, licensing, and registration-related costs. By underwriting key fees and streamlining recognition, it reduces financial and administrative barriers so qualified IMGs can enter the Nova Scotia workforce more quickly.",Credential Recognition and Labour Mobility Frictions,"Community-funded Bursaries for Licensing and Assessment Fees: A local fund, administered by settlement agencies or community foundations, to cover the costs of credential assessments, exams, licensing fees and required documentation for low- and moderate-income newcomers and interprovincial professionals.",Fragmented Policy and Governance Architecture,"5850 College Street, Halifax, NS B3H 4R2",https://medicine.dal.ca,medicine@dal.ca,44.6392626,-63.5836516
Internationally Educated Applicants – Competency and Candidacy Assessment,Nova Scotia College of Social Workers,"The Nova Scotia College of Social Workers assesses internationally educated applicants through a competency-based review of portfolios and experience, followed by a supervised candidacy (mentored practice) that validates professional competencies in local settings. Registered social workers serve as assessors and mentors, providing structured evaluations that lead to timely recognition and licensing.",Credential Recognition and Labour Mobility Frictions,"Community-hosted Competency Assessment Hubs: Pop-up or permanent hubs staffed by retired regulators, licensed practitioners and certified assessors who provide industry-recognized competency evaluations, portfolio assessments and supervised practical testing to accelerate local recognition decisions.",Fragmented Policy and Governance Architecture,"1888 Brunswick Street, Suite 700, Halifax, NS B3J 3J8",https://nscsw.org,info@nscsw.org,44.6494098,-63.5784887
NSCC Truth and Reconciliation Action Plan,Nova Scotia Community College,"Nova Scotia Community College’s plan is co-developed with Mi’kmaq Elders-in-Residence, Indigenous community partners, and students to set specific, time-bound actions across curriculum change, staff training, land acknowledgements, cultural spaces, and community protocols. NSCC tracks milestones and publishes institutional updates on progress, using annual reporting to demonstrate accountability and guide ongoing collaboration with Mi’kmaq communities across campuses.","Inclusion, Anti-Racism, and Reconciliation Gaps","Community-led Reconciliation Action Plans: Form a local reconciliation working group with Mi'kmaq Elders, leaders, and youth to co-develop short- and long-term community actions (land stewardship, cultural education, monuments, protocols) with measurable timelines and annual public reporting.",Fragmented Policy and Governance Architecture,"5685 Leeds Street, Halifax, NS B3K 2T3",https://www.nscc.ca,info@nscc.ca,44.6695773,-63.6147024
African Nova Scotian and Mi’kmaw Summer Student Museum Internship Program,"Nova Scotia Museum (Department of Communities, Culture, Tourism and Heritage)","This paid summer internship places African Nova Scotian and Mi’kmaw post-secondary students at Nova Scotia Museum sites and heritage organizations. The program reserves positions for these communities, providing hands-on experience, mentorship, and sector connections in museums, archives, and cultural institutions across the province.","Inclusion, Anti-Racism, and Reconciliation Gaps","Paid Indigenous and Equity-Focused Internships: Create paid internship and apprenticeship spots reserved for Mi'kmaq, African Nova Scotian, newcomer, 2SLGBTQIA+, and disabled youth in local government, businesses, and non-profits to build skills and professional networks.",Fragmented Policy and Governance Architecture,"1747 Summer Street, Halifax, NS B3H 3A6",https://museum.novascotia.ca,museum@novascotia.ca,44.6455789,-63.5848286
Hope Blooms Youth Entrepreneurship Program,Hope Blooms,"Hope Blooms empowers youth—many from African Nova Scotian and newcomer communities—with mentorship from local entrepreneurs, chefs, urban farmers, and creatives to run social enterprises and community food initiatives. Weekly circles, leadership sessions, and hands-on business workshops provide peer support and career navigation, helping participants gain skills in product development, marketing, financial literacy, and pathways to further education or trades.","Inclusion, Anti-Racism, and Reconciliation Gaps","Community Mentorship Circles: Establish mentorship programs pairing young people from underrepresented groups with local mentors in trades, arts, tech, and entrepreneurship, including peer support circles and career navigation workshops.",Fragmented Policy and Governance Architecture,"2439 Gottingen Street, Halifax, NS B3K 3B1",https://www.hopeblooms.ca,info@hopeblooms.ca,44.6553512,-63.5879497
Supplier Development and Inclusive Procurement Support,Mi’kmaw Economic Benefits Office (MEBO),"The Mi’kmaw Economic Benefits Office (MEBO) connects Mi’kmaw-owned businesses and workers with major project procurement opportunities in Unama’ki (Cape Breton). MEBO delivers capacity-building workshops, safety/quality certifications, bid support, and buyer meet-and-greet events that strengthen procurement-readiness while advocating for Indigenous participation targets and inclusive procurement clauses with project proponents and public buyers.","Inclusion, Anti-Racism, and Reconciliation Gaps","Inclusive Procurement and Supplier Diversity: Adopt local procurement targets and supplier-diversity policies that prioritize businesses owned by Mi'kmaq, African Nova Scotians, newcomers, 2SLGBTQIA+, and people with disabilities, with outreach and procurement-readiness supports.",Fragmented Policy and Governance Architecture,"90 San'tu Drive, Suite 5B, Membertou, NS B1S 0A5",https://www.mebocapebreton.com/,info@mebocapebreton.com,45.890253,-60.960521
Autism-Friendly Communities,Autism Nova Scotia,"Autism Nova Scotia partners with municipalities, libraries, recreation centres, museums, and businesses to assess physical and sensory barriers, deliver staff training, and implement sensory-friendly features such as quiet hours, visual schedules, social stories, and designated low-stimulus spaces. The program provides practical toolkits and community guides that highlight autism-friendly and accessible locations, helping families and visitors plan their participation in community life. This ...","Inclusion, Anti-Racism, and Reconciliation Gaps","Accessible Community Spaces Initiative: Audit and upgrade public buildings, event venues, parks, and transit stops for physical accessibility and sensory-friendly features, and publish accessibility maps and guides for residents and visitors.",Fragmented Policy and Governance Architecture,"5945 Spring Garden Road, Halifax, NS B3H 1Y4",https://www.autismnovascotia.ca,info@autismns.ca,44.6409982,-63.5855187
In.Business: A Mentorship Program for Indigenous Youth,Cape Breton University – Purdy Crawford Chair in Indigenous Business Studies,"In.Business links Mi’kmaq and other Indigenous high school students with Indigenous business mentors through a blend of in-person and virtual activities organized with partner schools across Nova Scotia. The program integrates culturally grounded business content, mentor talks from local entrepreneurs and managers, and workplace/college visits to illuminate career pathways in regional industries and postsecondary business programs.","Inclusion, Anti-Racism, and Reconciliation Gaps","Culturally-Relevant Career Pathways in Schools: Partner schools, community organizations, and employers to integrate culturally-relevant career programming, co-op placements, and guest-mentorships that reflect diverse local histories and industries.",Fragmented Policy and Governance Architecture,"1250 Grand Lake Road, Sydney, NS B1M 1A2",https://www.cbu.ca/indigenous/in-business/,inbusiness@cbu.ca,46.147592,-60.144472
Pathways to Shipbuilding – African Nova Scotian and Mi’kmaw Cohorts,Nova Scotia Community College (NSCC),"Pathways to Shipbuilding is a multi-partner initiative that recruits, trains, and supports cohorts of African Nova Scotian and Mi’kmaw learners for shipbuilding trades, led by NSCC in collaboration with Irving Shipbuilding and community organizations. Students receive culturally relevant wraparound supports, mentorship from community and industry role models, and paid work-integrated learning/placements that connect directly to careers at the Halifax Shipyard and local suppliers.","Inclusion, Anti-Racism, and Reconciliation Gaps","Culturally-Relevant Career Pathways in Schools: Partner schools, community organizations, and employers to integrate culturally-relevant career programming, co-op placements, and guest-mentorships that reflect diverse local histories and industries.",Fragmented Policy and Governance Architecture,"80 Mawiomi Place, Dartmouth, NS B2Y 0A5",https://shipsforcanada.ca,info@nscc.ca,44.6542147,-63.5509426
Roots House Youth Shelter,Pictou County Roots for Youth Society,"Roots House offers emergency and short-term transitional housing for youth aged 16–24 in Pictou County and provides individualized housing navigation toward affordable, longer-term rentals. Staff help youth apply for rent supplements and community housing, secure damage deposits, and build budgeting and tenant-rights skills. The program prioritizes eviction prevention through early intervention, landlord mediation, and ongoing case management to stabilize housing.","Inclusion, Anti-Racism, and Reconciliation Gaps","Targeted Housing Supports: Develop local programs that prioritize affordable, accessible housing and rental supports for youth from marginalized communities, including transitional housing, rent supplements, and eviction-prevention assistance.",Fragmented Policy and Governance Architecture,"603 East River Road, New Glasgow, NS B2H 3S4",https://www.rootsforyouth.ca,info@rootsforyouth.ca,45.5779352,-62.6428822
SHIFT: Creating Safer Workplaces,YWCA Halifax,"SHIFT provides free, confidential training and consulting to Nova Scotia employers and community organizations to prevent and respond to sexual and gender-based harassment. The project helps workplaces adopt clear anti-harassment policies, build accessible reporting mechanisms, and implement trauma-informed, rapid response supports for affected workers, including 2SLGBTQIA+ people.","Inclusion, Anti-Racism, and Reconciliation Gaps","Community Safety and Anti-Harassment Protocols: Work with community groups and businesses to adopt clear anti-harassment policies, reporting mechanisms, and rapid-response supports for incidents targeting race, Indigeneity, gender identity, or disability.",Fragmented Policy and Governance Architecture,"358 Herring Cove Road, Halifax, NS B3R 1V8",https://ywcahalifax.com/shift,shift@ywcahalifax.com,44.6122376,-63.6172244
Workplace Sexual Harassment Navigator Program,Legal Information Society of Nova Scotia,"The Workplace Sexual Harassment Navigator program offers free, trauma-informed legal information and navigation to workers and employers across Nova Scotia. It helps organizations develop and update anti-harassment policies, clear reporting and investigation procedures, and provides rapid supports to individuals experiencing harassment, including referrals and assistance with human rights and policing pathways.","Inclusion, Anti-Racism, and Reconciliation Gaps","Community Safety and Anti-Harassment Protocols: Work with community groups and businesses to adopt clear anti-harassment policies, reporting mechanisms, and rapid-response supports for incidents targeting race, Indigeneity, gender identity, or disability.",Fragmented Policy and Governance Architecture,"800-5201 Duke Street, Halifax, NS B3J 1N9",https://www.legalinfo.org,navigator@legalinfo.org,44.6495052,-63.5754327
Inclusion in the Workplace: Anti-Discrimination & Policy Support,reachAbility Association,"reachAbility delivers disability inclusion training and policy support to employers and community organizations, focusing on eliminating discrimination and harassment against persons with disabilities. They assist workplaces to create accessible anti-harassment policies, confidential reporting channels, and effective accommodation and response protocols, and offer quick, barrier-free support to clients through legal information clinics and navigation services.","Inclusion, Anti-Racism, and Reconciliation Gaps","Community Safety and Anti-Harassment Protocols: Work with community groups and businesses to adopt clear anti-harassment policies, reporting mechanisms, and rapid-response supports for incidents targeting race, Indigeneity, gender identity, or disability.",Fragmented Policy and Governance Architecture,"3845 Joseph Howe Drive, Suite 201, Halifax, NS B3L 4H9",https://www.reachability.org,info@reachability.org,44.6609037,-63.6272452
Mi'kmaw Language Program,The Confederacy of Mainland Mi'kmaq,"The Confederacy of Mainland Mi'kmaq’s Mi'kmaw Language Program delivers community-based Mi'kmaw language classes and creates learning resources in collaboration with Elders and fluent speakers. It facilitates cultural camps, teacher training, and school partnerships so that Mi'kmaw language and culture are embedded in local programming for children, youth, and families.","Inclusion, Anti-Racism, and Reconciliation Gaps","Language and Cultural Revitalization Support: Fund community-led Mi'kmaq language classes, cultural camps, and school partnerships, and encourage inclusion of African Nova Scotian history and newcomer cultural content in local programming.",Fragmented Policy and Governance Architecture,"57 Martin Crescent, Millbrook, NS B6L 1L4",https://cmmns.com,info@cmmns.com,45.3319299,-63.2920987
Education Research & ANS Curriculum Development,Delmore 'Buddy' Daye Learning Institute,"The Delmore 'Buddy' Daye Learning Institute develops African Nova Scotian–centered curriculum resources, conducts research, and provides educator training to integrate ANS history and culture in schools. Through partnerships with school boards and community organizations, DBDLI equips teachers and youth programs to include accurate African Nova Scotian content in local learning and activities.","Inclusion, Anti-Racism, and Reconciliation Gaps","Language and Cultural Revitalization Support: Fund community-led Mi'kmaq language classes, cultural camps, and school partnerships, and encourage inclusion of African Nova Scotian history and newcomer cultural content in local programming.",Fragmented Policy and Governance Architecture,"5450 Cornwallis Street, Suite 300, Halifax, NS B3K 1A9",https://www.dbdli.ca,info@dbdli.ca,44.652623,-63.5831561
Youth Outreach Program (YOP),Chebucto Connections,"Chebucto Connections’ Youth Outreach Program is a free, mobile outreach service for youth ages 16–24 facing barriers in Spryfield and surrounding communities. Outreach workers meet youth where they are (homes, schools, and community spaces) to provide peer-informed support, crisis de-escalation, and navigation to mental-health, housing, and income services. The program prioritizes marginalized youth, including African Nova Scotians, Mi’kmaq/Indigenous youth, newcomers, 2SLGBTQIA+ youth, and y...","Inclusion, Anti-Racism, and Reconciliation Gaps","Mental Health and Peer Support Services: Expand culturally-safe, low-cost mental health and peer-support services targeted to youth from marginalized backgrounds, including mobile outreach and crisis navigation assistance.",Fragmented Policy and Governance Architecture,"531 Herring Cove Road, Halifax, NS B3R 1X3",https://chebuctoconnections.ca,info@chebuctoconnections.ca,44.6009646,-63.6087078
Chebucto Connections,Chebucto Connections,"Chebucto Connections is a place-based community hub in Spryfield that integrates navigation and counselling support through partnerships with Community Health Team programming and other health services, alongside youth education-to-employment supports. The Pathways to Education program provides mentoring, tutoring, and career exploration, and staff connect youth to Nova Scotia Works job services and host skill-building workshops. The hub also offers community arts and recreation activities an...",Health Care and Mental Health Access Shortfalls,"Community wellness hubs integrating services and opportunities: Multi-use centres that combine counselling, primary care triage, job-search supports, skill-building workshops, arts programs and fitness options to address mental health upstream and connect youth to employment pathways.",Fragmented Policy and Governance Architecture,"531 Herring Cove Road, Halifax, NS B3R 1X3",https://chebuctoconnections.ca,info@chebuctoconnections.ca,44.6009646,-63.6087078
Child & Youth Mental Health Programs,Strongest Families Institute,"Strongest Families Institute delivers free, evidence-based e-mental health programs for children and youth across Nova Scotia (for example, skill-based coaching for anxiety and behaviour concerns for ages 6–17). Trained non-clinical coaches provide scheduled telephone sessions and digital tools outside typical business hours, improving access for rural, low-income, and otherwise marginalized families; they also help families navigate to higher-intensity or crisis services when needed. The app...","Inclusion, Anti-Racism, and Reconciliation Gaps","Mental Health and Peer Support Services: Expand culturally-safe, low-cost mental health and peer-support services targeted to youth from marginalized backgrounds, including mobile outreach and crisis navigation assistance.",Fragmented Policy and Governance Architecture,"7071 Bayers Road, Suite 326, Halifax, NS B3L 2C2",https://www.strongestfamilies.com,info@strongestfamilies.com,44.6541222,-63.6273462
"Ready, Willing and Able – Nova Scotia Employer Supports","Autism Nova Scotia (provincial delivery partner for Ready, Willing and Able)","Delivered in Nova Scotia by Autism Nova Scotia, Ready, Willing and Able partners with employers to implement inclusive hiring for autistic people and persons with intellectual disabilities using practical toolkits. Resources include inclusive job description and posting templates, interview accommodation guides, bias-awareness checklists, and structured onboarding supports with job coaching to ensure sustainable, inclusive workplaces.","Inclusion, Anti-Racism, and Reconciliation Gaps","Inclusive Hiring Toolkit for Local Employers: Develop and distribute a practical toolkit with inclusive job posting templates, accessible interview practices, bias-reduction checklists, and onboarding guidance tailored to small and medium local employers.",Fragmented Policy and Governance Architecture,"5945 Spring Garden Road, Suite 103, Halifax, NS B3H 4R4",https://www.autismnovascotia.ca,info@autismns.ca,44.6409982,-63.5855187
Equity and Anti-Racism Data and Progress Reporting,Government of Nova Scotia – Office of Equity and Anti-Racism Initiatives,"The Office of Equity and Anti-Racism Initiatives coordinates the collection and governance of disaggregated equity data across the provincial government and publishes public-facing progress reporting tied to Nova Scotia’s equity and anti-racism priorities. This work advances a cross-government dashboard approach to track outcomes in employment, income, housing, and service access for Mi’kmaq communities, African Nova Scotians, newcomers, 2SLGBTQIA+ people, and persons with disabilities, with ...","Inclusion, Anti-Racism, and Reconciliation Gaps","Community Data and Progress Dashboard: Co-create, with consent and privacy safeguards, a public dashboard tracking equity indicators (employment, wages, housing, service access) for Mi'kmaq, African Nova Scotians, newcomers, 2SLGBTQIA+, and people with disabilities to guide policy and accountability.",Fragmented Policy and Governance Architecture,"1723 Hollis Street, Halifax, NS B3J 1V9",https://novascotia.ca,,44.6480407,-63.5728911
Spryfield Family Medicine Teaching Site – After-Hours Clinic,Dalhousie Family Medicine,"Dalhousie Family Medicine’s Spryfield teaching clinic runs after-hours primary care sessions for its community and rostered patients, scheduling evening and select weekend appointments outside the regular workday. Services are provided by rotating family medicine residents and supervising physicians, with nurse practitioners involved, enabling both same-day/urgent bookings and short walk-in windows that improve timely access for working-age and youth patients.",Health Care and Mental Health Access Shortfalls,"Community-run evening and weekend primary care clinics: Local clinics staffed by rotating volunteer family doctors, nurse practitioners and medical students to provide walk-in and booked appointments outside typical hours, reducing wait times and improving access for working youth.",Fragmented Policy and Governance Architecture,"16 Dentith Road, Halifax, NS B3R 2H9",https://medicine.dal.ca,,44.6129519,-63.6198206
Family Focus Medical Clinics – After-Hours and Walk‑In Care,Family Focus Medical Clinics,"Family Focus Medical Clinics provide extended evening and weekend primary care through a combination of booked and walk-in visits, allowing working youth and adults to access care beyond typical office hours. Clinics are staffed by rotating family physicians and nurse practitioners across multiple sites, which helps reduce wait times for non-urgent issues and diverts patients from emergency departments.",Health Care and Mental Health Access Shortfalls,"Community-run evening and weekend primary care clinics: Local clinics staffed by rotating volunteer family doctors, nurse practitioners and medical students to provide walk-in and booked appointments outside typical hours, reducing wait times and improving access for working youth.",Fragmented Policy and Governance Architecture,"1658 Bedford Highway, Bedford, NS B4A 2X9",https://familyfocusmed.ca,,44.7365513,-63.6565864
Peer Support and Mentoring Program,Eating Disorders Nova Scotia,"Eating Disorders Nova Scotia offers free peer-led support groups, drop-ins, and one-to-one mentoring for youth and young adults, delivered by trained supporters with lived experience. The program partners with clinicians and programs at the IWK Health Centre and Nova Scotia Health for training, consultation, and coordinated care, providing warm referrals to clinical services when needed. By centering lived experience in welcoming spaces, it reduces stigma and helps youth navigate services early.",Health Care and Mental Health Access Shortfalls,"Peer-led youth mental health networks: Trained peer supporters and drop-in groups run by young people in collaboration with clinicians to provide early support, navigation, destigmatized conversation spaces and warm referrals to clinical services.",Fragmented Policy and Governance Architecture,"7071 Bayers Road, Suite 309, Halifax, NS B3L 2C2",https://eatingdisordersns.ca,info@eatingdisordersns.ca,44.6541222,-63.6273462
Youth Peer Support (Mental Health & Addictions),IWK Health,"IWK Health integrates Youth Peer Support Specialists with lived experience into its Mental Health & Addictions services for adolescents and young adults. These peers co-facilitate groups and offer one-to-one support, helping youth navigate services and providing warm hand-offs to clinicians within IWK and to community partners. The model fosters early engagement, destigmatized conversations, and better connections to appropriate clinical care.",Health Care and Mental Health Access Shortfalls,"Peer-led youth mental health networks: Trained peer supporters and drop-in groups run by young people in collaboration with clinicians to provide early support, navigation, destigmatized conversation spaces and warm referrals to clinical services.",Fragmented Policy and Governance Architecture,"5850 University Avenue, Halifax, NS B3K 6R8",https://www.iwk.nshealth.ca/mental-health,,44.6376114,-63.582874
SchoolsPlus (School-Based Integrated Services),Nova Scotia Department of Education and Early Childhood Development,"SchoolsPlus embeds multidisciplinary teams—including SchoolsPlus facilitators, social workers, mental health clinicians and community partners—directly in public schools across Nova Scotia. These teams provide on-site assessment, brief counselling/therapeutic intervention and coordinated referrals, and they help students access virtual care from school when needed, reducing wait times and barriers to service while keeping youth in their learning environments.",Health Care and Mental Health Access Shortfalls,"School- and campus-based mental health teams: Embed social workers, counsellors and telehealth pods in schools and post-secondary campuses so students get timely assessment, brief therapy and referral without leaving education settings.",Fragmented Policy and Governance Architecture,"2021 Brunswick Street, Halifax, NS B3J 2S9",https://schoolsplus.ednet.ns.ca/,,44.6520988,-63.5789365
Dalhousie Student Health & Wellness – Counselling & Psychological Services,"Dalhousie University, Student Health & Wellness","Dalhousie embeds counsellors, social workers and a stepped-care mental health team on campus to provide same-day/single-session counselling, brief therapy and coordinated referrals to community/psychiatric care as needed. Services are offered in-person and virtually, with private on-campus spaces available for telehealth appointments so students can access care without leaving the university setting.",Health Care and Mental Health Access Shortfalls,"School- and campus-based mental health teams: Embed social workers, counsellors and telehealth pods in schools and post-secondary campuses so students get timely assessment, brief therapy and referral without leaving education settings.",Fragmented Policy and Governance Architecture,"1246 LeMarchant Street, Halifax, NS B3H 4R2",https://www.dal.ca,studenthealth@dal.ca,44.6360643,-63.5898491
Nancy Dingwall Health and Counselling Centre – Counselling Services,Cape Breton University,"Cape Breton University’s on-campus centre embeds a multidisciplinary team—including counsellors and health professionals—to provide mental health assessment, brief counselling and coordinated referrals for students. The centre offers both in-person and virtual counselling, enabling students to access tele-mental health from campus and receive timely support without leaving their educational environment.",Health Care and Mental Health Access Shortfalls,"School- and campus-based mental health teams: Embed social workers, counsellors and telehealth pods in schools and post-secondary campuses so students get timely assessment, brief therapy and referral without leaving education settings.",Fragmented Policy and Governance Architecture,"1250 Grand Lake Road, Sydney, NS B1P 6L2",https://www.cbu.ca/current-students/health-wellness/,counselling@cbu.ca,46.147592,-60.144472
Book a Room & Tech Help for Virtual Appointments,Colchester-East Hants Public Library,"The Truro Library provides bookable private rooms and public computers with broadband internet to support residents who need a quiet, confidential space for virtual medical or counseling appointments. Staff offer one-on-one technology assistance to help users connect with clinicians, navigate telehealth platforms, and ensure audio/video privacy, aligning with the community telehealth hub model.",Health Care and Mental Health Access Shortfalls,"Community telehealth hubs: Privacy-equipped rooms in libraries, community centres and youth hubs with high-speed internet and trained facilitators to help residents connect with virtual primary care and mental health appointments.",Fragmented Policy and Governance Architecture,"754 Prince Street, Truro, NS B2N 1G9",https://www.lovemylibrary.ca,,45.3640087,-63.2787628
Mainline Mobile Outreach (Needle Exchange Van),Mainline Needle Exchange,"Mainline’s mobile outreach van follows regular routes across Halifax to reach people who use substances and others facing barriers to care. Staff distribute safer-use and harm-reduction supplies and naloxone, offer brief counselling and health education, and assist with referrals and appointment booking for detox, opioid agonist treatment, testing, and primary care.",Health Care and Mental Health Access Shortfalls,"Mobile health and mental health outreach units: Regularly scheduled vans or pop-up clinics that visit rural and underserved neighbourhoods to deliver primary care, counselling, harm reduction supplies and appointment booking support.",Fragmented Policy and Governance Architecture,"5511 Cornwallis Street, Halifax, NS B3K 1B6",https://mainlineneedleexchange.ca,info@mainlineneedleexchange.ca,44.6530804,-63.5828899
Peer Outreach Employment Program,Mainline Needle Exchange,"Mainline engages people with lived and living experience of substance use and homelessness as paid peer outreach workers who provide harm reduction education, naloxone distribution, and street-level support. These stipended, shift-based roles come with training, mentorship, and ongoing wraparound supports that stabilize participants and build workplace skills. The program creates micro-employment opportunities that can bridge to further training or community jobs while prioritizing retention ...","Public Safety, Housing Insecurity, and Substance Use Harms","Employment and skills programs for people with lived experience: Partner with local businesses and trades to create apprenticeship, micro-employment, and stipended work opportunities for people exiting homelessness or treatment, with supports for retention.",Fragmented Policy and Governance Architecture,"5511 Cornwallis Street, Halifax, NS B3K 1B6",https://mainlineneedleexchange.ca,info@mainlineneedleexchange.ca,44.6530804,-63.5828899
Harm Reduction 101 and Community Presentations,Mainline Needle Exchange,"Mainline delivers Harm Reduction 101 workshops and tailored presentations to schools, service providers, neighbourhood groups, and workplaces across HRM to correct myths about drug use and promote people-first, non-stigmatizing language. Sessions are often co-led by peers with lived/living experience, humanizing people who use drugs while covering safer use, overdose prevention, and community inclusion to improve neighbourhood perceptions of safety and livability.","Public Safety, Housing Insecurity, and Substance Use Harms","Public education and anti-stigma campaigns: Run local campaigns, school programs and community dialogues that humanize people who use drugs, correct myths about addiction, and promote inclusive neighbourhoods to improve perceptions of livability.",Fragmented Policy and Governance Architecture,"5511 Nora Bernard Street, Halifax, NS B3K 1B6",https://mainlineneedleexchange.ca,,44.6522172,-63.5843438
Ally Centre Street Outreach and Mobile Harm Reduction,Ally Centre of Cape Breton,"The Ally Centre operates street outreach and a mobile harm-reduction service throughout the Cape Breton Regional Municipality, including rural and underserved areas. The team distributes sterile equipment and naloxone, provides brief counselling and peer support, and connects clients to testing, addictions care, and primary care by arranging referrals and appointments; a street nurse offers basic primary care and wound care during pop-up visits.",Health Care and Mental Health Access Shortfalls,"Mobile health and mental health outreach units: Regularly scheduled vans or pop-up clinics that visit rural and underserved neighbourhoods to deliver primary care, counselling, harm reduction supplies and appointment booking support.",Fragmented Policy and Governance Architecture,"150 Bentinck Street, Sydney, NS B1P 1G6",https://allycentreofcapebreton.com,info@allycentreofcapebreton.com,46.1363636,-60.1932013
Mental Health Mobile Crisis Team (HRM),IWK Health and Nova Scotia Health,"The Mental Health Mobile Crisis Team provides 24/7 telephone triage and mobile mental health outreach in Halifax Regional Municipality. Clinicians travel to homes and community locations to deliver on-site assessment, brief counselling, and safety planning, and they connect clients to ongoing services by coordinating referrals and follow-up appointments with community mental health and addictions programs.",Health Care and Mental Health Access Shortfalls,"Mobile health and mental health outreach units: Regularly scheduled vans or pop-up clinics that visit rural and underserved neighbourhoods to deliver primary care, counselling, harm reduction supplies and appointment booking support.",Fragmented Policy and Governance Architecture,"5850/5980 University Avenue, Halifax, NS B3K 6R8",https://mha.nshealth.ca/en/services/mental-health-mobile-crisis-team,,44.6378638,-63.5837315
Antigonish Physician Recruitment Committee,St. Martha’s Regional Hospital Foundation,"Hosted by the St. Martha’s Regional Hospital Foundation, this community-led committee partners with the Town and County of Antigonish, local employers, and Nova Scotia Health to recruit and retain physicians. It organizes customized community tours, helps with relocation and housing, facilitates spousal employment and school placements, and connects newcomers with local clinical mentors and social networks. These locally tailored incentive packages support long‑term retention and expand acces...",Health Care and Mental Health Access Shortfalls,"Local clinician recruitment and retention partnerships: Community-driven incentive packages (mentorship, subsidized housing, relocation supports, integration into local social networks) developed with municipal and business partners to attract and keep providers.",Fragmented Policy and Governance Architecture,"25 Bay Street, Antigonish, NS B2G 2G5",https://www.smrhfoundation.ca,info@smrhfoundation.ca,45.6279576,-61.9821028
Clare Health Centre (Centre de santé de Clare),Municipality of the District of Clare,"A municipally owned, community-directed primary care clinic that recruits and supports family physicians and nurse practitioners working in a collaborative practice with sustainable schedules. It improves access for rural and francophone residents (including youth and families) by offering team-based primary care, chronic disease management, and navigation to mental health/addictions services in partnership with local providers.",Health Care and Mental Health Access Shortfalls,"Primary care cooperative (community-owned clinic): A community-governed clinic model that hires NPs and physicians on sustainable schedules, offers team-based care and prioritizes access for youth and underserved populations.",Fragmented Policy and Governance Architecture,"8579 Highway 1, Meteghan Centre, NS B0W 2K0",https://www.clare.ca,,44.1984124,-66.1449651
EHS Palliative Care Paramedic Program,Emergency Health Services (EHS) Nova Scotia / Medavie Health Services Nova Scotia,"Specially trained paramedics make home visits to people with serious illness or enrolled in palliative care, providing symptom control (e.g., pain, breathlessness), anticipatory guidance, and after-hours support using individualized care plans developed with palliative and primary care teams. Visits include caregiver coaching, medication adjustments per protocol, and screening for distress or mental health needs with connection to grief and family/youth supports as appropriate. This delivers ...",Health Care and Mental Health Access Shortfalls,"Community paramedicine and home visit program: Expanded paramedic roles to provide in-home follow-up, chronic disease management and mental health checks, reducing ED visits and supporting continuity of care for vulnerable youth.",Fragmented Policy and Governance Architecture,"239 Brownlow Avenue, Dartmouth, NS B3B 2B2",https://novascotia.ca/dhw/ehs/,,44.6955097,-63.5784197
Suicide Prevention Gatekeeper Training (safeTALK and ASIST),"Nova Scotia Health, Mental Health and Addictions Program","Nova Scotia Health’s Mental Health and Addictions Program partners with community organizations to deliver safeTALK and ASIST suicide-prevention training across the province, often at no or low cost. These certified courses prepare teachers, coaches, employers, faith leaders and volunteers to recognize suicide risk, engage safely, and make timely referrals to crisis lines and local mental health services.",Health Care and Mental Health Access Shortfalls,"Mental Health First Aid and suicide prevention training: Free or low-cost certified training for teachers, coaches, employers, faith leaders and volunteers so more community members can recognize crisis signs and make timely referrals.",Fragmented Policy and Governance Architecture,"300 Pleasant Street, Dartmouth, NS B2Y 3Z3",https://mha.nshealth.ca,,44.6518651,-63.5493479
CBI Health Return-to-Work and Mental Health Services (Halifax),CBI Health,"CBI Health partners with local employers to deliver occupational rehabilitation and mental health supports that help employees, including young workers, access counselling and structured return-to-work plans. Services are offered in-person and virtually, and include coordination with employers for flexible scheduling, workplace accommodations, and graduated return-to-work after mental health leave. CBI clinicians also liaise with primary care and EAP providers to ensure seamless care between ...",Health Care and Mental Health Access Shortfalls,"Employer-community youth wellness partnerships: Local employers partner with clinics and counselling services to offer flexible scheduling, on-site or virtual counselling access, employee assistance for young workers and supported return-to-work plans.",Fragmented Policy and Governance Architecture,"7071 Bayers Road, Halifax, NS B3L 2C2",https://www.cbihealth.ca,info@cbihealth.ca,44.6541222,-63.6273462
Needle Distribution & Harm Reduction Program,Northern Healthy Connections Society,"Northern Healthy Connections Society operates a community harm reduction site that distributes sterile equipment, provides take‑home naloxone kits and training, and offers safer‑use information. Peer outreach workers build trust, provide nonjudgmental support, and navigate clients to addiction treatment, primary care, and mental health services across Colchester and surrounding areas.",Health Care and Mental Health Access Shortfalls,"Harm reduction and addiction peer navigation services: Peer navigators and community harm reduction sites that distribute naloxone, provide safer-use information, linkage to treatment and nonjudgmental support to reduce barriers into care.",Fragmented Policy and Governance Architecture,"90 Esplanade Street, Truro, NS B2N 2K3",https://www.nhcs.ca,info@nhcs.ca,45.362789,-63.2761607
Street Outreach (Mobile Services),Northern Healthy Connections Society,"Northern Healthy Connections Society operates a mobile, low-threshold outreach program serving people who use substances and those experiencing homelessness in northern Nova Scotia. The team provides harm-reduction supplies, nursing-led primary care and wound care, STI/HIV/HCV testing, immunizations when available, mental-health navigation, and immediate referrals to detox/OAT, housing supports, and other wraparound services. The program is sustained by community partnerships, volunteers, and...","Public Safety, Housing Insecurity, and Substance Use Harms","Low-barrier mobile health and wraparound services: Coordinate volunteer staffing and local fundraising for mobile units offering wound care, primary care, mental-health supports, vaccinations, and on-the-spot referral to housing and treatment.",Fragmented Policy and Governance Architecture,"33 Pleasant Street, Truro, NS B2N 3R5",https://www.nhcs.ca,info@nhcs.ca,45.3639867,-63.2825567
Overdose Prevention Site (OPS),Northern Healthy Connections Society,"Northern Healthy Connections Society operates a community-based OPS where people can consume pre-obtained drugs in a supervised setting, with peers and staff monitoring for overdose and providing immediate response. The hub offers harm-reduction supplies, on-site health assessments and naloxone training, and facilitates fast referrals to addiction treatment, mental health care, and local housing/homelessness services.","Public Safety, Housing Insecurity, and Substance Use Harms","Community-based overdose prevention hubs: Where regulation allows, support local, peer-operated overdose prevention hubs that provide supervised use, harm-reduction supplies, health checks and rapid connection to treatment and housing services.",Fragmented Policy and Governance Architecture,"90 Esplanade Street, Truro, NS B2N 2K3",https://www.nhcs.ca,info@nhcs.ca,45.362789,-63.2761607
Direction 180 Low-Threshold Opioid Agonist Treatment & Outreach,Direction 180,"Direction 180 provides low‑threshold opioid agonist treatment and harm reduction services, including naloxone distribution, safer‑use education, and mobile/community outreach that meets people where they are. Peer and outreach staff offer nonjudgmental support and practical navigation—assisting with appointments, referrals, and linkage to broader health and social services to reduce barriers into care.",Health Care and Mental Health Access Shortfalls,"Harm reduction and addiction peer navigation services: Peer navigators and community harm reduction sites that distribute naloxone, provide safer-use information, linkage to treatment and nonjudgmental support to reduce barriers into care.",Fragmented Policy and Governance Architecture,"55 Townsend Street, Halifax, NS B3K 2Y5",https://www.direction180.ca,info@direction180.ca,44.648618,-63.5859487
Indigenous Patient Navigation Services (Central Zone),Nova Scotia Health – Indigenous Health Program,"Nova Scotia Health’s Indigenous Patient Navigation Services provide Indigenous youth and families with culturally safe support across the care journey, including advocacy, care coordination, and links to Elders and traditional healing. Navigators help youth access mental health and addictions services more effectively by bridging cultural gaps and addressing systemic barriers.",Health Care and Mental Health Access Shortfalls,"Culturally safe and Indigenous-led services: Support Indigenous and newcomer-led counselling, traditional healing programs and multilingual navigators to ensure services are welcoming and effective for diverse youth.",Fragmented Policy and Governance Architecture,"1796 Summer Street, Halifax, NS B3H 3A7",https://www.nshealth.ca,indigenoushealth@nshealth.ca,44.6454617,-63.5871661
Transport de Clare – Community Transportation,Transport de Clare (Clare Dial‑A‑Ride Association),"Transport de Clare offers pre-booked, door-to-door rides across the Municipality of Clare, using community drivers and accessible vehicles to get residents to health clinics, counselling, and follow-up appointments. With affordable, subsidized fares and scheduled routes when demand warrants, it functions as a community-run alternative to ride-share for rural youth and families who lack reliable transportation.",Health Care and Mental Health Access Shortfalls,"Volunteer ride-share and transit voucher programs: Community-run transportation assistance (volunteer drivers, subsidy vouchers, scheduled shuttle routes) so young people can reliably reach clinics, counselling and follow-ups.",Fragmented Policy and Governance Architecture,"7932 Highway 1, Meteghan Centre, NS B0W 2K0",https://transportdeclare.ca,info@transportdeclare.ca,44.1939887,-66.1512736
Wolfville Children’s Centre,Wolfville Children’s Centre Society,"A community-founded, parent-governed non-profit that operates a licensed early learning and child care centre offering infant, toddler, preschool, and school-age care in a small, neighbourhood setting. Parents serve on the board and lead fundraising and volunteer efforts, pooling time and local resources to expand spaces and keep costs manageable—directly reflecting the co-operative, community-owned micro-centre model described.",Childcare Availability and Early Learning Workforce,"Community Childcare Co-ops: Parent-led cooperatives that pool time, skills and small local funding to open and run licensed micro-centres in towns and neighbourhoods, reducing costs and increasing local ownership.",Fragmented Policy and Governance Architecture,"17 Earnscliffe Avenue, Wolfville, NS B4P 1X4",https://www.wolfvillechildrenscentre.ca,info@wolfvillechildrenscentre.ca,45.0881368,-64.3711686
Lunenburg Day Care Centre,Lunenburg Day Care Centre Society,"A parent- and community-led non-profit society that runs a licensed early learning centre in the Town of Lunenburg, offering small-group childcare close to where families live and work. Families participate in governance, volunteering, and local fundraising to support staffing and facilities—embodying a cooperative, community-owned approach that lowers barriers and sustains a micro-centre in a rural setting.",Childcare Availability and Early Learning Workforce,"Community Childcare Co-ops: Parent-led cooperatives that pool time, skills and small local funding to open and run licensed micro-centres in towns and neighbourhoods, reducing costs and increasing local ownership.",Fragmented Policy and Governance Architecture,"17 Green Street, Lunenburg, NS B0J 2C0",https://www.lunenburgdaycare.ca,,44.3763201,-64.3203368
Pop-Up to Play (Mobile Loose Parts Play),Nova Scotia College of Early Childhood Education (NSCECE) – Resource Centre,"Pop-Up to Play is a mobile early learning program delivered from a van/trailer stocked with loose-parts materials that creates temporary play-and-learn environments in parks, community halls, and at partner worksites. The team travels to rural and underserved communities on a published schedule, offering supervised, short-duration, play-based sessions that give caregivers brief respite and connect families to early learning experiences where licensed childcare is limited.",Childcare Availability and Early Learning Workforce,"Mobile Childcare Units: Van- or trailer-based early learning setups that visit rural areas, seasonal worksites and small communities on a regular schedule to provide short-term care and programming.",Fragmented Policy and Governance Architecture,"6208 Quinpool Road, Halifax, NS B3L 1A3",https://www.nscece.ca,resourcecentre@nscece.ca,44.6456288,-63.5959962
Outreach Playgroups,Eastern Shore Family Resource Association,"ESFRA’s Outreach Playgroups are mobile, staff-led early learning sessions that travel by program van to small communities along the Eastern Shore, setting up play-based environments in libraries, community halls, and other local spaces. The pop-up format provides short-term care and programming on a regular schedule, allowing caregivers to attend appointments or services while children engage in developmentally rich activities close to home.",Childcare Availability and Early Learning Workforce,"Mobile Childcare Units: Van- or trailer-based early learning setups that visit rural areas, seasonal worksites and small communities on a regular schedule to provide short-term care and programming.",Fragmented Policy and Governance Architecture,"11 East Petpeswick Road, Musquodoboit Harbour, NS B0J 2L0",https://www.esfra.ca,info@esfra.ca,44.7864673,-63.1476648
Outreach Playgroups and Pop-Up Early Years Programming,Maggie’s Place Family Resource Centre – Colchester/East Hants,"Maggie’s Place operates mobile outreach playgroups that bring early learning materials and facilitators by van to rural sites across Colchester and East Hants. These pop-up sessions provide short-term, supervised programming in community venues on a rotating schedule, supporting families in areas with limited childcare access and enabling parents to participate in nearby programs or training.",Childcare Availability and Early Learning Workforce,"Mobile Childcare Units: Van- or trailer-based early learning setups that visit rural areas, seasonal worksites and small communities on a regular schedule to provide short-term care and programming.",Fragmented Policy and Governance Architecture,"1027 Prince Street, Truro, NS B2N 1H7",https://www.maggiesplace.ca,info@maggiesplace.ca,45.3643503,-63.2702381
Mobile Outreach Playgroup,Family Matters – Lunenburg County Family Resource Centre,"Family Matters delivers mobile outreach playgroups that travel with equipment and learning materials to rural communities throughout Lunenburg County, setting up temporary early learning environments in local halls and community spaces. The program offers short-duration, play-based care and programming on a regular route, helping families in childcare deserts access early learning close to where they live and work.",Childcare Availability and Early Learning Workforce,"Mobile Childcare Units: Van- or trailer-based early learning setups that visit rural areas, seasonal worksites and small communities on a regular schedule to provide short-term care and programming.",Fragmented Policy and Governance Architecture,"35 High Street, Bridgewater, NS B4V 1V9",https://www.family-matters.ca,admin@family-matters.ca,44.37012,-64.5274667
YMCA School Age Child Care (Before & After School) — Pictou County,YMCA of Pictou County,"The YMCA of Pictou County delivers before- and after-school care at partner elementary schools in the region. By using school classrooms and gymnasiums, the program provides convenient, supervised care with recreation and homework support, coordinated in collaboration with the local regional centre for education.",Childcare Availability and Early Learning Workforce,"School-based Before/After Programs: Use elementary school classrooms and gyms to host affordable before- and after-school care, coordinated by community organizations and municipal recreation departments.",Fragmented Policy and Governance Architecture,"2756 Westville Road, New Glasgow, NS B2H 5C6",https://www.pcymca.ca,info@pcymca.ca,45.5771361,-62.6687488
YMCA School Age Child Care (Before & After School) — Southwest Nova,YMCA of Southwest Nova Scotia,"The YMCA of Southwest Nova Scotia operates school-based before- and after-school programs in partnership with elementary schools across Yarmouth, Digby, and Shelburne counties. Utilizing classrooms and gym spaces, the program offers affordable, licensed care that aligns with school schedules and supports parents working standard and extended hours.",Childcare Availability and Early Learning Workforce,"School-based Before/After Programs: Use elementary school classrooms and gyms to host affordable before- and after-school care, coordinated by community organizations and municipal recreation departments.",Fragmented Policy and Governance Architecture,"275 Main Street, Yarmouth, NS B5A 1C6",https://ymcays.ca,info@ymcays.ca,43.8346567,-66.1200022
Kijiji Halifax – Childcare & Nanny Share Listings,Kijiji Canada Ltd.,"Kijiji’s Halifax Childcare category is actively used by local parents to create and join neighborhood nanny shares, enabling families to pool resources and arrange shared caregivers for split shifts and off-peak hours. Listings and location filters help match nearby households and caregivers, while built-in messaging supports parent-run scheduling and coordination for flexible, non-standard care arrangements across the HRM and surrounding areas.",Childcare Availability and Early Learning Workforce,Shared Nanny and Care Pool: Neighborhood-based shared-nanny arrangements and parent-run scheduling platforms let families share vetted caregivers for staggered hours and non-standard shifts.,Fragmented Policy and Governance Architecture,"500 King Street West, Suite 200, Toronto, ON M5V 1L9",https://www.kijiji.ca/b-childcare-nanny/halifax/c84l80010,,43.6453156,-79.3964704
Ocean View Intergenerational Playgroup and Visiting Program,Ocean View Continuing Care Centre,"Ocean View Continuing Care Centre partners with local licensed childcare centres to host recurring playgroups and early-learning visits in common spaces at the residence and through reciprocal visits to childcare sites. Seniors participate alongside children and ECEs in reading circles, music and movement, and fine-motor craft activities, providing social connection for elders while enriching early learning experiences for children.",Childcare Availability and Early Learning Workforce,Intergenerational Care Programs: Partnerships between childcare programs and seniors' homes create mutual-care days where seniors support early learning activities and receive social engagement.,Fragmented Policy and Governance Architecture,"1909 Caldwell Road, Eastern Passage, NS B3G 1M3",https://oceanv.org,info@oceanv.org,44.6065935,-63.4698741
Program Childcare and Child Minding,Dartmouth Family Centre,"Dartmouth Family Centre provides on-site, short-term child minding so parents and caregivers can participate in skills workshops, parenting education and community programs. Using trained staff and volunteers, the centre sets up safe, time-limited care aligned with program schedules, reducing attendance barriers for families.",Childcare Availability and Early Learning Workforce,"Pop-up Event Childcare Network: A trained volunteer and paid-provider roster that enables safe, temporary childcare at local training events, job fairs and community programs to remove attendance barriers.",Fragmented Policy and Governance Architecture,"107 Albro Lake Road, Dartmouth, NS B3A 3Y2",https://dartmouthfamilycentre.ca,info@dartmouthfamilycentre.ca,44.6804444,-63.5835152
Sackville Heights Daycare & Learning Centre (at Sackville Heights Community Centre),Sackville Heights Community Centre,"Located in the repurposed Sackville Heights Community Centre—a former school—the daycare uses converted classrooms and common areas as licensed childcare rooms, expanding capacity without new construction. The community centre is overseen by a volunteer board and operates through tenant partnerships, providing shared governance and community-led management of underused municipal space for childcare.",Childcare Availability and Early Learning Workforce,"Childcare Space Conversion Initiative: Community-led projects to convert underused municipal and commercial spaces—libraries, churches, empty storefronts—into licensed childcare rooms with shared governance.",Fragmented Policy and Governance Architecture,"45 Connolly Road, Middle Sackville, NS B4E 1K3",https://www.sackvilleheights.ca,info@sackvilleheights.ca,44.7782856,-63.7014911
Fixed-Route Rural Service Connecting to Community Hubs,Kings Transit Authority,"Kings Transit Authority operates fixed-route buses across rural Kings and Annapolis Counties, timed around morning and afternoon commuter peaks. These routes link outlying communities to central towns like New Minas, Kentville, Wolfville, and Berwick—locations where licensed childcare centres and early learning programs are concentrated—allowing parents to use the bus as a reliable shuttle for childcare drop-off and pick-up. By providing predictable, peak-hour connections to these hubs, the s...",Childcare Availability and Early Learning Workforce,Transportation Linkages for Rural Families: Coordinated community shuttles and ride-share arrangements that connect rural families to central childcare hubs during peak hours.,Fragmented Policy and Governance Architecture,"29 Crescent Drive, New Minas, NS B4N 3G7",https://www.kingstransit.ns.ca,info@kingstransit.ns.ca,45.0700026,-64.4654124
Community Ride-Share and Commuter Services,MusGo Rider Cooperative Limited,"MusGo Rider is a community-owned transportation co-operative that offers pre-booked, door-to-door rides and commuter services across the Eastern Shore and Musquodoboit Valley. The service coordinates shared trips for work and essential needs and will align pick-ups and drop-offs at daycare and early learning centres in regional hubs along Highway 7 during morning and afternoon peaks. By pooling trips and timing them with childcare hours, MusGo Rider delivers the coordinated shuttle and ride-s...",Childcare Availability and Early Learning Workforce,Transportation Linkages for Rural Families: Coordinated community shuttles and ride-share arrangements that connect rural families to central childcare hubs during peak hours.,Fragmented Policy and Governance Architecture,"71 Park Road, Musquodoboit Harbour, NS B0J 2L0",https://www.musgorider.com,info@musgorider.com,44.7905733,-63.1484557
Care.com Nova Scotia – Child Care Marketplace,"Care.com, Inc.","Care.com’s Nova Scotia portal lists local babysitters, nannies, and in‑home caregivers with verified profiles, ratings/reviews, availability calendars, and in‑app messaging/booking tools. Families can filter by location, schedule (nights, weekends, part‑time), and qualifications to match with caregivers and coordinate shared‑shift or nanny‑share arrangements, complementing licensed centre options where spots are limited or hours are non‑standard.",Childcare Availability and Early Learning Workforce,"Local Childcare Matching Platform: A community-managed online/mobile platform listing licensed centres, available spots, qualified caregivers, and shared-shift matches with ratings and scheduling tools.",Fragmented Policy and Governance Architecture,"201 Jones Road, Waltham, MA 02451",https://www.care.com,support@care.com,42.3749512,-71.2738893
Cape Breton Food Hub Co-op – Community Local Food Buying,Cape Breton Food Hub Co-operative,"The Cape Breton Food Hub Co-op operates a member-based online ordering system that aggregates weekly orders from households and community sites across the island. By coordinating bulk orders from dozens of local producers and delivering to neighborhood pickup hubs, the Food Hub lowers distribution costs for residents and strengthens local supply chains.",Cost of Living and Energy Affordability,"Neighborhood Bulk-Buy Buying Groups: Organize community bulk purchases for groceries, heating fuel (bulk propane/wood pellets), and household staples to negotiate lower prices, reduce delivery costs, and support local suppliers through coordinated orders.",Fragmented Policy and Governance Architecture,"37 Nepean Street, Sydney, NS B1P 1K6",https://capebretonfoodhub.com,info@capebretonfoodhub.com,46.1431613,-60.1966931
HomeWarming,Clean Foundation in partnership with Efficiency Nova Scotia and Nova Scotia Power,"HomeWarming provides free home energy assessments and no-cost efficiency upgrades (like insulation, air sealing, and heat pumps) to income-qualified Nova Scotia homeowners. The program manages procurement and a vetted installer network to secure competitive pricing and coordinates all scheduling, effectively delivering a community-style retrofit service that removes upfront costs and reduces energy bills for low-income households.",Cost of Living and Energy Affordability,"Community Home Retrofit Program: A local program offering volunteer energy audits, group-negotiated contractor rates, bulk purchase of insulation/heat pumps, and coordinated scheduling so homeowners (especially renters and low-income households) can access affordable energy-efficiency upgrades.",Fragmented Policy and Governance Architecture,"126 Portland Street, Dartmouth, NS B2Y 1H8",https://www.homewarming.ca,info@cleanfoundation.ca,44.6659186,-63.5662829
Repair Café St. Margarets Bay,Transition Bay St. Margarets,"Community repair events where volunteers bring tools and expertise to help people fix household goods, small electronics, clothing, and furniture at no charge. By facilitating shared tools and mentoring, the cafés reduce replacement costs, extend the life of everyday items, and encourage intergenerational DIY skill-sharing.",Cost of Living and Energy Affordability,"Tool Libraries and Repair Cafés: Shared tool lending libraries and regular community repair events let people borrow equipment and fix appliances or furniture, extending product life, cutting replacement costs, and passing on DIY skills across generations.",Fragmented Policy and Governance Architecture,"3646 Hammonds Plains Road, Upper Tantallon, NS B3Z 4R3",https://transitionbay.ca,info@transitionbay.ca,44.7033586,-63.85799
SHYFT House & Supportive Housing Program,SHYFT Youth Services,"SHYFT offers emergency shelter and longer-term supportive housing for youth aged 16–24 through a shared-living house and nearby apartment units in Yarmouth. The program combines affordable, communal housing with case management, mentorship, and life-skills development, enabling young people to stabilize their housing, pool resources, and transition toward independent, sustainable living.",Cost of Living and Energy Affordability,"Housing Co-operatives and Shared Living Models for Youth: Community-supported co-op housing, shared rental models and mentorship for co-living setups help young people access affordable, secure housing while building supportive neighbourhood networks.",Fragmented Policy and Governance Architecture,"6 Trinity Place, Yarmouth, NS B5A 2T1",https://shyft.ca,info@shyft.ca,43.8274228,-66.1197751
Residential Group Care & Transition Programs,HomeBridge Youth Society,"HomeBridge operates shared residential programs for youth that provide safe, stable housing alongside wraparound supports and mentorship. In these communal living environments, young people build life skills, access education and employment supports, and develop the networks needed to transition to affordable shared rentals or independent housing.",Cost of Living and Energy Affordability,"Housing Co-operatives and Shared Living Models for Youth: Community-supported co-op housing, shared rental models and mentorship for co-living setups help young people access affordable, secure housing while building supportive neighbourhood networks.",Fragmented Policy and Governance Architecture,"270 Pleasant Street, Dartmouth, NS B2Y 3S3",https://www.homebridgeyouth.ca,info@homebridgeyouth.ca,44.6563113,-63.5508427
Repair Café Wolfville,Wolfville Farmers' Market,"Regular community events where volunteer fixers help residents mend clothing, repair small appliances, sharpen tools, and tune up bikes at no cost. By exchanging time and skills instead of money, neighbors reduce repair expenses, keep items in use longer, and build mutual support networks that improve overall household affordability.",Cost of Living and Energy Affordability,"Time Banks and Skill-Share Networks: Neighbors exchange hours of work (childcare, carpentry, tutoring) rather than money, reducing out-of-pocket expenses and strengthening mutual support systems that improve overall household affordability.",Fragmented Policy and Governance Architecture,"24 Elm Avenue, Wolfville, NS B4P 1Z9",https://www.wolfvillefarmersmarket.ca,info@wolfvillefarmersmarket.ca,45.0927247,-64.3641647
"Each One, Teach One Community Financial Literacy Workshops",Sydney Credit Union,"Sydney Credit Union offers the Each One, Teach One program, bringing free financial education workshops to community venues and schools. Facilitated by trained credit union staff, sessions cover budgeting, credit, and understanding insurance, and they walk participants through comparing local tenant, home and auto insurance options available to members via credit union partners. Attendees are connected to low-fee youth accounts, student credit solutions and member-discounted insurance, improv...",Cost of Living and Energy Affordability,"Community-led Group Insurance & Financial Advisory Clinics: Regular community workshops and group-negotiated sessions with local brokers or credit unions help households compare and access more affordable home, tenant and auto insurance, and low-cost financial products targeted to young people.",Fragmented Policy and Governance Architecture,"95 Townsend Street, Sydney, NS B1P 5C9",https://www.sydneycreditunion.com,info@sydneycreditunion.com,46.1348976,-60.1923099
Community Insurance Education & Group Information Sessions,BrokerLink Insurance — Dartmouth Office,"BrokerLink’s Nova Scotia brokers host free community Insurance 101 sessions with neighbourhood groups and libraries, explaining how to compare and bundle tenant, home and auto insurance to reduce costs. Advisors provide on-the-spot quote checks, outline student and multi-policy discounts, and help groups explore affinity savings negotiated through employers, associations or credit unions. These broker-led clinics make it easier for young drivers and renters to access competitively priced insu...",Cost of Living and Energy Affordability,"Community-led Group Insurance & Financial Advisory Clinics: Regular community workshops and group-negotiated sessions with local brokers or credit unions help households compare and access more affordable home, tenant and auto insurance, and low-cost financial products targeted to young people.",Fragmented Policy and Governance Architecture,"85 Tacoma Drive, Unit 200, Dartmouth, NS B2W 3Y6",https://www.brokerlink.ca,info@brokerlink.ca,44.6809335,-63.5365317
MusGo Rider Cooperative – Rural Transportation,MusGo Rider Cooperative Ltd.,"MusGo Rider operates a cooperative, on-demand community shuttle service across the Musquodoboit Valley and Eastern Shore, providing pre-booked, shared, door-to-door rides to work, school, medical appointments, and shopping. By coordinating affordable rural trips and partnering with municipalities and community agencies, it reduces transportation costs for residents and improves access to essential services and employment in areas with limited fixed-route transit.",Cost of Living and Energy Affordability,Local Transit Advocacy and Community Shuttle Services: Community-organized advocacy for better public transit routes and on-demand rural shuttles (cooperatively run or municipally partnered) reduce transportation costs and improve access to jobs and services.,Fragmented Policy and Governance Architecture,"67 Park Road, Musquodoboit Harbour, NS B0J 2L0",https://musgorider.com,,44.7892813,-63.148512
Cogswell District Energy System,Halifax Regional Municipality – Cogswell District Redevelopment,"As part of the Cogswell District redevelopment, HRM is constructing a municipally governed, low-temperature district energy network designed to integrate waste-heat recovery (e.g., from sewer mains) and renewable thermal sources. This community-scale utility will connect mixed-use buildings in a dense downtown area to lower space-heating costs and build local capacity and green jobs in design, installation, and operations.",Cost of Living and Energy Affordability,"Community-Owned District Heating Pilots: Small-scale, locally governed district heating using biomass, wood-waste, or waste-heat sources can be piloted in dense neighbourhoods to lower winter heating costs and create local green jobs.",Fragmented Policy and Governance Architecture,"1841 Argyle Street, Halifax, NS B3J 3A3",https://www.halifax.ca,contactus@halifax.ca,44.648927,-63.5753248
Energize Bridgewater – Downtown District Energy Initiative,Town of Bridgewater (Energize Bridgewater),"The Town of Bridgewater is advancing a municipally owned district energy pilot to serve downtown buildings, evaluating biomass and wastewater-heat options as part of its Community Energy Investment Plan. By designing a shared thermal network focused on affordability and local fuel supply chains, the initiative aims to cut winter heating costs for residents and businesses while creating skilled trades and bioheat jobs in the community.",Cost of Living and Energy Affordability,"Community-Owned District Heating Pilots: Small-scale, locally governed district heating using biomass, wood-waste, or waste-heat sources can be piloted in dense neighbourhoods to lower winter heating costs and create local green jobs.",Fragmented Policy and Governance Architecture,"60 Pleasant Street, Bridgewater, NS B4V 3X9",https://www.bridgewater.ca,energize@bridgewater.ca,44.3755744,-64.5223664
Island Sandbox,Cape Breton University and NSCC Marconi Campus,"Island Sandbox is an entrepreneurship and innovation hub serving Cape Breton that provides open coworking areas, meeting rooms, programming, and events for startups, students, and community members. With dependable high-speed internet and shared amenities on CBU’s campus, it functions as a rural remote-work base where young founders and remote professionals can collaborate and stay connected without leaving the island.",Urban–Rural Opportunity Divide,"Rural remote-work hubs and co-working spaces: Convert underused community buildings into reliable co-working hubs with high-speed internet, meeting rooms and event space so young remote workers and entrepreneurs can base themselves outside HRM while staying connected.",Fragmented Policy and Governance Architecture,"1250 Grand Lake Road, Sydney, NS B1M 1A2",https://islandsandbox.ca/,,46.147592,-60.144472
Michelin Nova Scotia Apprenticeship Programs,Michelin North America (Canada) Inc.,"Michelin’s Nova Scotia plants sponsor and employ paid apprentices in industrial trades (e.g., industrial mechanic/millwright, industrial electrician), combining on-the-job training with in-school technical blocks through NSCC and the Nova Scotia Apprenticeship Agency. With operations in rural regions like Pictou County, the company provides local youth with a clear pathway into stable, well-paid skilled trades roles close to their communities.",Urban–Rural Opportunity Divide,"Local apprenticeship and trades pipeline: Coordinate local employers, schools and tradespeople to offer paid youth apprenticeships, co-op placements and pre-apprenticeship training so young people can enter stable, well-paid trades without moving away.",Fragmented Policy and Governance Architecture,"1770 Granton Abercrombie Road, Granton, NS B2H 5C6",https://jobs.michelin.ca,,45.6346019,-62.6939677
NSLC Local Product Promotion,Nova Scotia Liquor Corporation (NSLC),"The Nova Scotia Liquor Corporation dedicates shelf space, in-store signage, and marketing campaigns to Nova Scotia–made beer, wine, cider, and spirits, making local options easy for consumers and hospitality buyers to find. By prioritizing provincial suppliers across its retail network, NSLC drives sustained demand for rural producers and helps keep beverage-sector revenue in Nova Scotia.",Urban–Rural Opportunity Divide,"Local procurement and 'buy local' campaigns: Encourage municipal institutions, community organizations and residents to prioritize local suppliers, supporting rural producers, makers and service providers and keeping revenue in the region.",Fragmented Policy and Governance Architecture,"93 Chain Lake Drive, Halifax, NS B3S 1A3",https://www.mynslc.com,CustomerExperience@myNSLC.com,44.6397492,-63.6693734
WFM2Go (Wolfville Farmers’ Market Online Food Hub),Wolfville Farmers’ Market Co-operative,"WFM2Go aggregates products from dozens of Nova Scotia farmers and food entrepreneurs, packs orders at the Wolfville Farmers’ Market, and distributes to pickup sites across HRM and rural communities. By providing shared logistics, packaging, and a unified online storefront, it helps small producers add value and reach larger urban markets, narrowing the urban–rural opportunity gap for new and growing agri-food businesses.",Urban–Rural Opportunity Divide,"Agritech, value-added food hubs and co-ops: Create community food hubs and shared processing spaces where farmers and food entrepreneurs can add value (packaging, processing, distribution) and access shared marketing resources.",Fragmented Policy and Governance Architecture,"24 Elm Avenue, Wolfville, NS B4P 1Z9",https://wfm2go.ca,info@wolfvillefarmersmarket.ca,45.0927247,-64.3641647
The Station Food Hub,The Station Food Hub Society,"The Station operates a shared-use commercial kitchen, processing rooms, and cold storage that farmers and food entrepreneurs can rent to create value-added products, from prepared foods to co-packed items. It also coordinates aggregation and distribution to institutional and retail buyers, providing shared marketing and logistics that connect rural producers to larger markets and opportunities.",Urban–Rural Opportunity Divide,"Agritech, value-added food hubs and co-ops: Create community food hubs and shared processing spaces where farmers and food entrepreneurs can add value (packaging, processing, distribution) and access shared marketing resources.",Fragmented Policy and Governance Architecture,"694 Highway 1, Newport, NS B0N 2A0",https://stationfoodhub.ca,,44.9619055,-63.9865556
Berwick Community Solar Garden,Town of Berwick Electric Utility (Town of Berwick),"The Town of Berwick’s electric utility operates a community solar garden where municipal customers can purchase or subscribe to output from locally sited solar panels. The project creates installation and maintenance jobs in the Annapolis Valley and keeps energy revenues within the community-owned utility, supporting local budgets and services that can include youth recreation and programming. This model expands access to renewables for renters and households without suitable roofs while reta...",Urban–Rural Opportunity Divide,"Community-owned renewable energy projects: Develop locally owned small-scale renewables (solar farms, wind co-ops, biomass) that create construction and maintenance jobs and return revenue to the community for youth initiatives.",Fragmented Policy and Governance Architecture,"236 Commercial Street, Berwick, NS B0P 1E0",https://www.berwick.ca,info@berwick.ca,45.0463976,-64.7363645
Ellershouse Wind Farm (Community Wind Partnership),Alternative Resource Energy Authority (AREA),"The Alternative Resource Energy Authority (AREA)—a partnership of the Towns of Antigonish, Berwick, and Mahone Bay—owns the Ellershouse Wind Farm, supplying power to their municipal electric utilities. As a community-owned generation asset, it created local construction and operations jobs and returns revenue to the partner towns’ utilities, which can reinvest in local services, energy programs, and community priorities that include opportunities for youth. This cooperative municipal model de...",Urban–Rural Opportunity Divide,"Community-owned renewable energy projects: Develop locally owned small-scale renewables (solar farms, wind co-ops, biomass) that create construction and maintenance jobs and return revenue to the community for youth initiatives.",Fragmented Policy and Governance Architecture,"274 Main Street, Antigonish, NS B2G 2C4",https://www.area-ns.ca,info@area-ns.ca,45.6227052,-61.99171
Mental Health and Addictions Community Clinics (Walk-in/Pop-up),Nova Scotia Health – Mental Health and Addictions Program,"Nova Scotia Health’s Mental Health and Addictions Program hosts regular walk-in and pop-up clinics in community locations across rural Nova Scotia (such as libraries, community centres, and schools). These events offer brief counselling, addiction supports, assessment, and navigation without a referral, helping young people access mental-health services close to home.",Urban–Rural Opportunity Divide,"Mobile health, career and social services: Coordinate regular mobile clinics and pop-up service days (health, mental-health supports, career counselling, childcare sign-ups) so young people in remote areas can access essential services locally.",Fragmented Policy and Governance Architecture,"7071 Bayers Road, Halifax, NS B3L 2C2",https://mha.nshealth.ca,,44.6541222,-63.6273462
Nova Scotia Works Outreach Employment Services (YMCA Cape Breton),YMCA of Cape Breton – Nova Scotia Works Employment Services,"YMCA Cape Breton delivers Nova Scotia Works employment services and runs regular outreach days in rural Cape Breton communities, offering career counselling, job search assistance, resume support, and connections to training and employers. These pop-up service days set up in partner sites and community hubs, bringing career services directly to youth and young adults who cannot easily travel to urban centres.",Urban–Rural Opportunity Divide,"Mobile health, career and social services: Coordinate regular mobile clinics and pop-up service days (health, mental-health supports, career counselling, childcare sign-ups) so young people in remote areas can access essential services locally.",Fragmented Policy and Governance Architecture,"399 Charlotte Street, Sydney, NS B1P 1E3",https://www.ymcacapebreton.com,,46.136466,-60.1940452
Continuing & Distance Education (Off‑Campus and Online Cohorts),St. Francis Xavier University,"StFX coordinates off‑campus and online cohorts for certificates and degrees in areas such as education, health leadership, business, and adult education, often scheduled evenings/weekends to serve working adults. By partnering with regional employers and public systems, it delivers blended and satellite offerings to rural learners in northeastern Nova Scotia so they can earn credentials locally that match community and sectoral job demands.",Urban–Rural Opportunity Divide,"Partnerships with post-secondary institutions and micro-campuses: Work with colleges and universities to offer satellite courses, certificate programs and short intensive training locally (virtual and in-person blended models) tied to regional job needs.",Fragmented Policy and Governance Architecture,"4130 University Avenue, Antigonish, NS B2G 2W5",https://www.stfx.ca,continuinged@stfx.ca,45.6191732,-61.9966544
Wildland-Urban Interface Fire Prevention Program,Halifax Regional Fire & Emergency (Halifax Regional Municipality),"Halifax Regional Fire & Emergency delivers FireSmart-focused outreach in at-risk neighbourhoods, offering on-site property assessments, block-by-block inspections, and community workshops that teach residents how to create defensible space and reduce fuels. Working with local associations and volunteer stations, HRFE helps organize brush-clearing and debris disposal events and prioritizes fuel reduction near subdivisions and critical infrastructure using local risk mapping and seasonal burn r...",Climate Resilience and Environmental Risks,"Community FireSmart and Wildfire Preparedness: Neighbourhood-led FireSmart programs to create defensible space, clear fuels, run local inspections, and organize volunteer crews for fuel reduction around homes and critical infrastructure.",Fragmented Policy and Governance Architecture,"1841 Argyle Street, Halifax, NS B3J 3A5",https://www.halifax.ca,fireprevention@halifax.ca,44.648927,-63.5753248
Emergency Disaster Services (EDS) - Maritime Division,"The Salvation Army, Maritime Division","The Salvation Army’s EDS program trains community volunteers in incident management, mobile feeding/canteen operations, logistics, and reception/shelter support to assist during disasters. In Nova Scotia, EDS teams deploy for severe storms, floods, and wildfires to help evacuees, support shelter operations, and provide emotional and spiritual care. This builds neighborhood-based capacity that complements municipal and provincial emergency management and accelerates community response and reco...",Climate Resilience and Environmental Risks,"Neighbourhood Emergency Response Teams (NERTs): Train local residents in basic emergency response, evacuation assistance, first aid, and shelter management so communities can respond quickly during storms, floods, or wildfire events.",Fragmented Policy and Governance Architecture,"203-7071 Bayers Road, Halifax, NS B3L 2C2",https://salvationarmy.ca/eds,eds@salvationarmy.ca,44.6541222,-63.6273462
Atlantic Water Network,Saint Mary's University (Atlantic Water Network),"Atlantic Water Network (AWN) coordinates and supports a province-wide citizen science network where volunteers monitor water quality in rivers, lakes, and coastal estuaries across Nova Scotia. AWN provides standardized protocols, training, and loaner equipment, and hosts data on Atlantic DataStream so municipalities and researchers can access near real-time results to track storm impacts, pollution events, and climate-driven change.",Climate Resilience and Environmental Risks,"Citizen Science Monitoring Networks: Set up volunteer monitoring for shoreline change, sea-level rise markers, water quality, and post-storm impacts to inform local planning and provide real-time data for municipalities and researchers.",Fragmented Policy and Governance Architecture,"923 Robie Street, Halifax, NS B3H 3C3",https://www.atlanticwaternetwork.ca,info@atlanticwaternetwork.ca,44.6313165,-63.5816691
Annapolis River Guardians,Clean Annapolis River Project,"Annapolis River Guardians is a long-running citizen science program that trains local volunteers to sample water quality (e.g., temperature, bacteria, nutrients, dissolved oxygen, conductivity) throughout the Annapolis River system, including tidal sections affected by sea-level change. The program conducts targeted sampling after major storms and shares its long-term dataset with municipalities and researchers to inform infrastructure planning, flood mitigation, and watershed management.",Climate Resilience and Environmental Risks,"Citizen Science Monitoring Networks: Set up volunteer monitoring for shoreline change, sea-level rise markers, water quality, and post-storm impacts to inform local planning and provide real-time data for municipalities and researchers.",Fragmented Policy and Governance Architecture,"314 St. George Street, Annapolis Royal, NS B0S 1A0",https://www.annapolisriver.ca,info@annapolisriver.ca,44.7429043,-65.518273
MTRI Community-Based Water Monitoring,Mersey Tobeatic Research Institute Cooperative Ltd.,"Mersey Tobeatic Research Institute works with volunteers, lake associations, and watershed groups across southwestern Nova Scotia to monitor water quality and temperature and to document extreme-weather impacts on waterways that feed coastal areas. The institute provides training, field equipment, and shared data systems that municipalities and researchers use to detect climate trends and prioritize restoration and flood resilience actions.",Climate Resilience and Environmental Risks,"Citizen Science Monitoring Networks: Set up volunteer monitoring for shoreline change, sea-level rise markers, water quality, and post-storm impacts to inform local planning and provide real-time data for municipalities and researchers.",Fragmented Policy and Governance Architecture,"9 Mount Merritt Road, Kempt, NS B0T 1B0",https://www.merseytobeatic.ca,info@merseytobeatic.ca,44.4232541,-65.1017769
Dalhousie Facilities Management – Green Infrastructure & LID Projects,Dalhousie University Facilities Management,"Dalhousie University integrates low-impact development into campus capital projects, including rain gardens, bioswales, permeable paving, and green roofs at multiple sites. These features capture and infiltrate rainfall on-site, alleviating pressure on municipal systems, reducing localized flooding risk, and improving water quality while providing hands-on learning opportunities for students.",Climate Resilience and Environmental Risks,"Local Green Infrastructure Programs: Install and maintain rain gardens, bioswales, permeable driveways, and street-tree planting to reduce stormwater runoff, prevent local flooding, and improve urban resilience.",Fragmented Policy and Governance Architecture,"6299 South Street, Halifax, NS B3H 4R2",https://www.dal.ca/dept/facilities.html,,44.6361402,-63.593144
Stormwater and Flood Resilience for Homeowners,Coastal Action (Coastal Action Foundation),"Coastal Action provides homeowner workshops, site visits, and community volunteer events focused on practical stormwater management and flood resilience. The team advises residents on redirecting downspouts, installing rain barrels and rain gardens, and using nature-based shoreline protection, and in some cases coordinates volunteer planting or small installations. These low-cost measures help manage runoff, reduce flood damage risk, and complement insulation and moisture-control upgrades.",Climate Resilience and Environmental Risks,"Homeowner Retrofit Assistance: Community-run advisory services and volunteer crews help homeowners elevate utilities, install flood barriers, and make low-cost floodproofing and insulation upgrades to reduce damage and energy costs.",Fragmented Policy and Governance Architecture,"37 Tannery Road, Unit 3, Lunenburg, NS B0J 2C0",https://www.coastalaction.org,info@coastalaction.org,44.3756187,-64.3193573
Climate Change and Adaptation Program (Mi’kmaw Communities),The Confederacy of Mainland Mi’kmaq,"The Confederacy of Mainland Mi’kmaq supports member First Nations in Nova Scotia with community-driven climate risk assessments, coastal erosion mapping, and adaptation planning. The program convenes Elders, youth, and leadership to identify priority shoreline setbacks and, when necessary, plans for managed retreat of homes and critical services, helping communities access funding for voluntary relocations or structure moves. This embeds local priorities in decisions that reduce risk in high-...",Climate Resilience and Environmental Risks,"Local Shoreline Setback and Managed Retreat Planning: Facilitate community conversations and small-scale pilot buyouts or voluntary relocation incentives, guided by local priorities, to reduce long-term risk in high-erosion zones.",Fragmented Policy and Governance Architecture,"65 Treaty Trail, Millbrook, NS B6L 1W3",https://cmmns.com,info@cmmns.com,45.3307883,-63.3047308
Peggy’s Cove Infrastructure Improvements,Build Nova Scotia,"Build Nova Scotia led comprehensive, climate-resilient upgrades at Peggy’s Cove, including an accessible viewing platform, boardwalks, traffic-calming, and improved wayfinding designed to withstand storms and sea-level rise. These investments protect residents and visitors while maintaining safe access and communications after severe weather, helping nearby tourism operators remain open year-round and support off-peak visitation.",Climate Resilience and Environmental Risks,"Tourism Sector Resilience Planning: Local tourism operators develop emergency plans, diversify offerings (off‑peak and inland experiences), and invest in resilient infrastructure and communication to keep businesses viable after events.",Fragmented Policy and Governance Architecture,"1751 Lower Water Street, Halifax, NS B3J 1S5",https://buildns.ca/projects/peggys-cove,info@buildns.ca,44.6492185,-63.5710311
Cape Breton Highlands National Park – Climate-Resilient Visitor Infrastructure and Experience Management,Parks Canada,"Parks Canada is reinforcing roads, bridges, trails, and visitor facilities in Cape Breton Highlands National Park to better withstand floods and storms, alongside emergency planning and real-time visitor communications for closures and alerts. The park promotes inland and shoulder-season activities across the highlands, diversifying tourism away from vulnerable coastal zones and helping regional operators sustain business after extreme weather.",Climate Resilience and Environmental Risks,"Tourism Sector Resilience Planning: Local tourism operators develop emergency plans, diversify offerings (off‑peak and inland experiences), and invest in resilient infrastructure and communication to keep businesses viable after events.",Fragmented Policy and Governance Architecture,"37639 Cabot Trail, Ingonish Beach, NS B0C 1L0",https://parks.canada.ca/pn-np/ns/cbreton,pc.information.pc@pc.gc.ca,46.6461303,-60.4019764
Tourism Strong – Crisis Preparedness and Business Continuity for Tourism Operators,Tourism Industry Association of Nova Scotia (TIANS),"Tourism Strong provides Nova Scotia tourism businesses with practical emergency planning templates, funding links, and webinar training to build crisis response and business continuity plans for storms, floods, and wildfires. It also shares communication best practices and supports diversification into shoulder-season and inland offerings, helping operators maintain market presence and operations during and after disruptive events.",Climate Resilience and Environmental Risks,"Tourism Sector Resilience Planning: Local tourism operators develop emergency plans, diversify offerings (off‑peak and inland experiences), and invest in resilient infrastructure and communication to keep businesses viable after events.",Fragmented Policy and Governance Architecture,"2089 Gottingen Street, Suite 201, Halifax, NS B3K 3B1",https://tourismstrong.ca,tians@tians.org,44.6517239,-63.582708
Hike Nova Scotia – Year-Round Hiking Experience Development and Trail Stewardship,Hike Nova Scotia,"Hike Nova Scotia partners with communities and operators to develop and promote inland hiking experiences and training (including winter and shoulder-season programs), broadening tourism beyond exposed coastal areas. Through hike leader certification, safety education, and sharing trail condition advisories, it strengthens visitor communications and preparedness—helping rural businesses remain viable after severe weather by drawing visitors to resilient, inland experiences.",Climate Resilience and Environmental Risks,"Tourism Sector Resilience Planning: Local tourism operators develop emergency plans, diversify offerings (off‑peak and inland experiences), and invest in resilient infrastructure and communication to keep businesses viable after events.",Fragmented Policy and Governance Architecture,"5516 Spring Garden Road, 4th Floor, Halifax, NS B3J 1G6",https://www.hikenovascotia.ca,hike@hikenovascotia.ca,44.648618,-63.5859487
Coastal Restoration & Education Program,Coastal Action (Blomidon Naturalists Society – Coastal Action),"Coastal Action engages youth through school partnerships, internships, and volunteer stewardship to restore shorelines and coastal habitats on the South Shore. Participants learn coastal monitoring, native planting, salt marsh and eelgrass restoration, and living-shoreline techniques that reduce erosion and storm impacts, building local leadership and practical skills in nature-based climate resilience.",Climate Resilience and Environmental Risks,"Youth Climate Leadership and Skills Programs: Schools, community centres, and trades programs provide youth with training in resilient construction, shoreline restoration, emergency response, and green entrepreneurship to build local capacity.",Fragmented Policy and Governance Architecture,"18 King Street, Unit 5, Lunenburg, NS B0J 2C0",https://www.coastalaction.org,info@coastalaction.org,44.3771311,-64.309578
Unama'ki Institute of Natural Resources (UINR),Unama'ki Institute of Natural Resources,"UINR is an Indigenous-led organization representing the five Mi’kmaw communities of Unama’ki (Cape Breton) that co-manages the Bras d’Or Lake (Unama’ki) and adjacent coastal ecosystems. Through programs like AAROM, the Unama’ki Moose Management Initiative, and the Collaborative Environmental Planning Initiative, UINR integrates Mi’kmaw knowledge (Netukulimk, seasonal indicators) with Western science to guide fisheries stewardship, habitat restoration, and coastal protection in partnership wit...",Climate Resilience and Environmental Risks,"Indigenous-Led Knowledge Sharing and Co-Management: Partner with Mi'kmaq and other Indigenous knowledge holders to integrate traditional stewardship practices, seasonal planning, and co-management of lands, fisheries, and coastal protection projects.",Fragmented Policy and Governance Architecture,"4102 Shore Road, Eskasoni, NS B1W 1C2",https://www.uinr.ca,info@uinr.ca,45.9559976,-60.5872886
RadStorm Halifax,RadStorm Collective,"RadStorm is a volunteer-run, all-ages arts collective that has transformed a former storefront on Gottingen Street into an accessible, low-cost hub for rehearsals, small concerts, printmaking, and workshops. Community volunteers manage scheduling, upkeep, and programming, and artists can book space at sliding-scale rates. By leasing and activating an underused commercial space as a co-creation hub, RadStorm directly addresses the shortage of affordable arts venues.","Arts, Culture, and Nightlife Space Constraints","Community Arts Hubs in Vacant Spaces: Coordinate with landlords and municipalities to temporarily repurpose empty storefronts, warehouses, and municipal buildings into low-rent co-creation hubs for rehearsals, small performances, and workshops; local volunteers and arts organizations manage scheduling and upkeep.",Fragmented Policy and Governance Architecture,"2177 Gottingen Street, Halifax, NS B3K 3B5",https://radstorm.org,radstormhalifax@gmail.com,44.6529081,-63.5844735
Spatz Theatre,Spatz Theatre Society,"The Spatz Theatre is a public performance venue located inside Citadel High School in Halifax. Operated by the Spatz Theatre Society through a shared-use agreement with the school board, it rents the theatre to community and youth groups in the evenings and on weekends for rehearsals, festivals, and pop-up shows; the society provides technical staff, front-of-house, scheduling, and basic maintenance while keeping rates accessible.","Arts, Culture, and Nightlife Space Constraints","Shared-Use Agreements with Schools and Faith Groups: Negotiate formal, low-cost shared-use agreements so schools, churches, and community centers open gyms, auditoriums, and classrooms evenings and weekends for youth rehearsals and pop-up shows, with community groups handling staffing and basic maintenance.",Fragmented Policy and Governance Architecture,"1855 Trollope Street, Halifax, NS B3H 0A4",https://www.spatztheatre.ca,info@spatztheatre.ca,44.6469544,-63.5843114
Bella Rose Arts Centre,Bella Rose Arts Centre Society,"The Bella Rose Arts Centre is a performing arts venue housed at Halifax West High School. Managed by the Bella Rose Arts Centre Society under a joint shared-use model, it opens the auditorium after school hours and on weekends for youth theatre, dance recitals, and community performances, with the society supplying technical crews, front-of-house support, and affordable rental packages while coordinating basic maintenance.","Arts, Culture, and Nightlife Space Constraints","Shared-Use Agreements with Schools and Faith Groups: Negotiate formal, low-cost shared-use agreements so schools, churches, and community centers open gyms, auditoriums, and classrooms evenings and weekends for youth rehearsals and pop-up shows, with community groups handling staffing and basic maintenance.",Fragmented Policy and Governance Architecture,"283 Thomas Raddall Drive, Halifax, NS B3S 1R1",https://www.bellaroseartscentre.ca,info@bellaroseartscentre.ca,44.6569265,-63.6647506
The Stage at St. Andrew’s,St. Andrew’s United Church (Halifax),"The Stage at St. Andrew’s is a community performance space operated by St. Andrew’s United Church in central Halifax. The church makes its sanctuary and hall available at low cost for rehearsals, small shows, and festivals in the evenings and on weekends, and its venue team handles bookings, on-site support, and routine upkeep so youth and community arts groups can focus on programming.","Arts, Culture, and Nightlife Space Constraints","Shared-Use Agreements with Schools and Faith Groups: Negotiate formal, low-cost shared-use agreements so schools, churches, and community centers open gyms, auditoriums, and classrooms evenings and weekends for youth rehearsals and pop-up shows, with community groups handling staffing and basic maintenance.",Fragmented Policy and Governance Architecture,"6036 Coburg Road, Halifax, NS B3H 1Y7",https://www.standrewshfx.ca,office@standrewshfx.ca,44.6396803,-63.5873782
Tunes at Noon,Downtown Halifax Business Commission,"Tunes at Noon is a free summer concert series that stages pop-up, small-scale performances in the Grand Parade plaza in downtown Halifax. Using minimal staging and daytime scheduling, the series aligns with municipal noise bylaws while drawing lunchtime foot traffic to nearby storefronts. It rotates a diverse lineup of local artists and partners to spread performance opportunities and activate public space.","Arts, Culture, and Nightlife Space Constraints","Pop-Up and Micro-Venue Program: Organize an ongoing calendar of pop-up concerts, readings, and performances in parks, plazas, storefronts and unused lots using simple staging and noise-curfew strategies; rotate locations and Promoters to spread opportunity and foot traffic.",Fragmented Policy and Governance Architecture,"1546 Barrington Street, Halifax, NS B3J 3X7",https://www.downtownhalifax.ca,info@downtownhalifax.ca,44.6449202,-63.5731504
Acadia Cinema Cooperative / Al Whittle Theatre,Acadia Cinema Cooperative Limited,"A community-owned cooperative that purchased and revitalized a historic cinema and live performance venue serving the Annapolis Valley. Member-owners share governance and financial stewardship, ensuring affordable access for filmmakers, musicians, and theatre groups while keeping venue ownership and programming decisions in the hands of the local community.","Arts, Culture, and Nightlife Space Constraints","Cooperative Venue Ownership: Form community co-ops where artists and supporters buy or lease a building together, sharing capital, operating costs, governance and booking; co-op financial models reduce rent pressure and keep control local.",Fragmented Policy and Governance Architecture,"450 Main Street, Wolfville, NS B4P 1E2",https://acadiacinema.coop,info@acadiacinema.coop,45.0916851,-64.3627745
Peer Gallery Artists' Cooperative,Peer Gallery Artists' Cooperative,"A cooperative of contemporary artists who jointly operate a year-round gallery, sharing lease costs, staffing, and curatorial decisions. By pooling resources and governing collaboratively, the co-op maintains a stable, affordable exhibition venue that supports local artists and community cultural programming.","Arts, Culture, and Nightlife Space Constraints","Cooperative Venue Ownership: Form community co-ops where artists and supporters buy or lease a building together, sharing capital, operating costs, governance and booking; co-op financial models reduce rent pressure and keep control local.",Fragmented Policy and Governance Architecture,"167 Lincoln Street, Lunenburg, NS B0J 2C0",https://www.peergallery.com,info@peergallery.com,44.377643,-64.3125074
Civic Events Mobile Stage and Equipment Bookings,Halifax Regional Municipality (Civic Events),"Halifax Regional Municipality’s Civic Events team maintains a mobile stage (showmobile) and event gear that community groups can book for festivals, block parties, and outdoor performances at accessible rates. The program lowers production barriers by providing a ready-to-deploy stage along with PA support and event logistics guidance, helping organizers activate public spaces without needing to purchase expensive infrastructure.","Arts, Culture, and Nightlife Space Constraints","Mobile Stage and Equipment Library: Create a community-owned mobile stage, PA systems and lighting that can be loaned or booked affordably for outdoor events, block parties and small indoor venues, lowering production barriers for organizers.",Fragmented Policy and Governance Architecture,"1841 Argyle Street, Halifax, NS B3J 3A5",https://www.halifax.ca,civicevents@halifax.ca,44.648927,-63.5753248
Yarmouth Recreation Equipment Loan Program,Yarmouth Recreation (Town of Yarmouth and Municipality of the District of Yarmouth),"Yarmouth Recreation offers community groups access to event equipment, including a portable PA system and related accessories, that can be borrowed for local concerts, block parties, and cultural gatherings. By providing affordable access to sound and setup gear, the program helps emerging organizers and youth-led initiatives stage performances without prohibitive rental costs.","Arts, Culture, and Nightlife Space Constraints","Mobile Stage and Equipment Library: Create a community-owned mobile stage, PA systems and lighting that can be loaned or booked affordably for outdoor events, block parties and small indoor venues, lowering production barriers for organizers.",Fragmented Policy and Governance Architecture,"932 Highway 1, Hebron, NS B5A 5Z5",https://yarmouthrecreation.ca,info@yarmouthrecreation.ca,43.8920249,-66.0943945
Community Access Program (Rental Subsidies),The Bus Stop Theatre Co-op,"The Community Access Program reduces or waives rental fees for non-profit and grassroots arts groups using the Bus Stop Theatre for performances and events, most of which occur in the evening. By directly lowering venue rental costs and providing a professionally equipped, acoustically treated space, the program enables affordable night events and helps minimize neighbourhood noise concerns while supporting young artists and promoters.","Arts, Culture, and Nightlife Space Constraints","Nighttime Activation Micro-Grants: Set up small community micro-grant funds to help artists and grassroots promoters cover rental, licensing and soundproofing costs for night events that activate neighbourhoods and attract young audiences.",Fragmented Policy and Governance Architecture,"2203 Gottingen Street, Halifax, NS B3K 3B5",https://www.thebusstoptheatre.org,info@thebusstoptheatre.org,44.6532641,-63.5849809
Business Energy Solutions (Small Business & Commercial Rebates),Efficiency Nova Scotia (operated by EfficiencyOne),"Efficiency Nova Scotia offers rebates and on-site support that subsidize insulation, window/door upgrades, and HVAC improvements, all of which provide meaningful sound attenuation in addition to energy savings. The program maintains a directory of registered contractors/installers, giving small venues and rehearsal spaces a vetted list of local professionals who can implement acoustic treatments as part of building upgrades.","Arts, Culture, and Nightlife Space Constraints","Noise Mitigation Toolkit and Subsidies: Develop community-led guidance and small subsidy programs for soundproofing and acoustic treatments for small venues and rehearsal rooms, along with local installers' directory and volunteer retrofit teams.",Fragmented Policy and Governance Architecture,"230 Brownlow Avenue, Suite 300, Dartmouth, NS B3B 0G5",https://www.efficiencyns.ca/business/,info@efficiencyns.ca,44.6961793,-63.5809694
Membership and Work‑Trade Access,"Radstorm Halifax (Ink Storm, SADRAD, Halifax Zine Library)","Radstorm operates a volunteer‑run arts and music space that offers rehearsal rooms, show space, and shared equipment to members on a sliding‑scale basis. Members can contribute volunteer labour (work‑trade) to earn or reduce fees for booking rehearsal time and using gear, and they schedule time through Radstorm’s online systems—functioning like a local time‑bank that trades labour for space and equipment access.","Arts, Culture, and Nightlife Space Constraints","Rehearsal Space Time‑Bank or Swap Platform: Build a local online platform or time-bank where bands, theatre groups and venue owners exchange rehearsal hours, volunteer labour or small payments for discounted access to rooms and equipment.",Fragmented Policy and Governance Architecture,"2177 Gottingen Street, Halifax, NS B3K 3B3",https://www.radstorm.org,radstormhalifax@gmail.com,44.6529081,-63.5844735
Open Mic Mondays at The Carleton,The Carleton Music Bar & Grill,"A weekly, hosted open-mic night inside The Carleton’s restaurant-bar gives emerging musicians a no- or low-cost stage embedded in a commercial dining space. The venue also programs frequent small-ticket shows where artists are paid via ticket/cover splits and guarantees, bringing performance directly into a revenue-sharing hospitality setting and building regular opportunities for new talent.","Arts, Culture, and Nightlife Space Constraints","Business-Embedded Artist Residencies: Encourage local restaurants, cafés and shops to host short-term artist residencies or small-scale performances that bring art into commercial spaces, share revenue, and create regular low-cost stages for emerging talent.",Fragmented Policy and Governance Architecture,"1685 Argyle Street, Halifax, NS B3J 2B5",https://www.thecarleton.ca,info@thecarleton.ca,44.6467359,-63.5743817
New Scotland Brewing Taproom Live Music Series,New Scotland Brewing Co.,"New Scotland Brewing hosts near-daily small-scale concerts and jam nights in its downtown Dartmouth taproom, turning a commercial brewery into an accessible performance space. Artists often play ticketed, tip-based, or revenue-shared sets, creating recurring, low-cost stages and informal residencies that support emerging and local talent.","Arts, Culture, and Nightlife Space Constraints","Business-Embedded Artist Residencies: Encourage local restaurants, cafés and shops to host short-term artist residencies or small-scale performances that bring art into commercial spaces, share revenue, and create regular low-cost stages for emerging talent.",Fragmented Policy and Governance Architecture,"16 Portland Street, Dartmouth, NS B2Y 1G9",https://www.newscotlandbrewing.ca,info@newscotlandbrewing.ca,44.6643928,-63.5675655
The Old Triangle Halifax Live Music & Sessions,The Old Triangle Irish Alehouse,"The Old Triangle’s Halifax location presents daily live music and traditional sessions directly in its pub dining rooms, blending performance with food-and-beverage service. Musicians are booked for recurring weekly slots and special sets, with compensation through guarantees, tips, and bar-driven revenue, providing a reliable, low-barrier stage for emerging and folk artists.","Arts, Culture, and Nightlife Space Constraints","Business-Embedded Artist Residencies: Encourage local restaurants, cafés and shops to host short-term artist residencies or small-scale performances that bring art into commercial spaces, share revenue, and create regular low-cost stages for emerging talent.",Fragmented Policy and Governance Architecture,"5136 Prince Street, Halifax, NS B3J 1L4",https://oldtriangle.com,halifax@oldtriangle.com,44.6475599,-63.5722668
The Union Street Live Music Series,The Union Street,"This community-rooted restaurant and pub in Berwick regularly hosts intimate concerts and songwriter nights in its dining space, integrating arts into a commercial venue. Artists benefit from ticket or door splits alongside food-and-beverage revenue, creating repeatable, affordable performance opportunities and informal residencies for emerging talent in the Annapolis Valley.","Arts, Culture, and Nightlife Space Constraints","Business-Embedded Artist Residencies: Encourage local restaurants, cafés and shops to host short-term artist residencies or small-scale performances that bring art into commercial spaces, share revenue, and create regular low-cost stages for emerging talent.",Fragmented Policy and Governance Architecture,"183 Commercial Street, Berwick, NS B0P 1E0",https://theunionstreet.ca,info@theunionstreet.ca,45.0423264,-64.7353391
CBRM Special Event Application,Cape Breton Regional Municipality Recreation Department,"Cape Breton Regional Municipality’s Recreation Department offers an event application and liaison service that helps community organizers secure required permissions for festivals and neighbourhood events. Staff guide applicants through noise by-law exemptions, street closures, insurance coverage, and safety plans, coordinating with municipal services to simplify and speed up temporary permits.","Arts, Culture, and Nightlife Space Constraints","Festival and Block-Party Licensing Simplification: Create a community-led guide and liaison service that helps organizers navigate licensing, insurance and noise rules and negotiates streamlined temporary permits for neighbourhood festivals and late-night cultural events.",Fragmented Policy and Governance Architecture,"320 Esplanade, Sydney, NS B1P 7B9",https://www.cbrm.ns.ca/recreation,recreation@cbrm.ns.ca,46.1371609,-60.1960651
Town of Truro Special Event Application,"Town of Truro Parks, Recreation & Culture","Truro’s Parks, Recreation & Culture team supports organizers with a centralized special event application for festivals, block parties, and cultural activations. They advise on insurance, noise by-law exemptions, street/park use, and coordinate across municipal departments (police, public works, fire) to streamline temporary permits and ensure events meet local regulations.","Arts, Culture, and Nightlife Space Constraints","Festival and Block-Party Licensing Simplification: Create a community-led guide and liaison service that helps organizers navigate licensing, insurance and noise rules and negotiates streamlined temporary permits for neighbourhood festivals and late-night cultural events.",Fragmented Policy and Governance Architecture,"695 Prince Street, Truro, NS B2N 1G5",https://www.truro.ca,recreation@truro.ca,45.3653532,-63.280498
Al Whittle Theatre Volunteer Program,Acadia Cinema Cooperative Ltd.,"Operated by the Acadia Cinema Cooperative, the Al Whittle Theatre runs a comprehensive volunteer program with orientation and role‑specific training for ushers, box office, projection, and event support, including emergency and audience safety procedures. As a co‑operative community venue, the trained volunteer pool is shared across a range of presenters using the theatre, helping reduce labour costs and sustain affordable, year‑round arts programming.","Arts, Culture, and Nightlife Space Constraints","Venue Management Training and Volunteer Network: Run regular training for volunteers and small venue operators on programming, safety, book-keeping, grant writing and community outreach; establish a shared pool of trained volunteers to staff shows and reduce operating costs.",Fragmented Policy and Governance Architecture,"450 Main Street, Wolfville, NS B4P 1E2",https://www.acadiacinema.coop,info@acadiacinema.coop,45.0916851,-64.3627745
Access Nova Scotia – Halifax (Bayers Lake) Service Centre,"Access Nova Scotia (Service Nova Scotia, Government of Nova Scotia)","Front-counter and appointment-based support that helps residents and small businesses register with the Registry of Joint Stock Companies, obtain business-related licences, and complete associated applications. Staff review forms for completeness, verify identification and required documents, submit applications on behalf of clients, and provide status updates or next steps to reduce processing delays.",Regulatory Burden and Slow Permitting,"Community Permit Navigation Hubs: Volunteer-run or nonprofit-staffed centers that help residents and small businesses complete permit and licensing applications, collect required documents, and track submission status to reduce errors and rework.",Fragmented Policy and Governance Architecture,"300 Horseshoe Lake Drive, Unit 100, Halifax, NS B3S 0B7",https://novascotia.ca/sns/access/business/,,44.6384245,-63.6727159
Public Information Meetings (Planning & Development),Municipality of the County of Colchester – Planning & Development,"Colchester’s Planning Department holds Public Information Meetings early in the application process for planning amendments and development agreements. Proponents meet neighbours and municipal staff to discuss site plans, compliance, and mitigation strategies; feedback is incorporated into submissions and staff reports, resolving issues before formal hearings and helping shorten permitting timelines.",Regulatory Burden and Slow Permitting,"Pre-Application Community Consultations: Organize regular community-led forums where project proposers meet neighbours and municipal staff early to identify concerns and align proposals with local guidelines, shortening formal review cycles.",Fragmented Policy and Governance Architecture,"1 Church Street, Truro, NS B2N 3Z5",https://www.colchester.ca/planning,planning@colchester.ca,45.36568,-63.2759567
Pre-Application Consultation and Public Information Meetings (Development Agreements),Town of Wolfville – Planning & Development,"Wolfville’s planning process requires a pre-application meeting with municipal planners and typically a Public Information Meeting early in development agreement applications. These forums bring applicants together with neighbours and staff to identify concerns and align proposals with the Municipal Planning Strategy and Land Use By-law, allowing revisions before formal submission and helping to streamline approvals.",Regulatory Burden and Slow Permitting,"Pre-Application Community Consultations: Organize regular community-led forums where project proposers meet neighbours and municipal staff early to identify concerns and align proposals with local guidelines, shortening formal review cycles.",Fragmented Policy and Governance Architecture,"359 Main Street, Wolfville, NS B4P 1A1",https://www.wolfville.ca,planning@wolfville.ca,45.091537,-64.3591978
BizPaL Nova Scotia,Government of Nova Scotia — Service Nova Scotia (in partnership with ISED Canada and municipalities),"An online tool that generates a customized list of all permits and licences required for a specific business activity and location in Nova Scotia, with direct links to standardized application forms and guidance. By consolidating requirements from provincial and municipal authorities into clear, user-friendly checklists (including for home-based businesses, food trucks, and pop-up shops), BizPaL helps applicants assemble complete submissions and avoid delays.",Regulatory Burden and Slow Permitting,"Standardized Application Templates and Checklists: Develop and distribute clear, localized templates and step-by-step checklists for common permits (home renovations, pop-up shops, food trucks, home-based businesses) so applicants submit complete, consistent files.",Fragmented Policy and Governance Architecture,"Maritime Centre, 1505 Barrington Street, Halifax, NS B3J 3K5",https://bizpal.ca,,44.6444381,-63.5720656
Planning & Inspections – One-Window Counter,Municipality of the County of Kings,"At the County municipal complex, planning, development engineering, building inspection, and by-law staff are co-located to provide a single intake for development and building permits. The team coordinates required external approvals (e.g., Nova Scotia Environment/Public Health for on-site sewage or food premises) and applies published service standards, delivering consolidated comments and decisions to applicants. This one-stop, co-located service shortens permitting timelines and reduces b...",Regulatory Burden and Slow Permitting,"One-Stop Permit Pilot Partnership: Partner with the municipality to run a time-limited one-stop shop pilot that co-locates staff from planning, building, business licensing and health to issue combined decisions within set timelines.",Fragmented Policy and Governance Architecture,"181 Coldbrook Village Park Drive, Coldbrook, NS B4R 1B9",https://www.countyofkings.ca/services/buildingdevelopment.aspx,planning@countyofkings.ca,45.07011,-64.5622267
Community Development – Planning & Building Inspection (One-Stop Permit Counter),Town of Bridgewater,"Bridgewater’s Community Development team co-locates planning, development, and building inspection services at Town Hall, offering a single counter where applicants can initiate and track all approvals. Staff coordinate related municipal licences (e.g., signage, patios) and bring in fire/engineering and provincial health/environmental reviewers as needed to run parallel reviews, providing applicants with consolidated decisions within target timelines. This one-stop approach streamlines housin...",Regulatory Burden and Slow Permitting,"One-Stop Permit Pilot Partnership: Partner with the municipality to run a time-limited one-stop shop pilot that co-locates staff from planning, building, business licensing and health to issue combined decisions within set timelines.",Fragmented Policy and Governance Architecture,"60 Pleasant Street, Bridgewater, NS B4V 3X9",https://www.bridgewater.ca/town-services/planning,planning@bridgewater.ca,44.3755744,-64.5223664
CBRM Planning & Development – Building Permit Reports,Cape Breton Regional Municipality (CBRM),"Cape Breton Regional Municipality publishes monthly and annual building permit summaries detailing permit counts, construction values, and types across communities, alongside development application information. This local reporting enables residents, builders, and policymakers to track construction momentum, identify bottlenecks in approvals, and assess the jobs and housing impacts of delays. The data supports evidence-based reforms to permitting processes and prioritization of projects with...",Regulatory Burden and Slow Permitting,Community Data & Impact Reports: Collect and publish local data on delayed projects' economic and social impacts to build evidence for municipal reform and prioritize permits that drive jobs and housing.,Fragmented Policy and Governance Architecture,"320 Esplanade, Sydney, NS B1P 7B9",https://www.cbrm.ns.ca,cbrm@cbrm.ns.ca,46.1371609,-60.1960651
Heritage Advisory Committee,Town of Annapolis Royal,"Annapolis Royal’s Heritage Advisory Committee is a volunteer community panel that assesses Heritage Alteration Permit applications using the town’s conservation guidelines. Their endorsements on compliant, low-risk changes—such as minor façade updates or signage—allow municipal approvals to proceed more quickly, reducing permitting timelines for small projects and local enterprises in the heritage district.",Regulatory Burden and Slow Permitting,"Volunteer Review Panels for Low‑Risk Projects: Establish trained community review panels to assess and endorse very low-risk applications (temporary events, small home-based businesses) so municipalities can accept those endorsements for faster approval.",Fragmented Policy and Governance Architecture,"285 St. George Street, Annapolis Royal, NS B0S 1A0",https://annapolisroyal.com,admin@annapolisroyal.com,44.7430629,-65.5194887
SCAP Food Safety and Quality Program (Nova Scotia),Nova Scotia Department of Agriculture,"Under the Sustainable Canadian Agricultural Partnership, Nova Scotia offers cost-shared funding to farms and agri-food businesses for regulatory compliance, including HACCP/CanadaGAP development, third-party food safety audits/inspections, and minor equipment or facility upgrades required by regulators. By offsetting the immediate costs of audits, engineering/consulting memos, and compliance retrofits, the program enables applicants to obtain licenses and approvals more quickly and keep proje...",Regulatory Burden and Slow Permitting,"Micro-Grant Program for Fast-Track Compliance: Fund small grants to help applicants meet regulatory requirements quickly (e.g., paying for a required inspection, engineering memo, or minor retrofits) so projects aren't stalled for lack of cash.",Fragmented Policy and Governance Architecture,"74 Research Drive, Bible Hill, NS B6L 2R2",https://novascotia.ca,agprograms@novascotia.ca,45.3890391,-63.2423728
Nova Scotia Take Home Naloxone (THN) Program,Nova Scotia Health – Mental Health & Addictions Program (in partnership with Nova Scotia Department of Health and Wellness),"The provincial Take Home Naloxone (THN) Program provides free naloxone kits and brief overdose response training through a network of community partners including shelters, libraries, community health centres, and pharmacies across Nova Scotia. The program also maintains an online site locator map showing where kits are available and partners on pop-up trainings at community venues, directly aligning with community naloxone distribution, training, and public mapping.","Public Safety, Housing Insecurity, and Substance Use Harms","Community naloxone distribution and training: Organize regular public naloxone training sessions and free kit distribution at community centres, libraries, faith groups, events and shelters, and create a local map of kit locations.",Fragmented Policy and Governance Architecture,"300 Pleasant Street, Dartmouth, NS B2Y 3Z3",https://nsnaloxone.ca,,44.6518651,-63.5493479
Nova Scotia Health Public Drug Alerts,Nova Scotia Health (Public Health),"Nova Scotia Health Public Health operates a province-wide early warning system that tracks toxic drug trends using information from hospital toxicology, Emergency Health Services, harm reduction partners, and public-health laboratories. They issue real-time community alerts through their website and social media and provide printable advisories for shelters, clinics, and community services; they also support partner agencies to offer local drug-checking with fentanyl/xylazine test strips and ...","Public Safety, Housing Insecurity, and Substance Use Harms","Drug-checking and early warning networks: Partner with public-health labs or mobile service providers to host local drug-checking events and create a community alert system (text, social media, posters) to warn about toxic supplies and trends.",Fragmented Policy and Governance Architecture,"7 Mellor Avenue, Dartmouth, NS B3B 0E8",https://www.nshealth.ca,,44.7080123,-63.5790375
LakeCity Tiny Homes,LakeCity Works (LakeCity Employment Services Association),"LakeCity Works designs and builds energy-efficient tiny homes in Dartmouth as part of a social enterprise that supports people living with mental illness. By partnering with municipalities and community housing providers, LakeCity’s tiny homes are used to create small, community-led clusters of dwellings that serve as transitional and supportive housing, with residents connected to on-site or partner-delivered services and clear pathways into longer-term, permanent housing.","Public Safety, Housing Insecurity, and Substance Use Harms","Tiny-house villages and housing co-ops: Develop community-led tiny-house villages and tenant-run housing co-ops that provide safe, affordable transitional housing plus on-site supports and pathways to permanent housing.",Fragmented Policy and Governance Architecture,"386 Windmill Road, Dartmouth, NS B3A 1J7",https://www.lakecityworks.ca,info@lakecityworks.ca,44.6821752,-63.5963227
Eviction Prevention Program,Brunswick Street Mission,"Brunswick Street Mission’s Eviction Prevention Program works directly with tenants and landlords to prevent evictions by mediating payment plans and resolving conflicts early. The program also provides emergency financial assistance for rent arrears, utilities, or damage deposits and offers tenancy coaching to stabilize housing and reduce repeat crises.","Public Safety, Housing Insecurity, and Substance Use Harms","Supportive tenancy and landlord mediation program: Create a community mediation hub to work with landlords and tenants, offering incentives, damage mitigation funds, tenancy coaching and rapid-response support to keep people housed.",Fragmented Policy and Governance Architecture,"2107 Brunswick Street, Halifax, NS B3K 2G5",https://www.brunswickstreetmission.org,info@brunswickstreetmission.org,44.6528574,-63.5810688
MetroWorks Employment Programs and Social Enterprises,MetroWorks Employment Association,"MetroWorks runs employment training and wage-subsidized placements for people facing multiple barriers—including homelessness and recovery from substance use—through employer partnerships and in-house social enterprises (e.g., culinary and catering, landscaping, and other project-based work). Participants receive paid work experience, certifications, and job coaching, with retention supports that include case management and connections to community services. By collaborating with local busine...","Public Safety, Housing Insecurity, and Substance Use Harms","Employment and skills programs for people with lived experience: Partner with local businesses and trades to create apprenticeship, micro-employment, and stipended work opportunities for people exiting homelessness or treatment, with supports for retention.",Fragmented Policy and Governance Architecture,"7071 Bayers Road, Suite 501, Halifax, NS B3L 2C2",https://metroworks.ca,info@metroworks.ca,44.6541222,-63.6273462
Peer Harm Reduction Employment,Ally Centre of Cape Breton,"The Ally Centre employs people with lived experience of homelessness and substance use as paid peer workers to support outreach, education, and client navigation across Cape Breton. Roles are stipended or waged and include training, supervision, and ongoing supports to promote stability and workplace retention, with referrals to treatment, housing, and community services. This model creates micro-employment and supported work experience that can lead to longer-term opportunities with local pa...","Public Safety, Housing Insecurity, and Substance Use Harms","Employment and skills programs for people with lived experience: Partner with local businesses and trades to create apprenticeship, micro-employment, and stipended work opportunities for people exiting homelessness or treatment, with supports for retention.",Fragmented Policy and Governance Architecture,"75 Prince Street, Sydney, NS B1P 5J4",https://www.allycentre.org,admin@allycentre.org,46.1383945,-60.1933187
Halifax Centre of Hope – Community Services & Drop‑In,The Salvation Army – Halifax Centre of Hope,"The Salvation Army’s Halifax Centre of Hope operates a daytime community services and drop-in space that provides warm respite, hot meals, showers, laundry, phone and internet access, mail service, and referrals to housing, health, and substance-use supports. As a church-based provider, it directly implements community respite and warming supports and coordinates with local agencies to connect people experiencing homelessness or housing instability with needed services.","Public Safety, Housing Insecurity, and Substance Use Harms","Community respite spaces and warming centres: Establish short-term daytime respite centres offering warm space, showers, laundry, food, phone access and referrals, run in partnership with community groups and churches.",Fragmented Policy and Governance Architecture,"2044 Gottingen Street, Halifax, NS B3K 3A9",https://salvationarmyhalifax.ca,info@salvationarmyhalifax.ca,44.6510699,-63.5822932
CHOICES: Substance Use and Gambling Program – School & Community Education,IWK Health,"IWK’s CHOICES program offers prevention and early-intervention education for youth, families, and educators, including school presentations and community workshops that provide accurate information about substances, normalize help-seeking, and counter stigma. By centering youth voices and evidence-based harm reduction, CHOICES helps create welcoming, informed school and community environments that improve perceptions of safety and quality of life.","Public Safety, Housing Insecurity, and Substance Use Harms","Public education and anti-stigma campaigns: Run local campaigns, school programs and community dialogues that humanize people who use drugs, correct myths about addiction, and promote inclusive neighbourhoods to improve perceptions of livability.",Fragmented Policy and Governance Architecture,"5850/5980 University Avenue, Halifax, NS B3K 6R8",https://iwk.nshealth.ca/mental-health/choices,,44.6378638,-63.5837315
Rapid Access to Addictions Medicine (RAAM) Clinic – Central Zone (Halifax),Nova Scotia Health,"Nova Scotia Health’s RAAM Clinic provides low-barrier, walk-in assessment and same/next-day initiation of opioid agonist treatment (OAT), including buprenorphine/naloxone. Clinic prescribers coordinate directly with local community pharmacies for rapid first doses and ongoing witnessed dispensing, and they collaborate with primary care to fast-track follow-up and continuity of care. Staff also help patients navigate practical barriers (e.g., transportation supports available through health or...","Public Safety, Housing Insecurity, and Substance Use Harms","Partnerships with pharmacies and primary care for rapid OAT access: Work with local pharmacies and clinics to create walk-in slots and fast-track pathways to opioid agonist treatment (OAT), including community funding for first doses or transportation.",Fragmented Policy and Governance Architecture,"7071 Bayers Road, Halifax, NS B3L 2C2",https://mha.nshealth.ca/en/services/raam-clinic,,44.6541222,-63.6273462
Halifax Situation Table (Collaborative Risk-Driven Intervention),Halifax Regional Municipality — Public Safety Office,"A multi-agency problem-solving table convened by the Public Safety Office that brings together housing, health, policing, justice, and community organizations to share limited client information under strict privacy protocols and coordinated consent. The table enables rapid, cross-agency referrals and jointly monitors patterns (e.g., encampment risks, overdose clusters) to identify system gaps and respond quickly to emerging hot spots in homelessness, substance use, and public safety.","Public Safety, Housing Insecurity, and Substance Use Harms","Local data-sharing and coordinated service navigation: Create a secure, community-led data-sharing forum for service providers and peer organizations to coordinate referrals, track system gaps, and rapidly respond to emerging hot spots of need.",Fragmented Policy and Governance Architecture,"1841 Argyle Street, Halifax, NS B3J 3A5",https://www.halifax.ca,,44.648927,-63.5753248
District 7 Participatory Budgeting (Halifax South Downtown),Halifax Regional Municipality — Councillor Waye Mason (District 7),"Each year, the councillor allocates a portion of the District 7 capital funds for projects that residents propose and vote on directly. The process includes targeted outreach to high schools and youth-serving organizations and invites youth to submit ideas and cast ballots, giving young people hands-on experience in prioritizing neighborhood investments like park upgrades, safety improvements, and community space enhancements.",Youth Voice and Civic Engagement Deficit,"Youth-led Participatory Budgeting: Allocate a portion of municipal or neighbourhood budgets for projects decided directly by youth through participatory budgeting processes, giving young people experience in prioritizing community investments.",Fragmented Policy and Governance Architecture,"1841 Argyle Street, Halifax, NS B3J 3A5",https://www.wayemason.ca/pb/,waye.mason@halifax.ca,44.648927,-63.5753248
HeartWood Centre for Community Youth Development (Youth Engagement & Co-Design),Community Sector Council of Nova Scotia,"HeartWood (now a program area of CSCNS) facilitates community co-design processes across Nova Scotia that bring together youth and local stakeholders to create or improve services, including transportation solutions, housing supports, and employment pathways. Using youth-centered facilitation methods, HeartWood runs workshops and design labs that prioritize the leadership of diverse youth—explicitly engaging rural communities and partnering with Mi’kmaq organizations to ensure Indigenous yout...",Youth Voice and Civic Engagement Deficit,"Community Co-design Workshops: Host regular co-design sessions where youth and community stakeholders jointly develop programs and services (housing, transit, employment supports), using facilitation that centers youth voices, including rural and Mi'kmaq youth.",Fragmented Policy and Governance Architecture,"7071 Bayers Road, Suite 309, Halifax, NS B3L 2C2",https://www.csc-ns.ca,info@csc-ns.ca,44.6541222,-63.6273462
Engage Bridgewater,Town of Bridgewater,"Engage Bridgewater is the Town’s digital civic engagement platform that hosts idea boards, surveys, Q&A, mapping tools, and project updates on topics such as active transportation, climate/energy projects, and public spaces. Youth can easily share ideas, vote or comment on others’ suggestions, and see “What We Heard” and status updates to track how their input shapes municipal decisions.",Youth Voice and Civic Engagement Deficit,"Local Civic Tech Platforms: Develop simple local online platforms or apps where young people can propose ideas, give feedback on plans, track outcomes, and engage in consultations in accessible, youth-friendly formats.",Fragmented Policy and Governance Architecture,"60 Pleasant Street, Bridgewater, NS B4V 3X9",https://www.engagebridgewater.ca,info@bridgewater.ca,44.3755744,-64.5223664
Let’s Talk East Hants,Municipality of East Hants,"Let’s Talk East Hants is an online portal that invites residents to propose ideas, respond to surveys and quick polls, ask questions, and follow project milestones on municipal initiatives. The platform is mobile-friendly and accessible, and it regularly features projects relevant to youth (e.g., recreation, parks, facilities), providing clear updates and outcome summaries so young people can see how their feedback is used.",Youth Voice and Civic Engagement Deficit,"Local Civic Tech Platforms: Develop simple local online platforms or apps where young people can propose ideas, give feedback on plans, track outcomes, and engage in consultations in accessible, youth-friendly formats.",Fragmented Policy and Governance Architecture,"15 Commerce Court, Elmsdale, NS B2S 3K5",https://www.letstalkeasthants.ca,info@easthants.ca,44.9784368,-63.5103035
Engage Wolfville,Town of Wolfville,"Engage Wolfville is the Town’s civic tech platform for community input where users, including youth, can submit ideas, take surveys, join quick polls, and comment on plans ranging from recreation to housing and accessibility. Project pages feature timelines, documents, and “How We Used Your Input” updates, enabling participants to track outcomes and understand the impact of their contributions.",Youth Voice and Civic Engagement Deficit,"Local Civic Tech Platforms: Develop simple local online platforms or apps where young people can propose ideas, give feedback on plans, track outcomes, and engage in consultations in accessible, youth-friendly formats.",Fragmented Policy and Governance Architecture,"359 Main Street, Wolfville, NS B4P 1A1",https://engagewolfville.ca,town@wolfville.ca,45.091537,-64.3591978
Service Learning and Community Engagement (SLCE),Saint Mary’s University,"Saint Mary’s University’s SLCE program embeds community-engaged, for-credit projects within academic courses. Students collaborate with municipalities, nonprofits, and social enterprises to research community-defined challenges and deliver presentations, reports, and policy recommendations directly to partner leadership and public stakeholders.",Youth Voice and Civic Engagement Deficit,School–Community Service Learning: Partner schools with community agencies to offer credit-bearing service-learning projects where students work on real local issues and present recommendations to decision-makers.,Fragmented Policy and Governance Architecture,"923 Robie Street, Halifax, NS B3H 3C3",https://www.smu.ca/academics/service-learning/,,44.6313165,-63.5816691
CBC Creator Network – Atlantic Region,Canadian Broadcasting Corporation (CBC),"CBC’s Creator Network commissions and funds short-form content from emerging and youth creators across Atlantic Canada, including Nova Scotia, providing honoraria, editorial mentorship, and national distribution. By resourcing young storytellers to produce videos, audio features, and digital series about issues that matter to them, the program directly amplifies youth perspectives and helps shape public conversations and policy discourse.",Youth Voice and Civic Engagement Deficit,"Youth-Led Media and Storytelling: Fund youth-produced media projects (podcasts, zines, short films) that amplify young people’s experiences and policy priorities, increasing visibility and influencing public debate.",Fragmented Policy and Governance Architecture,"7067 Chebucto Road, Halifax, NS B3L 1M8",https://www.cbc.ca/creatornetwork,creatornetwork@cbc.ca,44.644273,-63.6185636
ViewFinders: Atlantic International Youth Film Festival,FIN Atlantic International Film Festival,"FIN’s ViewFinders festival showcases youth-made short films and offers workshops and school programs that support young filmmakers to tell stories about their communities, identities, and policy concerns. By exhibiting youth-produced films to public audiences and decision-makers, and by providing resources and recognition, ViewFinders elevates youth voices and influences public debate through film.",Youth Voice and Civic Engagement Deficit,"Youth-Led Media and Storytelling: Fund youth-produced media projects (podcasts, zines, short films) that amplify young people’s experiences and policy priorities, increasing visibility and influencing public debate.",Fragmented Policy and Governance Architecture,"1496 Lower Water Street, Halifax, NS B3J 1R9",https://www.finfestival.ca,info@finfestival.ca,44.6443703,-63.5702203
CKDU 88.1 FM – Youth Programming and Training,CKDU 88.1 FM (Dalhousie Student Union Radio Society),"CKDU, Halifax’s campus-community radio station, provides training, studio access, and on-air slots for youth and student producers to develop and broadcast original radio shows and podcasts on local issues. By equipping young people to create and distribute their own media, CKDU increases the visibility of youth perspectives and enables them to engage the public and policymakers through independent journalism and storytelling.",Youth Voice and Civic Engagement Deficit,"Youth-Led Media and Storytelling: Fund youth-produced media projects (podcasts, zines, short films) that amplify young people’s experiences and policy priorities, increasing visibility and influencing public debate.",Fragmented Policy and Governance Architecture,"6136 University Avenue, Halifax, NS B3H 4J2",https://www.ckdu.ca,info@ckdu.ca,44.6367223,-63.5892308
Cape Breton Connect,Cape Breton Regional Municipality (CBRM) Recreation Department,"Cape Breton Connect is a searchable, region-wide directory of sport, recreation, and community programs across Cape Breton. Community organizations and residents submit and update listings that are moderated by municipal recreation staff, keeping information current and reducing duplication. The site offers print-friendly listings that partners and libraries use to produce seasonal or local program booklets for families and youth.",Fragmented Governance and Data Silos,"Community Services Directory (crowd-sourced): Build and maintain a simple, searchable, crowd-sourced directory of local programs, supports and contact points (accessible online and as a printable booklet). Community organizations, libraries, schools and residents contribute updates, keeping information current and reducing duplication for youth and families navigating services.",Fragmented Policy and Governance Architecture,"320 Esplanade, Sydney, NS B1P 7B9",https://capebretonconnect.ca,recreation@cbrm.ns.ca,46.1371609,-60.1960651
Highland Connect,Pictou-Antigonish Regional Library (with regional recreation partners),"Highland Connect is an online directory covering Antigonish, Guysborough, and Pictou counties that aggregates local programs, community groups, and recreation opportunities. Community organizations, libraries, and municipal recreation partners contribute and maintain listings, enabling a crowd-sourced approach to keep details accurate and comprehensive. The library supports residents by printing tailored, print-friendly listings and occasional booklet-style guides for easy offline navigation.",Fragmented Governance and Data Silos,"Community Services Directory (crowd-sourced): Build and maintain a simple, searchable, crowd-sourced directory of local programs, supports and contact points (accessible online and as a printable booklet). Community organizations, libraries, schools and residents contribute updates, keeping information current and reducing duplication for youth and families navigating services.",Fragmented Policy and Governance Architecture,"283 Main Street, Antigonish, NS B2G 2C3",https://highlandconnect.ca,parl@parl.ns.ca,45.6222172,-61.9921347
SchoolsPlus (Integrated Service Delivery for Students and Families),Nova Scotia Department of Education and Early Childhood Development,"SchoolsPlus is a province-wide initiative that provides a single access point in schools to coordinate supports from education, mental health, justice, and community organizations using a shared consent and referral process. The common intake streamlines navigation for youth and caregivers, allowing partner agencies to receive standardized referral information and reduce repeated paperwork as students move between services.",Fragmented Governance and Data Silos,"Shared Intake & Referral Toolkit: Co-create a lightweight shared intake and referral form and referral pathways that local organizations can adopt. Standardized intake reduces repeated paperwork for young people, speeds handoffs between agencies, and makes it easier to track who is being served without centralizing sensitive personal data.",Fragmented Policy and Governance Architecture,"2021 Brunswick Street, Halifax, NS B3K 2Y5",https://novascotia.ca,,44.6515893,-63.5789189
SchoolsPlus Hub – Auburn Drive Family of Schools,Halifax Regional Centre for Education (SchoolsPlus),"SchoolsPlus is a province-wide, school-based navigation hub where SchoolsPlus Facilitators and Community Outreach Workers help young people and families access and coordinate services. At the Auburn Drive hub, staff provide warm referrals to mental health, employment, housing, recreation, and other community programs, and they host partner agencies on-site and virtually. The hub also feeds recurring barriers and service gaps back to the Halifax Regional Centre for Education and provincial par...",Fragmented Governance and Data Silos,"Local Navigation Hubs with Youth Navigators: Establish physical and virtual community navigation hubs staffed by trained youth navigators or volunteers who guide young people to programs, help with referrals, and keep local partner organizations informed about recurring barriers and service gaps.",Fragmented Policy and Governance Architecture,"300 Auburn Drive, Cole Harbour, NS B2W 6E9",https://www.hrce.ca,schoolsplus@hrce.ca,44.6865923,-63.4856469
Halifax Community Data Consortium (Community Data Program),Halifax Regional Municipality,"Through the national Community Data Program, Halifax Regional Municipality convenes a local consortium of municipal departments, nonprofits, school and health partners, and post-secondary institutions to pool resources for access to custom, aggregated datasets (e.g., Statistics Canada and administrative data). Membership agreements, shared governance, and data-sharing protocols set clear rules for access and use, with standardized suppression to protect privacy. This cooperative model enables...",Fragmented Governance and Data Silos,"Community Data Cooperative (data trust): Form a voluntary cooperative of local nonprofits, schools and municipal partners to share aggregated, anonymized service-use data. The cooperative sets rules for access and use, enabling joint planning while keeping control in community hands and protecting privacy.",Fragmented Policy and Governance Architecture,"1841 Argyle Street, Halifax, NS B3J 3A5",https://communitydata.ca,contactus@halifax.ca,44.648927,-63.5753248
Health Data Nova Scotia (HDNS),"Dalhousie University, Faculty of Medicine","HDNS acquires, de-identifies, links, and curates administrative datasets from Nova Scotia Health, IWK Health, and provincial departments for secure, governed use by researchers, planners, and community partners. Formal data-sharing agreements, a privacy-by-design access process, and disclosure control enable the use of aggregated, anonymized data for system planning and service improvement. This breaks down institutional silos while ensuring data ownership and decision-making remain with the ...",Fragmented Governance and Data Silos,"Community Data Cooperative (data trust): Form a voluntary cooperative of local nonprofits, schools and municipal partners to share aggregated, anonymized service-use data. The cooperative sets rules for access and use, enabling joint planning while keeping control in community hands and protecting privacy.",Fragmented Policy and Governance Architecture,"Sir Charles Tupper Medical Building, 5850 College Street, Halifax, NS B3H 4R2",https://www.hdns.ca,hdns@dal.ca,44.6396947,-63.5841751
Between the Bridges Community Tables (Dartmouth North),Inspiring Communities,"Between the Bridges uses a collective impact approach to host regular, neighbourhood-level roundtables where youth groups, employers, schools/NSCC, Indigenous partners, municipal staff, and residents coordinate actions on priorities like education-to-employment pathways. Meetings are held at rotating community locations and the initiative publishes short public updates and shared next steps, which reduces duplication and helps partners align services for local youth.",Fragmented Governance and Data Silos,"Quarterly Cross-Sector Roundtables: Host regular, neighbourhood-level roundtables where representatives from youth organizations, employers, post-secondary institutions, Indigenous partners and municipal staff share updates, align programs and agree simple next steps. Rotate meeting hosts and publish brief public notes to reduce duplication.",Fragmented Policy and Governance Architecture,"134 Pinecrest Drive, Dartmouth, NS B3A 2J9",https://inspiringcommunities.ca/initiatives/between-the-bridges,info@inspiringcommunities.ca,44.6840102,-63.5887511
Nova Scotia Works Events Calendar,"Department of Labour, Skills and Immigration (Government of Nova Scotia)","Nova Scotia Works provides a province-wide events calendar listing workshops, training sessions, job fairs, and mentorship opportunities offered by a network of local NS Works Centres and partner organizations. Entries are maintained by community-based service providers across regions and can be filtered by topic and location, with linked details on where and when sessions run—helping youth and jobseekers navigate programs and avoid duplication across agencies.",Fragmented Governance and Data Silos,"Open Program Map and Calendar: Create an interactive map and shared calendar displaying where and when programs run (workshops, training, mentorship, events). Community groups update their entries; youth can filter by interest, location and accessibility, improving visibility and coordination.",Fragmented Policy and Governance Architecture,"1505 Barrington Street, Halifax, NS B3J 3K5",https://www.novascotiaworks.ca/events,,44.6445647,-63.5723991
Volunteer Program,Nova Scotia Archives,"Nova Scotia Archives operates an ongoing Volunteer Program where trained volunteers transcribe, describe, and index records using standardized metadata and cataloguing practices. Volunteers receive guidance on handling sensitive information and contribute to searchable databases shared with libraries, museums, and community researchers across the province. This community steward model improves data quality and consistency in shared systems that many organizations rely on.",Fragmented Governance and Data Silos,"Volunteer Data Stewards Network: Train a network of volunteer data stewards drawn from libraries, community centres and colleges to help smaller organizations manage basic data tasks (cataloguing programs, anonymizing records, updating shared systems) and to support consistent data quality across the community.",Fragmented Policy and Governance Architecture,"6016 University Avenue, Halifax, NS B3H 1W4",https://archives.novascotia.ca,archives@novascotia.ca,44.6376263,-63.5859381
Municipal Archives Volunteer Program,Halifax Municipal Archives,"Halifax Municipal Archives engages community volunteers to help process, describe, and digitize municipal records while applying consistent description and metadata standards in the Archives’ shared catalogue. Volunteers are trained in records handling, basic data cleanup, and privacy-aware description, supporting the responsible use of information across departments and by community users. By updating central systems used by multiple civic programs, volunteers function as data stewards who e...",Fragmented Governance and Data Silos,"Volunteer Data Stewards Network: Train a network of volunteer data stewards drawn from libraries, community centres and colleges to help smaller organizations manage basic data tasks (cataloguing programs, anonymizing records, updating shared systems) and to support consistent data quality across the community.",Fragmented Policy and Governance Architecture,"81 Ilsley Avenue, Unit 11, Dartmouth, NS B3B 1L5",https://www.halifax.ca,archives@halifax.ca,44.7019104,-63.589363
MLIS Practicum and Community Projects,"Dalhousie University, School of Information Management","Dalhousie University’s School of Information Management places graduate students with libraries, archives, nonprofits, and small public agencies across Nova Scotia to undertake information and data management tasks. Students act as data stewards—cataloguing program information, designing metadata schemas, cleaning and anonymizing datasets, and implementing data management plans that connect to shared systems. This creates a province-wide network of trained practitioners who help smaller organ...",Fragmented Governance and Data Silos,"Volunteer Data Stewards Network: Train a network of volunteer data stewards drawn from libraries, community centres and colleges to help smaller organizations manage basic data tasks (cataloguing programs, anonymizing records, updating shared systems) and to support consistent data quality across the community.",Fragmented Policy and Governance Architecture,"6100 University Avenue, Halifax, NS B3H 4R2",https://www.dal.ca/faculty/management/school-of-information-management.html,sim@dal.ca,44.6370686,-63.5882484
Mi’kmaw Ethics Watch,Cape Breton University,"The Mi’kmaw Ethics Watch oversees research and data practices involving Mi’kmaw communities and organizations in Nova Scotia, ensuring culturally governed privacy and data-sharing. It requires formal data-sharing and research agreements that include community consent processes, plain-language scripts, and clear provisions for anonymization, ownership, access, retention, and destruction—templates that local partners sign before any data exchange. This framework enables safe, coordinated inform...",Fragmented Governance and Data Silos,"Community Privacy & Data-Sharing Agreement Template: Develop an easy-to-use template agreement and privacy guidelines that local organizations can sign to enable safe, limited data sharing for coordination. Include plain-language consent scripts for youth and families, and practical clauses about anonymization and retention.",Fragmented Policy and Governance Architecture,"1250 Grand Lake Road, Sydney, NS B1P 6L2",https://www.cbu.ca/indigenous/mikmaw-ethics-watch/,mew@cbu.ca,46.147592,-60.144472
Pathways to Education — Spryfield,Chebucto Connections (in partnership with Pathways to Education Canada),"Pathways to Education in Spryfield supports high school youth with academic, social, and financial supports delivered by Chebucto Connections. The program implements a national shared outcomes framework co-designed across Pathways sites, tracking standardized indicators such as attendance, credit accumulation, graduation, post-secondary enrollment, and participant satisfaction, which are aggregated and reported to Pathways to Education Canada and local partners. Using common metrics enables c...",Fragmented Governance and Data Silos,"Shared Outcomes Framework for Youth Programs: Co-design a small set of shared outcome measures (e.g., employment/education status, skill development, satisfaction) that local groups agree to report in an aggregated way. Shared metrics make collaborative planning easier and reduce duplicative reporting.",Fragmented Policy and Governance Architecture,"531 Herring Cove Road, Unit C, Halifax, NS B3R 1X3",https://www.chebuctoconnections.ca/pathways-to-education/,info@chebuctoconnections.ca,44.6009646,-63.6087078
Youth Outreach Program (YOP) — Phoenix Youth Programs,Phoenix Youth Programs (funded by Nova Scotia Department of Community Services),"Phoenix’s Youth Outreach Program engages marginalized youth through outreach, case management, and referrals to education, employment, housing, and health services. As a provincially funded YOP provider, Phoenix reports to the Department of Community Services using a shared set of outcome indicators across agencies (e.g., school engagement, employment/education status, housing stability, skills gains, and client satisfaction) within standardized reporting systems, enabling aggregate analysis ...",Fragmented Governance and Data Silos,"Shared Outcomes Framework for Youth Programs: Co-design a small set of shared outcome measures (e.g., employment/education status, skill development, satisfaction) that local groups agree to report in an aggregated way. Shared metrics make collaborative planning easier and reduce duplicative reporting.",Fragmented Policy and Governance Architecture,"6035 Coburg Road, Halifax, NS B3H 1Y8",https://phoenixyouth.ca,info@phoenixyouth.ca,44.6401275,-63.5877873
ACOA Success Stories,Atlantic Canada Opportunities Agency (ACOA),"The Atlantic Canada Opportunities Agency (ACOA) publishes written and video success stories highlighting Nova Scotia entrepreneurs, innovators, and community builders. Shared on a central website and across federal social media channels, these authentic profiles showcase opportunity and quality of life in Nova Scotia, countering outmigration narratives and supporting talent and business attraction.",Provincial Brand and Talent Attraction Narrative,"Community Storytelling Campaign: Collect and share short, locally produced stories (video, audio, written) of residents who built fulfilling lives here — alumni, entrepreneurs, tradespeople, artists. Distribute via social channels, local media, and a central website to replace negative narratives with authentic, place-based experiences.",Fragmented Policy and Governance Architecture,"5151 Terminal Road, 14th Floor, Halifax, NS B3J 1A1",https://www.canada.ca/en/atlantic-canada-opportunities-agency/news/stories.html,acoa.information@acoa-apeca.gc.ca,44.648618,-63.5859487
CBU Stories,Cape Breton University,"Cape Breton University publishes ‘CBU Stories’—written and video features on students, alumni, and community partners who live, work, and build careers in Cape Breton–Unama’ki. Shared on the CBU newsroom and social channels, these narratives highlight thriving paths in sectors like healthcare, trades, tourism, and culture, advancing a welcoming, opportunity-rich image of the region.",Provincial Brand and Talent Attraction Narrative,"Community Storytelling Campaign: Collect and share short, locally produced stories (video, audio, written) of residents who built fulfilling lives here — alumni, entrepreneurs, tradespeople, artists. Distribute via social channels, local media, and a central website to replace negative narratives with authentic, place-based experiences.",Fragmented Policy and Governance Architecture,"1250 Grand Lake Road, Sydney, NS B1M 1A2",https://www.cbu.ca/newsroom/,alumni@cbu.ca,46.147592,-60.144472
StFX Alumni Stories,St. Francis Xavier University (Alumni Affairs),"St. Francis Xavier University features alumni stories that showcase Nova Scotians building meaningful careers and community impact across Antigonish and the province, in written profiles, videos, and podcasts. Disseminated through the university’s website, newsletters, and social media, the series provides authentic, place-based narratives that support talent retention and return.",Provincial Brand and Talent Attraction Narrative,"Community Storytelling Campaign: Collect and share short, locally produced stories (video, audio, written) of residents who built fulfilling lives here — alumni, entrepreneurs, tradespeople, artists. Distribute via social channels, local media, and a central website to replace negative narratives with authentic, place-based experiences.",Fragmented Policy and Governance Architecture,"4130 University Avenue, Antigonish, NS B2G 2W5",https://www.stfx.ca/alumni,alumni@stfx.ca,45.6191732,-61.9966544
Dal Alumni Link,Dalhousie University,"Dal Alumni Link is Dalhousie University’s mentoring and networking platform that connects students and recent graduates with alumni for 1:1 mentorship, virtual Q&A sessions, and panel discussions. Alumni volunteers—including many who have returned to Nova Scotia—serve as visible ambassadors by sharing career paths and why they choose to live and work in the province, supporting talent attraction and retention.",Provincial Brand and Talent Attraction Narrative,"Alumni & Returner Ambassador Program: Recruit alumni and successful returners as volunteer ambassadors to host talks, panels, virtual Q&A sessions, and mentorship for students and prospective returnees. Promote ambassadors through schools, post‑secondary institutions, and industry groups to create visible role models.",Fragmented Policy and Governance Architecture,"6299 South Street, Halifax, NS B3H 4R2",https://alumnilink.dal.ca,alumni@dal.ca,44.6361402,-63.593144
TEAM Work Cooperative - Employer Information Sessions & Recruitment Events,TEAM Work Cooperative (Nova Scotia Works Halifax),"TEAM Work Cooperative, a Nova Scotia Works employment centre, regularly hosts employer information sessions, sector spotlights, and in-house recruitment events where local companies and trades employers present career pathways, training/apprenticeship options, and workplace culture. These open-house style events invite residents, recent graduates, and alumni to meet hiring managers, apply on the spot, and receive take-home materials highlighting opportunities to build a career in Nova Scotia.",Provincial Brand and Talent Attraction Narrative,"Community Employer Showcase Series: Organize monthly employer open‑houses and sector showcases where local businesses, trades guilds, and startups present career paths, apprenticeships, and company culture to residents and alumni. Combine with on‑the‑spot recruitment and promotional materials highlighting local opportunity.",Fragmented Policy and Governance Architecture,"7051 Bayers Road, Suite 501, Halifax, NS B3L 4V2",https://teamworkbridge.org,info@teamworkbridge.org,44.6542614,-63.625934
Gran Fondo Baie Sainte‑Marie,Municipality of Clare Recreation Services,"A signature cycling festival in the Municipality of Clare that pairs scenic routes with an expo, Acadian cuisine, and local music, immersing participants in the area’s culture and community life. The event showcases the region’s active lifestyle and hospitality, creating ideal recruitment moments where alumni and newcomers can engage with local organizers and learn about living and working in southwestern Nova Scotia.",Provincial Brand and Talent Attraction Narrative,"Place‑based Festivals and Open Doors: Expand and market local festivals, arts walks, and industry open‑days that showcase community culture, food, creative economies, and quality of life. Use these events as recruitment touchpoints for alumni and newcomers to experience the community firsthand.",Fragmented Policy and Governance Architecture,"1185 Highway 1, Little Brook, NS B0W 1Z0",https://granfondobaiesaintemarie.ca,info@granfondobaiesaintemarie.ca,44.3106466,-66.1183927
Cape Breton University Summer Accommodations,Cape Breton University Residence & Conference Services,"CBU rents furnished residence rooms and suites on a short-term basis during the summer to students, visiting professionals, and people relocating to Cape Breton. These flexible, move-in-ready stays provide a low-commitment bridge while newcomers and returning alumni secure longer-term housing in the region.",Provincial Brand and Talent Attraction Narrative,"Housing & Shared Living Initiatives: Pilot community-led solutions such as co‑living houses, renovation-to‑rent programs, or incentive schemes for landlords to offer flexible short-term leases to returning alumni and early-career residents to lower relocation barriers.",Fragmented Policy and Governance Architecture,"1250 Grand Lake Road, Sydney, NS B1M 1A2",https://www.cbu.ca/residence/,residence@cbu.ca,46.147592,-60.144472
Urban Farm & Community Gardens,Urban Farm Museum Society of Spryfield,"The Urban Farm Museum Society of Spryfield stewards community gardens, an orchard, and public programming that activate local green spaces as welcoming, intergenerational gathering places. Through volunteer work bees, school partnerships, and local sponsorships, the farm adds garden beds, signage, and community art that showcase neighbourhood pride and invite people to connect outdoors.",Provincial Brand and Talent Attraction Narrative,"Community Placemaking and 'Welcome' Improvements: Invest volunteer time, small grants, and local business sponsorship into visible placemaking projects — murals, parks, bike routes, community gardens — and clear signage that make neighborhoods attractive and signal a welcoming, vibrant place to live.",Fragmented Policy and Governance Architecture,"Captain William Spry Community Centre, 16 Sussex Street, Halifax, NS B3R 1N8",https://www.facebook.com/urbanfarmspryfield,urbanfarmspryfield@gmail.com,44.6093578,-63.6184154
Tourism HR Nova Scotia – HR Toolkit for Tourism Operators,Tourism Industry Association of Nova Scotia (TIANS) / Tourism HR Nova Scotia,"Tourism HR Nova Scotia offers an HR toolkit with downloadable templates (job descriptions, postings, onboarding checklists) and step-by-step guides that help small tourism businesses strengthen employer branding and recruitment. They deliver workshops and webinars on crafting compelling job ads and short social video content that showcases workplace culture, benefits, and pathways from seasonal roles into long-term careers, all anchored in the appeal of living and working in Nova Scotia.",Provincial Brand and Talent Attraction Narrative,"Employer Branding Toolkit for Small Businesses: Develop an easy toolkit and templates local businesses can use to communicate workplace culture, benefits, career pathways, and remote-friendly roles. Host workshops to help employers produce job postings and short recruitment videos that sell living and working locally.",Fragmented Policy and Governance Architecture,"2089 Maitland Street, Halifax, NS B3K 2Z8",https://tourismhrnovascotia.ca,tians@tians.org,44.6519136,-63.5816587
Town of Antigonish Youth Advisory Committee,Town of Antigonish,"The Youth Advisory Committee engages local high-school and post-secondary youth to advise Town Council on municipal policies, priorities, and youth-friendly initiatives. Participants co-design community events and outreach that highlight Antigonish as a great place for young people to live and lead. By formalizing youth voices in decision-making and public communications, the committee advances the solution’s aim of visible youth leadership that reshapes attraction narratives.",Provincial Brand and Talent Attraction Narrative,"Youth & Young Leader Civic Engagement Program: Create youth councils and paid internship projects that put young people in leadership roles shaping local policy, events, and marketing. Visible youth leadership helps change narratives about opportunity and makes the community more attractive to peers.",Fragmented Policy and Governance Architecture,"274 Main Street, Antigonish, NS B2G 2C4",https://www.townofantigonish.ca,info@townofantigonish.ca,45.6227052,-61.99171
