Program,Organization,Description,Challenge,Solution,Theme,Address,Website,Email,Latitude,Longitude
Team Member Housing,Cabot Cape Breton,"Cabot Cape Breton operates dedicated, employer-provided staff housing near its resort properties in Inverness, including purpose-built accommodations and blocks of local rentals secured for seasonal staff. By lowering housing barriers for new hires—many of whom are young workers relocating for hospitality roles—and coordinating with community landlords, this employer-assisted housing supports recruitment and retention in a tight local rental market.",Housing Affordability and Availability,"Employer-Community Housing Partnerships: Coordinate between local employers, chambers of commerce and community groups to develop employer-assisted housing (rent guarantees, down-payment support, dedicated rental blocks) targeted at recruiting and retaining young workers.",Negative Narrative and Perception Trap,"18 Whitman Way, Inverness, NS B0E 1N0",,careers@cabotcapebreton.com,46.2307181,-61.3056432
Halifax Modular Supportive Housing – Chain Lake Site,Out of the Cold Community Association (operating for Halifax Regional Municipality),"Halifax Regional Municipality partnered with Out of the Cold Community Association to deploy modular, tiny-home–style units as transitional housing at the Chain Lake Drive site. The village of prefabricated units provides private sleeping spaces with shared supports, creating a rapid, pop-up community that gives people (including younger residents starting work or returning to the city) stable housing while longer-term supply is built.",Housing Affordability and Availability,Pop-up and Tiny Home Transitional Housing: Organize temporary tiny-home villages or repurpose modular units on community-owned sites to provide transitional housing for young people moving back or starting careers while permanent supply is developed.,Negative Narrative and Perception Trap,"61 Chain Lake Drive, Halifax, NS B3S 1A9",,info@outofthecold-hfx.ca,44.6460288,-63.6723903
Workforce Development Employer Roundtables,Halifax Partnership,"Halifax Partnership regularly hosts employer-education roundtables that gather local companies, universities, NSCC, and training providers to surface real-time skill gaps and coordinate responses. These sessions inform curriculum tweaks, help partners stand up targeted micro-credentials, and secure employer commitments for internships, co-ops, and entry-level roles; the Partnership publishes labour market insights and meeting takeaways that education partners use to adjust programming.",Skills Mismatch and Training Pathways,"Community Employer-Education Roundtables: Regular local roundtables where employers, high schools, community colleges, universities, and training providers map current and emerging skill needs, co-design curricula, and commit to concrete co-op/apprenticeship slots. The community organizes and documents outcomes so training aligns to local demand.",Negative Narrative and Perception Trap,"1809 Barrington Street, Suite 1100, Halifax, NS B3J 3K8",,info@halifaxpartnership.com,44.6489899,-63.5745798
Techsploration Program,Techsploration,"Techsploration connects female and gender-diverse students in grades 9–12 with women role models working in skilled trades, engineering, and technology across Nova Scotia. Through workplace tours, dedicated job shadowing days, and hands-on team projects guided by volunteer mentors, participants gain career awareness, develop communication and teamwork skills, and build direct connections with potential employers—closely aligning youth learning with real industry needs.",Skills Mismatch and Training Pathways,"Youth Career Mentorship Network: A volunteer-based network linking local professionals and tradespeople with young people for short-term job shadowing, project mentorship, and mock workplace projects — improving career awareness and soft skills while building employer connections.",Negative Narrative and Perception Trap,"100 Ilsley Avenue, Unit 110, Dartmouth, NS B3B 1L3",,info@techsploration.ca,44.6994707,-63.5871837
SuperNOVA Mobile Camps and Workshops,SuperNOVA at Dalhousie University,"SuperNOVA at Dalhousie University delivers mobile STEM programs—such as coding, robotics, and digital design—by bringing equipment, instructors, and pop-up labs to rural schools and community venues across Nova Scotia. These short, hands-on workshops build foundational tech skills aligned with emerging workforce needs and help bridge school-to-work pathways by exposing youth to practical, in-demand competencies.",Skills Mismatch and Training Pathways,"Mobile Training and Maker Labs: A traveling training unit or pop-up maker lab that brings hands-on, short-term training (e.g., welding, coding bootcamps, digital media) to rural communities, lowering barriers to accessing in-demand skills nearby.",Negative Narrative and Perception Trap,"1360 Barrington Street, Halifax, NS B3J 1Z1",,supernova@dal.ca,44.6426993,-63.5720957
Halifax Partnership Labour Market Dashboard and Halifax Index,Halifax Partnership,"Halifax Partnership publishes real-time labour market dashboards and the annual Halifax Index, tracking job postings by occupation and skills, labour force trends, and longer-term demographic and industry forecasts for the Halifax region. These insights are used by employers, post-secondary institutions, and training providers to target priority skills and adjust programs, guiding students and job seekers toward areas of current and projected demand.",Skills Mismatch and Training Pathways,"Community Skills Forecast and Vacancy Board: A publicly accessible local dashboard maintained by community partners showing short-term and long-term employer needs, projected vacancies, and priority skills — used to guide training providers and student choices.",Negative Narrative and Perception Trap,"1809 Barrington Street, Suite 1201, Halifax, NS B3J 3K8",,info@halifaxpartnership.com,44.6489899,-63.5745798
Ski Cape Smokey Winter Experience Packages,Cape Smokey Holding Ltd.,"Ski Cape Smokey coordinates lift tickets, gondola rides, equipment rentals, lessons, and guided snowshoe experiences with partner restaurants and accommodations on the Cabot Trail to create bundled winter getaways. These packages promote multi-operator itineraries during the island’s off-season, increasing visitor length of stay and spend across local businesses. The model extends tourism revenues and winter staffing beyond the traditional summer peak in rural Cape Breton.",Limited Economic Diversification Outside Halifax,"Off-season tourism cooperatives and experience packages: Coordinate tourism operators to offer bundled off-season experiences (food trails, workshops, adventure weekends) to smooth seasonal employment and extend revenues.",Negative Narrative and Perception Trap,"38696 Cabot Trail, Ingonish Beach, NS B0C 1L0",,,46.6449008,-60.4034171
"Authentic Seacoast Off-Season Getaways (Distillery, Brewery & Inn Packages)",Authentic Seacoast Company,"Authentic Seacoast bundles accommodation at DesBarres Manor Inn with tours and tastings at its craft distillery and brewery, culinary experiences, and guided outdoor activities in and around Guysborough. By coordinating multiple experiences and partners, it offers curated shoulder- and winter-season packages that bring visitors to a rural community outside Halifax. This integrated approach smooths seasonality and sustains local employment across hospitality and craft producers.",Limited Economic Diversification Outside Halifax,"Off-season tourism cooperatives and experience packages: Coordinate tourism operators to offer bundled off-season experiences (food trails, workshops, adventure weekends) to smooth seasonal employment and extend revenues.",Negative Narrative and Perception Trap,"75 Ferry Lane, Guysborough, NS B0H 1N0",,info@authenticseacoast.com,45.3923746,-61.5007534
CCA Sponsorship Program,Shannex Incorporated,"Shannex’s CCA Sponsorship Program hires candidates into paid trainee roles and covers tuition and program fees for accredited Continuing Care Assistant education at local colleges. The employer-paid training, guaranteed employment upon graduation, and flexible scheduling during academic terms reduce financial pressure and student debt for early‑career workers, directly aligning with tuition reimbursement and flexible hiring to keep talent in Nova Scotia.",Affordable Post-Secondary and Student Debt,"Local Employer Tuition Reimbursement and Flexible Hiring: Encourage area employers to offer tuition reimbursement, continuing education stipends, and flexible schedules for early-career workers, reducing pressure to leave for higher pay elsewhere.",Negative Narrative and Perception Trap,"1344 Summer Street, Suite 1201, Halifax, NS B3H 0A8",,,44.6397624,-63.5829145
IWK Family Room (On-site Child-Minding),Ronald McDonald House Charities Atlantic in partnership with IWK Health,"Staffed by trained volunteers, the IWK Family Room provides short-notice, supervised child-minding and respite support for families at the hospital, including evenings and weekends. This vetted volunteer network offers safe, temporary babysitting for siblings and children so parents can attend urgent appointments or care for hospitalized family members.",Access to Childcare and Family Supports,"Volunteer and Emergency Babysitting Network: A vetted community roster of trained volunteers and peer babysitters who can provide short-notice, evenings or weekend coverage for parents in need.",Negative Narrative and Perception Trap,"IWK Health Centre, 5850 University Avenue, Halifax, NS B3K 6R8",,info@rmhcatlantic.ca,44.6378638,-63.5837315
People & Culture Peer Group,Digital Nova Scotia,"Digital Nova Scotia convenes HR and People leaders from member tech companies in an ongoing peer group to exchange policies and templates for flexible work, including compressed workweeks, core-hours frameworks, and hybrid/remote arrangements. Through the peer group and its DigiPort resources, employers co-develop and implement mental‑health benefits and leave policies, helping reduce burnout and strengthen retention of young tech talent across Nova Scotia.",Healthcare and Mental Health Access,"Employer coalitions promoting flexible work and leave: Local businesses form coalitions to share best practices and jointly offer flexible schedules, compressed workweeks, and mental-health leave policies that reduce burnout and improve retention of young workers.",Negative Narrative and Perception Trap,"7071 Bayers Road, Suite 309, Halifax, NS B3L 2C2",,info@digitalnovascotia.com,44.6541222,-63.6273462
Community Wheels (East Hants Community Rider),Community Wheels,"Community Wheels is a non-profit community transit service providing pre-booked, wheelchair-accessible, door-to-door transportation throughout East Hants. Funded through a mix of fares, community fundraising, and government support, it removes transportation barriers for people with disabilities, enabling access to jobs, health care, and social activities in rural areas.","Inclusion, Racism, and Systemic Barriers","Accessibility Upgrades and Accessible Transit Initiatives: Mobilize community fundraising and municipal advocacy to improve physical accessibility in public spaces and increase affordable, accessible transit options so people with disabilities can fully participate in work and community life.",Negative Narrative and Perception Trap,"224 Highway 236, Kennetcook, NS B0N 1P0",,info@communitywheels.ca,45.1604916,-63.7416854
Dalhousie Rideshare (RideShark),Dalhousie University – Office of Sustainability,"Dalhousie’s rideshare platform matches students, staff, and their partners for carpools, reducing commuting time and cost while expanding access to job sites, classes, and childcare across HRM. By coordinating shared rides and offering commuter tools through the Office of Sustainability, the program removes transportation barriers that often deter young families from staying in the region.","Retention of Students, Graduates, and Newcomers","Community Childcare & Transit Solutions: Locally organized childcare co-ops, employer-subsidized spots and ride-share networks that remove practical barriers to employment for young families and partners.",Negative Narrative and Perception Trap,"6299 South Street, Halifax, NS B3H 4R2",,sustainability@dal.ca,44.6361402,-63.593144
The PIER Community Events & Demo Days,The PIER at the Halifax Seaport,"The PIER at the Halifax Seaport runs industry meetups, member demo days, and knowledge-sharing sessions focused on supply chain, logistics, and ocean innovation. By gathering startups, corporates, students, and remote workers in a living-lab environment, these events foster collaborations and make local career pathways more visible.",Brain Drain to Larger Markets and Remote Employers,"Local Networking & Industry Nights: Host regular sector-specific meetups, hackathons and demo nights that bring employers, students and remote workers together to build professional networks and visible career opportunities.",Negative Narrative and Perception Trap,"1209 Marginal Road, Halifax, NS B3H 4P8",,,44.6408016,-63.5661452
Equity & Access in the Arts Program,Arts Nova Scotia,"Arts Nova Scotia’s Equity & Access in the Arts provides small, flexible project grants to artists and collectives from communities facing barriers (including Indigenous, African Nova Scotian/Black, racialized, Deaf, disabled, and 2SLGBTQIA+ artists). It offers streamlined applications and quick turnaround funding that can cover materials, short-term venue rental, and promotion, directly aligning with a microgrant model that prioritizes underrepresented creators.","Support for Arts, Culture, and Creative Industries","Community Arts Microgrant Program: Create a locally administered microgrant fund (seeded by municipality, businesses, and donors) that awards small, quick-turnaround grants to individual artists, collectives, and pop-up projects to cover materials, short-term venue rental, or promotion. Prioritize youth-led and underrepresented creators and simplify application and reporting requirements.",Negative Narrative and Perception Trap,"1741 Brunswick Street, 3rd Floor, Halifax, NS B3J 3X8",,artsns@novascotia.ca,44.648618,-63.5859487
Emergency Response Team (ERT) – Nova Scotia,Canadian Red Cross – Atlantic Canada,"The Canadian Red Cross ERT program recruits and trains local volunteers across Nova Scotia in disaster response, including first aid, shelter/reception centre operations, logistics, and emergency social services. During floods, storms, and wildfires, ERT volunteers assist municipalities with sandbagging, evacuations, and incident coordination at community sites—accelerating on-the-ground response while strengthening neighbourhood ties through volunteer engagement and preparedness workshops.",Climate Risks and Coastal Vulnerability,"Community emergency response teams (CERT): Train local volunteers in search-and-rescue, first aid, sandbagging and incident coordination so neighbourhoods can respond faster during storms and wildfires while building social cohesion.",Negative Narrative and Perception Trap,"133 Troop Avenue, Dartmouth, NS B3B 2A7",,atlantic@redcross.ca,44.7099632,-63.5846921
Halifax Economic Growth Plan 2022–27,Halifax Partnership,"Halifax Partnership leads a five-year, community-driven plan for inclusive growth that sets measurable targets for talent attraction and retention (including youth and recent graduates), skills development, entrepreneurship, and quality-of-life improvements. The plan includes annual scorecards and check-in milestones with cross-sector partners (municipal, provincial, post-secondary, and industry) to extend planning beyond election cycles and maintain continuity across governments.",Governance Fragmentation and Coordination Silos,"Multi-Year Community Development Plans: Develop 3–5 year plans led by communities that set measurable goals for youth retention, skills development, and quality-of-life improvements; these plans include check-in milestones to extend planning horizons beyond election cycles and create continuity across governments.",Negative Narrative and Perception Trap,"1809 Barrington Street, Suite 1201, Halifax, NS B3J 3K8",,info@halifaxpartnership.com,44.6489899,-63.5745798
Halifax Index (Interactive Economic and Community Dashboard),Halifax Partnership,"The Halifax Index is an annual, interactive dashboard that consolidates data on labour markets (including youth employment), population, business growth, housing and real estate, transportation, and quality of life. Produced by Halifax Partnership, it enables the public and decision-makers to track performance over time and benchmark Halifax against peer cities, with downloadable data and clear visualizations. By presenting comparable, citywide indicators in one place, it supports data-driven...",Governance Fragmentation and Coordination Silos,"Community Performance Dashboards: Publish simple, accessible dashboards tracking key local indicators (jobs for youth, housing availability, transit access, program take-up) so residents and officials can see progress, compare neighbourhoods, and make data-driven choices.",Negative Narrative and Perception Trap,"1809 Barrington Street, Suite 1201, Halifax, NS B3J 3K8",,info@halifaxpartnership.com,44.6489899,-63.5745798
Community Wheels,St. Margaret’s Bay Community Transportation Society,"Community Wheels is a volunteer-driven, door-to-door community transit service serving the rural St. Margaret’s Bay area. Riders can pre-book subsidized trips for medical, shopping, and social/recreational activities, including evening events, and drivers provide door-to-door assistance that functions as a safe escort for seniors and youth. By filling gaps in limited public transit after hours, it enables residents to attend community programming and reduces isolation in smaller communities.",Community Amenities and Vibrant Public Spaces,"Community transportation for evening events: Coordinate volunteer-run or subsidized shuttle services and safe-route escorts for teens and seniors to access evening programming, increasing attendance and reducing barriers created by limited transit in smaller towns.",Negative Narrative and Perception Trap,"5288 St. Margarets Bay Road, Upper Tantallon, NS B3Z 2H3",,info@communitywheels.ca,44.6903835,-63.8836032
Board Game Night & Makerspace Drop-ins (Kentville Public Library),Annapolis Valley Regional Library,"Kentville Public Library offers recurring Board Game Nights, craft circles, and maker-style drop-ins that invite families, teens, working adults, and older adults to create, play, and learn together. These intergenerational clubs and social evenings are free or low-cost and designed to be welcoming for all ages, building a reliable third-place routine in the town core. The hands-on, collaborative format supports casual mentorship and neighborly connections across generations.",Community Amenities and Vibrant Public Spaces,"Intergenerational clubs and regular social nights: Create recurring clubs (game nights, maker nights, storytelling, music) that intentionally mix youth, working-age adults and seniors to strengthen social ties and create reliable third-place routines.",Negative Narrative and Perception Trap,"95 Cornwallis Street, Kentville, NS B4N 2E5",,askus@valleylibrary.ca,45.0786913,-64.4942116
Port Days Community Open House and Tours,Halifax Port Authority,"During Port Days and related open-house programming, the Halifax Port Authority offers guided tours and public events that bring residents onto port properties to meet terminal operators, logistics firms, and marine service providers. By opening these workplaces and explaining operations firsthand, the port demystifies career paths and highlights the global opportunities and quality of life connected to Halifax’s working waterfront.",Public Perception and Regional Brand,"Neighbourhood Open Homes and Employer Tours: Host regular open-house events where residents tour workplaces, co-working spaces, maker spaces and sample neighborhoods to experience local workplaces and lifestyle firsthand, dismantling misconceptions through direct exposure.",Negative Narrative and Perception Trap,"1215 Marginal Road, Halifax, NS B3H 4P8",,info@portofhalifax.ca,44.6414556,-63.5664392
Farm Partners and Food Rescue,Feed Nova Scotia,"Feed Nova Scotia works directly with Nova Scotia farmers and producers to collect surplus and donated crops—including post-harvest and seasonal excess—and moves that fresh produce through a province-wide network of community food banks, meal programs, and shelters. By coordinating farm partnerships and food rescue (including field gleaning when possible), they increase access to healthy fruits and vegetables at neighborhood hubs and help households reduce grocery costs.",Cost of Living Pressures Beyond Housing,"Community Gardens, Gleaning Networks and Farm Partnerships: Neighbourhood gardens on municipal or church land, paired with gleaning programs that collect surplus from local farms and distribute it through community hubs, increasing access to fresh produce and reducing grocery bills.",Negative Narrative and Perception Trap,"67 Wright Avenue, Dartmouth, NS B3B 1H2",,info@feednovascotia.ca,44.7037091,-63.5997121
Advocacy,Feed Nova Scotia,"Feed Nova Scotia’s advocacy program compiles data and stories from people accessing food support across the province to highlight how food, transportation, and utility costs strain household budgets. Using this lived‑experience evidence, they engage municipal and provincial leaders to push for income‑based solutions—like living‑wage policies, stronger income assistance, and affordable access programs—that reduce cost‑of‑living pressures beyond housing.",Cost of Living Pressures Beyond Housing,"Advocacy Network for Local Cost-of-Living Policies: A community-led coalition that collects lived-experience data and advocates municipal/provincial leaders for targeted supports (transit passes, childcare subsidies, living-wage bylaws), amplifying community-driven policy wins.",Negative Narrative and Perception Trap,"67 Wright Avenue, Dartmouth, NS B3B 1H2",,info@feednovascotia.ca,44.7037091,-63.5997121
NSCC Community-Built Prefab/Tiny Home Projects,Nova Scotia Community College (NSCC),"Nova Scotia Community College engages carpentry, electrical, and related trades students in building modular or panelized small homes and tiny homes as applied learning projects with municipalities and non-profits across the province. These collaborations pilot fast, lower-cost prefabricated units that can be placed on community or institutional land as affordable or supportive rentals, adding supply while training local talent and supporting the regional construction workforce.",Housing Affordability and Availability,"Modular/Prefab Pilot Projects: Partner with local builders and trades training programs to pilot modular or prefabricated homes on community land or church lots — faster, cheaper rental units that also create local jobs.",Negative Narrative and Perception Trap,"5685 Leeds Street, Halifax, NS B3K 2T3",https://www.nscc.ca,info@nscc.ca,44.6695773,-63.6147024
Program Advisory Committees (PACs),Nova Scotia Community College (NSCC),"Nova Scotia Community College convenes Program Advisory Committees for nearly every program, bringing together local employers, faculty, high schools, and training partners to map current and emerging skill needs. These roundtables co-design and update curricula, identify equipment/technology requirements, and secure co-op and work-integrated learning placements; outcomes are documented and feed directly into program revisions so training aligns to regional labour market demand.",Skills Mismatch and Training Pathways,"Community Employer-Education Roundtables: Regular local roundtables where employers, high schools, community colleges, universities, and training providers map current and emerging skill needs, co-design curricula, and commit to concrete co-op/apprenticeship slots. The community organizes and documents outcomes so training aligns to local demand.",Negative Narrative and Perception Trap,"5685 Leeds Street, Halifax, NS B3K 2T3",https://www.nscc.ca,info@nscc.ca,44.6695773,-63.6147024
Recognition of Prior Learning (RPL),Nova Scotia Community College (NSCC),"NSCC runs ongoing RPL information sessions, portfolio workshops, challenge exams, and skills demonstrations that grant credit for informal and work-based learning. By converting prior experience into course credit and advanced standing recognized by local employers, NSCC shortens training time and speeds transitions into co-ops, apprenticeships, and jobs across Nova Scotia.",Skills Mismatch and Training Pathways,"Recognition of Prior Learning (RPL) Clinics: Community centers offering regular RPL workshops and assessment days to help young people and newcomers convert informal, volunteer, or on-the-job experience into recognized credentials that local employers accept.",Negative Narrative and Perception Trap,"5685 Leeds Street, Halifax, NS B3K 2T3",https://www.nscc.ca,rpl@nscc.ca,44.6695773,-63.6147024
NSCC Industry-Partnered Capstone and Applied Research Projects,Nova Scotia Community College (NSCC),"Nova Scotia Community College integrates employer-sponsored capstone and applied research projects into diploma and degree programs, where student teams deliver real solutions for local businesses and non-profits. These projects are assessed for academic credit and are scoped with industry partners, aligning curriculum with current labour market needs while giving learners tangible, portfolio-ready experience.",Skills Mismatch and Training Pathways,"School-Enterprise Project Partnerships: Programs where schools partner with local businesses and non-profits on real projects (product design, service delivery, community events) that count for credit and provide tangible experience employers value.",Negative Narrative and Perception Trap,"80 Mawiomi Place, Dartmouth, NS B2Y 0A5",https://www.nscc.ca,,44.6542147,-63.5509426
Financial Aid & Awards: Financial Literacy Workshops and Advising,Nova Scotia Community College (NSCC),"NSCC offers campus-based and virtual financial literacy sessions on budgeting, credit, responsible borrowing, and post-graduation loan repayment. Learners can access one-on-one advising to map out repayment timelines, apply for the Repayment Assistance Plan or grants/forgiveness where eligible, and consider consolidation or refinancing options to reduce long-term debt pressure.",Affordable Post-Secondary and Student Debt,"Financial Literacy, Debt Counseling and Repayment Clinics: Host regular community workshops and one-on-one clinics on budgeting, loan repayment strategies, refinancing, and accessing forgiveness programs to reduce long-term debt burdens.",Negative Narrative and Perception Trap,"80 Mawiomi Place, Dartmouth, NS B2Y 0A5",https://www.nscc.ca,awards@nscc.ca,44.6542147,-63.5509426
NSCC Open House and Trades & Technology Showcases,Nova Scotia Community College (NSCC),"Nova Scotia Community College hosts campus open houses and shop tours where instructors, apprentices, and employer partners present skilled trades, construction, and technology programs. Participants explore labs, hear alumni stories, and learn about wages, credentials, and apprenticeship pathways—functioning as local job showcases and employer-connected open-house events that elevate pride in trades careers.","Workforce Shortages in Care, Construction, and Skilled Trades","Local Career Awareness Campaigns: Run community storytelling, job showcases, and employer open-house events highlighting career paths, earnings, and pride in local trades, care work, and construction.",Negative Narrative and Perception Trap,"5685 Leeds Street, Halifax, NS B3K 2T3",https://www.nscc.ca,info@nscc.ca,44.6695773,-63.6147024
Mobile Innovation Lab,IGNITE Atlantic,"IGNITE’s Mobile Innovation Lab is a traveling makerspace that brings 3D printers, robotics kits, VR/AR gear, and prototyping tools to rural communities on a rotating schedule. The unit sets up pop-up labs in schools, community centres, and Indigenous communities to deliver hands-on tech and entrepreneurship workshops that align with local employer and industry needs.",Skills Mismatch and Training Pathways,"Mobile Training Units and Pop-up Labs for Rural Areas: Equipped trailers or temporary pop-up labs that bring hands-on trade, tech and green-skills training to small towns and Indigenous communities on a rotating schedule.",Negative Narrative and Perception Trap,"610 East River Road, Suite 150, New Glasgow, NS B2H 3S2",https://igniteatlantic.com,info@igniteatlantic.com,45.5782297,-62.6402597
Business Support & Digital Adoption Workshops,IGNITE Atlantic,"IGNITE Atlantic runs practical clinics, office hours, and workshops that guide local shops, trades and artists through standing up e-commerce sites, configuring digital payments and POS, and adopting online booking and collaboration tools. Their teams in Western and Northern Nova Scotia deliver tailored, step-by-step support—often in partnership with local stakeholders—to help rural entrepreneurs translate better broadband into online sales, remote client services, and streamlined digital wor...",Rural Broadband and Digital Infrastructure,"Local Business Digitalization and E‑commerce Clinics: Provide tailored support for local shops, trades and artists to establish online storefronts, digital payment systems and remote-client workflows so improved internet directly boosts local economic opportunities.",Negative Narrative and Perception Trap,"208 Main Street, Yarmouth, NS B5A 1C8",https://igniteatlantic.com,info@igniteatlantic.com,43.8319155,-66.1203833
Expert Office Hours and Clinics,IGNITE Atlantic,"IGNITE Atlantic hosts free expert office hours and themed clinics where local lawyers, accountants, and marketers volunteer their time to advise rural founders. Entrepreneurs receive hands‑on help with incorporation and contracts, bookkeeping setup and tax basics, and practical guidance for navigating government procurement and tendering processes.",Barriers to Entrepreneurship and Access to Capital,"Volunteer Professional Clinics: Local lawyers, accountants and marketers provide pro-bono clinics and office hours to help founders with incorporation, contracts, bookkeeping and tendering at no or low cost.",Negative Narrative and Perception Trap,"208 Main Street, Yarmouth, NS B5A 1C8",https://igniteatlantic.com,info@igniteatlantic.com,43.8319155,-66.1203833
Mentorship and Entrepreneur-in-Residence Program,IGNITE Atlantic,"IGNITE Atlantic operates rural innovation hubs that connect youth, students, and founders with local mentors, Entrepreneurs-in-Residence, and industry partners in Nova Scotia. Through office hours, workshops, and project-based collaborations, participants receive practical advice, introductions to employers, and pathways to placements with local companies. The program builds long-term relationships between emerging talent and community-based entrepreneurs, anchoring careers and startups in th...",Brain Drain to Larger Markets and Remote Employers,"Local Mentorship & Alumni Networks: Create community-run mentorship programs that connect young people with local alumni, tradespeople, entrepreneurs and professionals for career advice, internships, and long-term relationships that strengthen personal ties to the region.",Negative Narrative and Perception Trap,"352 East River Road, New Glasgow, NS B2H 3P7",https://igniteatlantic.com,info@igniteatlantic.com,45.5833401,-62.6448939
IGNITE Atlantic Startup Showcase & Community Pop-Ups,IGNITE Atlantic,"IGNITE Atlantic runs recurring showcases, pitch nights, and pop-up markets in rural communities where startups, student teams, and makers present products and prototypes to the public. Employers, mentors, and investors attend to network and recruit, turning innovation into a celebratory, community-facing experience that spotlights opportunity in Nova Scotia.",Public Perception and Regional Brand,"Community Festivals that Showcase Opportunity: Build festivals or pop-up markets focused on local innovation, trades, arts and food where young people can exhibit projects, entrepreneurs can pitch ideas and employers can recruit, making opportunity visible and celebratory.",Negative Narrative and Perception Trap,"352 East River Road, New Glasgow, NS B2H 3P7",https://igniteatlantic.com,info@igniteatlantic.com,45.5833401,-62.6448939
Youth Advisory Committee (YAC),Halifax Regional Municipality,"HRM’s Youth Advisory Committee engages young residents to provide recommendations to Regional Council on policies that affect them, including housing and planning matters. YAC members participate in consultations and hearings to champion faster approvals for gentle infill, affordability measures such as inclusionary policies, and incentives for small rental units—ensuring youth voices inform council decisions.",Housing Affordability and Availability,"Community Advocacy for Faster Approvals and Inclusionary Policies: Mobilize neighborhood associations, businesses and youth groups to advocate at council for faster permitting for modest infill, inclusionary zoning on new developments, and incentives for small-scale rental projects.",Negative Narrative and Perception Trap,"1841 Argyle Street, Halifax, NS B3J 3A3",https://www.halifax.ca,clerks@halifax.ca,44.648927,-63.5753248
Short-term Rental Regulations and Registration (HRM),Halifax Regional Municipality,"Halifax Regional Municipality requires short-term rental operators to register and complies with provincial tourist accommodation registration, while restricting entire-home short-term rentals to primary residences in most residential zones. This creates a transparent, local registry of units being used as short-term rentals and enables targeted enforcement to reduce commercial STRs, helping shift vacant or underused dwellings back into the long-term rental market.",Housing Affordability and Availability,Community Vacancy Registry and Vacancy Tax Advocacy: Collect local data on vacant units through a community registry and campaign for municipal vacancy taxes or incentives to bring units back into the rental market.,Negative Narrative and Perception Trap,"1841 Argyle Street, Halifax, NS B3J 3A5",https://www.halifax.ca,contactus@halifax.ca,44.648927,-63.5753248
Municipal Access Agreements (MAA) and Utility Right‑of‑Way Permitting,Halifax Regional Municipality,"Halifax Regional Municipality administers Municipal Access Agreements and right‑of‑way permits that allow telecommunications providers to occupy municipal corridors and, where available, municipal duct banks. The standardized agreements coordinate with other utilities and city departments so multiple providers can share corridors, poles, and conduit routes with consistent technical and restoration requirements. By reducing duplication and clarifying access terms, the MAA framework supports co...",Rural Broadband and Digital Infrastructure,"Shared Infrastructure Agreements (Poles, Conduits and Towers): Coordinate municipalities, utilities and landowners to enable shared access to poles, conduits and tower sites. Community groups can broker or manage agreements so multiple providers can cost-effectively extend service into rural areas.",Negative Narrative and Perception Trap,"1841 Argyle Street, Halifax, NS B3J 3A5",https://www.halifax.ca,,44.648927,-63.5753248
Backyard Suites (Accessory Dwelling Units) – Standardized Design and Permit Package,Halifax Regional Municipality,"HRM’s Backyard Suites program provides a standardized application package with typical drawings, siting rules, and design criteria that allow repeatable, code‑compliant ADU layouts to be reviewed and approved more quickly. By publishing consistent templates and accepted design parameters across the municipality, it operationalizes a pre‑approved approach that reduces friction for accessory units and accelerates permit turnaround for common designs.",Regulatory and Permitting Friction,"Pre‑Approved Local Design Library: Develop a set of common, pre‑approved designs for tiny homes, accessory units, renewable installations and small commercial fitouts that municipalities can endorse to speed approvals for repeatable projects.",Negative Narrative and Perception Trap,"1841 Argyle Street, Halifax, NS B3J 3A5",https://www.halifax.ca,planning@halifax.ca,44.648927,-63.5753248
Halifax Housing Accelerator Fund – Fast-Track Development Approvals,Halifax Regional Municipality,"Under its Housing Accelerator Fund action plan, HRM is piloting faster, clearer approvals through measures like pre-approved designs (e.g., accessory/backyard suites), published checklists, digital permitting, and prioritized review lanes for affordable and modular projects. These steps reduce permitting friction, establish guaranteed timelines, and create a repeatable, low-risk pathway for multi-site housing pilots to scale.",Regulatory and Permitting Friction,"Local Fast‑Track Pilot Projects: Organize community-backed pilot projects (e.g., a cluster of modular homes or community solar) and negotiate a municipal fast‑track review and clear checklist to prove a repeatable, low‑risk approval path.",Negative Narrative and Perception Trap,"1841 Argyle Street, Halifax, NS B3J 3A5",https://www.halifax.ca,planning@halifax.ca,44.648927,-63.5753248
Homelessness in the Halifax Region Data Dashboard,Halifax Regional Municipality,"HRM publishes regularly updated statistics on homelessness, including by-name list trends, shelter occupancy, and housing placements, using local, community-collected data through coordinated access and HIFIS. By making these metrics public, the dashboard functions as a community scorecard that drives transparency and accountability across municipal, provincial, and community partners working to improve equitable access to housing and services.","Inclusion, Racism, and Systemic Barriers","Data, Accountability and Community Dashboard: Collect disaggregated local data (voluntary and community governed) on employment, education, housing and service access; publish a regular public dashboard and community scorecard to track progress and hold institutions accountable.",Negative Narrative and Perception Trap,"1841 Argyle Street, Halifax, NS B3J 3A5",https://www.halifax.ca,contactus@halifax.ca,44.648927,-63.5753248
Saint Mary’s Boat Club Living Shoreline,Halifax Regional Municipality,"Halifax Regional Municipality replaced a deteriorating seawall at the Saint Mary’s Boat Club on the Northwest Arm with a living shoreline that uses rock sills, coir logs, and native salt-marsh vegetation to reduce wave energy, control erosion, and improve intertidal habitat. The site serves as a public demonstration of nature-based coastal protection and involves local stewardship and seasonal maintenance and monitoring activities.",Climate Risks and Coastal Vulnerability,"Living shorelines and salt-marsh restoration: Community-led projects to restore marshes, eelgrass beds, and create living shorelines that absorb wave energy and reduce erosion, protecting homes and fisheries while providing local stewardship and seasonal jobs.",Negative Narrative and Perception Trap,"1841 Argyle Street, Halifax, NS B3J 3A5",https://www.halifax.ca,contactus@halifax.ca,44.648927,-63.5753248
Green Network Plan – Land Acquisition for Coastal and Flood Resilience,Halifax Regional Municipality,"HRM’s Green Network Plan guides targeted, voluntary land acquisition and easements in areas that provide climate resilience, including floodplains, riparian corridors, and vulnerable coasts. By purchasing at-risk parcels or accepting dedications and converting them to parks, trails, and natural buffers, HRM implements a form of managed retreat that limits redevelopment in hazard-prone locations and creates public green space that absorbs storm surge and overland flooding.",Climate Risks and Coastal Vulnerability,"Planned buyouts and voluntary managed retreat program: A locally managed, transparent program offering fair purchase or relocation support for repeatedly damaged properties, converting vulnerable land to public green space or coastal buffers.",Negative Narrative and Perception Trap,"1841 Argyle Street, Halifax, NS B3J 3A5",https://www.halifax.ca,contactus@halifax.ca,44.648927,-63.5753248
Centre Plan Key Performance Indicator (KPI) Dashboard,Halifax Regional Municipality,"Halifax Regional Municipality publishes an online KPI dashboard that tracks development activity, new housing units, density targets, and related planning indicators across the Regional Centre. The dashboard lets residents, councillors, and planners monitor progress by area, compare trends across neighbourhoods, and assess the take-up of planning tools to guide housing and infrastructure decisions. This accessible, regularly updated view supports coordinated, evidence-based choices across mun...",Governance Fragmentation and Coordination Silos,"Community Performance Dashboards: Publish simple, accessible dashboards tracking key local indicators (jobs for youth, housing availability, transit access, program take-up) so residents and officials can see progress, compare neighbourhoods, and make data-driven choices.",Negative Narrative and Perception Trap,"1841 Argyle Street, Halifax, NS B3J 3A5",https://www.halifax.ca,contactus@halifax.ca,44.648927,-63.5753248
Argyle & Grafton Shared Streetscape,Halifax Regional Municipality,"Halifax Regional Municipality redesigned Argyle and Grafton Streets into a pedestrian‑priority public space with integrated seating, widened sidewalks, programmable and safety lighting, bike racks, and power for events—supporting nightlife and all‑season use. The streetscape creates a welcoming, flexible ‘third place’ that encourages social connection and activity in the downtown core.",Community Amenities and Vibrant Public Spaces,"Install lighting, seating and Wi‑Fi in public spaces: Small capital projects—better lighting, weatherproof seating, bike racks, and public Wi‑Fi—make plazas and waterfronts comfortable and safe for longer use. Local groups can lead fundraising and adopt-a-space maintenance.",Negative Narrative and Perception Trap,"1841 Argyle Street, Halifax, NS B3J 3A3",https://www.halifax.ca,contactus@halifax.ca,44.648927,-63.5753248
"Mi’kmaw Native Friendship Centre – Cultural, Language, and Healing Programs",Mi’kmaw Native Friendship Centre,"An Indigenous-led urban service hub that co-designs programs with Mi’kmaq Elders and community members, the Centre delivers Mi’kmaw language classes, cultural workshops, and land-based activities that strengthen identity and belonging. It partners with health, housing, and justice agencies to ensure culturally safe, Indigenous-governed services—such as healing circles and wraparound supports—are delivered to urban Indigenous peoples and allies in Halifax.","Inclusion, Racism, and Systemic Barriers","Indigenous-Led Partnerships and Cultural Revitalization: Partner with Mi’kmaq communities to co-design programs, support language and cultural revitalization projects, host jointly governed healing circles, and ensure Indigenous leadership in service delivery affecting their communities.",Negative Narrative and Perception Trap,"2029 Gottingen Street, Halifax, NS B3K 3A9",https://mymnfc.com,info@mymnfc.com,44.6505111,-63.5810952
Perennia Collaborative Applied Research and Extension Programs,Perennia Food & Agriculture Inc.,"Perennia convenes producers, processors, municipalities, Dalhousie’s Faculty of Agriculture, and provincial/federal funders (e.g., Sustainable Canadian Agricultural Partnership) to pool matching funds for applied research, extension, and pilot projects in agri-food. These consortia-based initiatives operate across rural regions of Nova Scotia, reduce duplication among jurisdictions, and sustain multi-year projects that help align policy, market needs, and community outcomes.",Governance Fragmentation and Coordination Silos,"Joint Funding Consortia: Build coalitions of municipalities, non-profits, businesses, and post-secondary institutions that pool grant-matching funds to co-invest in cross-jurisdictional projects, making it easier to pursue longer-term initiatives that transcend political cycles.",Negative Narrative and Perception Trap,"199 Innovation Drive, Bible Hill, NS B6L 2H5",https://www.perennia.ca,info@perennia.ca,45.388879,-63.2437827
Built Environment Program,Ecology Action Centre,"EAC’s Built Environment work mobilizes residents and partners to support compact, transit‑oriented communities, advocating for inclusionary housing tools, density bonuses, and parking reform in municipal plans. The team organizes campaigns, produces policy briefs, and collaborates with municipalities to remove zoning barriers and increase affordable housing near services and frequent transit.",Housing Affordability and Availability,"Inclusionary Zoning and Planning Advocacy: Organize community campaigns to work with municipalities to adopt inclusionary zoning, density bonuses and reduced parking rules to increase the supply of affordable units near services and transit.",Negative Narrative and Perception Trap,"2705 Fern Lane, Halifax, NS B3K 4L3",https://ecologyaction.ca,info@ecologyaction.ca,44.6567453,-63.59637
Community-Based Coastal and Freshwater Monitoring,Ecology Action Centre,"Ecology Action Centre trains community volunteers, local organizations, and municipal partners to collect standardized water quality and habitat data in watersheds and along the coast across Nova Scotia. They curate and interpret these community-level datasets, publish accessible reports, and translate findings into briefs and submissions to municipal, provincial, and federal policymakers—shrinking data gaps and ensuring locally gathered evidence informs higher-level decisions.",Governance Fragmentation and Coordination Silos,"Community Data Stewards Program: Train volunteers and staff from local organizations to collect, curate, and interpret community-level data (surveys, vacancy rates, youth employment outcomes) so data gaps shrink and local evidence feeds into higher-level policy conversations.",Negative Narrative and Perception Trap,"2705 Fern Lane, Halifax, NS B3K 4L3",https://ecologyaction.ca,info@ecologyaction.ca,44.6567453,-63.59637
Powerline Technician Apprenticeship and Grid Operations Training,Nova Scotia Power Inc.,"Nova Scotia Power recruits and trains Powerline Technician (PLT) apprentices and substation technicians to build, maintain, and modernize the provincial grid, including hands-on training with live-line tools, distribution equipment, and substations. The utility also provides in-house training for system/dispatch operators on SCADA and protection-and-control systems, developing local control‑system operators who can integrate renewables and manage reliability. The programs are delivered in par...",Energy and Grid Constraints for Growth,"Local Workforce Training and Apprenticeship Programs: Partner with colleges, unions and employers to create fast‑track training for grid technicians, solar installers, battery specialists and control‑system operators to ensure skilled local labour for growth.",Negative Narrative and Perception Trap,"1223 Lower Water Street, Halifax, NS B3J 3S8",https://www.nspower.ca/careers,customerservice@nspower.ca,44.6419859,-63.5673509
Modular Supportive Housing Initiative (HRM),Build Nova Scotia,"Build Nova Scotia coordinates the rapid deployment of modular, prefabricated supportive housing on provincially or municipally owned community lands in the Halifax Region. By procuring modular units and contracting local builders and trades for site servicing and assembly, the initiative delivers rental units much faster and at lower cost while creating local construction jobs and adding urgently needed supply.",Housing Affordability and Availability,"Modular/Prefab Pilot Projects: Partner with local builders and trades training programs to pilot modular or prefabricated homes on community land or church lots — faster, cheaper rental units that also create local jobs.",Negative Narrative and Perception Trap,"1875 Upper Water Street, Halifax, NS B3J 1S9",https://buildns.ca,info@buildns.ca,44.6505119,-63.5728293
Cellular Connectivity Project,Build Nova Scotia,"Build Nova Scotia leads a province-wide program to identify cellular coverage gaps and deploy solutions such as small cells and signal boosters on community-owned and public assets (e.g., community halls, fire stations, water towers, and municipal buildings). The program coordinates permitting, access to sites, and cost-sharing through public–private partnerships with carriers and integrators to improve mobile service in rural and underserved areas.",Rural Broadband and Digital Infrastructure,"Community Cell Boosters and Small‑Cell Deployments: Identify strategic community-owned locations (halls, water towers, municipal buildings) where small cellular nodes or signal boosters can be installed to improve mobile coverage. Organize permits, site stewardship and cost-sharing among users.",Negative Narrative and Perception Trap,"1871 Hollis Street, Suite 1101, Halifax, NS B3J 0C3",https://buildns.ca,info@buildns.ca,44.6497244,-63.5736776
Salt Yard and Salt Yard Too Pop-Up Retail (Halifax Waterfront),Build Nova Scotia,"Build Nova Scotia curates seasonal pop-up retail kiosks and container shops along the Halifax Waterfront, offering short-term, low-cost licenses to rotating local makers, food startups, and artists. The program provides turnkey, high-foot-traffic stalls without long-term leases, enabling entrepreneurs to test products, validate demand, and gain exposure in a shared retail environment.",Barriers to Entrepreneurship and Access to Capital,"Pop-up Markets and Shared Retail Rotations: Coordinate rotating pop-up stalls in vacant storefronts, community halls and seasonal markets to give startups affordable customer testing space and exposure without long-term leases.",Negative Narrative and Perception Trap,"1751 Lower Water Street, Suite 601, Halifax, NS B3J 1S5",https://buildns.ca,info@buildns.ca,44.6492185,-63.5710311
Downtowns & Main Streets Initiative,Build Nova Scotia,"Build Nova Scotia partners with municipalities across the province to deliver quick, time-bound placemaking pilots—such as pop-up public spaces, active transportation improvements, and storefront activations—with standardized reporting on outcomes like foot traffic, business engagement, and vacancy impacts. The initiative functions as a learning lab model: results and toolkits are shared across participating communities so successful approaches scale to other towns and inform provincial polic...",Governance Fragmentation and Coordination Silos,"Regional Pilot Projects and Learning Labs: Run small, time-bound pilots (affordable housing models, apprenticeship pathways, shared workspace hubs) across municipalities with common evaluation metrics so successful models scale and policy can be adjusted based on local evidence.",Negative Narrative and Perception Trap,"1875 Upper Water Street, Suite 300, Halifax, NS B3J 1S9",https://buildns.ca,info@buildns.ca,44.6505119,-63.5728293
NSWiFi Public Wi‑Fi Program,Build Nova Scotia,"Build Nova Scotia operates the NSWiFi network that provides free public Wi‑Fi in high-traffic public spaces across the province, including along the Halifax and Lunenburg waterfronts and other community hubs. In tandem with its waterfront stewardship, the organization also invests in public-realm upgrades—weather‑resistant seating, lighting, bike racks, and power—making plazas and boardwalks comfortable, safe, and usable for longer hours and seasons.",Community Amenities and Vibrant Public Spaces,"Install lighting, seating and Wi‑Fi in public spaces: Small capital projects—better lighting, weatherproof seating, bike racks, and public Wi‑Fi—make plazas and waterfronts comfortable and safe for longer use. Local groups can lead fundraising and adopt-a-space maintenance.",Negative Narrative and Perception Trap,"1875 Upper Water Street, Suite 301, Halifax, NS B3J 1S9",https://buildns.ca,info@buildns.ca,44.6505119,-63.5728293
Volta Peer-to-Peer (P2P) Groups,Volta,"Volta hosts recurring, facilitated peer-to-peer groups for startup leaders (e.g., founders, CTOs, marketers) where experienced operators and mentors guide discussions on current business bottlenecks. Participants workshop live issues, exchange playbooks, and set action items, creating peer accountability and practical problem solving within a trusted circle.",Barriers to Entrepreneurship and Access to Capital,"Mentorship Circles and Peer Learning Groups: Organize regular, facilitated mentorship circles pairing experienced local business owners with new entrepreneurs for skill-building, peer accountability and practical problem solving.",Negative Narrative and Perception Trap,"1505 Barrington Street, Halifax, NS B3J 3K5",https://voltaeffect.com,info@voltaeffect.com,44.6445647,-63.5723991
Community Events & Meetups,Volta,"Volta hosts frequent tech-community meetups, socials, talks, and student-focused events (e.g., founder meetups, Women in Tech gatherings, lunch-and-learns) that welcome students, newcomers, and professionals. These interest-based circles help people plug into Halifax’s innovation community quickly, building cross-cultural networks that make the region stickier for emerging talent.","Retention of Students, Graduates, and Newcomers","Interest-Based Social Circles: Community-run clubs and Meetup-style groups (sports, arts, tech, parenting) designed to build social networks quickly for students, newcomers and young families across cultural lines.",Negative Narrative and Perception Trap,"1505 Barrington Street, Unit 100, Halifax, NS B3J 3K5",https://voltaeffect.com,info@voltaeffect.com,44.6445647,-63.5723991
Volta Tours and Open House Events,Volta,"Volta invites students, newcomers, and residents to tour its downtown startup hub, with regular open houses and bookable tours that take visitors through co-working floors, startup offices, and community event spaces. By meeting founders and seeing companies at work, participants get firsthand exposure to local career and entrepreneurial paths in tech, helping counter negative perceptions about opportunity in Nova Scotia.",Public Perception and Regional Brand,"Neighbourhood Open Homes and Employer Tours: Host regular open-house events where residents tour workplaces, co-working spaces, maker spaces and sample neighborhoods to experience local workplaces and lifestyle firsthand, dismantling misconceptions through direct exposure.",Negative Narrative and Perception Trap,"1505 Barrington Street, Suite 100, Halifax, NS B3J 3K5",https://voltaeffect.com,info@voltaeffect.com,44.6445647,-63.5723991
Event and Park‑and‑Ride Shuttles (Annapolis Valley),Kings Transit Authority,"Kings Transit partners with municipalities and organizers in the Annapolis Valley to provide temporary park‑and‑ride shuttles and extended service for major festivals and market days (e.g., Apple Blossom events and Wolfville/Windsor market activity). These pop-up connections link smaller Valley communities to cultural venues and seasonal opportunities, while giving the agency data to evaluate demand for more permanent service adjustments.",Transportation and Regional Connectivity,"Pop-up Event and Seasonal Shuttles: Organize temporary shuttles for festivals, market days, and seasonal employment peaks that connect isolated communities to cultural and job opportunities, demonstrating demand and building case studies for permanent services.",Negative Narrative and Perception Trap,"29 Crescent Drive, New Minas, NS B4N 3G7",https://www.kingstransit.ca,info@kingstransit.ca,45.0700026,-64.4654124
Constructing Futures,YWCA Halifax,"YWCA Halifax’s Constructing Futures is a pre-apprenticeship program that trains women and gender diverse people for careers in construction trades through hands-on learning, essential safety certifications, and employer placements. Participants gain practical skills relevant to residential building and renovation—including work that supports energy retrofits and secondary-suite conversions—helping grow the local construction workforce and improve housing supply.",Housing Affordability and Availability,"Local Construction and Retrofit Training Program: Partner with trades schools and nonprofits to train residents in construction, modular assembly, energy retrofit and suite conversions, expanding local capacity while creating jobs.",Negative Narrative and Perception Trap,"358 Herring Cove Road, Halifax, NS B3R 1V8",https://ywcahalifax.com,info@ywcahalifax.com,44.6122376,-63.6172244
Steps to Employment,YWCA Halifax,"YWCA Halifax’s Steps to Employment is a wraparound pre-employment and job placement program for women and gender-diverse people. Participants receive individualized case management, job readiness training, employer connections, and barrier-removal supports such as bus passes, childcare coordination through YWCA’s childcare services, and trauma‑informed mental health check‑ins. The program also helps with required work gear and certifications (e.g., PPE, work boots, safety tickets) so particip...",Skills Mismatch and Training Pathways,"Wraparound Support Services for Participants: Locally coordinated childcare, transportation vouchers, mental health check-ins and tool/PPE subsidies so people can complete training and placements.",Negative Narrative and Perception Trap,"358 Herring Cove Road, Suite 100, Halifax, NS B3R 1V8",https://ywcahalifax.com,info@ywcahalifax.com,44.6122376,-63.6172244
Early Learning & Child Care Advocacy Coalition,YWCA Halifax,"YWCA Halifax brings together families, early childhood educators, women’s organizations, and local employers to advocate to the Province of Nova Scotia for sustainable operating funding, fair wages for ECEs, and child-care models that include flexible and after-hours care. Through community consultations, public briefs, and meetings with municipal and provincial officials, the coalition advances policy changes that improve access to quality, culturally safe child care and remove barriers to w...",Access to Childcare and Family Supports,"Community Advocacy and Policy Coalition: A local coalition of parents, employers, service providers and non-profits that advocates to municipal and provincial governments for funding, wage supports and regulatory flexibility.",Negative Narrative and Perception Trap,"358 Herring Cove Road, Suite 100, Halifax, NS B3R 1V8",https://ywcahalifax.com,info@ywcahalifax.com,44.6122376,-63.6172244
Halifax Central Library – Community Notice Boards and Parent Networks,Halifax Public Libraries,"Halifax Public Libraries provides in-branch community notice boards and community spaces that families and local caregivers use to post and respond to nanny-share and babysitting opportunities. By giving parents a trusted public hub to coordinate schedules, split shifts, and meet co-care families, it functions like a shared caregiver bulletin board; families then handle bookings and micro-payments directly once matched.",Access to Childcare and Family Supports,"Shared Caregiver Pooling Platform: A community app or bulletin board that helps parents coordinate shifts, share caregivers or form micro-pods with transparent scheduling and micro-payments.",Negative Narrative and Perception Trap,"5440 Spring Garden Road, Halifax, NS B3J 1E9",https://www.halifaxpubliclibraries.ca,,44.6428872,-63.5752999
Community Wellness and Job Resource Fairs,Halifax Public Libraries,"Halifax Public Libraries regularly hosts community fairs at branches like the Central Library that bring together mental‑health providers, employment counsellors, and local employers in one accessible venue. These events often include free, drop‑in screenings or brief mental‑health check‑ins alongside employer booths and training programs, helping youth make same‑day connections to jobs and supports.",Healthcare and Mental Health Access,"Community mental-health and careers fairs: Regular local events bring together providers, employers, student services, and peer groups to showcase resources, offer on-the-spot screenings, and connect young people to jobs and supports.",Negative Narrative and Perception Trap,"5440 Spring Garden Road, Halifax, NS B3J 1E9",https://www.halifaxpubliclibraries.ca,askus@halifaxpubliclibraries.ca,44.6428872,-63.5752999
Borrow the Internet (Mobile Wi-Fi Hotspots),Halifax Public Libraries,"Halifax Public Libraries bulk-procures mobile Wi‑Fi hotspot devices and associated data plans from carriers, then coordinates system-wide distribution so households can take home reliable internet at no cost. By aggregating demand and centrally purchasing connectivity equipment, the library lowers the per-unit cost of home connectivity and rapidly expands access for residents who lack broadband, including those in suburban and rural parts of HRM.",Rural Broadband and Digital Infrastructure,"Bulk Purchasing Programs for Home Connectivity and Devices: Organize cooperative buying programs so households can purchase routers, extenders, antennas or low-cost ISP plans in bulk to lower per-unit costs and speed adoption. Local businesses or the municipality can coordinate procurement and distribution.",Negative Narrative and Perception Trap,"5440 Spring Garden Road, Halifax, NS B3J 1E9",https://www.halifaxpubliclibraries.ca,askus@halifaxpubliclibraries.ca,44.6428872,-63.5752999
Business & IP Centre (BIPC) Halifax – Experts in Residence and Clinics,Halifax Public Libraries,"BIPC Halifax provides free expert advice sessions and drop‑in clinics where volunteer professionals (including IP and business lawyers, accountants, and marketing advisors) guide entrepreneurs through incorporation, contracts, bookkeeping, market research, and brand strategy. The Centre also hosts procurement and tendering workshops with partner experts to help founders navigate selling to government.",Barriers to Entrepreneurship and Access to Capital,"Volunteer Professional Clinics: Local lawyers, accountants and marketers provide pro-bono clinics and office hours to help founders with incorporation, contracts, bookkeeping and tendering at no or low cost.",Negative Narrative and Perception Trap,"5440 Spring Garden Road, Halifax, NS B3J 1E9",https://www.halifaxpubliclibraries.ca,,44.6428872,-63.5752999
Repair Café (Alderney Gate Public Library – Dartmouth),Halifax Public Libraries,"At Alderney Gate Public Library, volunteers with skills in sewing, electronics, and small repairs offer their time to help neighbours troubleshoot and fix broken items. The skill-sharing format functions like a community time exchange—participants receive service and learn skills without fees, reducing everyday costs and strengthening peer-to-peer support.",Cost of Living Pressures Beyond Housing,"Time Banks and Skill-Swap Platforms: Local time-banking systems where residents exchange hours of work (childcare, tutoring, repairs) instead of money, building mutual aid networks that cut service costs for young people.",Negative Narrative and Perception Trap,"60 Alderney Drive, Dartmouth, NS B2Y 4P8",https://www.halifaxpubliclibraries.ca,askus@halifaxpubliclibraries.ca,44.6645872,-63.5689392
Poverty Solutions Advisory Committee,United Way Halifax,"This United Way Halifax initiative brings together people with lived and living experience of poverty to identify barriers—such as transit fares, childcare costs, and low wages—and co‑develop policy recommendations. The committee engages directly with HRM and Nova Scotia decision‑makers to advocate for targeted supports (e.g., affordable transit programs and childcare subsidies), ensuring community‑driven insights shape local policy change.",Cost of Living Pressures Beyond Housing,"Advocacy Network for Local Cost-of-Living Policies: A community-led coalition that collects lived-experience data and advocates municipal/provincial leaders for targeted supports (transit passes, childcare subsidies, living-wage bylaws), amplifying community-driven policy wins.",Negative Narrative and Perception Trap,"46 Portland Street, Dartmouth, NS B2Y 1H4",https://www.unitedwayhalifax.ca,,44.6650687,-63.5670059
Community Housing Growth Fund (Nova Scotia),Housing Nova Scotia (Department of Municipal Affairs and Housing),"The Community Housing Growth Fund provides seed funding, planning/pre-development grants, and capacity-building supports to community housing organizations, including emerging housing co-operatives, across Nova Scotia. Delivered in partnership with sector experts, the fund backs organizing efforts, governance training, and technical assistance so groups—including youth-led initiatives—can launch resident-run co-ops that deliver stable, lower-cost housing.",Housing Affordability and Availability,"Housing Cooperatives: Support creation of resident-run housing co-ops by providing organizing help, seed funding, and governance training so groups of young people can collectively secure stable, lower-cost housing.",Negative Narrative and Perception Trap,"1505 Barrington Street, Halifax, NS B3J 3K5",https://housingns.ca/community-housing-growth-fund,housingns@novascotia.ca,44.6445647,-63.5723991
Co‑operative Development Services,Nova Scotia Co‑operative Council,"The Nova Scotia Co‑operative Council offers hands-on support to groups starting co-operatives, including housing co-ops. Staff assist with community organizing, incorporation, business planning, and board/governance training, and connect groups to credit unions and social finance for seed capital—helping young people collectively create and run resident-governed, affordable housing.",Housing Affordability and Availability,"Housing Cooperatives: Support creation of resident-run housing co-ops by providing organizing help, seed funding, and governance training so groups of young people can collectively secure stable, lower-cost housing.",Negative Narrative and Perception Trap,"269 Main Street, Suite 303, Truro, NS B2N 1C6",https://www.novascotia.coop,info@novascotia.coop,45.3684053,-63.2729259
Atlantic Support for Housing Co‑ops,Co‑operative Housing Federation of Canada (CHF Canada),"CHF Canada provides training, development advice, and governance resources to new and existing housing co-operatives in Nova Scotia. Through workshops, board training, member education, and development support, they help resident groups organize effective co-op governance and access tools and programs (including refinancing and growth supports) that keep housing stable and affordable.",Housing Affordability and Availability,"Housing Cooperatives: Support creation of resident-run housing co-ops by providing organizing help, seed funding, and governance training so groups of young people can collectively secure stable, lower-cost housing.",Negative Narrative and Perception Trap,"225 Metcalfe Street, Suite 311, Ottawa, ON K2P 1P9",https://chfcanada.coop,info@chfcanada.coop,45.417613,-75.6925
Secondary Suite Incentive Program (SSIP),Canada Mortgage and Housing Corporation (CMHC),"CMHC’s SSIP provides interest-free, forgivable loans to homeowners to create new accessory dwelling units such as basement apartments, garden suites, or laneway suites and rent them at affordable rates for a set period. In Nova Scotia, eligible homeowners can use SSIP financing to design and build legal ADUs, with CMHC offering application guidance and resources that function like a financing/design support to help increase rental supply while maintaining neighbourhood form.",Housing Affordability and Availability,"Accessory Dwelling Unit (ADU) Program: Run community workshops, design clinics and small grants/interest-free loans to help homeowners add basement suites/laneways/garage apartments to increase rental supply while preserving neighborhood form.",Negative Narrative and Perception Trap,"700 Montreal Road, Ottawa, ON K1A 0P7",https://www.cmhc-schl.gc.ca,nhs@cmhc-schl.gc.ca,45.442538,-75.636011
"Secondary and Backyard Suites (ADUs) — Resources, Permitting and Homeowner Sessions",Halifax Regional Municipality (Planning & Development),"Halifax Regional Municipality has legalized secondary and backyard suites and provides step-by-step homeowner guides, design and permitting checklists, and pre-application meetings to help residents add legal basement, backyard, or garage apartments. HRM also hosts information sessions and offers one-on-one support with Planning & Development staff—effectively a community design/permit clinic—to streamline approvals and expand gentle-density rental options.",Housing Affordability and Availability,"Accessory Dwelling Unit (ADU) Program: Run community workshops, design clinics and small grants/interest-free loans to help homeowners add basement suites/laneways/garage apartments to increase rental supply while preserving neighborhood form.",Negative Narrative and Perception Trap,"1841 Argyle Street, Halifax, NS B3J 3A5",https://www.halifax.ca,contactus@halifax.ca,44.648927,-63.5753248
Centre Plan – Land Use By-law and Design Manual,Halifax Regional Municipality (Planning & Development),"Halifax Regional Municipality’s Centre Plan was built through extensive public engagement, including design workshops with neighbourhood groups, to identify appropriate places and forms for small-scale residential infill and missing‑middle housing. The adopted Design Manual sets clear, community-backed built-form standards (heights, massing, setbacks and frontage conditions) that allow as‑of‑right approvals for triplexes, townhouses and low-rise infill in designated areas, streamlining permit...",Housing Affordability and Availability,"Neighborhood Densification Charrettes and Design Guides: Host local design charrettes to identify low-impact densification opportunities (laneway homes, triplexes) and produce community-backed design guides to speed approvals and reduce NIMBY resistance.",Negative Narrative and Perception Trap,"1505 Barrington Street, Halifax, NS B3J 3K5",https://www.halifax.ca,contactus@halifax.ca,44.6445647,-63.5723991
Backyard and Secondary Suites — Homeowner Guidance & Permitting Support,Town of Wolfville — Planning & Development,"The Town of Wolfville allows secondary and backyard (garden/carriage) suites and provides homeowner-facing guidance through its Planning Department, including pre-application consultations and checklists to ensure designs meet zoning, servicing, and building-code requirements. These supports function as a practical design/permit clinic that helps residents create compliant ADUs, adding rental supply while fitting established neighbourhood character.",Housing Affordability and Availability,"Accessory Dwelling Unit (ADU) Program: Run community workshops, design clinics and small grants/interest-free loans to help homeowners add basement suites/laneways/garage apartments to increase rental supply while preserving neighborhood form.",Negative Narrative and Perception Trap,"359 Main Street, Wolfville, NS B4P 1A1",https://www.wolfville.ca,town@wolfville.ca,45.091537,-64.3591978
Affordable Housing Reserve Fund,Town of Wolfville,"The Town of Wolfville’s Affordable Housing Reserve Fund aggregates municipal allocations, developer density-bonus contributions, and community donations to support affordable housing initiatives. Funds are granted or loaned to non-profit and private partners for projects such as conversions, rehabilitation, and preservation of affordable rental units. This implements the solution by pooling local and municipal resources into a dedicated, locally managed fund that can be deployed quickly for r...",Housing Affordability and Availability,"Local Affordable Housing Fund: Pool donations, local business contributions and municipal seed money into a community-managed revolving fund that finances down payments, conversions, or quick repairs for affordable units.",Negative Narrative and Perception Trap,"359 Main Street, Wolfville, NS B4P 1A1",https://wolfville.ca,town@wolfville.ca,45.091537,-64.3591978
Short-Term Accommodations Registration Program (Town of Wolfville),Town of Wolfville,"Wolfville requires short-term accommodation operators to register and comply with primary-residence and zoning rules, producing a municipal inventory of STR units. This registry-based approach allows the Town to identify housing diverted to tourism use and apply policies that encourage conversion of those units back to long-term rental, improving availability for students, newcomers, and young families.",Housing Affordability and Availability,Community Vacancy Registry and Vacancy Tax Advocacy: Collect local data on vacant units through a community registry and campaign for municipal vacancy taxes or incentives to bring units back into the rental market.,Negative Narrative and Perception Trap,"359 Main Street, Wolfville, NS B4P 1A1",https://wolfville.ca,town@wolfville.ca,45.091537,-64.3591978
Affordable Housing Reserve Fund,Town of Lunenburg,"The Town of Lunenburg’s Affordable Housing Reserve Fund combines municipal seed money, developer contributions, and community donations to finance affordable housing creation and preservation. The fund supports projects that include rehabilitation and adaptive reuse/conversions to expand the local stock of affordable units. This implements the solution by pooling local capital into a community-focused vehicle that can finance quick repairs and project readiness for affordable housing.",Housing Affordability and Availability,"Local Affordable Housing Fund: Pool donations, local business contributions and municipal seed money into a community-managed revolving fund that finances down payments, conversions, or quick repairs for affordable units.",Negative Narrative and Perception Trap,"119 Cumberland Street, Lunenburg, NS B0J 2C0",https://www.townoflunenburg.ca,info@townoflunenburg.ca,44.37796,-64.3098233
Short-Term Rentals Licensing & Registry (Town of Lunenburg),Town of Lunenburg,"The Town of Lunenburg licenses and registers short-term rental accommodations and limits non–owner-occupied STRs to specific areas. By maintaining a detailed registry of STR units and enforcing zoning/licensing rules, the Town collects local data on dwellings removed from the long-term market and creates incentives for owners to return units to year-round rental.",Housing Affordability and Availability,Community Vacancy Registry and Vacancy Tax Advocacy: Collect local data on vacant units through a community registry and campaign for municipal vacancy taxes or incentives to bring units back into the rental market.,Negative Narrative and Perception Trap,"119 Cumberland Street, Lunenburg, NS B0J 2C0",https://www.townoflunenburg.ca,info@townoflunenburg.ca,44.37796,-64.3098233
Town of Lunenburg – Emergency Warming & Comfort Centre (Lunenburg Community Centre),Town of Lunenburg,"The Town of Lunenburg designates the Lunenburg Community Centre as an emergency warming/comfort centre, leveraging backup power, public WiFi, showers, and kitchen facilities to support residents during storms and extended outages. Municipal staff and EMO partners use the site to provide safe warming/cooling spaces, device charging, and to coordinate information sharing and recovery assistance for the community.",Climate Risks and Coastal Vulnerability,"Neighborhood resilience hubs: Convert trusted local buildings (libraries, community centres, fire halls) into hubs with backup power, emergency supplies, WIFI and warming/cooling spaces to support residents during storms and to coordinate recovery.",Negative Narrative and Perception Trap,"15 Green Street, Lunenburg, NS B0J 2C0",https://www.townoflunenburg.ca,,44.3752777,-64.3213316
Cape Breton University Modular Student Housing,Cape Breton University,"To relieve pressure on the local rental market, CBU has added residence capacity using modular/prefabricated buildings installed on campus land. The university worked with regional contractors for site preparation, transport, and rapid assembly, creating managed, affordable rental options for students while generating local jobs and delivering units in months rather than years.",Housing Affordability and Availability,"Modular/Prefab Pilot Projects: Partner with local builders and trades training programs to pilot modular or prefabricated homes on community land or church lots — faster, cheaper rental units that also create local jobs.",Negative Narrative and Perception Trap,"1250 Grand Lake Road, Sydney, NS B1M 1A2",https://www.cbu.ca/future-students/residence/,residence@cbu.ca,46.147592,-60.144472
Off-Campus Housing and Community Host Program,Cape Breton University,"Cape Breton University maintains an active inventory of spare rooms, suites, and vacant rental units offered by local homeowners and property owners, and matches them with students and other young renters arriving to the island. The housing team brokers introductions, shares standards and checklists to bring spaces to move-in readiness, and connects hosts with community supports (e.g., furnishing and setup) so underused housing can be quickly activated.",Housing Affordability and Availability,"Vacant Property Activation and Matchmaking: Create a volunteer-run inventory of vacant homes/units and broker short- or long-term matches between owners and young renters or recent returnees, combined with small rehab teams to make units move-in ready.",Negative Narrative and Perception Trap,"1250 Grand Lake Road, Sydney, NS B1P 6L2",https://www.cbu.ca,housing@cbu.ca,46.147592,-60.144472
Prior Learning Assessment and Recognition (PLAR),Cape Breton University,"CBU provides PLAR portfolio assessments, challenge exams, and interviews that translate informal, volunteer, and on-the-job learning into academic credit. These structured assessments reduce time-to-credential for young people and working learners, with credits recognized by regional employers through diplomas and degrees tied to local labour-market needs.",Skills Mismatch and Training Pathways,"Recognition of Prior Learning (RPL) Clinics: Community centers offering regular RPL workshops and assessment days to help young people and newcomers convert informal, volunteer, or on-the-job experience into recognized credentials that local employers accept.",Negative Narrative and Perception Trap,"1250 Grand Lake Road, Sydney, NS B1P 6L2",https://www.cbu.ca,admissions@cbu.ca,46.147592,-60.144472
SMU Homestay Program,Saint Mary's University,"Saint Mary’s University recruits local homeowners with vacant bedrooms and assembles a vetted inventory of host homes, then matches them with students and young newcomers seeking affordable accommodation. The program brokers agreements, provides standards and orientation to ensure spaces are safe and move-in ready, and offers ongoing support to both hosts and renters to keep placements stable.",Housing Affordability and Availability,"Vacant Property Activation and Matchmaking: Create a volunteer-run inventory of vacant homes/units and broker short- or long-term matches between owners and young renters or recent returnees, combined with small rehab teams to make units move-in ready.",Negative Narrative and Perception Trap,"923 Robie Street, Halifax, NS B3H 3C3",https://www.smu.ca/international/homestay.html,international.centre@smu.ca,44.6313165,-63.5816691
Acadia Homestay (English Language Centre),Acadia University – English Language Centre,"Acadia University’s Homestay program maintains a roster of local households with spare rooms and matches them with students and young adults in language and academic programs who need affordable housing. Staff screen hosts, outline readiness requirements (furnishings, safety, and basic amenities), and support both parties through placement to efficiently activate underused housing stock.",Housing Affordability and Availability,"Vacant Property Activation and Matchmaking: Create a volunteer-run inventory of vacant homes/units and broker short- or long-term matches between owners and young renters or recent returnees, combined with small rehab teams to make units move-in ready.",Negative Narrative and Perception Trap,"15 University Avenue, Wolfville, NS B4P 2R6",https://elc.acadiau.ca,elc@acadiau.ca,45.0891388,-64.3669857
Treehouse Village Ecohousing,Treehouse Village Ecohousing Condominium Corporation,"Treehouse Village is a resident-developed cohousing community where households own their individual homes and co-own extensive common facilities through a condominium corporation. This co-ownership model reduces per-unit costs by sharing land and amenities, and governance is community-managed to maintain affordability and long-term sustainability, aligning with the co-ownership dimension of the solution.",Housing Affordability and Availability,"Shared-Equity and Co-ownership Programs: Develop community-managed shared-equity schemes where an organization helps cover part of a purchase in return for a resale restriction, making homeownership affordable while preserving long-term affordability.",Negative Narrative and Perception Trap,"215 Green Street, Bridgewater, NS B4V 2K7",https://www.treehousevillage.ca,info@treehousevillage.ca,44.3774134,-64.5193946
Dalhousie Legal Aid Service (Tenancy Law Services),"Dalhousie Legal Aid Service, Schulich School of Law, Dalhousie University","Dalhousie Legal Aid Service offers legal advice and representation to low-income tenants, negotiating with landlords and seeking mediated resolutions to avoid evictions. The clinic also delivers public legal education on tenant rights and responsibilities, directly supporting stable tenancies and helping young people maintain fair-market rentals.",Housing Affordability and Availability,"Tenant-Landlord Support & Mediation Hub: Operate a local mediation and education service that helps prevent evictions, supports stable tenancies, and offers incentives or recognition for landlords who provide long-term, fair-market rentals to young people.",Negative Narrative and Perception Trap,"2209 Gottingen Street, Halifax, NS B3K 3B5",https://www.dlas.ca,,44.6534203,-63.5851765
Youth Housing Support Program,The Portal Youth Outreach Association,"The Portal supports youth aged 16–24 to find and keep market rentals by offering tenant education (including life-skills and readiness training), help understanding leases, and mediation with landlords when issues arise. The program builds partnerships with local landlords and provides ongoing case management and problem-solving, which reassures landlords and promotes longer-term, fair-market tenancies for young people.",Housing Affordability and Availability,"Tenant-Landlord Support & Mediation Hub: Operate a local mediation and education service that helps prevent evictions, supports stable tenancies, and offers incentives or recognition for landlords who provide long-term, fair-market rentals to young people.",Negative Narrative and Perception Trap,"437 Main Street, Kentville, NS B4N 3W1",https://www.portalyouth.ca,info@portalyouth.ca,45.0776252,-64.4974709
Secondary and Backyard Suite Incentive Program,Housing Nova Scotia (Department of Municipal Affairs and Housing),"A provincial incentive that provides forgivable loans/matched grants to homeowners to create secondary suites within existing homes or build detached backyard suites. In return for assistance, owners agree to rent the new units at or below market benchmarks for a set period, directly increasing gentle-density rental supply and keeping it affordable.",Housing Affordability and Availability,Microloans for Home Repairs and Rental Conversions: Offer low-interest microloans or matched grants to homeowners who convert underused spaces into rental suites or repair existing rental units to keep supply habitable and affordable.,Negative Narrative and Perception Trap,"1505 Barrington Street, Halifax, NS B3J 3K5",https://beta.novascotia.ca,,44.6445647,-63.5723991
Team Member Housing Program,Fox Harb’r Resort,"Fox Harb’r Resort provides subsidized on-site and nearby staff accommodations for seasonal and full-time employees and works with local property owners to expand capacity during peak periods. By securing dedicated housing close to the workplace, the resort reduces relocation friction and living costs, helping attract and retain young workers in a region with limited rental availability.",Housing Affordability and Availability,"Employer-Community Housing Partnerships: Coordinate between local employers, chambers of commerce and community groups to develop employer-assisted housing (rent guarantees, down-payment support, dedicated rental blocks) targeted at recruiting and retaining young workers.",Negative Narrative and Perception Trap,"1337 Fox Harbour Road, Fox Harbour, NS B0K 1Y0",https://www.foxharbr.com,careers@foxharbr.com,45.8551076,-63.451889
Team Member Housing and Local Rentals,White Point Beach Resort,"White Point Beach Resort maintains employer-assisted staff housing and coordinates with nearby landlords to secure additional rooms and apartments during busy seasons. These dedicated rental blocks and partnerships help overcome local housing scarcity, enabling the resort to recruit and retain young hospitality workers in Queens County.",Housing Affordability and Availability,"Employer-Community Housing Partnerships: Coordinate between local employers, chambers of commerce and community groups to develop employer-assisted housing (rent guarantees, down-payment support, dedicated rental blocks) targeted at recruiting and retaining young workers.",Negative Narrative and Perception Trap,"75 White Point Beach Resort Road, White Point, NS B0T 1G0",https://www.whitepoint.com,info@whitepoint.com,43.9620383,-64.7413073
Physician and Medical Learner Accommodations,Health Services Foundation of the South Shore,"The Health Services Foundation of the South Shore manages apartments and temporary accommodations for medical residents, locums, and newly recruited physicians working with Nova Scotia Health in Lunenburg and Queens counties. Funded by community donors and business partners and coordinated with employer recruitment teams, these dedicated units reduce housing barriers and costs, directly supporting the recruitment and retention of early‑career healthcare professionals.",Housing Affordability and Availability,"Employer-Community Housing Partnerships: Coordinate between local employers, chambers of commerce and community groups to develop employer-assisted housing (rent guarantees, down-payment support, dedicated rental blocks) targeted at recruiting and retaining young workers.",Negative Narrative and Perception Trap,"90 Glen Allan Drive, Bridgewater, NS B4V 3S6",https://www.healthservicesfoundation.ca,info@healthservicesfoundation.ca,44.3822483,-64.510921
Health Services Foundation of the South Shore Healthcare Bursary Program,Health Services Foundation of the South Shore,"The Foundation awards community-funded bursaries to students in nursing and other in-demand health professions who commit to return to the South Shore to work after graduation. Recipients typically sign a return-of-service agreement to serve at South Shore Regional Hospital or affiliated facilities in Lunenburg and Queens counties for a defined period, aligning donor support with local workforce needs.",Affordable Post-Secondary and Student Debt,"Community-funded Scholarships and Bursaries: Create locally governed scholarship and bursary pools (donor circles, employer contributions, municipal seed funds) targeted at students who commit to living or working in the community for a set period after graduation.",Negative Narrative and Perception Trap,"90 Glen Allan Drive, Bridgewater, NS B4V 3S6",https://www.healthservicesfoundation.ca,info@healthservicesfoundation.ca,44.3822483,-64.510921
Sunflower Court (Rapid Modular Housing),Adsum for Women & Children,"Adsum for Women & Children developed Sunflower Court as a rapid, modular housing community in the Halifax area, using factory-built units assembled on site to quickly create supportive, transitional homes. The project functions much like a tiny-home village, offering immediate, stable housing and wraparound supports while residents work toward permanent housing, training, or employment.",Housing Affordability and Availability,Pop-up and Tiny Home Transitional Housing: Organize temporary tiny-home villages or repurpose modular units on community-owned sites to provide transitional housing for young people moving back or starting careers while permanent supply is developed.,Negative Narrative and Perception Trap,"2421 Brunswick Street, Halifax, NS B3K 2Z4",https://www.adsumforwomen.org,info@adsumforwomen.org,44.6562249,-63.5860658
Off-Campus Living (Room and Roommate Listings),Dalhousie University,"Dalhousie University’s Off-Campus Living service partners with rental listing platforms and local landlords/hosts to post rooms in shared houses, basement suites, and apartments, along with a roommate-finder tool for students. The service reduces search time and barriers by centralizing vetted listings, sharing tenant education resources, and offering guidance on leases and safer housing searches, which can include intergenerational arrangements where seniors or families rent spare rooms to s...",Housing Affordability and Availability,"Local Rental Match Platform and Roommate Network: Build a community-run online/offline platform to match young people with available rooms, roommates, and hosts (including intergenerational housing opportunities), reducing search time and informal barriers.",Negative Narrative and Perception Trap,"LeMarchant Place, 1246 LeMarchant Street, Halifax, NS B3H 3P7",https://www.dal.ca,,44.6360643,-63.5898491
Employee Tuition Assistance Program,Dalhousie University,"Dalhousie University reimburses eligible employees for approved job‑related courses and programs taken at Dalhousie or other recognized institutions through its Tuition Assistance Program. Combined with flexible work arrangements and paid professional development time, this employer benefit enables early‑career staff to continue education without incurring additional debt, supporting retention and career growth in Nova Scotia.",Affordable Post-Secondary and Student Debt,"Local Employer Tuition Reimbursement and Flexible Hiring: Encourage area employers to offer tuition reimbursement, continuing education stipends, and flexible schedules for early-career workers, reducing pressure to leave for higher pay elsewhere.",Negative Narrative and Perception Trap,"6299 South Street, Halifax, NS B3H 4R2",https://www.dal.ca,hr@dal.ca,44.6361402,-63.593144
Off-Campus Housing and Roommate Finder,Saint Mary's University,"Saint Mary’s University connects students with an online housing marketplace and roommate-matching tools where local landlords and hosts list rooms and shared accommodations. The service streamlines the search for affordable rentals, provides tips on tenant rights and avoiding scams, and supports connections that can include homestay-style and intergenerational options for students seeking rooms in family or senior households.",Housing Affordability and Availability,"Local Rental Match Platform and Roommate Network: Build a community-run online/offline platform to match young people with available rooms, roommates, and hosts (including intergenerational housing opportunities), reducing search time and informal barriers.",Negative Narrative and Perception Trap,"923 Robie Street, Halifax, NS B3H 3C3",https://www.smu.ca,,44.6313165,-63.5816691
Off-Campus Housing Support (Listings and Shared Housing Guidance),University of King's College,"The University of King’s College directs students to local room and roommate listings and provides guidance on navigating Halifax’s rental market, including shared housing. By pointing students to vetted platforms and community listings, staff help reduce informal barriers and connect students with hosts and multigenerational households renting spare rooms, improving affordability and fit.",Housing Affordability and Availability,"Local Rental Match Platform and Roommate Network: Build a community-run online/offline platform to match young people with available rooms, roommates, and hosts (including intergenerational housing opportunities), reducing search time and informal barriers.",Negative Narrative and Perception Trap,"6350 Coburg Road, Halifax, NS B3H 2A1",https://ukings.ca,,44.6374863,-63.5948434
Off-Campus Housing Listings and Roommate Matching,Acadia University,"Acadia University’s off-campus support links students with an online marketplace of local listings for rooms in shared houses and apartments and roommate-finder features. This central hub reduces search time, connects students with landlords and hosts across the Annapolis Valley (including households offering rooms), and provides practical resources to navigate leases and community norms.",Housing Affordability and Availability,"Local Rental Match Platform and Roommate Network: Build a community-run online/offline platform to match young people with available rooms, roommates, and hosts (including intergenerational housing opportunities), reducing search time and informal barriers.",Negative Narrative and Perception Trap,"15 University Avenue, Wolfville, NS B4P 2R6",https://www.acadiau.ca,,45.0891388,-64.3669857
Our HRM Alliance,Ecology Action Centre,"A coalition hosted by the Ecology Action Centre that mobilizes community groups, residents, and businesses to engage in Halifax Regional Council processes on planning and housing. The Alliance advocates for faster, as-of-right approvals for modest infill in serviced areas, pushes for affordability tools such as inclusionary zoning, and supports incentives for small-scale rentals like secondary suites and backyard units through submissions, deputations, and public campaigns.",Housing Affordability and Availability,"Community Advocacy for Faster Approvals and Inclusionary Policies: Mobilize neighborhood associations, businesses and youth groups to advocate at council for faster permitting for modest infill, inclusionary zoning on new developments, and incentives for small-scale rental projects.",Negative Narrative and Perception Trap,"2705 Fern Lane, Halifax, NS B3K 4L3",https://ourhrmalliance.ca,info@ecologyaction.ca,44.6567453,-63.59637
Policy & Advocacy (Housing and Development Files),Halifax Chamber of Commerce,"The Halifax Chamber of Commerce mobilizes its business membership to advocate at Halifax Regional Council and the Province for streamlined permitting, reduced red tape for infill and gentle density, and incentives that unlock private investment in small-scale rental projects. Through policy submissions, committee work, and public forums, the Chamber builds cross-sector support to expand rental supply and improve housing affordability.",Housing Affordability and Availability,"Community Advocacy for Faster Approvals and Inclusionary Policies: Mobilize neighborhood associations, businesses and youth groups to advocate at council for faster permitting for modest infill, inclusionary zoning on new developments, and incentives for small-scale rental projects.",Negative Narrative and Perception Trap,"32 Akerley Boulevard, Unit 1, Dartmouth, NS B3B 1N1",https://halifaxchamber.com,info@halifaxchamber.com,44.7098064,-63.6035607
Halifax Chamber of Commerce — Shop Local and Business Procurement Initiatives,Halifax Chamber of Commerce,"The Halifax Chamber promotes shop-local and member-to-member procurement, facilitating corporate and institutional buying from Nova Scotia businesses through directories, campaigns, and events. By nudging anchor organizations and SMEs to commit spend locally, the Chamber helps build predictable demand for Nova Scotia suppliers, supporting local employment and career paths that keep young talent in the province.",Brain Drain to Larger Markets and Remote Employers,Community Procurement & Buy-Local Pledges: Coordinate municipal and local business commitments to prioritize local hiring and procurement—giving preference to Nova Scotia-based suppliers and creating demand for local talent.,Negative Narrative and Perception Trap,"32 Akerley Boulevard, Unit 100, Dartmouth, NS B3B 1N1",https://halifaxchamber.com,info@halifaxchamber.com,44.7098064,-63.6035607
Community Design Workshop (CDW),Dalhousie University – School of Planning,"Dalhousie’s Community Design Workshop partners annually with Nova Scotia towns and municipalities to run intensive public design charrettes focused on gentle neighbourhood infill, main-street intensification and housing choice. These charrettes produce illustrated concepts and community-backed design guidelines that municipalities use to update policies and fast-track approvals for missing‑middle housing (e.g., accessory suites, duplexes/triplexes and small multiplexes) with less public oppos...",Housing Affordability and Availability,"Neighborhood Densification Charrettes and Design Guides: Host local design charrettes to identify low-impact densification opportunities (laneway homes, triplexes) and produce community-backed design guides to speed approvals and reduce NIMBY resistance.",Negative Narrative and Perception Trap,"5410 Spring Garden Road, Halifax, NS B3J 1E1",https://www.dal.ca/faculty/architecture-planning/school-of-planning.html,planning@dal.ca,44.6432277,-63.5745458
Plan Wolfville (Municipal Planning Strategy & Core Area Design Guidelines),Town of Wolfville – Planning & Development,"Through the Plan Wolfville process, the Town held public design workshops/charrettes to identify where and how gentle density—such as accessory/secondary suites, small multiplexes and townhouses—could fit within existing neighbourhoods. The resulting policies and Core Area architectural/design guidelines provide clear, pre-approved forms and infill standards that streamline approvals and address neighbourhood concerns with community-vetted solutions.",Housing Affordability and Availability,"Neighborhood Densification Charrettes and Design Guides: Host local design charrettes to identify low-impact densification opportunities (laneway homes, triplexes) and produce community-backed design guides to speed approvals and reduce NIMBY resistance.",Negative Narrative and Perception Trap,"359 Main Street, Wolfville, NS B4P 1A1",https://wolfville.ca,planning@wolfville.ca,45.091537,-64.3591978
Kings 2050 – Community Charrettes and Growth Centre Design Guidelines,Municipality of the County of Kings – Planning & Development,"The Municipality of the County of Kings conducted multi-day community design charrettes across its Growth Centres (e.g., New Minas, Canning) to co-create small-scale densification scenarios and main-street infill options. The adopted secondary plans and design guidelines translate this input into clear, form-based standards for accessory/secondary suites, duplexes/triplexes and townhouses, enabling as‑of‑right approvals that add housing while reducing NIMBY friction through shared, illustrate...",Housing Affordability and Availability,"Neighborhood Densification Charrettes and Design Guides: Host local design charrettes to identify low-impact densification opportunities (laneway homes, triplexes) and produce community-backed design guides to speed approvals and reduce NIMBY resistance.",Negative Narrative and Perception Trap,"181 Coldbrook Village Park Drive, Coldbrook, NS B4R 1B9",https://www.countyofkings.ca,planning@countyofkings.ca,45.07011,-64.5622267
Habitat for Humanity Nova Scotia — Volunteer Build Program,Habitat for Humanity Nova Scotia,"Habitat for Humanity Nova Scotia organizes volunteer build crews—often including trades students from NSCC and local universities—who work alongside experienced staff and trades professionals to construct and, when suitable, rehabilitate homes. By leveraging community volunteers and student placements, the program increases the supply of safe, energy‑efficient, entry-level affordable homes for families across the province. These supervised builds and rehabs both expand affordable housing stoc...",Housing Affordability and Availability,"Volunteer Rehab and Skills-Training Crews: Create volunteer teams combining trades students and community volunteers to renovate vacant or substandard units, pairing skill-building opportunities with increases in safe, affordable housing stock.",Negative Narrative and Perception Trap,"81 Wright Avenue, Dartmouth, NS B3B 1H4",https://www.habitatns.ca,info@habitatns.ca,44.7050784,-63.5968992
Matched Savings and Financial Empowerment Programs,YWCA Halifax,"YWCA Halifax runs group-based financial empowerment and matched-savings initiatives that help women and gender-diverse participants set savings goals, build peer support, and receive matched funds for education, training, or employment needs. These programs function as cooperative savings models, enabling participants to accumulate small savings and access low- or no-cost funds for tuition, certification, or emergencies in place of high-interest credit.",Affordable Post-Secondary and Student Debt,"Peer Savings Groups and Cooperative Finance Models: Promote rotating savings and credit associations (ROSCA), cooperative banking products, and credit-union partnerships that enable small-scale savings and emergency lending without high interest.",Negative Narrative and Perception Trap,"358 Herring Cove Road, Halifax, NS B3R 1V8",https://www.ywcahalifax.com,info@ywcahalifax.com,44.6122376,-63.6172244
Intergenerational Play and Childminding,Cape Breton Family Place Resource Centre,"Family Place offers free parent programs, workshops, and employment supports with on‑site childminding and early learning. Many activities are supported by older adult volunteers and retired caregivers who provide warm, supervised engagement for children, creating intergenerational care that enables parents—especially newcomers and single parents—to attend classes, appointments, or work‑search activities.",Access to Childcare and Family Supports,"Intergenerational Care Programs: Match seniors and older volunteers with families so seniors provide part-time supervised care and engagement, offering companionship for elders and reliable support for parents.",Negative Narrative and Perception Trap,"106 Townsend Street, Sydney, NS B1P 5E2",https://www.familyplace.ca,info@familyplace.ca,46.1347548,-60.1920527
Truro Business Parks (Truro Business Park and Truro Industrial Park),Town of Truro,"The Town of Truro offers serviced, pre‑zoned lots in its business parks, with established development standards and as‑of‑right permissions that minimize the need for rezonings or development agreements. By banking and preparing land in advance, the program shortens approval timelines and reduces costs for startups and growing companies.",Regulatory and Permitting Friction,"Pre‑Zoned Community Land Bank: Create a community land trust that acquires and holds lots pre‑zoned for affordable housing, small businesses or renewable installations, reducing time spent rezoning and permitting.",Negative Narrative and Perception Trap,"695 Prince Street, Truro, NS B2N 1G2",https://www.truro.ca,info@truro.ca,45.3653532,-63.280498
Flood Risk Mapping & Public Education,Town of Truro,"The Town of Truro maintains Salmon River floodplain maps and an online viewer and augments them with resident-reported flooding hotspots gathered through public meetings and service requests to identify high‑risk streets, basements, and access routes. The Town provides printed and online homeowner guides, development checklists, and emergency detour information so residents, prospective homebuyers, and insurers can assess parcel‑level flood risk and understand mitigation and adaptation measures.",Climate Risks and Coastal Vulnerability,"Community flood mapping and risk communication: Volunteer-driven mapping of high-risk streets, basements and access routes combined with clear, locally distributed guidance so residents, prospective homebuyers and insurers understand true risk and adaptation options.",Negative Narrative and Perception Trap,"695 Prince Street, Truro, NS B2N 1G5",https://www.truro.ca,info@truro.ca,45.3653532,-63.280498
Flood Monitoring and Alerting System,Town of Truro,"The Town of Truro operates a local monitoring network with river stage gauges on the Salmon River and shares real-time levels and flood risk updates through public web dashboards and alerts. This open data helps residents prepare for flood events and supports municipal planning and infrastructure decisions, reducing risk in a community highly exposed to storm-driven flooding.",Climate Risks and Coastal Vulnerability,"Local monitoring network and data sharing: Volunteer-operated sensors and shoreline change monitoring with open data dashboards to inform local planning, insurance underwriting and timely warnings for residents.",Negative Narrative and Perception Trap,"695 Prince Street, Truro, NS B2N 1G5",https://www.truro.ca,info@truro.ca,45.3653532,-63.280498
Town of Truro Strategic Plan 2023–2026,Town of Truro,"Truro’s four-year strategic plan establishes measurable objectives for workforce and population growth, downtown revitalization, active transportation, recreation, and service improvements that directly support youth retention and quality of life. The town conducts regular progress updates and collaborates with regional partners (e.g., County of Colchester, post-secondary institutions, and the Province) to coordinate implementation beyond election cycles and maintain accountability.",Governance Fragmentation and Coordination Silos,"Multi-Year Community Development Plans: Develop 3–5 year plans led by communities that set measurable goals for youth retention, skills development, and quality-of-life improvements; these plans include check-in milestones to extend planning horizons beyond election cycles and create continuity across governments.",Negative Narrative and Perception Trap,"695 Prince Street, Truro, NS B2N 1G5",https://www.truro.ca,town@truro.ca,45.3653532,-63.280498
Learner Sponsorship and Return‑of‑Service Bursaries,Nova Scotia Health,"Nova Scotia Health offers bursaries and sponsorships that cover tuition or repay student costs for in‑demand health professions (e.g., medical laboratory technologists, diagnostic imaging, respiratory therapy), tied to signed multi‑year return‑of‑service commitments in the provincial health system. These incentives function as loan‑for‑service supports by offsetting student debt in exchange for working in priority roles and locations.",Affordable Post-Secondary and Student Debt,"Loan-for-Service and Local Loan Forgiveness Programs: Set up community or municipal programs that forgive or repay portions of student debt in exchange for multi-year service in schools, healthcare, emergency services, or other priority local workplaces.",Negative Narrative and Perception Trap,"1799 Robie Street, Halifax, NS B3H 3K2",https://www.nshealth.ca,learners@nshealth.ca,44.6460842,-63.5879843
Clinical Learner Travel and Accommodation Support,Nova Scotia Health,"Nova Scotia Health offers travel and accommodation reimbursements for health‑profession students completing clinical placements in regional and rural facilities across the province. Support helps cover mileage, temporary housing, and transit so learners can train in communities beyond Halifax without personal financial strain. This reduces mobility barriers and encourages youth to pursue in-demand health careers while experiencing opportunities in different Nova Scotia regions.",Transportation and Regional Connectivity,"Mobility Scholarships and Travel Stipends for Youth: Establish small community funds that provide travel grants or transit subsidies for young people pursuing internships, apprenticeships, or cultural opportunities in other towns — reducing mobility barriers that otherwise force relocation.",Negative Narrative and Perception Trap,"90 Lovett Lake Court, Halifax, NS B3S 0H6",https://www.nshealth.ca,learners@nshealth.ca,44.6439029,-63.6600985
TeleHealthNS – Yarmouth Regional Hospital Site,Nova Scotia Health,"TeleHealthNS provides private, internet-enabled rooms equipped with secure video conferencing so patients can connect with specialists and primary care providers without having to travel long distances. At the Yarmouth Regional Hospital site, hospital staff help patients check in, set up the connection, and ensure clinical peripherals (e.g., digital stethoscopes, cameras) work during the appointment—delivering exactly the kind of assisted telehealth kiosk experience needed in rural areas.",Rural Broadband and Digital Infrastructure,"Telehealth and Remote-Service Kiosks: Set up private, internet-enabled kiosks at clinics, community centres or libraries where residents can connect to telehealth providers, employment services or government portals with on-site assistance as needed.",Negative Narrative and Perception Trap,"60 Vancouver Street, Yarmouth, NS B5A 2P5",https://www.nshealth.ca,,43.8503694,-66.1215607
TeleHealthNS – Inverness Consolidated Memorial Hospital Site,Nova Scotia Health,"TeleHealthNS operates a dedicated telehealth room at the Inverness Consolidated Memorial Hospital, providing a private, internet-enabled space for patients to connect with distant providers. Clinical and administrative staff offer on-site assistance before and during sessions, effectively delivering a kiosk-style service that bridges broadband and distance barriers in rural Cape Breton.",Rural Broadband and Digital Infrastructure,"Telehealth and Remote-Service Kiosks: Set up private, internet-enabled kiosks at clinics, community centres or libraries where residents can connect to telehealth providers, employment services or government portals with on-site assistance as needed.",Negative Narrative and Perception Trap,"35 James Street, Inverness, NS B0E 1N0",https://www.nshealth.ca,,46.2275206,-61.3068208
Provincial Supply Chain (Procurement) for Health Services,Nova Scotia Health,"Nova Scotia Health operates a shared provincial supply chain and procurement function that consolidates purchasing for hospitals and health facilities across the province, often coordinating with IWK and group purchasing while also running provincial RFPs and standing offers. By combining the demand of many sites and using regional lots and multi‑year agreements, the program creates predictable institutional contracts that small Nova Scotia suppliers can service without marketing to each faci...",Barriers to Entrepreneurship and Access to Capital,"Local Procurement Consortia: Form buyer consortia of schools, health centres and municipalities to aggregate demand and create predictable contracts that make it easier for small local suppliers to win work.",Negative Narrative and Perception Trap,"90 Lovett Lake Court, Beechville, NS B3T 0H1",https://www.nshealth.ca,,44.6376242,-63.6783618
Social Work & Community Outreach,North End Community Health Centre,"NECHC’s social workers and outreach staff help residents—especially marginalized youth, newcomers, and people experiencing homelessness—navigate the health and social service systems. They book primary care and specialist appointments, explain referrals and care plans, support completion of medical and income-support forms, and connect clients to community resources and transportation options to attend care.",Healthcare and Mental Health Access,"Community health navigator program: Local volunteers and social-service workers help residents—especially youth and newcomers—book appointments, understand referrals, complete intake forms, and connect to community resources and transportation options.",Negative Narrative and Perception Trap,"2165 Gottingen Street, Halifax, NS B3K 3B5",https://nechc.com,info@nechc.com,44.6527462,-63.5842285
Summer Student Employment (Programs and Community Outreach),Cape Breton Regional Library,"Cape Breton Regional Library employs students in paid positions to deliver children’s reading clubs, digital literacy workshops, community outreach, and local history projects across its branches. Working at the library embeds youth in civic life, builds leadership and service skills, and highlights public-sector and cultural careers that contribute directly to community well-being.",Brain Drain to Larger Markets and Remote Employers,"Civic Learning & Community Service Pathways: Create paid youth positions in municipal projects, cultural organizations and non-profits to build local leadership, deepen civic ties, and demonstrate viable careers that contribute to community life.",Negative Narrative and Perception Trap,"50 Falmouth Street, Sydney, NS B1P 6X9",https://cbrl.ca,info@cbrl.ca,46.1356139,-60.1934179
Continuing Care Recruitment & Retention Services,Health Association Nova Scotia,"Health Association Nova Scotia provides shared recruitment and onboarding services for a consortium of long-term care and home care employers that pool membership resources. The program coordinates province-wide hiring fairs, centralized screening, and standardized training/orientation (e.g., for CCAs) while arranging practical placements across member facilities to accelerate hiring and reduce costs for individual organizations.","Workforce Shortages in Care, Construction, and Skilled Trades","Employer Training Consortium: Form a cooperative of local employers that pools funds and staff time to run shared training programs, rotating placements, and joint hiring fairs to reduce individual costs.",Negative Narrative and Perception Trap,"2 Dartmouth Road, Bedford, NS B4A 2K7",https://www.healthassociation.ns.ca,info@healthassociation.ns.ca,44.7308815,-63.6554408
More Than Medicine (Health-Care Talent Attraction),Nova Scotia Health,"Nova Scotia Health’s “More Than Medicine” campaign markets the province’s lifestyle, communities, and career growth stories to recruit and retain health professionals, residents, and students. The initiative combines compelling place-based narratives with employer outreach and relocation support, framing Nova Scotia as a rewarding place to build a life and career—directly countering brain drain in a critical sector.",Brain Drain to Larger Markets and Remote Employers,"Place-Based Branding & Talent Campaigns: Develop community-led marketing that highlights local quality of life, career success stories and cultural strengths to reframe the region as an attractive long-term home for young people.",Negative Narrative and Perception Trap,"1276 South Park Street, Halifax, NS B3H 2Y9",https://recruitment.nshealth.ca,careers@nshealth.ca,44.6379204,-63.5800467
Early Childhood Education Centre (ECEC) and Community Hub,The North Grove,"The North Grove combines a licensed Early Childhood Education Centre with a community hub that offers work-friendly spaces, Wi‑Fi, and program rooms used for employment, training, and entrepreneurship supports. Parents can place their children in affordable, licensed childcare on-site while they work remotely, attend virtual meetings, job search, or join skills programs in the same building—delivering a practical hybrid work hub with childcare that reduces the need to commute or relocate.",Brain Drain to Larger Markets and Remote Employers,Hybrid Work Hubs with Childcare: Combine co-working facilities with affordable childcare and family-friendly hours so young parents can pursue remote or local work without relocating for better services.,Negative Narrative and Perception Trap,"6 Primrose Street, Dartmouth, NS B3A 4C5",https://thenorthgrove.ca,info@thenorthgrove.ca,44.6814085,-63.5860545
Maritime Bus Charters (Event Shuttles),Maritime Bus,"Maritime Bus provides chartered coaches and pop-up shuttle services for festivals, tournaments, and seasonal workforce needs across Nova Scotia, creating temporary links between smaller towns and event/job sites. These on-demand, short-term shuttles help organizers move people safely and efficiently while demonstrating intercommunity demand that can inform permanent intercity service planning.",Transportation and Regional Connectivity,"Pop-up Event and Seasonal Shuttles: Organize temporary shuttles for festivals, market days, and seasonal employment peaks that connect isolated communities to cultural and job opportunities, demonstrating demand and building case studies for permanent services.",Negative Narrative and Perception Trap,"604 Marginal Road, Halifax, NS B3H 4P7",https://www.maritimebus.com,charters@maritimebus.com,44.6369711,-63.5661922
Maritime Bus Online Booking and E‑Tickets,Maritime Bus,"Maritime Bus operates the intercity coach network across Nova Scotia and the Maritimes, offering online schedules, mobile-friendly booking, and e‑tickets that simplify longer, multi‑leg travel. By centralizing intercity trip information and fare purchases, it complements local transit and ferry services, helping riders connect rural and urban destinations for work, education, and culture.",Transportation and Regional Connectivity,"Integrated Mobility Info and Ticketing App: Develop a community-backed transit information portal and ticketing system that aggregates schedules, real-time updates, ride-matching, and fare purchases for shuttles, buses, ferries and microtransit, lowering friction for multi-leg journeys across providers.",Negative Narrative and Perception Trap,"6040 Almon Street, Halifax, NS B3K 1T8",https://www.maritimebus.com,info@maritimebus.com,44.6569914,-63.5992358
Diversity and Inclusion Committee,Town of Bridgewater,"Bridgewater’s Diversity and Inclusion Committee is a resident-based advisory body that guides the Town’s Diversity & Inclusion Strategy and action plans. It reviews municipal policies and services for equity impacts, proposes policy improvements to address racism and systemic barriers, partners with local organizations to deliver community education on inclusion and anti-racism, and tracks progress for Council to ensure accountability.","Inclusion, Racism, and Systemic Barriers","Community Anti-Racism & Inclusion Task Force: Create a citizen-led task force made up of representatives from Black, Mi’kmaq, newcomer, 2SLGBTQIA+, disability and youth communities to audit local institutions, propose policy changes, coordinate community education, and monitor progress on inclusion goals.",Negative Narrative and Perception Trap,"60 Pleasant Street, Bridgewater, NS B4V 3X9",https://www.bridgewater.ca,info@bridgewater.ca,44.3755744,-64.5223664
Community Internet Services and Equipment Support,Chebucto Community Net Society,"Chebucto Community Net is a non-profit community ISP that aggregates local subscribers to offer low-cost internet plans and provides guidance and access to compatible modems/routers sourced at scale. By coordinating member sign‑ups and facilitating bulk procurement of home connectivity equipment at cost, Chebucto reduces per-household expenses and supports wider adoption of reliable home internet in the Halifax area.",Rural Broadband and Digital Infrastructure,"Bulk Purchasing Programs for Home Connectivity and Devices: Organize cooperative buying programs so households can purchase routers, extenders, antennas or low-cost ISP plans in bulk to lower per-unit costs and speed adoption. Local businesses or the municipality can coordinate procurement and distribution.",Negative Narrative and Perception Trap,"6135 University Avenue, Halifax, NS B3H 4R2",https://www.chebucto.ns.ca,office@chebucto.ns.ca,44.6376163,-63.5899417
Study Rooms and Technology Lending,Colchester-East Hants Public Library,"Colchester-East Hants Public Library’s Truro Library provides free, reservable study rooms, strong Wi‑Fi, and public computers, creating a private, secure setting for telehealth sessions. Library staff assist with setting up video calls and basic troubleshooting, and the system offers loanable tech (such as hotspots/tablets where available), helping patrons overcome privacy and device barriers to attend virtual medical or counselling appointments.",Healthcare and Mental Health Access,"Telehealth access hubs in libraries and community centres: Public spaces provide private booths, reliable internet, device loans, and staff assistance so people can attend virtual medical or counselling appointments without technology or privacy barriers.",Negative Narrative and Perception Trap,"Truro Public Library, 754 Prince Street, Truro, NS B2N 1G9",https://www.cehpubliclibrary.ca,info@cehpubliclibrary.ca,45.3640087,-63.2787628
Borrow a Wi‑Fi Hub and Tech Help by Appointment,Colchester-East Hants Public Library,"Colchester-East Hants Public Library lends Wi‑Fi hotspot devices and provides one-on-one technology help sessions supported by trained staff and volunteers. Residents can receive step-by-step assistance to connect and secure home networks, set up routers and Wi‑Fi extenders, and troubleshoot connectivity issues, including help getting loaned hotspots working. By pairing connectivity tools with community tech stewards, the library lowers barriers for people with limited technical skills in rur...",Rural Broadband and Digital Infrastructure,"Volunteer Digital Stewards and Installation Teams: Train local volunteers to help neighbours install routers, set up Wi‑Fi extenders, configure secure home networks and maintain local wireless hotspots. This lowers barriers for older residents and those with limited technical skills.",Negative Narrative and Perception Trap,"754 Prince Street, Truro, NS B2N 1G9",https://www.cehpubliclibrary.ca,info@cehpubliclibrary.ca,45.3640087,-63.2787628
Kings 2050 Inter‑Municipal Planning Initiative,Municipality of the County of Kings,"Kings 2050 is a collaborative planning framework among the Municipality of the County of Kings and the Towns of Kentville, Wolfville, and Berwick to align municipal planning strategies, land-use bylaws, and growth management. The initiative standardizes definitions and development standards and has engaged local business and community associations to streamline permitting, making approvals more predictable and consistent across municipal boundaries in the Valley region.",Regulatory and Permitting Friction,"Cross‑Municipal Community Coalition: Form a coalition of neighbourhood associations and chambers of commerce across nearby municipalities to jointly advocate for aligned bylaws, standard forms and reciprocal permitting practices.",Negative Narrative and Perception Trap,"181 Coldbrook Village Park Drive, Coldbrook, NS B4R 1B9",https://www.countyofkings.ca,planning@countyofkings.ca,45.07011,-64.5622267
Building Futures for Youth (BFY),"Construction Association of Nova Scotia (with Nova Scotia Apprenticeship Agency, NSCC, and education partners)","BFY is a province-wide partnership that convenes employers, high schools, the Nova Scotia Apprenticeship Agency, NSCC, and government to identify construction-sector skill needs and create clear pathways from school to apprenticeship. Through regional planning roundtables, partners align safety and job-readiness training, co-design work experiences, and employers commit to paid summer placements that often transition into apprenticeship; results and student outcomes are tracked to refine trai...",Skills Mismatch and Training Pathways,"Community Employer-Education Roundtables: Regular local roundtables where employers, high schools, community colleges, universities, and training providers map current and emerging skill needs, co-design curricula, and commit to concrete co-op/apprenticeship slots. The community organizes and documents outcomes so training aligns to local demand.",Negative Narrative and Perception Trap,"134 Eileen Stubbs Avenue, Unit 103, Dartmouth, NS B3B 2C8",https://www.buildingfutures.ca,info@cans.ns.ca,44.700198,-63.5794894
Faculty of Computer Science External Advisory Council and Co-op Employer Roundtables,"Dalhousie University, Faculty of Computer Science","Dalhousie’s Faculty of Computer Science convenes an External Advisory Council and recurring employer roundtables that include tech companies, startup leaders, and public-sector employers to map evolving competencies in fields like AI, cybersecurity, and data science. Feedback directly shapes course content and new credentials while employers commit to specific co-op and internship placements through the faculty’s co-op office; meeting outcomes and curriculum changes are documented and reviewe...",Skills Mismatch and Training Pathways,"Community Employer-Education Roundtables: Regular local roundtables where employers, high schools, community colleges, universities, and training providers map current and emerging skill needs, co-design curricula, and commit to concrete co-op/apprenticeship slots. The community organizes and documents outcomes so training aligns to local demand.",Negative Narrative and Perception Trap,"6050 University Avenue, Halifax, NS B3H 1W5",https://www.dal.ca/faculty/computerscience.html,fcsinfo@dal.ca,44.6375234,-63.5872235
Saint Mary’s University Micro-credentials,Saint Mary’s University (Continuing Education / Executive & Professional Development),"Saint Mary’s University offers micro-credentials through Continuing Education and Executive & Professional Development that target in-demand skills in business analysis, digital marketing, data, and leadership. Programs are created with employer advisory input from the Halifax region, produce verifiable digital badges, and are designed to be stackable toward advanced certificates, helping local businesses hire for proven, job-ready competencies.",Skills Mismatch and Training Pathways,"Local Industry Micro‑credential Program: A community-managed stackable micro‑credential initiative developed with local businesses to certify specific, job‑ready skills (short courses, badges) that employers recognize and prioritize for hiring and promotions.",Negative Narrative and Perception Trap,"923 Robie Street, Halifax, NS B3H 3C3",https://www.smu.ca/continuingstudies/micro-credentials.html,epd@smu.ca,44.6313165,-63.5816691
SMU Entrepreneurship Centre – Student Employment Program (RBC Talent Fund),Saint Mary’s University Entrepreneurship Centre,"The SMU Entrepreneurship Centre brokers short-term internships and co-op-style placements for students with startups and SMEs across Nova Scotia, providing hands-on coordination from employer matching to onboarding. Through the RBC Talent Fund and related supports, the Centre offsets wages/stipends for small employers and delivers training and mentorship to students—operating as a shared WIL hub that makes placements financially and operationally feasible for local businesses.",Skills Mismatch and Training Pathways,"Shared Work‑Integrated Learning (WIL) Hub: A municipal or non-profit run hub that brokers co-op, internship and apprenticeship placements among small employers, provides placement coordination, onboarding support, and small-stipend funding to make placements viable for local businesses.",Negative Narrative and Perception Trap,"923 Robie Street, Halifax, NS B3H 3C3",https://smuec.ca,smuec@smu.ca,44.6313165,-63.5816691
Acadia Co-operative Education Program,Acadia University,"Acadia’s Co-op Program brokers paid work terms with employers across Nova Scotia—including many small businesses—by recruiting candidates, facilitating interviews, and coordinating learning objectives and onboarding. The program advises employers on wage-subsidy options (e.g., CEI/SWPP) and provides ongoing support to ensure high-quality placements, operating as a centralized WIL conduit that aligns student skills with real workplace needs.",Skills Mismatch and Training Pathways,"Shared Work‑Integrated Learning (WIL) Hub: A municipal or non-profit run hub that brokers co-op, internship and apprenticeship placements among small employers, provides placement coordination, onboarding support, and small-stipend funding to make placements viable for local businesses.",Negative Narrative and Perception Trap,"15 University Avenue, Wolfville, NS B4P 2R6",https://co-op.acadiau.ca,coop@acadiau.ca,45.0891388,-64.3669857
Trade Qualifier and Prior Learning Assessment,"Nova Scotia Apprenticeship Agency (Department of Labour, Skills and Immigration)","The Nova Scotia Apprenticeship Agency assesses prior work experience and competencies through the Trade Qualifier route, scheduling assessment days and practical exams so experienced workers and newcomers can challenge certification. Recognized hours and successful assessments lead to provincial trade certification or direct entry into apprenticeship, credentials that employers across Nova Scotia accept.",Skills Mismatch and Training Pathways,"Recognition of Prior Learning (RPL) Clinics: Community centers offering regular RPL workshops and assessment days to help young people and newcomers convert informal, volunteer, or on-the-job experience into recognized credentials that local employers accept.",Negative Narrative and Perception Trap,"2021 Brunswick Street, Halifax, NS B3J 2S9",https://www.nsapprenticeship.ca,apprenticeship@novascotia.ca,44.6520988,-63.5789365
Discovery on the Go (Outreach),Discovery Centre,"Discovery Centre’s mobile outreach team brings portable maker and digital media kits—such as robotics, circuits, 3D design, and coding activities—to libraries, schools, and community hubs throughout rural Nova Scotia. These short, facilitated sessions provide hands-on, near-to-home training that strengthens digital literacy and creative tech skills, helping youth explore pathways into technology and creative industries.",Skills Mismatch and Training Pathways,"Mobile Training and Maker Labs: A traveling training unit or pop-up maker lab that brings hands-on, short-term training (e.g., welding, coding bootcamps, digital media) to rural communities, lowering barriers to accessing in-demand skills nearby.",Negative Narrative and Perception Trap,"1215 Lower Water Street, Halifax, NS B3J 3S8",https://thediscoverycentre.ca,info@thediscoverycentre.ca,44.6416898,-63.5678259
Discovery Centre After-School STEAM Club,Discovery Centre,"Discovery Centre runs supervised, hands-on after-school clubs that immerse youth in science, technology, engineering, arts, and math through coding, robotics, maker projects, and design challenges. Staff and volunteer mentors provide guidance and role modelling, offering a structured, skill-focused environment that supports families by engaging older children into the early evening.",Access to Childcare and Family Supports,"After-School Skills and Mentorship Programs: Community-run after-school programs that combine supervision with trades, arts or tech mentorship, keeping older children engaged while parents work or study.",Negative Narrative and Perception Trap,"1215 Lower Water Street, Halifax, NS B3J 3S8",https://thediscoverycentre.ca,info@thediscoverycentre.ca,44.6416898,-63.5678259
Co-operative Education Incentive (CEI),"Nova Scotia Department of Labour, Skills and Immigration","The Co-operative Education Incentive provides wage subsidies to employers that hire co-op students from Nova Scotia post-secondary institutions. By cost-sharing student wages, the program effectively matches employer contributions to create paid placements, reducing the financial barrier for SMEs and nonprofits. This matching approach expands the number of quality co-op opportunities and aligns student skills with employer needs.",Skills Mismatch and Training Pathways,"Employer-Funded Stipend Matching Pool: A community-managed fund that matches small employer contributions to provide stipends for co-op students and apprentices, making placements financially sustainable for businesses and accessible to youth.",Negative Narrative and Perception Trap,"1505 Barrington Street, Halifax, NS B3J 3K5",https://novascotia.ca,cei@novascotia.ca,44.6445647,-63.5723991
Nova Scotia Works – Opportunity Place Resource Association,Opportunity Place Resource Association (Nova Scotia Works),"This Nova Scotia Works centre offers a one-stop hub in Dartmouth (with virtual access) where youth and jobseekers explore local career pathways, get personalized career counselling, and connect to employers posting real-time openings. Staff support applications to apprenticeships/co-ops, help clients access training and wage subsidies, and guide them to short courses and micro-credentials aligned with regional employer needs.",Skills Mismatch and Training Pathways,"Local Career Navigation Centers: One-stop community centers (physical + virtual) that help youth explore local career pathways, apply for co-ops/apprenticeships, access training funds, and connect to employers with real-time openings and micro-credential options.",Negative Narrative and Perception Trap,"33 Ochterloney Street, Suite 210, Dartmouth, NS B2Y 4P5",https://opportunityplace.ca,info@opportunityplace.ca,44.6663207,-63.5691825
Nova Scotia Works Labour Market Information and Job Board,"Nova Scotia Department of Labour, Skills and Immigration (Nova Scotia Works)","Nova Scotia Works maintains a province-wide, publicly accessible job board and labour market information hub that aggregates real-time vacancies, highlights in-demand occupations, and surfaces the top skills employers are seeking across regions. The dashboard and reports are used by community partners and training providers to align programs with short- and long-term employer needs, helping students and job seekers choose pathways that match projected vacancies and priority skills.",Skills Mismatch and Training Pathways,"Community Skills Forecast and Vacancy Board: A publicly accessible local dashboard maintained by community partners showing short-term and long-term employer needs, projected vacancies, and priority skills — used to guide training providers and student choices.",Negative Narrative and Perception Trap,"5151 Terminal Road, Halifax, NS B3J 2T8",https://novascotiaworks.ca,,44.6410933,-63.568792
Management Without Borders (MWB),"Dalhousie University, Faculty of Management","Dalhousie University’s Management Without Borders is a for-credit, interdisciplinary project course where graduate students collaborate with external organizations to solve real management, policy, and community challenges. Client partners from business, government, and non-profits co-define deliverables, ensuring students apply classroom learning to practical needs that employers value.",Skills Mismatch and Training Pathways,"School-Enterprise Project Partnerships: Programs where schools partner with local businesses and non-profits on real projects (product design, service delivery, community events) that count for credit and provide tangible experience employers value.",Negative Narrative and Perception Trap,"6100 University Avenue, Halifax, NS B3H 4R2",https://www.dal.ca/faculty/management.html,,44.6370686,-63.5882484
NSCAD Design Studio Client Projects,NSCAD University,"NSCAD University’s design studio courses regularly engage students in client-based projects for local companies, social enterprises, and arts organizations, with outcomes such as visual identities, product concepts, and campaign assets. These engagements are structured for academic credit, aligning design curriculum with real market briefs and professional workflows.",Skills Mismatch and Training Pathways,"School-Enterprise Project Partnerships: Programs where schools partner with local businesses and non-profits on real projects (product design, service delivery, community events) that count for credit and provide tangible experience employers value.",Negative Narrative and Perception Trap,"5163 Duke Street, Halifax, NS B3J 3J6",https://nscad.ca,admissions@nscad.ca,44.6486146,-63.577353
Community Studio Residency Program,NSCAD University,"NSCAD University places recent graduates and practicing artists as community artists-in-residence in towns across Nova Scotia, where they deliver workshops, class visits, and collaborative projects with local schools, libraries, and community centres. Residents receive studio space and paid opportunities to teach, mentor youth, and run public programs, directly generating income for artists while expanding arts access. The program strengthens local cultural ecosystems and connects young peopl...","Support for Arts, Culture, and Creative Industries","Artist-Teacher and Artist-in-Residence Partnerships: Place practicing artists in schools, libraries, and community centers for residencies that offer paid teaching, public workshops, and collaborative community projects. This creates income for artists, arts exposure for youth, and stronger community ties to creative practice.",Negative Narrative and Perception Trap,"5163 Duke Street, Halifax, NS B3J 3J6",https://nscad.ca,info@nscad.ca,44.6486146,-63.577353
Ready2Launch,Dal Innovates (Dalhousie University),"Ready2Launch is Dal Innovates’ summer accelerator that pays student teams to work full-time on building their ventures while receiving mentorship, structured workshops, and access to university co-working and prototyping resources. The paid work-study model provides practical startup experience and industry-recognized work-integrated learning, directly addressing skills mismatches and easing school-to-work transitions.",Skills Mismatch and Training Pathways,"Youth Entrepreneurship Incubator with Work-Study: A community incubator that supports young entrepreneurs with mentoring, space, and short-term paid work-study placements within startups, combining entrepreneurial skill-building with workplace experience recognized by local industry.",Negative Narrative and Perception Trap,"6299 South Street, Halifax, NS B3H 4R2",https://dalinnovates.ca/ready2launch,dalinnovates@dal.ca,44.6361402,-63.593144
SMU Entrepreneurship Centre – Work Integrated Learning (WIL) Programs,Saint Mary’s University Entrepreneurship Centre,"The SMU Entrepreneurship Centre runs Work Integrated Learning programs that place students in paid, short-term roles with startups and small businesses while providing coaching, venture-building supports, and access to the Spark Zone sandbox community and space. By combining mentorship, entrepreneurial training, and real workplace experience inside local startups, the Centre helps students align skills with employer needs and explore launching ventures of their own.",Skills Mismatch and Training Pathways,"Youth Entrepreneurship Incubator with Work-Study: A community incubator that supports young entrepreneurs with mentoring, space, and short-term paid work-study placements within startups, combining entrepreneurial skill-building with workplace experience recognized by local industry.",Negative Narrative and Perception Trap,"923 Robie Street, Halifax, NS B3H 3C3",https://www.smu.ca/entrepreneurship,entrepreneurship@smu.ca,44.6313165,-63.5816691
District 8 Participatory Budgeting (Halifax Peninsula North),Halifax Regional Municipality (HRM),"HRM’s District 8 uses participatory budgeting to direct a share of district capital funds to projects chosen by residents, with outreach that encourages youth-led proposals and youth participation in voting. The process elevates local youth priorities—such as safe spaces, programming, culture, and recreation—through project pitches and public decision-making. By publishing results and funding decisions, it enhances transparency and keeps spending aligned with community needs identified by you...",Governance Fragmentation and Coordination Silos,"Participatory Budgeting for Youth Priorities: Allocate a portion of municipal or community organization budgets for participatory budgeting processes focused on youth-led projects, increasing transparency, aligning spending with community needs, and fostering sustained civic engagement.",Negative Narrative and Perception Trap,"1841 Argyle Street, Halifax, NS B3J 3A5",https://www.halifax.ca,contactus@halifax.ca,44.648927,-63.5753248
Student Line of Credit and Personal Loans,East Coast Credit Union,"East Coast Credit Union is a member-owned financial cooperative that offers student lines of credit with interest-only payments while in school, plus low-rate personal loans and savings accounts designed to help members build small-scale savings and access emergency funds without resorting to high-interest credit. By operating as a cooperative, it returns value to members and partners in community finance initiatives, aligning with peer- and community-based finance models that reduce borrowin...",Affordable Post-Secondary and Student Debt,"Peer Savings Groups and Cooperative Finance Models: Promote rotating savings and credit associations (ROSCA), cooperative banking products, and credit-union partnerships that enable small-scale savings and emergency lending without high interest.",Negative Narrative and Perception Trap,"257 Main Street, Antigonish, NS B2G 2C1",https://www.eastcoastcu.ca,info@eastcoastcu.ca,45.6223732,-61.9908347
Student Line of Credit and Everyday Banking for Students,Valley Credit Union,"Valley Credit Union offers cooperative banking services including a student line of credit, low-fee accounts, and small personal loans that enable members to save and borrow affordably during school and early career stages. Its member-owned model prioritizes financial well-being over profit, providing access to emergency credit and savings tools without the predatory rates often found in conventional short-term lending.",Affordable Post-Secondary and Student Debt,"Peer Savings Groups and Cooperative Finance Models: Promote rotating savings and credit associations (ROSCA), cooperative banking products, and credit-union partnerships that enable small-scale savings and emergency lending without high interest.",Negative Narrative and Perception Trap,"16 Webster Street, Kentville, NS B4N 1H7",https://www.valleycreditunion.com,info@valleycreditunion.com,45.0781731,-64.4953251
Small Business Advisory Services & Training (Digital and E‑commerce),Centre for Women in Business (Mount Saint Vincent University),"The Centre for Women in Business provides one-on-one advisory, peer cohorts, and hands-on workshops that help women-owned small businesses build or improve online storefronts, set up digital payment systems, and implement online booking and client management tools. Advisors work with retailers, trades and creatives across Nova Scotia—including rural communities—to choose platforms (e.g., Shopify, Squarespace, Square), integrate shipping and inventory, and develop digital marketing and remote-...",Rural Broadband and Digital Infrastructure,"Local Business Digitalization and E‑commerce Clinics: Provide tailored support for local shops, trades and artists to establish online storefronts, digital payment systems and remote-client workflows so improved internet directly boosts local economic opportunities.",Negative Narrative and Perception Trap,"166 Bedford Highway, Halifax, NS B3M 2J6",https://www.cwbns.ca,cwb@msvu.ca,44.6719513,-63.6451557
"Cape Breton – Unama’ki: Live, Work, Study",Cape Breton Partnership,"The Cape Breton Partnership’s talent attraction initiative showcases the island’s lifestyle, Mi’kmaq culture, and real career opportunities through storytelling, videos, and community ambassador outreach. It pairs quality-of-life marketing with practical relocation supports (job board, welcoming network) to attract and retain young people and returning expats to make Cape Breton – Unama’ki their long-term home.",Brain Drain to Larger Markets and Remote Employers,"Place-Based Branding & Talent Campaigns: Develop community-led marketing that highlights local quality of life, career success stories and cultural strengths to reframe the region as an attractive long-term home for young people.",Negative Narrative and Perception Trap,"285 Alexandra Street, Sydney, NS B1S 2E8",https://capebretonpartnership.com,info@capebretonpartnership.com,46.1216248,-60.1972588
Playwrights Unit,Eastern Front Theatre,"Eastern Front Theatre’s Playwrights Unit brings together emerging playwrights with established dramaturgs and theatre professionals for regular feedback, script development, and portfolio reviews. Participants take part in professional workshops covering topics like grant writing, producing, and marketing, building a mentorship network that connects new voices with the practical skills and relationships needed for long-term careers.","Support for Arts, Culture, and Creative Industries","Creative Skills and Mentorship Network: Build a volunteer-run network connecting established artists and tradespeople with emerging creatives for mentorship, portfolio reviews, and skills-sharing sessions (technical production, grant writing, marketing) to help young artists build sustainable careers.",Negative Narrative and Perception Trap,"2 Ochterloney Street, Dartmouth, NS B2Y 4W1",https://www.easternfronttheatre.com,info@easternfronttheatre.com,44.6644002,-63.5701366
Creative Entrepreneurship Program (CEP),Cape Breton Centre for Craft & Design,"The Creative Entrepreneurship Program at Cape Breton Centre for Craft & Design provides coaching, mentorship, and cohort-based training to help craft artists develop business plans, pricing, marketing, and export strategies. It also offers shared administrative services through its retail gallery and e-commerce channels—centralized point-of-sale, consignment management, and invoicing support—reducing overhead for emerging creative enterprises and enabling sustainable growth and employment.","Support for Arts, Culture, and Creative Industries","Creative Enterprise Incubator: Launch a locally focused incubator offering business coaching, grant navigation, shared admin services (ticketing, booking, invoicing), and mentorship for arts entrepreneurs and creative startups to increase sustainability and job creation among young creators.",Negative Narrative and Perception Trap,"322 Charlotte Street, Sydney, NS B1P 1C8",https://capebretoncraft.com,info@capebretoncraft.com,46.1379353,-60.1949412
Public Art Program (Sydney Mural Project),Cape Breton Centre for Craft & Design,"Cape Breton Centre for Craft & Design’s Public Art Program commissions murals and installations throughout downtown Sydney in collaboration with business and property owners. The Centre manages artist selection, contracting, and project delivery, and works with local partners to provide funding and promotion—enabling businesses to host commissioned public art that enhances storefronts, increases foot traffic, and creates paid opportunities for artists.","Support for Arts, Culture, and Creative Industries","Business-Artist Partnership Program: Facilitate partnerships between local businesses and artists for storefront activations, commissioned public art, in-store performances, and event sponsorships. Offer incentives to businesses (promotion, recognition, tax guidance) to lower barriers to collaboration.",Negative Narrative and Perception Trap,"322 Charlotte Street, Sydney, NS B1P 1C8",https://capebretoncraft.com,info@capebretoncraft.com,46.1379353,-60.1949412
Downtown Sydney Pop-Up Shops,Cape Breton Centre for Craft & Design,"Working with property owners and the downtown business district, this program curates rotating artisan and craft pop-ups in temporarily vacant storefronts along Charlotte Street, especially during evenings and weekends. These short-term shops and exhibitions activate idle retail spaces, provide low-cost opportunities for local creatives, and attract residents back to the core with music, markets, and cultural programming.",Community Amenities and Vibrant Public Spaces,"Pop-up events in vacant storefronts: Organize rotating weekend or evening pop-ups (food, craft markets, music, exhibitions) in empty retail spaces. Run by community groups and local entrepreneurs, these activate downtowns, support small vendors, and create low-cost nightlife without long-term commercial leases.",Negative Narrative and Perception Trap,"322 Charlotte Street, Sydney, NS B1P 1C8",https://capebretoncraft.com,info@capebretoncraft.com,46.1379353,-60.1949412
Ross Creek Centre for the Arts – Artist Residencies & Creative Campus,Ross Creek Centre for the Arts,"Ross Creek provides multidisciplinary artist residencies with studio space, accommodations, and community-engaged projects on a rural arts campus. Year-round workshops, exhibitions, and partnerships with Two Planks and a Passion Theatre bring visitors to Kings County while creating ongoing creative and technical jobs. The cluster model links studios, residencies, public programming, and seasonal productions to sustain arts livelihoods beyond urban centres.",Limited Economic Diversification Outside Halifax,"Arts and culture clusters with residencies: Support creative industries through shared studio space, artist residencies, public art commissions and coordinated events that create year-round creative jobs and attract visitors.",Negative Narrative and Perception Trap,"555 Ross Creek Road, Canning, NS B0P 1H0",https://artscentre.ca,info@artscentre.ca,45.1577166,-64.4209904
Summer Student Employment (Museum Interpreters and Program Assistants),Black Cultural Centre for Nova Scotia,"The Black Cultural Centre hires local youth as paid museum interpreters, archives assistants, and event/program staff to support exhibits, tours, and cultural programming that preserve and share African Nova Scotian heritage. These roles provide professional experience in the cultural sector, strengthen community connection and pride, and illustrate sustainable careers in arts, heritage, and community service within Nova Scotia.",Brain Drain to Larger Markets and Remote Employers,"Civic Learning & Community Service Pathways: Create paid youth positions in municipal projects, cultural organizations and non-profits to build local leadership, deepen civic ties, and demonstrate viable careers that contribute to community life.",Negative Narrative and Perception Trap,"10 Cherry Brook Road, Cherry Brook, NS B2Z 1A8",https://bccns.com,info@bccns.com,44.7069344,-63.4746486
Safer Spaces Training for Workplaces,The Youth Project,"The Youth Project provides employer training to build 2SLGBTQIA+ inclusive recruitment, policies, and day-to-day practices. Sessions are co-led by queer and trans facilitators with lived experience, include reviews of job ads and onboarding materials for bias, and offer guidance on accommodations (e.g., affirmed names/pronouns, gender-affirming care) and retention strategies that create culturally safe workplaces.","Inclusion, Racism, and Systemic Barriers","Employer Training: Inclusive Recruitment and Retention: Organize peer-led workshops for local employers covering anti‑bias recruitment, accommodations, culturally safe workplaces, flexible scheduling and retention strategies, with community members as co-trainers and auditors.",Negative Narrative and Perception Trap,"2281 Brunswick Street, Halifax, NS B3K 2Y5",https://youthproject.ns.ca,info@youthproject.ns.ca,44.6545219,-63.583592
Indigenous Entrepreneur Financing and Advisory,Ulnooweg Development Group,"Ulnooweg supports Mi’kmaq and other Indigenous entrepreneurs with tailored financing, business advisory, mentorship, and capacity-building, including guidance to access procurement opportunities and partnerships. By combining culturally grounded advisory with flexible capital and ecosystem navigation, the program advances Indigenous-owned start-ups and small businesses across Nova Scotia.","Inclusion, Racism, and Systemic Barriers","Microgrants and Start‑Up Support for Underrepresented Entrepreneurs: Provide small grants, business mentoring, shared workspaces and procurement supports targeting Black, Indigenous, newcomer, 2SLGBTQIA+ and disabled entrepreneurs to grow local businesses and jobs.",Negative Narrative and Perception Trap,"6F Treaty Trail, Millbrook, NS B6L 1W3",https://ulnooweg.ca,info@ulnooweg.ca,45.3334468,-63.3050627
Family Support and Community Navigation,The North Grove,"The North Grove’s family support workers assist Dartmouth North residents in accessing healthcare and mental health services by booking appointments, explaining referrals, and helping complete intake and benefits forms. Staff and volunteers also connect people to public health nurses, primary care, community programs, and transportation options (e.g., transit planning and access to local resources) to reduce barriers to care.",Healthcare and Mental Health Access,"Community health navigator program: Local volunteers and social-service workers help residents—especially youth and newcomers—book appointments, understand referrals, complete intake forms, and connect to community resources and transportation options.",Negative Narrative and Perception Trap,"6 Primrose Street, Dartmouth, NS B3A 4C5",https://www.thenorthgrove.ca,info@thenorthgrove.ca,44.6814085,-63.5860545
Community Food Centre Market and Pantry,The North Grove,"The North Grove runs community food access programs that include an affordable market and a pantry-style distribution of donated and rescued foods like produce and bread. Working with local grocers, farms, and provincial food recovery partners, they redistribute surplus foods to Dartmouth North residents. These programs help reduce grocery bills for families and young people while cutting down on food waste.",Cost of Living Pressures Beyond Housing,"Community Fridges and Food Rescue Partnerships: Neighbourhood fridges, pantry nodes and partnerships with grocery stores, restaurants and campuses to redistribute surplus food to residents, reducing household grocery expense and waste.",Negative Narrative and Perception Trap,"6 Primrose Street, Dartmouth, NS B3A 4C5",https://www.thenorthgrove.ca,info@thenorthgrove.ca,44.6814085,-63.5860545
Clean Energy Financing (PACE) – Nova Scotia Municipalities,Clean Foundation,"Clean Foundation partners with Nova Scotia municipalities to offer Property Assessed Clean Energy (PACE) financing that enables homeowners to undertake energy retrofits—such as heat pumps, insulation, windows/doors, and controls—with approved contractors. By spreading costs on the property tax bill and coordinating projects across communities, the program accelerates bulk retrofits that lower electricity demand and peak loads, easing grid constraints while improving home comfort.",Energy and Grid Constraints for Growth,"Community Energy Efficiency Retrofits: Coordinate bulk retrofit programs (insulation, heat pumps, LED lighting, smart thermostats) for homes, schools and small businesses to cut electricity demand and reduce the need for new grid capacity.",Negative Narrative and Perception Trap,"126 Portland Street, Dartmouth, NS B2Y 1H8",https://www.cleanfoundation.ca,info@cleanfoundation.ca,44.6659186,-63.5662829
ACAP Cape Breton Green Team,ACAP Cape Breton,"ACAP Cape Breton annually hires local youth for paid seasonal roles that deliver hands-on community environmental projects—such as shoreline cleanups, urban greening, trail and stream restoration, and public outreach—often in partnership with the Cape Breton Regional Municipality and neighbourhood organizations. The program builds leadership and work experience rooted in place while demonstrating how environmental stewardship can be a meaningful, locally based career path.",Brain Drain to Larger Markets and Remote Employers,"Civic Learning & Community Service Pathways: Create paid youth positions in municipal projects, cultural organizations and non-profits to build local leadership, deepen civic ties, and demonstrate viable careers that contribute to community life.",Negative Narrative and Perception Trap,"582 George Street, Sydney, NS B1P 1K9",https://www.acapcb.ns.ca,info@acapcb.ns.ca,46.1347476,-60.1915709
ACAP Cape Breton – Community Advisory and Coordination Tables,ACAP Cape Breton,"ACAP Cape Breton acts as a coordinating hub that brings together Cape Breton Regional Municipality departments, Indigenous communities, local businesses, post-secondary institutions, and youth and community groups to plan and deliver environmental and community development projects. Through recurring advisory committees and cross-sector roundtables, ACAP aligns priorities (e.g., coastal resilience, green jobs, neighborhood revitalization) and coordinates implementation, ensuring initiatives m...",Governance Fragmentation and Coordination Silos,"Local Cross-Sector Coordination Councils: Form neighbourhood or regional councils made up of municipal staff, community organizations, business leaders, post-secondary representatives, Indigenous partners, and youth to meet regularly, align priorities, and coordinate local initiatives so projects move from idea to implementation faster and with shared accountability.",Negative Narrative and Perception Trap,"90 Esplanade, Sydney, NS B1P 1A1",https://www.acapcb.ns.ca,info@acapcb.ns.ca,46.142419,-60.198631
Clean Foundation – Energy Advisor and Clean Energy Training,Clean Foundation,"Clean Foundation delivers employer-aligned short courses that prepare participants for green jobs, including training pathways toward NRCan Home Energy Advisor credentials and practical upskilling in efficiency and heat pump fundamentals. Offered online and in communities across Nova Scotia in partnership with organizations like Efficiency Nova Scotia and local employers, the training provides stackable, industry-recognized credentials that connect learners to real hiring needs.",Skills Mismatch and Training Pathways,"Micro-credential and Short-course Consortium: A partnership of community colleges, training centres and employers offering stackable, industry-vetted micro-credentials for tech, trades, care and green jobs that can be earned locally or online.",Negative Narrative and Perception Trap,"126 Portland Street, Dartmouth, NS B2Y 1H8",https://cleanfoundation.ca,info@cleanfoundation.ca,44.6659186,-63.5662829
Community Energy Data & HomeWarming Insights,Clean Foundation,"Through programs like HomeWarming, Clean Foundation trains partner organizations’ outreach staff and community ambassadors to gather standardized household data on energy efficiency, housing conditions, and energy affordability across Nova Scotia. Clean curates and analyzes these data to produce community-level insights that are shared with municipalities and the Province, informing housing, climate, and affordability policy while closing data gaps for underserved communities.",Governance Fragmentation and Coordination Silos,"Community Data Stewards Program: Train volunteers and staff from local organizations to collect, curate, and interpret community-level data (surveys, vacancy rates, youth employment outcomes) so data gaps shrink and local evidence feeds into higher-level policy conversations.",Negative Narrative and Perception Trap,"126 Portland Street, Dartmouth, NS B2Y 1H8",https://cleanfoundation.ca,info@cleanfoundation.ca,44.6659186,-63.5662829
Tuition Reimbursement and Education Assistance,Nova Scotia Power Inc.,"Nova Scotia Power offers an education assistance benefit that reimburses tuition and related costs for approved certificates, diplomas, and degree programs, and supports apprentices with time for in‑class training. These employer-provided education supports and flexible work options allow early‑career employees to upskill while earning, reducing debt pressures and helping retain talent in Nova Scotia.",Affordable Post-Secondary and Student Debt,"Local Employer Tuition Reimbursement and Flexible Hiring: Encourage area employers to offer tuition reimbursement, continuing education stipends, and flexible schedules for early-career workers, reducing pressure to leave for higher pay elsewhere.",Negative Narrative and Perception Trap,"1223 Lower Water Street, Halifax, NS B3J 3S8",https://www.nspower.ca,,44.6419859,-63.5673509
Joint Use – Telecommunications Attachments,Nova Scotia Power Inc.,"Nova Scotia Power’s Joint Use program enables wireless providers and community partners to attach small-cell radios, repeaters, and related equipment to utility poles and other NSP assets across the province. The program manages engineering standards, safety, and permitting, providing a practical pathway for community-level deployments that enhance cellular coverage in rural and hard-to-serve areas.",Rural Broadband and Digital Infrastructure,"Community Cell Boosters and Small‑Cell Deployments: Identify strategic community-owned locations (halls, water towers, municipal buildings) where small cellular nodes or signal boosters can be installed to improve mobile coverage. Organize permits, site stewardship and cost-sharing among users.",Negative Narrative and Perception Trap,"1223 Lower Water Street, Halifax, NS B3J 3S8",https://www.nspower.ca,jointuse@nspower.ca,44.6419859,-63.5673509
Net Metering Interconnection – Pre‑Certified Equipment and Standard Packages,Nova Scotia Power Inc.,"Nova Scotia Power’s net metering program maintains standardized interconnection requirements and accepts pre‑certified inverters and equipment, enabling installers to use repeatable, utility‑approved solar PV packages with standard single‑line diagrams. This acts as a pre‑approved design library for small renewable systems, cutting review time and simplifying municipal and utility approvals for common rooftop installations.",Regulatory and Permitting Friction,"Pre‑Approved Local Design Library: Develop a set of common, pre‑approved designs for tiny homes, accessory units, renewable installations and small commercial fitouts that municipalities can endorse to speed approvals for repeatable projects.",Negative Narrative and Perception Trap,"1223 Lower Water Street, Halifax, NS B3J 3S8",https://www.nspower.ca,netmetering@nspower.ca,44.6419859,-63.5673509
Nova Scotia Power Interruptible Load Rider,Nova Scotia Power Inc.,"For large commercial and industrial customers, Nova Scotia Power provides an interruptible/curtailable service option that offers bill credits in exchange for reducing load when the utility calls peak events. Facilities use building automation, process scheduling, or thermal storage to temporarily curtail demand during the highest-stress hours, responding to clear price signals and event notices. This demand-response program directly lowers peak demand on the provincial grid and complements b...",Energy and Grid Constraints for Growth,"Local Demand‑Response and Time‑of‑Use Programs: Organize community campaigns and incentives to shift discretionary electricity use (water heating, EV charging, appliances) to off‑peak hours using smart timers and price signals, lowering peak stress on the grid.",Negative Narrative and Perception Trap,"1223 Lower Water Street, Halifax, NS B3J 3S8",https://www.nspower.ca,,44.6419859,-63.5673509
Generator Interconnections (Distribution & Transmission),Nova Scotia Power Inc.,"Nova Scotia Power’s interconnection services team runs ongoing stakeholder engagements and technical consultations with municipalities, renewable developers, and customers to identify bottlenecks in connecting distributed and community-scale projects. Through updated standards, pre-application reviews, and streamlined workflows for small generators and net-metered systems, the utility co-designs and pilots faster approval processes that reduce interconnection timelines and clarify requirement...",Energy and Grid Constraints for Growth,"Interconnection Working Group (Community + Utility): Create a local forum of municipalities, developers, utilities and residents to map interconnection pain points, co‑design streamlined processes, and pilot faster approval workflows for small and community projects.",Negative Narrative and Perception Trap,"1223 Lower Water Street, Halifax, NS B3J 3S8",https://www.nspower.ca,contactus@nspower.ca,44.6419859,-63.5673509
Stormwater and Coastal Flood Resilience Initiatives (including Adopt-A-Drain Lunenburg County),Coastal Action,"Coastal Action mobilizes volunteers to survey and map flooding hotspots across Lunenburg County—documenting flooded basements, blocked culverts, vulnerable streets, and critical access routes—through initiatives like Adopt‑A‑Drain and community flood‑watch activities. The organization compiles these observations into GIS layers and public story maps, and delivers workshops, flyers, and business/homeowner toolkits that explain localized flood risks, detour routes, and practical property-level ...",Climate Risks and Coastal Vulnerability,"Community flood mapping and risk communication: Volunteer-driven mapping of high-risk streets, basements and access routes combined with clear, locally distributed guidance so residents, prospective homebuyers and insurers understand true risk and adaptation options.",Negative Narrative and Perception Trap,"37 Tannery Road, Lunenburg, NS B0J 2C0",https://www.coastalaction.org,info@coastalaction.org,44.3756187,-64.3193573
Stormwater Management and Rainscaping,Coastal Action,"Coastal Action works with homeowners and communities on the South Shore to reduce overland flooding through site assessments, rain gardens, downspout reconfiguration, grading, and other lot-level measures. They coordinate volunteer work bees and bulk purchasing of materials and native plants, lowering costs for residents undertaking flood-proofing retrofits. Staff provide technical advice that helps households plan and implement practical measures like sump pump maintenance, backflow preventi...",Climate Risks and Coastal Vulnerability,"Home retrofit and elevation co-op: A community co-op that helps pool labour, tool lending, group purchasing and technical advice for flood-proofing, elevating homes and installing sump pumps to lower repair costs and insurance claims.",Negative Narrative and Perception Trap,"37 Tannery Road, Lunenburg, NS B0J 2C0",https://www.coastalaction.org,info@coastalaction.org,44.3756187,-64.3193573
LaHave River Watershed Project (Community-Based Monitoring),Coastal Action,"Coastal Action trains residents, students, and staff from partner community organizations to collect long-term water quality and habitat data throughout the LaHave River watershed and nearby communities. The organization curates and analyzes the data, shares results with municipalities and provincial regulators, and uses the evidence to guide management actions and policy advocacy—building local data stewardship capacity and feeding community evidence into policy conversations.",Governance Fragmentation and Coordination Silos,"Community Data Stewards Program: Train volunteers and staff from local organizations to collect, curate, and interpret community-level data (surveys, vacancy rates, youth employment outcomes) so data gaps shrink and local evidence feeds into higher-level policy conversations.",Negative Narrative and Perception Trap,"37 Tannery Road, Unit 2, Lunenburg, NS B0J 2C0",https://www.coastalaction.org,info@coastalaction.org,44.3756187,-64.3193573
Rural Week (Undergraduate Medical Education),"Dalhousie University, Department of Family Medicine","Dalhousie Medicine’s Rural Week places first-year medical students with preceptors in rural Nova Scotia communities for immersive, work-integrated learning. Local host families and community partners commonly provide billeted or no-cost housing and community-based supports, reducing accommodation costs so students can complete rural placements and explore careers in underserved areas.",Skills Mismatch and Training Pathways,"Rural Placement Incentives and Housing Supports: Locally funded stipends, short-term housing or host-family programs to remove cost and accommodation barriers for rural placements and internships.",Negative Narrative and Perception Trap,"5850 College Street, Halifax, NS B3H 4R2",https://medicine.dal.ca,ugme@dal.ca,44.6392626,-63.5836516
Killam Apartment REIT Resident EV Charging,Killam Apartment REIT,"Killam Apartment REIT is deploying shared EV charging hubs at multi-unit residential buildings in Halifax and across Nova Scotia. The installations use smart, networked chargers with dynamic load balancing to keep total current within each building’s electrical capacity and to avoid costly service upgrades; residents use an app to manage access and queueing, ensuring fair use of limited ports. By smoothing demand and prioritizing charging, these hubs prevent sudden load spikes on neighborhood...",Energy and Grid Constraints for Growth,"Neighborhood EV Charging Hubs with Smart Load Management: Install shared charging hubs in residential areas and workplaces that use smart chargers to manage loads, prioritize queueing, and avoid sudden spikes that stress distribution lines.",Negative Narrative and Perception Trap,"3700 Kempt Road, Suite 100, Halifax, NS B3K 4X8",https://www.killamreit.com,info@killamreit.com,44.6626467,-63.619477
Kentville Night Market,Town of Kentville,"The Town of Kentville runs a recurring summer Night Market series that animates Centre Square and nearby closed streets with Nova Scotian artisans, food trucks, and live music. By activating public space in the evening with affordable vendor fees and performance slots, the market creates low-barrier, pop-up earning opportunities for local makers and musicians while helping them build audiences.","Support for Arts, Culture, and Creative Industries","Pop-Up Festivals and Night Markets: Organize regular, low-cost pop-up festivals and night markets that prioritize local musicians, makers, and food vendors. Use public parks, waterfronts, and closed streets to create recurring opportunities for creatives to earn income and build audiences.",Negative Narrative and Perception Trap,"354 Main Street, Kentville, NS B4N 1K6",https://kentville.ca,info@kentville.ca,45.0716841,-64.4808263
NSFM Regional Caucus Meetings and Annual Conference,Nova Scotia Federation of Municipalities,"The Nova Scotia Federation of Municipalities convenes regular regional caucus meetings (rural, towns, and regional municipalities) and an annual conference that bring together municipal staff, elected officials, and provincial department representatives to exchange lessons and align on priority files. These forums surface common challenges, harmonize approaches across jurisdictions, and generate shared toolkits and templates (e.g., on housing, asset management, and climate adaptation) that re...",Governance Fragmentation and Coordination Silos,"Regular Knowledge-Sharing Forums: Host quarterly forums where municipal staff, community groups, and provincial representatives exchange lessons, harmonize approaches, and create shared toolkits — reducing siloed practice and speeding adoption of proven policies.",Negative Narrative and Perception Trap,"1809 Barrington Street, Suite 1106, Halifax, NS B3J 3K8",https://www.nsfm.ca,info@nsfm.ca,44.6489899,-63.5745798
Municipal Planning Services and Bylaw Updates,Eastern District Planning Commission,"EDPC provides planning services to several Nova Scotia municipalities, leading community consultations and drafting Municipal Planning Strategies and Land‑Use Bylaws that can incorporate density bonusing for affordable units and reduced parking requirements in town centres. By aligning zoning with transit and services, EDPC helps councils adopt reforms that enable more diverse, attainable housing in the right places.",Housing Affordability and Availability,"Inclusionary Zoning and Planning Advocacy: Organize community campaigns to work with municipalities to adopt inclusionary zoning, density bonuses and reduced parking rules to increase the supply of affordable units near services and transit.",Negative Narrative and Perception Trap,"606 Reeves Street, Unit 3, Port Hawkesbury, NS B9A 2R7",https://www.edpc.ca,info@edpc.ca,45.6164657,-61.3559208
Free Lunch Program,The Loaded Ladle,"The Loaded Ladle serves free or pay-what-you-can vegan lunches for students and community members from a shared campus kitchen at Dalhousie University. Volunteer-led prep shifts teach cooking and organizing skills, while bulk purchasing and donated produce lower costs and help prevent food waste.",Cost of Living Pressures Beyond Housing,"Community Kitchens and Shared Meal Programs: Shared commercial kitchen hours, meal prep co-ops, and pay-what-you-can community dinners run by local organizations to lower meal costs, build skills, and reduce food waste.",Negative Narrative and Perception Trap,"6136 University Avenue, Halifax, NS B3H 4J2",https://loadedladle.com,theloadedladle@gmail.com,44.6367223,-63.5892308
Apprenticeship Training and Travel Allowance,Nova Scotia Apprenticeship Agency,"The Nova Scotia Apprenticeship Agency provides living, travel, and accommodation allowances to apprentices who must train away from home, including those from rural communities attending technical training or work placements. These stipends reduce out-of-pocket costs for temporary housing and travel, enabling rural apprentices in trades to complete required training aligned with employer demand.",Skills Mismatch and Training Pathways,"Rural Placement Incentives and Housing Supports: Locally funded stipends, short-term housing or host-family programs to remove cost and accommodation barriers for rural placements and internships.",Negative Narrative and Perception Trap,"2021 Brunswick Street, Halifax, NS B3J 2S9",https://nsapprenticeship.ca,apprenticeship@novascotia.ca,44.6520988,-63.5789365
Mentorship Matters (Journeyperson Mentor Training),Nova Scotia Apprenticeship Agency,"Mentorship Matters equips experienced journeypersons—often late-career or semi-retired—with practical tools to mentor apprentices on the job. Employers use the training to formalize reduced-hours mentoring roles for senior tradespeople, supporting phased retirement while transferring critical tacit skills in construction and skilled trades. The program strengthens succession planning and shortens ramp-up time for new workers, directly addressing labour shortages.","Workforce Shortages in Care, Construction, and Skilled Trades","Phased Retirement and Knowledge-Transfer Program: Enable phased retirement arrangements where senior workers retain part-time mentoring roles while training successors, ensuring institutional knowledge stays local.",Negative Narrative and Perception Trap,"5151 Terminal Road, Halifax, NS B3J 2T8",https://nsapprenticeship.ca,apprenticeship@novascotia.ca,44.6410933,-63.568792
"Community Garden, Greenhouse & Bulk Food Program",New Ross Family Resource Centre,"The New Ross Family Resource Centre maintains on-site community gardens and a teaching greenhouse where residents grow and share produce while learning food skills. They partner with local farms to source seasonal surplus for low- or no-cost community meals and a bulk-buy food program, distributing fresh produce through a trusted community hub to help reduce household food expenses.",Cost of Living Pressures Beyond Housing,"Community Gardens, Gleaning Networks and Farm Partnerships: Neighbourhood gardens on municipal or church land, paired with gleaning programs that collect surplus from local farms and distribute it through community hubs, increasing access to fresh produce and reducing grocery bills.",Negative Narrative and Perception Trap,"4689 Highway 12, New Ross, NS B0J 2M0",https://www.nrfrc.ca,nrfrc@ns.aliantzinc.ca,44.7305533,-64.4569371
TEAM Work Cooperative – Hot Jobs,TEAM Work Cooperative,"A Nova Scotia Works employment centre that publishes a continuously updated local ‘Hot Jobs’ listing with wage or salary details, hours, contract length, and benefits when provided by employers. Staff collaborate with local businesses to include transparent job quality metrics and tag roles by full-time/part-time/seasonal status, helping jobseekers compare opportunities and recognize employers offering better terms.",Wage Growth and Job Quality Gap,"Local Wage Transparency Portal: Build a community-run online portal that lists local job quality metrics (wages, hours, benefits, advancement opportunities) to empower jobseekers, encourage competition on quality, and spotlight employers improving terms.",Negative Narrative and Perception Trap,"7051 Bayers Road, Suite 501, Halifax, NS B3L 4V2",https://teamworkcooperative.ca,info@teamworkcooperative.ca,44.6542614,-63.625934
Barrier-Free Transportation,Easter Seals Nova Scotia,"Easter Seals Nova Scotia operates accessible, door-to-door transportation for medical, therapy, and mental-health appointments, using lift-equipped vehicles and trained drivers. By providing reliable rides for people with mobility or other disabilities, the service removes a key barrier to accessing timely primary and mental-health care.",Healthcare and Mental Health Access,"Volunteer transportation and ride-share for appointments: Volunteer driver programs and organized ride-share networks help people get to primary care and mental-health appointments, reducing missed visits and waitlist delays due to transportation barriers.",Negative Narrative and Perception Trap,"22 Fielding Avenue, Dartmouth, NS B3B 1E2",https://www.easterseals.ns.ca,info@easterseals.ns.ca,44.7058109,-63.6018222
Ulnooweg Education Centre – Indigenous STEAM & Entrepreneurship Programs,Ulnooweg Education Centre,"Ulnooweg Education Centre co-designs STEAM and entrepreneurship training with Mi’kmaw communities across Nova Scotia, integrating Two-Eyed Seeing (Etuaptmumk), language, and land-based learning into hands-on programs. Youth and young adults build skills in coding, robotics, environmental monitoring, and business while working with Elders, Knowledge Keepers, and local mentors. The programs create clear pathways to further education, internships, and jobs with community organizations and region...",Skills Mismatch and Training Pathways,"Indigenous-led and Culturally Relevant Training Programs: Locally designed programs co-created with Indigenous communities that integrate cultural knowledge, language and priorities into training and pathways.",Negative Narrative and Perception Trap,"535 Prince Street, Truro, NS B2N 1G1",https://ulnoowegeducation.ca,info@ulnoowegeducation.ca,45.3657111,-63.2854406
Digital Mi'kmaq After-School STEM Clubs,Ulnooweg Education Centre,"Digital Mi'kmaq partners with Mi'kmaw communities to deliver supervised, culturally grounded after-school STEM clubs that introduce coding, engineering, digital fabrication, and data literacy. Experienced mentors and educators provide hands-on learning and career exposure in technology fields, supporting families by engaging Indigenous youth in constructive after-school programming.",Access to Childcare and Family Supports,"After-School Skills and Mentorship Programs: Community-run after-school programs that combine supervision with trades, arts or tech mentorship, keeping older children engaged while parents work or study.",Negative Narrative and Perception Trap,"7 Mellor Avenue, Dartmouth, NS B3B 0E8",https://ulnoowegeducation.ca,info@ulnoowegeducation.ca,44.7080123,-63.5790375
Diversity Advisory Committee (DAC),Town of Kentville,"The Town of Kentville’s citizen-led Diversity Advisory Committee includes residents and stakeholder representatives from equity-deserving communities who advise Council on anti-racism, equity, accessibility, and inclusion. The committee reviews municipal policies and services for systemic barriers, proposes policy and bylaw changes, supports community education and training on inclusion, and monitors progress on the Town’s inclusion goals through reports and recommendations.","Inclusion, Racism, and Systemic Barriers","Community Anti-Racism & Inclusion Task Force: Create a citizen-led task force made up of representatives from Black, Mi’kmaq, newcomer, 2SLGBTQIA+, disability and youth communities to audit local institutions, propose policy changes, coordinate community education, and monitor progress on inclusion goals.",Negative Narrative and Perception Trap,"354 Main Street, Kentville, NS B4N 1K6",https://www.kentville.ca,info@kentville.ca,45.0716841,-64.4808263
Food Truck Friday at the Barn (Hubbards),Hubbards Barn Association,"The Hubbards Barn Association runs weekly evening Food Truck Fridays with multiple local vendors, live music, and family-friendly space on the Barn grounds. These extended-hours nights draw residents and visitors for a casual community ‘night out,’ supporting local food entrepreneurs and creating regular, safe nighttime activity in a shared public venue.",Community Amenities and Vibrant Public Spaces,"Evening markets and extended-hours nights: Coordinate monthly evening markets, themed 'night out' events or late-shopping nights with local businesses, street performances, and family-friendly activities to create regular safe nightlife options.",Negative Narrative and Perception Trap,"57 Highway 3, Hubbards, NS B0J 1T0",https://www.hubbardsbarn.org,info@hubbardsbarn.org,44.6360559,-64.0688041
Coastal Land Acquisition and Protection Program,Nova Scotia Nature Trust,"The Nova Scotia Nature Trust acquires vulnerable coastal properties from willing sellers and places them under permanent protection, preventing redevelopment in high-risk locations. These voluntary purchases convert shorelines into conserved natural buffers that absorb storm impacts and sea-level rise while providing public ecological benefits—an on-the-ground, managed-retreat approach that reduces future property loss and insurance risk.",Climate Risks and Coastal Vulnerability,"Planned buyouts and voluntary managed retreat program: A locally managed, transparent program offering fair purchase or relocation support for repeatedly damaged properties, converting vulnerable land to public green space or coastal buffers.",Negative Narrative and Perception Trap,"81 Prince Albert Road, Dartmouth, NS B2Y 1M1",https://nsnt.ca,info@nsnt.ca,44.6706084,-63.5625358
UINR Land & Resource Stewardship Training,Unama’ki Institute of Natural Resources (UINR),"The Unama’ki Institute of Natural Resources (UINR) delivers Indigenous-led training for Guardians, fisheries and forestry technicians, and environmental monitors grounded in Mi’kmaw knowledge and language. Programs emphasize Netukulimk principles and land-based learning while providing certifications and work placements tied to regional employers in conservation, fisheries, and protected areas. This creates culturally relevant pathways from community learning to stable jobs in green and resou...",Skills Mismatch and Training Pathways,"Indigenous-led and Culturally Relevant Training Programs: Locally designed programs co-created with Indigenous communities that integrate cultural knowledge, language and priorities into training and pathways.",Negative Narrative and Perception Trap,"4102 Shore Road, Eskasoni, NS B1W 1M4",https://www.uinr.ca,info@uinr.ca,45.9559976,-60.5872886
Food Bank and Mobile Food Bank,Parker Street Food & Furniture Bank,"Parker Street Food & Furniture Bank distributes weekly food hampers with pantry staples and fresh items, combining bulk-purchased and donated foods to reduce costs for clients. Its Mobile Food Bank extends low-cost and no-cost distribution into multiple neighborhoods, improving access for youth and families affected by rising living expenses. The program’s centralized procurement and regular distribution align with a bulk-buy model that keeps staple foods affordable.",Cost of Living Pressures Beyond Housing,"Community Food Co-op and Bulk-Buy Program: A member-run grocery co-op that aggregates bulk purchases from regional suppliers (including Maritime producers) to lower grocery costs, offers sliding-scale memberships for youth, and hosts weekly low-cost pantry staples distribution.",Negative Narrative and Perception Trap,"2415 Maynard Street, Halifax, NS B3K 3V2",https://parkerstreet.org,info@parkerstreet.org,44.6540888,-63.5890521
Income Tax Preparation Program,Parker Street Food & Furniture Bank,"Parker Street Food & Furniture Bank runs a free income tax preparation program for low-income individuals and families, ensuring clients file accurately and access refundable credits and benefits. The organization also provides drop-in support to review bills and budgets and connects people with subsidies and partner agencies for debt counselling to help stabilize household finances.",Cost of Living Pressures Beyond Housing,"Financial Literacy, Benefits Navigation and Tax Clinics: Regular community workshops and drop-in clinics that teach budgeting, debt management, claims for provincial/federal benefits, and how to access eligible subsidies to improve net income.",Negative Narrative and Perception Trap,"2415 Maynard Street, Halifax, NS B3K 3V2",https://parkerstreet.org,info@parkerstreet.org,44.6540888,-63.5890521
Yarmouth Hospital Foundation Health Professional Bursary Program,Yarmouth Hospital Foundation,"Funded by community donations and local business support, this program offers bursaries to students training for high‑need health roles with a commitment to work in the Tri‑County area after graduation. Recipients sign return‑of‑service agreements tied to positions at Yarmouth Regional Hospital or partner care sites, channeling local philanthropy into stable, community‑based health careers.",Affordable Post-Secondary and Student Debt,"Community-funded Scholarships and Bursaries: Create locally governed scholarship and bursary pools (donor circles, employer contributions, municipal seed funds) targeted at students who commit to living or working in the community for a set period after graduation.",Negative Narrative and Perception Trap,"60 Vancouver Street, Yarmouth, NS B5A 2P5",https://yarmouthhospitalfoundation.ca,info@yarmouthhospitalfoundation.ca,43.8503694,-66.1215607
Healthcare Bursary Program,St. Martha’s Regional Hospital Foundation,"The Foundation mobilizes community crowdfunding—small gifts from residents and contributions from local businesses—often boosted by matching challenges during peak campaigns, to fund bursaries for students pursuing health careers. Awards help cover tuition and related costs so recipients can avoid or reduce student debt, with a focus on learners who commit to return to work in the Antigonish area’s health system.",Affordable Post-Secondary and Student Debt,Crowdfunding Platforms and Matching Days for Debt Relief: Coordinate local crowdfunding campaigns and matching-fund events where businesses and residents contribute to clearing critical student debts for individuals who promise to stay and work locally.,Negative Narrative and Perception Trap,"25 Bay Street, Antigonish, NS B2G 2G5",https://www.stmarthasfoundation.ca,,45.6279576,-61.9821028
Diversity and Inclusion Committee,Town of Yarmouth,"The Town of Yarmouth’s Diversity and Inclusion Committee engages residents and stakeholder representatives, including voices from African Nova Scotian, Mi’kmaw, newcomer, 2SLGBTQIA+, disability, and youth communities, to advance a more inclusive municipality. The committee reviews Town policies and programs to identify barriers, recommends changes and best practices, helps coordinate public education and cultural awareness activities, and reports to Council on progress toward inclusion goals.","Inclusion, Racism, and Systemic Barriers","Community Anti-Racism & Inclusion Task Force: Create a citizen-led task force made up of representatives from Black, Mi’kmaq, newcomer, 2SLGBTQIA+, disability and youth communities to audit local institutions, propose policy changes, coordinate community education, and monitor progress on inclusion goals.",Negative Narrative and Perception Trap,"400 Main Street, Yarmouth, NS B5A 1G2",https://www.townofyarmouth.ca,info@townofyarmouth.ca,43.838363,-66.1200297
Canadian Federation of Independent Business (CFIB) – Atlantic Canada Office,Canadian Federation of Independent Business (CFIB),"CFIB mobilizes thousands of Nova Scotia small businesses to advocate for provincial policies that reduce payroll costs and strengthen job quality, including tax reforms, training incentives, and targeted wage supports. Members receive direct access to business advisors for HR compliance guidance, compensation and benefits planning, and navigation of provincial and federal programs—practical coaching that helps small employers sustainably increase wages and expand benefits.",Wage Growth and Job Quality Gap,"Local Policy Advocacy & Small Business Supports: Mobilize community coalitions to advocate for provincial supports (tax credits, wage subsidies) that help small employers improve pay and benefits, while offering local HR and financial coaching to make implementation feasible.",Negative Narrative and Perception Trap,"7071 Bayers Road, Suite 309, Halifax, NS B3L 2C2",https://www.cfib-fcei.ca,cfib@cfib.ca,44.6541222,-63.6273462
Cumberland Public Libraries Bookmobile,Cumberland Public Libraries,"A mobile library service that parks at scheduled stops throughout Cumberland County to deliver free Wi‑Fi access alongside borrowing services. The team helps patrons with digital tasks—such as accessing online classes, setting up devices, and navigating government services—while lending materials and, where available, take-home hotspots or devices.",Rural Broadband and Digital Infrastructure,"Mobile Wi‑Fi Outreach (School Buses, Libraries-on-Wheels): Deploy Wi‑Fi-equipped vehicles or library-bus services that park at neighbourhood hub points on scheduled days to provide internet access, device lending and digital help for remote learners and residents without home service.",Negative Narrative and Perception Trap,"21 Acadia Street, Amherst, NS B4H 3K4",https://cumberlandpubliclibraries.ca,info@cumberlandpubliclibraries.ca,45.8345808,-64.2096358
Disability Confidence Training for Employers,reachAbility Association,"reachAbility trains employers to recruit and retain persons with disabilities through anti-bias hiring practices, duty-to-accommodate guidance, accessible job design, and flexible scheduling strategies. Workshops are peer-led by facilitators with disabilities and can include workplace accessibility audits and reviews of recruitment and onboarding materials to reduce barriers and improve retention.","Inclusion, Racism, and Systemic Barriers","Employer Training: Inclusive Recruitment and Retention: Organize peer-led workshops for local employers covering anti‑bias recruitment, accommodations, culturally safe workplaces, flexible scheduling and retention strategies, with community members as co-trainers and auditors.",Negative Narrative and Perception Trap,"3845 Joseph Howe Drive, Suite 201, Halifax, NS B3L 4H9",https://www.reachability.org,info@reachability.org,44.6609037,-63.6272452
Eastern Shore Family Resource Association,Eastern Shore Family Resource Association,"ESFRA runs cooperative playgroups and provides short-term child-minding and respite care, enabling parents to attend health and mental health appointments, job interviews, or training. These parent-participation programs cultivate reciprocal support networks where families share responsibilities and exchange care, creating reliable, community-based childcare that reduces stress and supports consistent work or study schedules.",Healthcare and Mental Health Access,"Community childcare co-ops to reduce caregiver burnout: Neighbourhood-run childcare co-ops and reciprocal care networks give parents and young workers reliable, affordable childcare so they can attend appointments, rest, or maintain stable work schedules.",Negative Narrative and Perception Trap,"5228 Highway 7, Porters Lake, NS B3E 1J8",https://www.esfra.ca,,44.7439945,-63.2834475
Student Line of Credit and Youth Accounts,Sydney Credit Union,"Sydney Credit Union provides a Student Line of Credit with competitive rates and interest-only payments while in school, helping students and young workers finance tuition, tools, and training with lower monthly costs. It also offers youth-friendly chequing and savings options with low or no monthly fees, plus digital banking tools and in-branch advice to build financial skills. Together, these products make day-to-day banking more affordable and provide accessible credit to manage rising non...",Cost of Living Pressures Beyond Housing,"Community Credit Union Programs and Matched-Savings: Partnerships with local credit unions to offer no-fee accounts, low-interest small loans, matched-savings programs for training or emergencies, and youth-friendly financial products.",Negative Narrative and Perception Trap,"95 Townsend Street, Sydney, NS B1P 5E7",https://www.sydneycreditunion.com,info@sydneycreditunion.com,46.1348976,-60.1923099
CMM Netukulimk Department – Indigenous Guardians & Environmental Training,The Confederacy of Mainland Mi’kmaq,"The Confederacy of Mainland Mi’kmaq’s Netukulimk Department designs and delivers training for Indigenous Guardians, climate action, fisheries, and environmental technician roles in mainland Mi’kmaw communities. Curricula are co-developed with communities and embed Mi’kmaw ecological knowledge, language, and priorities while preparing learners for certifications and industry-recognized skills. Graduates connect to paid placements and employment with community departments, governments, and clea...",Skills Mismatch and Training Pathways,"Indigenous-led and Culturally Relevant Training Programs: Locally designed programs co-created with Indigenous communities that integrate cultural knowledge, language and priorities into training and pathways.",Negative Narrative and Perception Trap,"57 Martin Crescent, Truro, NS B2N 6N5",https://cmmns.com,info@cmmns.com,45.3656974,-63.2864971
Guided Hike & Walk Series,Hike Nova Scotia,"Hike Nova Scotia coordinates year-round series of free and low-cost group hikes, walks, and snowshoe outings across the province, often in partnership with local clubs and parks. Many events emphasize mindfulness and nature-connection (including occasional forest bathing-style walks), helping participants lower stress, build social ties, and adopt healthy routines that complement clinical mental health care.",Healthcare and Mental Health Access,"Arts- and nature-based therapeutic programs: Local arts organizations and parks groups offer group music, art, and outdoor programs (guided hikes, gardening, forest bathing) that lower stress, build social connection, and complement clinical care.",Negative Narrative and Perception Trap,"5516 Spring Garden Road, 4th Floor, Halifax, NS B3J 1G6",https://www.hikenovascotia.ca,info@hikenovascotia.ca,44.648618,-63.5859487
Friday Night Market (Annapolis Royal),Town of Annapolis Royal,"From late spring through fall, the Town of Annapolis Royal hosts a weekly Friday Night Market that turns St. George Street and Market Square into a pedestrian-friendly evening marketplace. Local artisans, food vendors, and shops stay open late while live music and street performances create a safe, family-friendly ‘night out’ experience that supports downtown businesses and social gathering.",Community Amenities and Vibrant Public Spaces,"Evening markets and extended-hours nights: Coordinate monthly evening markets, themed 'night out' events or late-shopping nights with local businesses, street performances, and family-friendly activities to create regular safe nightlife options.",Negative Narrative and Perception Trap,"285 St. George Street, Annapolis Royal, NS B0S 1A0",https://annapolisroyal.com,admin@annapolisroyal.com,44.7430629,-65.5194887
EfficiencyOne Academy (Energy Efficiency Workforce Training),EfficiencyOne (Efficiency Nova Scotia),"EfficiencyOne Academy provides training pathways for energy-efficiency professionals and contractors—including Energy Advisor preparation, building science fundamentals, and courses for heat pump, insulation, and air-sealing work. By equipping local residents and trades with retrofit skills, the Academy expands Nova Scotia’s capacity to deliver home upgrades and efficient suite conversions while creating good local jobs.",Housing Affordability and Availability,"Local Construction and Retrofit Training Program: Partner with trades schools and nonprofits to train residents in construction, modular assembly, energy retrofit and suite conversions, expanding local capacity while creating jobs.",Negative Narrative and Perception Trap,"230 Brownlow Avenue, Suite 300, Dartmouth, NS B3B 0G5",https://www.efficiencyone.ca,info@efficiencyns.ca,44.6961793,-63.5809694
Seasonal Outdoor Patios and Parklets Program,Halifax Regional Municipality – Planning & Development,"Halifax Regional Municipality streamlines temporary permits for sidewalk patios, curb-lane parklets, and pop-up seating so businesses and community groups can quickly test street-activation ideas. By coordinating traffic, accessibility, and safety requirements under a simplified approval, HRM temporarily relaxes normal right‑of‑way restrictions—functioning as a regulatory sandbox to pilot designs before longer-term changes.",Regulatory and Permitting Friction,"Pop‑Up Regulatory Sandboxes and Maker Days: Work with municipal partners to host temporary events where rules are relaxed for experimentation (arts pop‑ups, micro‑construction demos, solar pilots) to test new models and demonstrate safe approaches.",Negative Narrative and Perception Trap,"7071 Bayers Road, 2nd Floor, Tower 2, Halifax, NS B3L 2C2",https://www.halifax.ca,311@halifax.ca,44.648618,-63.5859487
"COVE Ocean Cluster Programs (Membership, Ocean Connector, Supplier Readiness)",Centre for Ocean Ventures and Entrepreneurship (COVE),"COVE convenes ocean-technology companies, researchers, and primes to foster supplier development, peer learning, and collaborative project teams. By providing shared infrastructure and training, curated matchmaking with large buyers, and forums like Ocean Connector, COVE helps SMEs co-purchase specialized services/facilities and form consortia to jointly bid on larger defense, marine, and offshore contracts—expanding opportunities for firms based outside HRM as well.",Limited Economic Diversification Outside Halifax,"Business-to-business skill sharing and supplier consortia: Facilitate peer learning groups and supplier consortia where local firms share training costs, bulk-purchase supplies and bid jointly for larger contracts to create mid-sized opportunities.",Negative Narrative and Perception Trap,"27 Parker Street, Dartmouth, NS B2Y 4T5",https://coveocean.com,info@coveocean.com,44.6622182,-63.5567724
Intergovernmental & Rights Implementation,The Confederacy of Mainland Mi'kmaq,"This department at The Confederacy of Mainland Mi'kmaq serves as a formal liaison between Mi'kmaw communities (many of them rural) and provincial/federal agencies, ensuring community priorities are reflected in regional policy and planning. By coordinating multi-party tables on infrastructure, transportation access, education/employment pathways, and land-use considerations, it channels rural voices into decision-making and aligns programs that build workforce and service links between commun...",Governance Fragmentation and Coordination Silos,"Rural-Urban Liaison Roles: Create volunteer or part-time liaison positions that connect rural communities with urban centres and provincial agencies to ensure priorities, transit links, and workforce pipelines are coordinated and that rural voices are reflected in regional planning.",Negative Narrative and Perception Trap,"57 Martin Crescent, Truro Heights, NS B6L 1L4",https://www.cmmns.com,info@cmmns.com,45.3538964,-63.3189389
CANSnet Projects & Documents (Electronic Plan Room),Construction Association of Nova Scotia,"CANSnet is the Construction Association of Nova Scotia’s province‑wide electronic plan room where owners, architects, and contractors post public and private construction tenders, drawings, addenda, and award information. Small suppliers and subtrades use the portal to find opportunities, maintain company profiles that showcase capabilities and certifications, and connect with general contractors and other subs to form bid teams for larger projects—directly supporting collaboration to meet bi...",Barriers to Entrepreneurship and Access to Capital,"Shared Procurement and Tendering Portal: Build a regional platform where small suppliers can find and collaborate on tenders, share certifications, and band together to meet larger contract requirements.",Negative Narrative and Perception Trap,"260 Brownlow Avenue, Unit 3, Dartmouth, NS B3B 1V9",https://www.cans.ns.ca,info@cans.ns.ca,44.6949211,-63.5758494
Developing Executives (D.E.) Mentorship Program,Construction Association of Nova Scotia,"CANS’ D.E. Mentorship Program pairs emerging construction professionals with seasoned industry leaders, including semi-retired executives and senior managers, for structured, goal-oriented knowledge transfer. Many mentors participate while transitioning to retirement, enabling reduced work commitments alongside formal coaching of successors. This creates an intentional succession pipeline in construction firms, preserving local institutional knowledge and easing workforce bottlenecks.","Workforce Shortages in Care, Construction, and Skilled Trades","Phased Retirement and Knowledge-Transfer Program: Enable phased retirement arrangements where senior workers retain part-time mentoring roles while training successors, ensuring institutional knowledge stays local.",Negative Narrative and Perception Trap,"134 Eileen Stubbs Avenue, Unit 110, Dartmouth, NS B3B 2C8",https://www.cans.ns.ca,info@cans.ns.ca,44.700198,-63.5794894
Innovation Fund,Divert NS,"Divert NS’s Innovation Fund supports entrepreneurs advancing circular-economy and waste-reduction solutions that cut emissions, conserve resources, and improve community resilience. The program provides seed funding, guidance, and industry connections that help youth-led and early-stage ventures validate and commercialize climate-positive products and services (e.g., recycled building materials, repair/refurbish models). By backing Nova Scotia founders with capital and mentorship, it function...",Climate Risks and Coastal Vulnerability,"Youth-led climate entrepreneurship incubator: An incubator that supports young entrepreneurs building climate-resilient businesses (e.g., restoration services, climate-smart tourism, resilient construction) with mentoring and seed grants.",Negative Narrative and Perception Trap,"35 Commercial Street, Suite 400, Truro, NS B2N 3H9",https://divertns.ca,info@divertns.ca,45.3660281,-63.2864996
OATT and Interconnection Stakeholder Processes,Nova Scotia Utility and Review Board,"The Nova Scotia Utility and Review Board (NSUARB) oversees and convenes formal stakeholder processes on Nova Scotia Power’s Open Access Transmission Tariff and Generator Interconnection Procedures. These proceedings bring together the utility, independent power producers, municipalities, and consumer representatives to surface interconnection pain points and co-design rule and process changes that streamline timelines and improve transparency for new community and small-scale projects.",Energy and Grid Constraints for Growth,"Interconnection Working Group (Community + Utility): Create a local forum of municipalities, developers, utilities and residents to map interconnection pain points, co‑design streamlined processes, and pilot faster approval workflows for small and community projects.",Negative Narrative and Perception Trap,"1601 Lower Water Street, 3rd Floor, Halifax, NS B3J 3P6",https://nsuarb.novascotia.ca,board@novascotia.ca,44.648618,-63.5859487
Music Nova Scotia – Industry Advocacy and Venue Coalition,Music Nova Scotia,"Music Nova Scotia convenes artists, venue operators, and promoters to advocate with municipal and provincial governments on policies that affect live music, including zoning and noise by-laws, all-ages access, and simplified temporary-use permitting for events. It advances measures that reduce costs and risk for cultural landlords and small venues (e.g., property and business tax considerations, regulatory clarity) and promotes the inclusion of music and the wider creative economy in economic...","Support for Arts, Culture, and Creative Industries","Policy Toolkit and Advocacy Coalition: Form a community advocacy coalition to work with municipal government on zoning flexibility for mixed-use artistic spaces, temporary-use permits for events, tax relief or incentives for cultural landlords, and inclusion of arts in economic development plans.",Negative Narrative and Perception Trap,"2169 Gottingen Street, Suite 101, Halifax, NS B3K 3B5",https://www.musicnovascotia.ca,info@musicnovascotia.ca,44.6528555,-63.5844013
Physical Activity Leadership (PAL) Network and Provincial–Municipal Recreation Roundtables,Recreation Nova Scotia,"Recreation Nova Scotia facilitates the PAL Network and regular provincial–municipal recreation leadership roundtables that connect municipal recreation directors, community organizations, and provincial partners from Communities, Culture, Tourism and Heritage and Public Health. Meeting on a recurring (often quarterly) basis, these forums share program models and data, co‑develop practical toolkits and training (e.g., youth engagement, inclusion, active transportation), and help align policy a...",Governance Fragmentation and Coordination Silos,"Regular Knowledge-Sharing Forums: Host quarterly forums where municipal staff, community groups, and provincial representatives exchange lessons, harmonize approaches, and create shared toolkits — reducing siloed practice and speeding adoption of proven policies.",Negative Narrative and Perception Trap,"5516 Spring Garden Road, 4th Floor, Halifax, NS B3J 1G6",https://www.recreationns.ns.ca,info@recreationns.ns.ca,44.648618,-63.5859487
Program Administration and Support for Federal Co‑op Housing (Atlantic),The Agency for Co-operative Housing,"The Agency for Co-operative Housing administers federal operating agreements and related supports for housing co-ops in Nova Scotia, providing compliance oversight, financial analysis, and guidance on maintaining affordability. Its work helps resident-controlled co-ops remain stable, reinvest in buildings, and keep rents lower over the long term through the co-operative model.",Housing Affordability and Availability,"Housing Co-operatives: Support formation and expansion of housing co-ops where residents collectively own and manage buildings, lowering costs through shared governance and long‑term stability.",Negative Narrative and Perception Trap,"225 Metcalfe Street, Ottawa, ON K2P 1P9",https://www.agency.coop,info@agency.coop,45.417613,-75.6925
Community Micro‑Shelter Villages,Out of the Cold Community Association,"Out of the Cold Community Association operates small, modular micro‑shelter (tiny‑cabin) villages in HRM, providing secure sleeping cabins paired with shared amenities and common areas. The organization delivers onsite case management, meals, and community supports that help residents stabilize and transition to longer‑term housing or employment—an active, real‑world pilot of tiny‑home style transitional housing on local land.",Housing Affordability and Availability,"Modular and Tiny-Home Pilot Projects: Develop community pilot sites for modular and tiny homes as transitional or workforce housing, using local land, shared amenities and cooperative ownership models to speed delivery and reduce costs.",Negative Narrative and Perception Trap,"5853 College Street, Halifax, NS B3H 1X3",https://outofthecoldhfx.ca,info@outofthecoldhfx.ca,44.6400507,-63.5842991
Millbrook Tiny Homes Initiative,Millbrook First Nation,"Millbrook First Nation has advanced a cluster of small and tiny homes on band‑owned land to create attainable housing for singles and young adults within the community. The homes are modest, quickly assembled units arranged with shared spaces and services, using a band‑governed, community‑centric model that lowers costs and speeds delivery—aligning with tiny‑home pilot concepts for transitional and workforce housing.",Housing Affordability and Availability,"Modular and Tiny-Home Pilot Projects: Develop community pilot sites for modular and tiny homes as transitional or workforce housing, using local land, shared amenities and cooperative ownership models to speed delivery and reduce costs.",Negative Narrative and Perception Trap,"65 Treaty Trail, Truro, NS B6L 1W3",https://www.millbrookfirstnation.net,,45.3656974,-63.2864971
Dalhousie Medicine Distributed Medical Education – Learner Accommodations,"Dalhousie University, Faculty of Medicine","Dalhousie University’s Distributed Medical Education unit coordinates and funds accommodations for medical students and residents during rural and regional clinical placements across Nova Scotia, often reserving apartments or securing rooms in partnership with local hospitals and communities. These university- and hospital-facilitated housing arrangements act as rental guarantees and dedicated units tied to training and recruitment pipelines, lowering housing barriers so learners can live and...",Housing Affordability and Availability,"Employer-Assisted Housing Partnerships: Encourage local employers, colleges and hospitals to offer rental guarantees, down‑payment assistance, or employer‑owned rental units tied to local hiring and retention strategies.",Negative Narrative and Perception Trap,"5849 University Avenue, Halifax, NS B3H 4R2",https://medicine.dal.ca,medicine@dal.ca,44.6392788,-63.5839051
Saint Mary’s University Off-Campus Housing,"Saint Mary’s University, Student Affairs & Services","SMU’s Off-Campus Housing service uses a housing platform (Places4Students) with room and shared-accommodation listings and a roommate-matching feature to help students find compatible living situations. The site and Student Affairs resources provide renter education, including tips on co-leasing arrangements and clear links to Nova Scotia tenant rights and dispute-resolution information.",Housing Affordability and Availability,"Shared Housing and Roommate Matching Platform: Run a community-managed platform that matches students, newcomers and young workers to compatible shared-house options, supports co‑leasing and provides information on tenants' rights.",Negative Narrative and Perception Trap,"923 Robie Street, Halifax, NS B3H 3C3",https://www.smu.ca/student-life/off-campus-living.html,info@smu.ca,44.6313165,-63.5816691
Mount Saint Vincent University Off-Campus Housing,"Mount Saint Vincent University, Residence Life","MSVU’s Off-Campus Housing page connects students to shared housing and room rentals via a partner listing platform (Places4Students) and campus-managed resources, including roommate search tools. It provides checklists and guidance on co-tenancy (e.g., roommate agreements, lease tips) and directs renters to Nova Scotia Residential Tenancies for up-to-date rights information.",Housing Affordability and Availability,"Shared Housing and Roommate Matching Platform: Run a community-managed platform that matches students, newcomers and young workers to compatible shared-house options, supports co‑leasing and provides information on tenants' rights.",Negative Narrative and Perception Trap,"166 Bedford Highway, Halifax, NS B3M 2J6",https://www.msvu.ca,info@msvu.ca,44.6719513,-63.6451557
St. Francis Xavier University Off-Campus Housing,"St. Francis Xavier University, Student Life","StFX supports students seeking shared accommodation in Antigonish through an off-campus listing service and a roommate finder powered by Places4Students. Student Life resources explain leases, co-signing and co-tenancy considerations, and link to Nova Scotia Residential Tenancies to ensure renters understand their rights and responsibilities.",Housing Affordability and Availability,"Shared Housing and Roommate Matching Platform: Run a community-managed platform that matches students, newcomers and young workers to compatible shared-house options, supports co‑leasing and provides information on tenants' rights.",Negative Narrative and Perception Trap,"4130 University Avenue, Antigonish, NS B2G 2W5",https://www.stfx.ca,info@stfx.ca,45.6191732,-61.9966544
Acadia University Off-Campus Housing,"Acadia University, Student Services","Acadia’s Off-Campus Housing service uses Places4Students to list rooms and shared houses in and around Wolfville and includes roommate-matching features to find compatible housemates. It offers renter education, including sample agreements and guidance on co-leasing, and directs students to Nova Scotia tenant-rights resources for informed renting.",Housing Affordability and Availability,"Shared Housing and Roommate Matching Platform: Run a community-managed platform that matches students, newcomers and young workers to compatible shared-house options, supports co‑leasing and provides information on tenants' rights.",Negative Narrative and Perception Trap,"15 University Avenue, Wolfville, NS B4P 2R6",https://www2.acadiau.ca,info@acadiau.ca,45.0891388,-64.3669857
Minimum Standards for Residential Occupancies (By-law M-200) – Compliance & Inspections,Halifax Regional Municipality — Municipal Compliance,"HRM’s Municipal Compliance team enforces the Minimum Standards for Residential Occupancies (By‑law M‑200) and conducts inspections to address unsafe or substandard rental conditions. Through complaint response and targeted inspection campaigns, the municipality compels repairs, educates landlords and tenants on standards, and mitigates conflicts that can lead to displacement or eviction.",Housing Affordability and Availability,"Landlord-Tenant Support and Mediation Services: Expand community legal clinics, tenant education, proactive inspection programs and mediation services to stabilize tenancies, reduce turnover and prevent evictions.",Negative Narrative and Perception Trap,"40 Alderney Drive, Dartmouth, NS B2Y 2N5",https://www.halifax.ca,contactus@halifax.ca,44.6645795,-63.5693508
Accelerate (Startup Funding & Mentorship),Invest Nova Scotia,"Accelerate is a milestone-driven program that provides non-dilutive funding (often $40,000–$50,000 per company), expert advisory, and intensive programming to help early-stage startups grow in Nova Scotia. This seed support—paired with mentorship and access to the province’s startup infrastructure—helps young founders extend runway for development and hiring, improving the pathway to sustainable revenue and quality employment.",Wage Growth and Job Quality Gap,"Microgrants and Seed Funding for Youth Entrepreneurship: Provide small grants, low-interest loans and mentorship for young entrepreneurs to help cover living costs while launching sustainable ventures, enabling longer development time and better-paid outcomes.",Negative Narrative and Perception Trap,"1344 Summer Street, Halifax, NS B3H 0A8",https://www.investnovascotia.ca/startup,,44.6397624,-63.5829145
TourismTalent.com – Nova Scotia Job Board,Tourism Industry Association of Nova Scotia (TIANS),"TourismTalent.com is TIANS’ provincial job-matching platform that aggregates hospitality and tourism jobs across Nova Scotia and promotes rapid, multi-employer hiring. Seasonal workers use the site to move between employers and sub-sectors (accommodations, events, food service, attractions) as demand shifts, functioning as a shared-employment bank and complementing wage-subsidy programs that fund short-term off-season roles.",Wage Growth and Job Quality Gap,"Seasonal Work Smoothing & Shared Employment Bank: Develop a regional job-matching and shared-employment bank that helps seasonal workers move between employers across sectors, and provides short-term placement subsidies so workers maintain income year-round.",Negative Narrative and Perception Trap,"2089 Maitland Street, Halifax, NS B3K 2Z8",https://www.tourismtalent.com,info@tians.org,44.6519136,-63.5816587
Nova Scotia Early Childhood Educator (ECE) Wage Grid and Career Pathways,Department of Education and Early Childhood Development (Government of Nova Scotia),"A province-wide initiative that mandates minimum hourly wages for ECEs based on credential level (e.g., Entry, Level 1–3), ensuring automatic wage increases when workers complete recognized training or upgrading. The department funds education, recognition of prior learning, and bridging supports with NSCC and other partners so educators can move up the grid, making earnings growth predictable and tied to specific training milestones. This creates a clear, guaranteed wage pathway within the e...",Wage Growth and Job Quality Gap,"Career Pathway Partnerships with Wage Guarantees: Create sector-specific partnerships (healthcare, tech, trades, arts) between schools, employers and community orgs that guarantee wage steps on completion of linked training so young people can see and reach real earnings growth.",Negative Narrative and Perception Trap,"2021 Brunswick Street, Halifax, NS B3K 2Y5",https://www.ednet.ns.ca,,44.6515893,-63.5789189
Self-Employment Benefit (SEB) Program,CBDC Blue Water,"SEB provides eligible unemployed or underemployed individuals with a weekly living allowance and business coaching for up to one year while they start a viable business. This income support replaces lost wages during the transition from low-quality or unstable jobs to self-employment, bridging earnings so participants can focus on training, planning, and early operations without income shocks.",Wage Growth and Job Quality Gap,"Community Wage Bridge for Job Transitions: Set up a modest, time-limited wage-bridge fund to support young people moving from low-quality jobs into higher-quality training or positions, reducing income shocks during upskilling or relocation.",Negative Narrative and Perception Trap,"61 Stella Drive, Unit 102, Bedford, NS B4A 3C4",https://www.cbdcbluewater.ca,info@cbdcbluewater.ca,44.7040373,-63.7157819
START – Wage Incentive Program,Island Employment Association (Nova Scotia Works),"START provides time-limited wage incentives to employers who hire unemployed Nova Scotians—including youth—into sustainable, full-time jobs with on-the-job upskilling. The subsidy functions as a wage bridge by ensuring steady pay for the participant during the transition from low-quality or intermittent work into higher-quality employment, reducing income disruption and supporting retention.",Wage Growth and Job Quality Gap,"Community Wage Bridge for Job Transitions: Set up a modest, time-limited wage-bridge fund to support young people moving from low-quality jobs into higher-quality training or positions, reducing income shocks during upskilling or relocation.",Negative Narrative and Perception Trap,"500 George Street, Sydney, NS B1P 1K6",https://islandemployment.ca,info@islandemployment.ca,46.1365233,-60.1921267
Nova Scotia Works – Island Employment Apprenticeship & Trades Services,Island Employment Association (Nova Scotia Works),"Island Employment (a Nova Scotia Works provider) offers job matching and employer outreach that connects youth and mid-career workers to local trades employers for paid on-the-job training and apprenticeships in Cape Breton. Staff help clients access wage-subsidy and apprenticeship incentives, arrange required safety certifications, and provide practical supports—including assistance with transportation and tools—so participants can start and sustain employment in their communities.",Limited Economic Diversification Outside Halifax,"Local apprenticeship and trades matching program: Create a community-run database and outreach program that connects youth with mid-career apprentice placements, paid on-the-job training and wraparound supports (transport, tools, certifications).",Negative Narrative and Perception Trap,"500 George Street, Sydney, NS B1P 1K6",https://islandemployment.ca,info@islandemployment.ca,46.1365233,-60.1921267
The Salt Yard (seasonal pop-up retail village),Sydney Waterfront District,"The Salt Yard is a seasonal shipping-container retail village on Sydney’s waterfront operated by the Sydney Waterfront District. It offers low-cost, short-term pop-up storefronts where new and growing businesses can test products, build a customer base, and gain exposure without committing to a long lease. Tenants benefit from shared amenities and centralized marketing, and the BIA connects vendors to mentorship and small business supports through local partners, aligning with the incubator-p...",Limited Economic Diversification Outside Halifax,"Community business incubator and pop-up storefronts: Run a locally managed incubator offering short-term pop-up retail, shared back-office services, and mentorship to help early-stage businesses test products and build customers without high rent.",Negative Narrative and Perception Trap,"275 Charlotte Street, Sydney, NS B1P 1C6",https://www.sydneywaterfrontdistrict.ca/salt-yard/,info@sydneywaterfrontdistrict.ca,46.1389039,-60.1948084
New Glasgow Farmers Market – Startup Pop-up Stalls,New Glasgow Farmers Market,"The New Glasgow Farmers Market offers weekly pop-up retail opportunities for new food, craft, and service vendors, lowering barriers to market entry in Pictou County. Vendors access shared services including utilities and coordinated marketing, and market staff and partners provide business coaching, workshops, and connections to financing and mentorship. This incubator-style environment helps early-stage businesses test offerings, gather customer feedback, and transition to permanent or expa...",Limited Economic Diversification Outside Halifax,"Community business incubator and pop-up storefronts: Run a locally managed incubator offering short-term pop-up retail, shared back-office services, and mentorship to help early-stage businesses test products and build customers without high rent.",Negative Narrative and Perception Trap,"620 East River Road, New Glasgow, NS B2H 3S2",https://ngfarmmarket.com,info@ngfarmmarket.com,45.5755437,-62.6380417
Women Unlimited Program,Women Unlimited Association (in partnership with NSCC and industry),"Women Unlimited recruits, trains, and supports women for careers in the skilled trades and technology sectors, connecting participants to employers for paid work placements and apprenticeships. The program provides wraparound supports—career coaching, essential skills, industry-recognized safety certifications, PPE/tools assistance, and help addressing logistical barriers such as transportation and childcare—to ensure successful entry and retention in trades across Nova Scotia.",Limited Economic Diversification Outside Halifax,"Local apprenticeship and trades matching program: Create a community-run database and outreach program that connects youth with mid-career apprentice placements, paid on-the-job training and wraparound supports (transport, tools, certifications).",Negative Narrative and Perception Trap,"5685 Leeds Street, Halifax, NS B3K 2T3",https://www.womenunlimitedns.ca,info@womenunlimitedns.ca,44.6695773,-63.6147024
Truro Library Creative/Maker Lab,Colchester-East Hants Public Library,"The Truro branch’s Creative/Maker Lab offers public access to 3D printing, crafting and sewing tools, and related software. Small business owners and makers can book equipment, receive staff support and training, and fabricate prototypes or custom components using shared resources—building skills and enabling low-cost product development in Colchester County.",Limited Economic Diversification Outside Halifax,"Maker spaces and shared equipment labs: Build community maker spaces with woodworking, metalworking, sewing and digital fabrication tools where entrepreneurs and tradespeople can prototype, train and contract-share equipment.",Negative Narrative and Perception Trap,"754 Prince Street, Truro, NS B2N 1G9",https://lovemylibrary.ca,info@lovemylibrary.ca,45.3640087,-63.2787628
Sherbrooke Village Old Fashioned Christmas,Sherbrooke Village (Nova Scotia Museum),"Hosted by Sherbrooke Village (Nova Scotia Museum), this late fall/early winter festival coordinates concerts, artisan workshops, community dinners, markets, and heritage experiences across local venues. The program partners with nearby businesses and accommodations to offer themed activities and bundled itineraries during a traditionally quiet period. By packaging multiple operators and experiences, it brings off-season visitors to the Eastern Shore and supports extended seasonal employment.",Limited Economic Diversification Outside Halifax,"Off-season tourism cooperatives and experience packages: Coordinate tourism operators to offer bundled off-season experiences (food trails, workshops, adventure weekends) to smooth seasonal employment and extend revenues.",Negative Narrative and Perception Trap,"42 Main Street, Sherbrooke, NS B0J 3C0",https://sherbrookevillage.novascotia.ca,,45.1382946,-61.984014
Deep Sky Eye Observatory Dark-Sky Experiences,Deep Sky Eye Observatory,"Located within the Acadian Skies & Mi’kmaq Lands Starlight designation in Southwest Nova Scotia, Deep Sky Eye offers stargazing sessions, astronomy talks, and astrophotography workshops during shoulder and winter periods. The observatory collaborates with local accommodations and tourism operators to build bundled dark-sky itineraries that include guided experiences, meals, and overnight stays. These packages attract off-season visitors to rural Yarmouth County and diversify revenue for multi...",Limited Economic Diversification Outside Halifax,"Off-season tourism cooperatives and experience packages: Coordinate tourism operators to offer bundled off-season experiences (food trails, workshops, adventure weekends) to smooth seasonal employment and extend revenues.",Negative Narrative and Perception Trap,"116 Judy's Lane, Quinan, NS B0W 3M0",https://www.deepskyeye.com,,43.9211428,-65.8376316
Child Care and School Age Programs (Tri-Counties),YMCA of Southwest Nova Scotia,"YMCA of Southwest Nova Scotia operates full-day child care and school-age programs in Yarmouth, Digby, and Shelburne counties with extended hours and PD-day/break camps. By providing reliable before- and after-school care and flexible scheduling in rural communities, the program enables parents to maintain shift-based jobs and pursue training or promotions locally.",Limited Economic Diversification Outside Halifax,Childcare cooperatives and flexible family services: Establish community-run childcare co-ops and after-hours family supports that enable parents to access mid-career opportunities and shift work without leaving the area.,Negative Narrative and Perception Trap,"275 Main Street, Yarmouth, NS B5A 1C6",https://www.ymcays.ca/child-care,info@ymcays.ca,43.8346567,-66.1200022
Victoria County Internet Improvement Project,Municipality of the County of Victoria,"Victoria County convenes residents, community associations, and businesses to crowdsource speed data and map coverage gaps across the Highlands and coastal communities. The County uses this evidence to lobby for funding and form last‑mile partnerships (fibre and fixed‑wireless) in hard‑to‑serve areas, supporting tourism operators, artisans, and remote workers with reliable broadband.",Limited Economic Diversification Outside Halifax,"Community-led broadband mapping and small-scale networks: Organize volunteers to map connectivity gaps, lobby for funding, and where feasible build local mesh or last-mile partnerships to ensure businesses can operate digitally.",Negative Narrative and Perception Trap,"495 Chebucto Street, Baddeck, NS B0E 1B0",https://www.victoriacounty.ca,info@victoriacounty.ca,46.1003462,-60.7510112
Rural Fibre Expansion (Eastern Nova Scotia),Seaside Communications,"Seaside Communications collaborates with municipalities and community groups to translate local broadband mapping and speed‑test data into build plans for rural fibre and fixed‑wireless expansion in Cape Breton, Antigonish, and Guysborough. Through these last‑mile partnerships, Seaside extends high‑speed service to business districts and home‑based enterprises, enabling e‑commerce, remote work, and digital operations in smaller communities.",Limited Economic Diversification Outside Halifax,"Community-led broadband mapping and small-scale networks: Organize volunteers to map connectivity gaps, lobby for funding, and where feasible build local mesh or last-mile partnerships to ensure businesses can operate digitally.",Negative Narrative and Perception Trap,"608 Keltic Drive, Sydney River, NS B1L 1B8",https://seasidehighspeed.com,info@seasidehighspeed.com,46.11233,-60.2259611
Green Schools Nova Scotia,EfficiencyOne (Efficiency Nova Scotia),"Green Schools Nova Scotia runs a province-wide, traveling outreach team that sets up pop-up learning labs in schools to deliver hands-on workshops on energy efficiency, climate action, and green technologies. These visits—often recurring across rural regions—equip youth with practical green skills and knowledge that connect directly to Nova Scotia’s growing clean economy.",Skills Mismatch and Training Pathways,"Mobile Training Units and Pop-up Labs for Rural Areas: Equipped trailers or temporary pop-up labs that bring hands-on trade, tech and green-skills training to small towns and Indigenous communities on a rotating schedule.",Negative Narrative and Perception Trap,"230 Brownlow Avenue, Suite 300, Dartmouth, NS B3B 0G5",https://www.greenschoolsns.ca,info@greenschoolsns.ca,44.6961793,-63.5809694
CASTL Biomanufacturing Training – Nova Scotia Hub (at NSCC Ivany),Canadian Alliance for Skills and Training in Life Sciences (CASTL),"CASTL delivers biomanufacturing workforce training in Nova Scotia in collaboration with employers and NSCC, using industry-developed curricula and equipment standards. The program includes train-the-trainer components and employer-integrated learning that let instructors and facilitators stay current with GMP, bioprocessing workflows, and quality systems, then translate that into course updates. This tight employer-education loop supports pathways into life sciences roles emerging in the prov...",Skills Mismatch and Training Pathways,Employer-Teacher Externships and Curriculum Co-development: Short-term placements for teachers and trainers in local businesses so curricula reflect current practices and employers have input into skills taught.,Negative Narrative and Perception Trap,"80 Mawiomi Place, Dartmouth, NS B2Y 0A5",https://castlcanada.ca,info@castlcanada.ca,44.6542147,-63.5509426
Provincial Skills Competition & Try-A-Trade/Technology Career Showcase,Skills Canada Nova Scotia,"Skills Canada Nova Scotia’s flagship event brings thousands of students to interact directly with employers, apprentices, and tradespeople through hands-on Try‑A‑Trade/Technology stations using real tools and equipment. Exhibitors demonstrate occupations and explain apprenticeship and training pathways in Nova Scotia, and the organization also supports smaller pop‑up demos in schools and community venues across the province to reach rural youth.",Skills Mismatch and Training Pathways,"Career Exploration Pop-ups and Sector Showcases: Regular community events in schools, libraries and public halls where employers, tradespeople and entrepreneurs demonstrate jobs, equipment and pathways in person.",Negative Narrative and Perception Trap,"200 Prospect Road, Goodwood, NS B3T 1P2",https://skillsns.ca,info@skillsns.ca,44.6168359,-63.6646008
Careers on Wheels,Annapolis Valley Chamber of Commerce,"The Annapolis Valley Chamber of Commerce runs pop-up career exploration events at schools and community sites where local employers bring work vehicles and equipment (e.g., utility trucks, EMS units, construction gear) for hands-on demonstrations. Employers and tradespeople explain day-to-day tasks and outline local training and hiring pathways, giving rural students direct exposure to sector opportunities in the region.",Skills Mismatch and Training Pathways,"Career Exploration Pop-ups and Sector Showcases: Regular community events in schools, libraries and public halls where employers, tradespeople and entrepreneurs demonstrate jobs, equipment and pathways in person.",Negative Narrative and Perception Trap,"32 Cornwallis Street, Kentville, NS B4N 2E1",https://www.annapolisvalleychamber.ca,office@annapolisvalleychamber.ca,45.0777073,-64.4943816
The Spark Zone,Saint Mary’s University,"The Spark Zone is a university-community sandbox hosted by Saint Mary’s University that incubates student and community ventures with mentoring, project-based coaching, and access to shared workspace on campus. It provides low/no-cost supports and connects entrepreneurs to entrepreneurship training, co-op placements, and applied research across partner institutions, creating pathways from education into startups and social enterprises that hire locally.",Skills Mismatch and Training Pathways,"Local Business Incubator and Social Enterprise Accelerator: Community-run incubator providing mentorship, low-cost space and links to training for entrepreneurs and social enterprises that create local jobs.",Negative Narrative and Perception Trap,"923 Robie Street, Halifax, NS B3H 3C3",https://www.thesparkzone.ca,sparkzone@smu.ca,44.6313165,-63.5816691
Municipality of Clare Health Professional Recruitment Bursary,Municipality of the District of Clare,"This municipally led program provides bursaries funded by the Municipality of Clare and local donors to medical, nursing, and allied health students who commit to practice in the community after graduation. Awardees enter into a return-of-service agreement to work in the Municipality of Clare for a specified term, ensuring that community-raised funds directly support long‑term local retention.",Affordable Post-Secondary and Student Debt,"Community-funded Scholarships and Bursaries: Create locally governed scholarship and bursary pools (donor circles, employer contributions, municipal seed funds) targeted at students who commit to living or working in the community for a set period after graduation.",Negative Narrative and Perception Trap,"1185 Highway 1, Little Brook, NS B0W 1Z0",https://www.clarenovascotia.com,municipality@clarenovascotia.com,44.3106466,-66.1183927
CEHHC Foundation Health Professional Bursary (Return of Service),Colchester East Hants Health Centre Foundation,"The Foundation uses donor and community partner funds to provide bursaries to nursing and allied health students who agree to work locally after graduating. Award conditions include a return‑of‑service commitment to serve at the Colchester East Hants Health Centre or community health services in the region for a set period, aligning education support with regional talent retention.",Affordable Post-Secondary and Student Debt,"Community-funded Scholarships and Bursaries: Create locally governed scholarship and bursary pools (donor circles, employer contributions, municipal seed funds) targeted at students who commit to living or working in the community for a set period after graduation.",Negative Narrative and Perception Trap,"600 Abenaki Road, Truro, NS B2N 5A1",https://www.cehhcf.ca,info@cehhcf.ca,45.3492392,-63.3034286
Tuition Relief for Nurses,Government of Nova Scotia — Office of Healthcare Professionals Recruitment (OHPR),"Provincial tuition-relief funding for Licensed Practical Nurses (LPNs) and Registered Nurses (RNs) who commit to work in Nova Scotia’s publicly funded health system for a multi‑year return‑of‑service period. The program directly reduces or reimburses nursing education costs and forgives portions of tuition in exchange for service in priority settings and communities, aligning with loan‑for‑service principles to retain graduates in Nova Scotia.",Affordable Post-Secondary and Student Debt,"Loan-for-Service and Local Loan Forgiveness Programs: Set up community or municipal programs that forgive or repay portions of student debt in exchange for multi-year service in schools, healthcare, emergency services, or other priority local workplaces.",Negative Narrative and Perception Trap,"1505 Barrington Street, Halifax, NS B3J 3K5",https://novascotia.ca,ohpr@novascotia.ca,44.6445647,-63.5723991
SMU Mentoring & Career Connect (Ten Thousand Coffees),Saint Mary’s University,"Saint Mary’s University’s mentoring network connects students and new graduates with alumni and employer partners for coffee chats, mentorship, and hiring introductions in the Halifax market. The platform facilitates targeted connections and events that generate job leads, local insights, and pathways into Nova Scotia organizations. By leveraging its alumni community, SMU helps graduates launch and grow careers in Nova Scotia, supporting talent retention and return.",Affordable Post-Secondary and Student Debt,"Community Alumni Hiring & Mentorship Network: Organize a local alumni network that connects graduates with employers, mentors, job leads, and short-term housing, prioritizing hires who commit to staying in or returning to the region.",Negative Narrative and Perception Trap,"923 Robie Street, Halifax, NS B3H 3C3",https://www.tenthousandcoffees.com/schools/saint-marys-university,alumni@smu.ca,44.6313165,-63.5816691
Acadia Alumni Mentoring (Ten Thousand Coffees / Acadia Café),Acadia University (Office of Alumni Affairs),"Acadia’s alumni mentoring network connects current students and recent graduates with alumni for mentoring, informational interviews, and introductions to employers across the Annapolis Valley and Halifax. Alumni share job postings, referrals, and localized career advice that help graduates secure roles and professional support in Nova Scotia. This alumni-driven hiring and mentorship model encourages graduates to remain in or return to the province.",Affordable Post-Secondary and Student Debt,"Community Alumni Hiring & Mentorship Network: Organize a local alumni network that connects graduates with employers, mentors, job leads, and short-term housing, prioritizing hires who commit to staying in or returning to the region.",Negative Narrative and Perception Trap,"15 University Avenue, Wolfville, NS B4P 2R6",https://www.tenthousandcoffees.com/schools/acadia-university,alumni.office@acadiau.ca,45.0891388,-64.3669857
University of King’s College Residence,University of King’s College,"King’s Residence provides shared housing with bundled utilities, internet, furnishings, and integrated meal plans, offering predictable, lower all-in costs for students. Residence dons and community programming support social connection and wellbeing, delivering a co‑living model that eases living expenses for students and early-career learners affiliated with King’s and nearby Dalhousie.",Affordable Post-Secondary and Student Debt,"Student and Young Worker Co-living Housing Projects: Support cooperative co-living projects or converted units that provide affordable, shared living with lower rents, bundled utilities, and community supports for students and early-career residents.",Negative Narrative and Perception Trap,"6350 Coburg Road, Halifax, NS B3H 2A1",https://ukings.ca/campus-community/residence/,residence@ukings.ca,44.6374863,-63.5948434
Down Payment Assistance Program (DPAP),"Housing Nova Scotia, Department of Municipal Affairs and Housing (Government of Nova Scotia)","DPAP provides interest‑free, repayable loans of up to 5% of a home’s purchase price to help first‑time homebuyers cover their required down payment. The program is provincially backed and targeted by income and purchase‑price limits, directly reducing the upfront barrier that keeps many younger and modest‑income residents (often managing student debt) from entering homeownership in Nova Scotia.",Affordable Post-Secondary and Student Debt,Local Rent-to-Own and Downpayment Matching Programs: Establish municipal or foundation-backed downpayment matching funds and local rent-to-own pilots aimed at first-time buyers under a certain age or income threshold.,Negative Narrative and Perception Trap,"Maritime Centre, 1505 Barrington Street, Halifax, NS B3J 3K5",https://novascotia.ca,,44.6444381,-63.5720656
Dartmouth Child Development Centre,Dartmouth Child Development Centre Society,"A non-profit, community-based child care centre providing licensed early learning programs for infants, toddlers, and preschoolers. By offering provincially subsidized spaces and community-supported programming, the centre reduces out-of-pocket child care costs and helps young families remain in the local workforce.",Affordable Post-Secondary and Student Debt,Community Childcare Co-ops and Subsidized Spots: Develop neighborhood childcare cooperatives and employer-subsidized spots to reduce living costs that often prevent young families from settling and working locally.,Negative Narrative and Perception Trap,"33 Crichton Avenue, Dartmouth, NS B3A 3R1",https://www.dcdc.ca,info@dcdc.ca,44.6720244,-63.5650202
Halifax Transit UPass – Dalhousie University,Dalhousie University (in partnership with Halifax Transit),"Dalhousie’s mandatory UPass provides full-time students with unlimited access to Halifax Transit buses and ferries during the academic year at a steeply discounted rate embedded in student fees. By lowering day-to-day commuting costs across the city, the program directly implements affordable mobility supports that help students manage living expenses and reduce debt-related pressures.",Affordable Post-Secondary and Student Debt,"Affordable Transit Passes and Mobility Supports: Work with municipal transit and community organizations to offer discounted transit passes, bike-share subsidies, and ride-share credits to students and new graduates to reduce commuting costs.",Negative Narrative and Perception Trap,"6136 University Avenue, Halifax, NS B3H 4J2",https://www.dal.ca,dsu@dal.ca,44.6367223,-63.5892308
Halifax Transit UPass – Saint Mary’s University,Saint Mary’s University (in partnership with Halifax Transit),"Saint Mary’s UPass gives eligible full-time students unlimited access to Halifax Transit at a significantly reduced semester cost, encoded on the student Husky Card. This directly reduces transportation expenses for students, enabling affordable, car-free commuting and supporting financial stability during and after graduation.",Affordable Post-Secondary and Student Debt,"Affordable Transit Passes and Mobility Supports: Work with municipal transit and community organizations to offer discounted transit passes, bike-share subsidies, and ride-share credits to students and new graduates to reduce commuting costs.",Negative Narrative and Perception Trap,"923 Robie Street, Halifax, NS B3H 3C3",https://www.smu.ca/student-life/upass.html,onecard@smu.ca,44.6313165,-63.5816691
The Loaded Ladle,The Loaded Ladle Co-operative,"A student-run cooperative at Dalhousie University that prepares and serves free, plant-based community lunches and hosts cooking workshops in a shared campus kitchen. By offering pay-what-you-can meals and hands-on food education, it directly reduces food costs for students and recent graduates while building skills and community food security.",Affordable Post-Secondary and Student Debt,"Local Food Security and Shared Kitchen Programs: Support community food co-ops, bulk-buy programs, campus-community kitchens, and meal-share initiatives to lower grocery costs for students and low-income graduates.",Negative Narrative and Perception Trap,"6136 University Avenue, Halifax, NS B3H 4J2",https://theloadedladle.com,info@theloadedladle.com,44.6367223,-63.5892308
Square Roots Bundle Program – Halifax Peninsula,Square Roots Food Program Society,"A bulk-buy produce initiative that aggregates surplus and seconds produce into affordable $10 and $20 bundles, with a pay-it-forward token system to ensure access. The co-op-style bulk purchasing model reduces grocery costs and food waste, helping students and low-income graduates access fresh fruits and vegetables.",Affordable Post-Secondary and Student Debt,"Local Food Security and Shared Kitchen Programs: Support community food co-ops, bulk-buy programs, campus-community kitchens, and meal-share initiatives to lower grocery costs for students and low-income graduates.",Negative Narrative and Perception Trap,"6036 Coburg Road, Halifax, NS B3H 1Y9",https://www.squarerootsfood.ca,info@squarerootsfood.ca,44.6396803,-63.5873782
Hope Cottage Meal Program,Hope Cottage,"Provides free hot lunches and suppers daily to anyone in need in Halifax. As a longstanding meal-share initiative, it helps reduce living costs for people with limited incomes—including students and recent graduates—by ensuring access to nutritious prepared meals.",Affordable Post-Secondary and Student Debt,"Local Food Security and Shared Kitchen Programs: Support community food co-ops, bulk-buy programs, campus-community kitchens, and meal-share initiatives to lower grocery costs for students and low-income graduates.",Negative Narrative and Perception Trap,"2435 Brunswick Street, Halifax, NS B3K 2Z4",https://hopecottage.ca,info@hopecottage.ca,44.6564449,-63.5863297
Health Professional Scholarship & Bursary Program,Colchester East Hants Health Centre Foundation,"Through public donation drives and corporate-sponsored matching days, the Foundation crowdsources funds to help local students in nursing and allied health reduce education costs and pay down student debt. Many awards prioritize candidates who commit to practice in Colchester and East Hants after graduation, tying financial relief to a return‑of‑service that keeps talent working locally.",Affordable Post-Secondary and Student Debt,Crowdfunding Platforms and Matching Days for Debt Relief: Coordinate local crowdfunding campaigns and matching-fund events where businesses and residents contribute to clearing critical student debts for individuals who promise to stay and work locally.,Negative Narrative and Perception Trap,"600 Abenaki Road, Truro, NS B2N 5A1",https://www.cehhcfoundation.ca,,45.3492392,-63.3034286
Healthcare Scholarships and Bursaries,Cape Breton Regional Hospital Foundation,"Backed by community crowdfunding events like the Because You Care Radiothon and Giving Tuesday–style match campaigns, the Foundation raises donor funds that are granted to Cape Breton students in health disciplines. These awards reduce tuition pressure and help recipients pay down student loans while encouraging or requiring return‑of‑service placements in Cape Breton’s hospitals and clinics, directly linking debt relief to staying and working locally.",Affordable Post-Secondary and Student Debt,Crowdfunding Platforms and Matching Days for Debt Relief: Coordinate local crowdfunding campaigns and matching-fund events where businesses and residents contribute to clearing critical student debts for individuals who promise to stay and work locally.,Negative Narrative and Perception Trap,"1482 George Street, Sydney, NS B1P 1P3",https://www.becauseyoucare.ca,,46.1240678,-60.178938
StudentLine and Small-Dollar Lending,Cape Breton Credit Union,"Cape Breton Credit Union provides cooperative banking products such as a StudentLine of credit and small personal loans that offer fair, transparent rates and flexible repayment, helping members handle education costs and unexpected expenses. As a community-owned credit union, it emphasizes financial inclusion and savings-building tools, providing an alternative to high-cost payday and installment lenders for students and young workers.",Affordable Post-Secondary and Student Debt,"Peer Savings Groups and Cooperative Finance Models: Promote rotating savings and credit associations (ROSCA), cooperative banking products, and credit-union partnerships that enable small-scale savings and emergency lending without high interest.",Negative Narrative and Perception Trap,"95 Townsend Street, Sydney, NS B1P 1E7",https://www.cbcu.ca,,46.1348976,-60.1923099
South End Day Care Co-operative,South End Day Care Co-operative Limited,"A parent-member co-operative that provides licensed early learning and child care where families share governance and help shape policies, schedules, and programming. By pooling member dues and participating in decision-making, the co-op keeps fees lower and can add flexible options like extended hours to meet local demand.",Access to Childcare and Family Supports,"Community Childcare Cooperatives: Parents and neighbours form member-run cooperatives that share governance, staffing and costs to offer affordable, flexible care (including evenings) tailored to local demand.",Negative Narrative and Perception Trap,"5595 Fenwick Street, Halifax, NS B3H 4M2",https://southenddaycare.ca,info@southenddaycare.ca,44.6381909,-63.5746247
New Ross Family Resource Centre – Co-operative Preschool Program,New Ross Family Resource Centre,"The centre facilitates a parent-participation preschool where caregivers share classroom duties and planning, and help guide policies through a member structure. By distributing responsibilities and costs among families, the program offers an affordable, community-tailored option that can adjust hours and supports based on local demand.",Access to Childcare and Family Supports,"Community Childcare Cooperatives: Parents and neighbours form member-run cooperatives that share governance, staffing and costs to offer affordable, flexible care (including evenings) tailored to local demand.",Negative Narrative and Perception Trap,"4689 Highway 12, New Ross, NS B0J 2M0",https://newrossfrc.ca,info@newrossfrc.ca,44.7305533,-64.4569371
Dalhousie University Child Care Centre Society,Dalhousie University Child Care Centre Society,"A licensed, on-campus child care program that provides early learning spaces primarily for Dalhousie University employees and students. Operated in partnership with the university (which provides facilities and supports), the centres give staff priority access to nearby child care and schedules that align with work and academic calendars—an employer-supported model that reduces wait times and commuting barriers for working parents.",Access to Childcare and Family Supports,"Employer-Supported Childcare Partnerships: Local employers partner with community groups to provide on-site or nearby childcare spaces, schedule flexibility, subsidies or employer-paid slots for staff.",Negative Narrative and Perception Trap,"6299 South Street, Halifax, NS B3H 4R2",https://www.dal.ca,,44.6361402,-63.593144
Acadia University Childcare Centre,Acadia University,"A campus-based, licensed childcare program that serves Acadia University employees and students with proximity-based access and enrollment priority. Supported through the university’s provision of space and collaboration on operations, the centre exemplifies an employer-enabled childcare option that shortens commutes, coordinates with work/study schedules, and improves workforce participation for parents.",Access to Childcare and Family Supports,"Employer-Supported Childcare Partnerships: Local employers partner with community groups to provide on-site or nearby childcare spaces, schedule flexibility, subsidies or employer-paid slots for staff.",Negative Narrative and Perception Trap,"15 University Avenue, Wolfville, NS B4P 2R6",https://childcare.acadiau.ca,,45.0891388,-64.3669857
Extended Hours Club Programs and School-Age Care,BGC Halifax (Boys & Girls Clubs of Greater Halifax),"BGC Halifax operates licensed school-age child care alongside evening and occasional weekend club programs at its North End community hub. By keeping the centre open into the evening and offering supervised, program-based care staffed by trained youth workers and early childhood educators, the site gives parents working nonstandard shifts a safe, community-based option beyond typical daycare hours.",Access to Childcare and Family Supports,"Extended-Hours Community Childcare Hubs: Libraries, recreation centres or community centres open licensed after-hours/weekend childcare programs staffed by trained local workers to cover nonstandard shifts.",Negative Narrative and Perception Trap,"50 Isleville Street, Halifax, NS B3K 1J7",https://www.bgchalifax.ca,info@bgchalifax.ca,44.664157,-63.6036533
After-School and Evening Club Programs at East Dartmouth Community Centre,BGC East Dartmouth,"BGC East Dartmouth operates out of the East Dartmouth Community Centre, providing licensed school-age care after school and extending access to supervised evening and Saturday programming. The community-centre setting and trained staff create a flexible, safe environment that supports parents who work irregular hours by offering care and engagement for children beyond the standard workday.",Access to Childcare and Family Supports,"Extended-Hours Community Childcare Hubs: Libraries, recreation centres or community centres open licensed after-hours/weekend childcare programs staffed by trained local workers to cover nonstandard shifts.",Negative Narrative and Perception Trap,"50 Caledonia Road, Dartmouth, NS B2X 1K8",https://www.bgced.ca,info@bgced.ca,44.6866775,-63.5324156
Dalhousie University MyCareer Job Board (Childcare & Casual Roles),Dalhousie University – Student Career & Leadership Development,Dalhousie’s MyCareer platform allows community members to post casual/part-time childcare roles that student caregivers can pick up in shared shifts. Parents can arrange nanny-shares or micro-pods by scheduling multiple students across the week and using transparent postings to outline hours and rates; payments are handled directly between families and caregivers.,Access to Childcare and Family Supports,"Shared Caregiver Pooling Platform: A community app or bulletin board that helps parents coordinate shifts, share caregivers or form micro-pods with transparent scheduling and micro-payments.",Negative Narrative and Perception Trap,"6136 University Avenue, Halifax, NS B3H 4J2",https://mycareer.dal.ca,,44.6367223,-63.5892308
Saint Mary’s University Career & Experiential Learning – Career360 Job Board,Saint Mary’s University – Career & Experiential Learning,"SMU’s Career360 job board is open to local households posting babysitting and nanny-share opportunities that students can take on in coordinated shifts. The listing format supports clear schedules and rates, helping parents form small caregiver pods or share a sitter while arranging bookings and micro-payments directly with students.",Access to Childcare and Family Supports,"Shared Caregiver Pooling Platform: A community app or bulletin board that helps parents coordinate shifts, share caregivers or form micro-pods with transparent scheduling and micro-payments.",Negative Narrative and Perception Trap,"923 Robie Street, Halifax, NS B3H 3C3",https://smu.ca/career,,44.6313165,-63.5816691
After School Program Transportation,Cole Harbour Place,"Cole Harbour Place coordinates daily bus/van pick-ups from area elementary schools and shuttles children directly to its After School Program. By providing supervised school-to-program transportation, it enables families living beyond walking distance to secure after-school childcare without needing a personal vehicle or mid-day work interruptions.",Access to Childcare and Family Supports,"Community Transportation for Childcare Access: Organize shuttle services, carpool networks or voucher programs to help families get children to and from childcare sites outside walking distance.",Negative Narrative and Perception Trap,"51 Forest Hills Parkway, Dartmouth, NS B2W 6C6",https://www.coleharbourplace.com,info@coleharbourplace.com,44.6937555,-63.498838
Sportsplex After School Program Transportation,Zatzman Sportsplex,"Zatzman Sportsplex offers an after-school program that includes organized pick-up from partner schools, transporting children by Sportsplex-operated buses/vans to the facility for care and activities. This shuttle service expands access for families who are not within walking distance or cannot leave work to drive.",Access to Childcare and Family Supports,"Community Transportation for Childcare Access: Organize shuttle services, carpool networks or voucher programs to help families get children to and from childcare sites outside walking distance.",Negative Narrative and Perception Trap,"110 Wyse Road, Dartmouth, NS B3A 1N9",https://www.zatzmansportsplex.com,info@zatzmansportsplex.com,44.6692035,-63.5749287
RECC After School Program Transportation,Rath Eastlink Community Centre (RECC),The Rath Eastlink Community Centre runs an after-school program with daily transportation from local schools to the RECC via staff-driven buses/vans. This school-to-childcare shuttle removes a key barrier for working parents and supports consistent access to care for families living beyond walking distance.,Access to Childcare and Family Supports,"Community Transportation for Childcare Access: Organize shuttle services, carpool networks or voucher programs to help families get children to and from childcare sites outside walking distance.",Negative Narrative and Perception Trap,"625 Abenaki Road, Truro, NS B2N 0G6",https://www.rathrecc.com,info@rathrecc.com,45.3512588,-63.3050264
Newcomer Family Settlement Services,New Dawn Centre for Immigration,"New Dawn’s immigration team supports newcomer families with one-on-one settlement navigation, including finding licensed childcare, after-school programs, and culturally appropriate family resources in Cape Breton. They provide language access, family programming, and coordinated referrals to employment and training supports, helping parents enter or re-enter the workforce.",Access to Childcare and Family Supports,"Newcomer-Focused Family Support Centres: Multilingual, culturally responsive hubs that provide childcare navigation, culturally appropriate programming and connections to settlement services and employment supports.",Negative Narrative and Perception Trap,"37 Nepean Street, Sydney, NS B1P 1K9",https://newdawn.ca/immigration,immigration@newdawn.ca,46.1431613,-60.1966931
Newcomer Services at Keshen Goodman Public Library,Halifax Public Libraries,"Keshen Goodman Library hosts newcomer-focused family programs and multilingual supports, including information sessions on childcare options, school registration, and benefits, often delivered in partnership with settlement agencies. Librarians provide culturally responsive referrals to childcare and employment services and offer family-friendly spaces and activities that help parents balance learning, job search, and caregiving.",Access to Childcare and Family Supports,"Newcomer-Focused Family Support Centres: Multilingual, culturally responsive hubs that provide childcare navigation, culturally appropriate programming and connections to settlement services and employment supports.",Negative Narrative and Perception Trap,"330 Lacewood Drive, Halifax, NS B3S 0A3",https://www.halifaxpubliclibraries.ca/newcomers,asklib@halifaxpubliclibraries.ca,44.6586397,-63.6666926
HOPES Health Centre (Student-Run Clinic),HOPES Health Centre (Dalhousie student-run clinic),"HOPES runs regular pop-up, no-cost primary care clinics hosted at a community health centre, staffed by supervised student volunteers and volunteer clinicians from multiple disciplines. The clinic offers basic primary care, vaccinations, testing, prescriptions, and referrals, specifically supporting people who are uninsured or unattached to a family provider and connecting them to ongoing services.",Healthcare and Mental Health Access,"Community-run pop-up primary care clinics: Local nonprofits, faith groups, and volunteer clinicians organize regular pop-up clinics in community centres or schools to provide basic primary care, vaccinations, and referrals for residents who lack timely access to a family provider.",Negative Narrative and Perception Trap,"2165 Gottingen Street, Halifax, NS B3K 3B5",https://www.hopesclinic.ca,hopesclinic@gmail.com,44.6527462,-63.5842285
Stay Connected Mental Health Project,IWK Health Centre,"The Stay Connected Mental Health Project partners with post-secondary campuses across Nova Scotia to train student leaders and peer ambassadors who normalize help-seeking and connect peers to supports. Through peer-led outreach, workshops, and campus support circles, the program reduces isolation and equips students with practical coping tools. Ambassadors actively signpost professional resources, streamline transitions to care, and coordinate with campus and provincial mental-health services.",Healthcare and Mental Health Access,"Peer mental-health support networks: Trained peer volunteers from neighbourhoods, post-secondary institutions, and youth groups run in-person and online support circles that reduce isolation, provide coping strategies, and signpost professional resources.",Negative Narrative and Perception Trap,"5850 University Avenue, Halifax, NS B3K 6R8",https://www.iwk.nshealth.ca,,44.6376114,-63.582874
Borrow the Internet and Meeting Spaces,Western Counties Regional Library,"Western Counties Regional Library lends mobile Wi‑Fi hotspots through its Borrow the Internet service and provides quiet rooms/meeting spaces in branches, enabling private and reliable connections for virtual health visits. Staff can help patrons get online and access video platforms, ensuring residents—especially in rural areas—can attend telemedicine or counselling appointments without connectivity or privacy obstacles.",Healthcare and Mental Health Access,"Telehealth access hubs in libraries and community centres: Public spaces provide private booths, reliable internet, device loans, and staff assistance so people can attend virtual medical or counselling appointments without technology or privacy barriers.",Negative Narrative and Perception Trap,"Isaiah W. Wilson Memorial Library (Yarmouth), 405 Main Street, Yarmouth, NS B5A 1G3",https://www.westerncounties.ca,info@westerncounties.ca,43.8372648,-66.1157
"Meeting Rooms, Wi‑Fi, and Tech Help",South Shore Public Libraries,"South Shore Public Libraries offers free meeting rooms and quiet spaces with high‑speed Wi‑Fi, plus public computers and staff assistance, so community members can participate in virtual medical and mental health appointments. Select branches also lend devices (such as tablets or hotspots), reducing technology and privacy barriers for residents who need a secure place to meet with clinicians online.",Healthcare and Mental Health Access,"Telehealth access hubs in libraries and community centres: Public spaces provide private booths, reliable internet, device loans, and staff assistance so people can attend virtual medical or counselling appointments without technology or privacy barriers.",Negative Narrative and Perception Trap,"Margaret Hennigar Public Library, 135 North Park Street, Bridgewater, NS B4V 9B3",https://southshorepubliclibraries.ca,info@southshorepubliclibraries.ca,44.3857391,-64.5340104
Therapeutic Counselling Program,Avalon Sexual Assault Centre,"Avalon Centre offers no-cost, trauma-informed counselling for survivors of sexualized violence, including youth and young adults. The program is underwritten by a donor-funded pool—corporate sponsors, service clubs, and individual donors alongside grants—so that short-term counselling is fully subsidized, reducing out-of-pocket costs and helping to alleviate long waitlists for mental health care.",Healthcare and Mental Health Access,"Sliding-scale counselling fund supported by businesses and donors: A community-managed pool funded by local businesses, service clubs, and philanthropists subsidizes short-term counselling for students, young workers, and low-income residents to reduce waitlist pressure and out-of-pocket costs.",Negative Narrative and Perception Trap,"1526 Dresden Row, Suite 401, Halifax, NS B3J 3K3",https://avaloncentre.ca,info@avaloncentre.ca,44.6433467,-63.5784365
Counselling Services,Second Story Women's Centre,"Second Story Women’s Centre provides free and sliding-scale counselling for women and gender-diverse people across Lunenburg County, including students and young workers. Backed by United Way support and a community-managed pool of donations from local businesses, service clubs, and individual philanthropists, the Centre subsidizes short-term counselling to minimize client fees and reduce strain on public mental health waitlists.",Healthcare and Mental Health Access,"Sliding-scale counselling fund supported by businesses and donors: A community-managed pool funded by local businesses, service clubs, and philanthropists subsidizes short-term counselling for students, young workers, and low-income residents to reduce waitlist pressure and out-of-pocket costs.",Negative Narrative and Perception Trap,"18 Dufferin Street, Lunenburg, NS B0J 2C0",https://secondstory.ca,info@secondstory.ca,44.3788366,-64.3175882
The Working Mind (TWM) – Agriculture,Farm Safety Nova Scotia,"Farm Safety Nova Scotia delivers The Working Mind for Agriculture, an evidence-based mental health literacy and resilience program tailored to farmers, farm families, and agribusiness leaders. The program reduces stigma, teaches participants to spot early signs of distress, start supportive conversations, provide initial help, and refer to appropriate care and resources within rural communities.",Healthcare and Mental Health Access,"Mental Health First Aid and resilience training: Widespread, volunteer-led training for teachers, employers, coaches, and community leaders builds local capacity to spot crises early, provide psychological first aid, and refer people to appropriate care.",Negative Narrative and Perception Trap,"60 Research Drive, Bible Hill, NS B6L 2R2",https://farmsafetyns.ca/mental-health/,info@farmsafetyns.ca,45.3884983,-63.2422032
Workplace Mental Health Initiative,Construction Safety Nova Scotia,"Construction Safety Nova Scotia convenes employers across the construction sector to improve psychological health and safety through training (e.g., mental health literacy and suicide prevention), policy guidance, and employer forums. The initiative promotes scheduling practices that reduce fatigue (e.g., staggered or compressed workweeks where feasible) and encourages supportive leave and return‑to‑work policies, helping member companies address burnout and retain younger workers.",Healthcare and Mental Health Access,"Employer coalitions promoting flexible work and leave: Local businesses form coalitions to share best practices and jointly offer flexible schedules, compressed workweeks, and mental-health leave policies that reduce burnout and improve retention of young workers.",Negative Narrative and Perception Trap,"10 Ragged Lake Boulevard, Unit 12, Halifax, NS B3S 1R9",https://constructionsafetyns.ca,info@constructionsafetyns.ca,44.6267725,-63.6665447
Halifax North Memorial Community Wellness & Drop-In,Halifax Public Libraries,"This branch functions as a community wellness hub, hosting free programs like meditation and yoga sessions, art and crafting circles, social and peer-support meetups with partner organizations, and health information workshops. The library provides open drop-in access, quiet and study rooms, and a community navigator to connect residents to mental-health and social supports.",Healthcare and Mental Health Access,"Community wellness hubs and drop-in spaces: Neighbourhood centres provide low-cost activities—peer counselling, mindfulness, exercise classes, arts programs, and quiet rooms—so residents can access preventative mental-health supports close to home.",Negative Narrative and Perception Trap,"2285 Gottingen Street, Halifax, NS B3K 3B7",https://www.halifaxpubliclibraries.ca/locations/halifax-north-memorial-public-library/,askus@halifaxpubliclibraries.ca,44.6541941,-63.585826
Transportation Services,Northwood,"Northwood offers pre-booked, door-to-door transportation that helps older adults and people with disabilities get to family doctors, specialists, counselling, and other health appointments. The service uses trained drivers and accessible vehicles to bridge transportation gaps, reducing missed visits and easing delays in care.",Healthcare and Mental Health Access,"Volunteer transportation and ride-share for appointments: Volunteer driver programs and organized ride-share networks help people get to primary care and mental-health appointments, reducing missed visits and waitlist delays due to transportation barriers.",Negative Narrative and Perception Trap,"2615 Northwood Terrace, Halifax, NS B3K 3S5",https://www.northwood.care/services/transportation,,44.6573421,-63.5919903
Chebucto Family Centre (Family Resource Centre),Chebucto Family Centre (Family Matters),"Chebucto Family Centre offers parent-led playgroups and on-site child-minding/respite blocks so caregivers can attend appointments, rest, or participate in workshops without childcare barriers. By facilitating cooperative play sessions where families share setup and supervision and by providing low- or no-cost short-term care, the centre builds a neighbourhood support network that reduces caregiver burnout and helps young workers maintain stable schedules.",Healthcare and Mental Health Access,"Community childcare co-ops to reduce caregiver burnout: Neighbourhood-run childcare co-ops and reciprocal care networks give parents and young workers reliable, affordable childcare so they can attend appointments, rest, or maintain stable work schedules.",Negative Narrative and Perception Trap,"3 Sylvia Avenue, Halifax, NS B3R 1J7",https://www.chebuctofamilycentre.ca,,44.6035474,-63.6110091
Community Gardens and Farm Programs,Cole Harbour Rural Heritage Society (Cole Harbour Heritage Farm Museum),"The Cole Harbour Heritage Farm Museum hosts community gardens, volunteer garden workdays, and hands-on horticulture workshops in a welcoming outdoor setting. These nature-based, social activities provide gentle physical activity and routine, reduce stress, and strengthen community ties—key protective factors that complement formal mental health and primary care.",Healthcare and Mental Health Access,"Arts- and nature-based therapeutic programs: Local arts organizations and parks groups offer group music, art, and outdoor programs (guided hikes, gardening, forest bathing) that lower stress, build social connection, and complement clinical care.",Negative Narrative and Perception Trap,"471 Poplar Drive, Dartmouth, NS B2W 4L2",https://coleharbourfarmmuseum.ca,hello@coleharbourfarmmuseum.ca,44.6799707,-63.5720232
Community Choirs & Ensembles,Maritime Conservatory of Performing Arts,"The Maritime Conservatory offers accessible group music-making for youth and adults—choirs, orchestras, bands, and community classes—that foster creativity and social connection. Regular rehearsals and performances provide structure, stress relief, and a sense of belonging, supporting mental wellbeing and complementing clinical care when needed.",Healthcare and Mental Health Access,"Arts- and nature-based therapeutic programs: Local arts organizations and parks groups offer group music, art, and outdoor programs (guided hikes, gardening, forest bathing) that lower stress, build social connection, and complement clinical care.",Negative Narrative and Perception Trap,"6199 Chebucto Road, Halifax, NS B3L 1K7",https://maritimeconservatory.com,info@maritimeconservatory.com,44.6501952,-63.5976809
"Nova Scotia Sexual Assault Provincial Helpline (Phone, Text & Chat)",211 Nova Scotia (in partnership with the Government of Nova Scotia),"A 24/7 confidential helpline that provides phone, text, and online chat support to anyone affected by sexual violence in Nova Scotia. Responders offer immediate emotional support, safety planning, and real-time referrals to local counselling, medical, legal, and community resources across the province. The always-on, multi-channel service ensures people can reach caring help after hours, easing pressure on emergency services and addressing acute loneliness and distress.",Healthcare and Mental Health Access,"24/7 volunteer helpline and text support: A locally staffed or partnered volunteer helpline and text/chat service provides immediate emotional support, crisis triage, and referrals outside normal office hours to reduce emergency burden and loneliness.",Negative Narrative and Perception Trap,"46 Portland Street, Suite 301, Dartmouth, NS B2Y 1H4",https://novascotia.ca,info@ns.211.ca,44.6650687,-63.5670059
Poparide,Poparide Inc.,"Poparide is a Canada-wide ridesharing platform that actively serves Nova Scotia, matching drivers and passengers on common routes such as Halifax–Truro, Halifax–Sydney, and Halifax–Moncton. It implements the solution by providing verified profiles, ratings, in-app messaging, cost-splitting per seat, and route/time-based matching via web and mobile, enabling students, commuters, and event-goers to share rides and reduce travel costs. Employers and campus groups commonly promote consistent carp...",Transportation and Regional Connectivity,"Community Ride-Sharing and Carpool Platform: Create a trusted, locally moderated ride-matching platform (web + SMS) for commuters, students, and event-goers that prioritizes safety, route-sharing, cost-splitting, and matches based on schedules and workplaces. Integrate with employers and campuses to promote consistent carpools.",Negative Narrative and Perception Trap,"312 Main Street, Vancouver, BC V6A 2T2",https://www.poparide.com,support@poparide.com,49.281965,-123.0991711
Kangaride,Kangaride Canada Inc.,"Kangaride is an intercity carpool platform operating across Canada, including Nova Scotia, that connects drivers and passengers for cost-shared trips based on route and schedule. It implements the solution by offering verified identities, phone confirmations, ratings, and transparent seat pricing, helping commuters, students, and event-goers safely coordinate shared rides via web and app. Organizations and campus communities use the platform to encourage recurring carpools by circulating grou...",Transportation and Regional Connectivity,"Community Ride-Sharing and Carpool Platform: Create a trusted, locally moderated ride-matching platform (web + SMS) for commuters, students, and event-goers that prioritizes safety, route-sharing, cost-splitting, and matches based on schedules and workplaces. Integrate with employers and campuses to promote consistent carpools.",Negative Narrative and Perception Trap,"1650 Boulevard King Ouest, Suite 220, Sherbrooke, QC J1J 2C3",https://www.kangaride.com,support@kangaride.com,45.3984109,-71.9162301
Blue Route (Provincial Cycling Network),Cycling Nova Scotia (in partnership with Nova Scotia Department of Public Works and municipalities),"Blue Route is a province-wide network of signed cycling corridors that connects communities across Nova Scotia through on-road bike routes and multi-use trails. Led by Cycling Nova Scotia with municipal and provincial partners, it maps priority inter-community corridors and delivers phased, low-cost upgrades like paved shoulders, wayfinding signage, and separated paths where needed, with municipalities establishing maintenance practices to support reliable year-round use on key segments.",Transportation and Regional Connectivity,"Active Transport Networks and Bike Highways: Mobilize neighbourhood groups and municipal partners to map priority cycling and walking corridors between communities and key destinations, then deliver phased, low-cost infrastructure upgrades (painted lanes, signage, separated paths) and winter maintenance agreements to make active travel reliable year-round.",Negative Narrative and Perception Trap,"5516 Spring Garden Road, 4th Floor, Halifax, NS B3J 1G6",https://blueroute.ca,info@cyclingns.ca,44.648618,-63.5859487
Bridgewater Active Transportation Network,Town of Bridgewater – Engineering & Public Works,"The Town of Bridgewater’s Active Transportation Network identifies and phases priority walking and cycling corridors that connect residential areas with downtown, schools, and employment hubs. The town delivers low-cost infrastructure—painted bike lanes, multi-use paths, crossings, and wayfinding—and coordinates winter maintenance through Public Works so priority routes remain usable year-round.",Transportation and Regional Connectivity,"Active Transport Networks and Bike Highways: Mobilize neighbourhood groups and municipal partners to map priority cycling and walking corridors between communities and key destinations, then deliver phased, low-cost infrastructure upgrades (painted lanes, signage, separated paths) and winter maintenance agreements to make active travel reliable year-round.",Negative Narrative and Perception Trap,"60 Pleasant Street, Bridgewater, NS B4V 3X9",https://www.bridgewater.ca,info@bridgewater.ca,44.3755744,-64.5223664
Cobequid Trail (Truro/Colchester Active Transportation Corridor),Town of Truro,"The Cobequid Trail is a connected, multi-use active transportation corridor linking Bible Hill, Truro, and Salmon River with downtown and regional destinations. The Town of Truro and partners map and sign key segments, improve crossings and surfaces to support walking and cycling, and coordinate seasonal maintenance so sections remain accessible for reliable, year-round active travel.",Transportation and Regional Connectivity,"Active Transport Networks and Bike Highways: Mobilize neighbourhood groups and municipal partners to map priority cycling and walking corridors between communities and key destinations, then deliver phased, low-cost infrastructure upgrades (painted lanes, signage, separated paths) and winter maintenance agreements to make active travel reliable year-round.",Negative Narrative and Perception Trap,"695 Prince Street, Truro, NS B2N 1G5",https://www.truro.ca/cobequid-trail.html,town@truro.ca,45.3653532,-63.280498
Electrify Nova Scotia Rebate Program – E-bikes,Clean Foundation (EV Assist),"Administered by Clean Foundation (EV Assist) for the Province of Nova Scotia, this program offers rebates for eligible e-bikes, including cargo models, to reduce upfront purchase costs. By subsidizing e-bikes for residents across the province, it supports longer-distance commuting and everyday trips, complementing local lending libraries and repair co-ops to expand access to electric and active transportation.",Transportation and Regional Connectivity,"Community Bike and E-Bike Libraries: Establish community-run bike/e-bike lending hubs and maintenance co-ops that provide affordable monthly rentals, repair training, and subsidized e-bikes for long-distance commuting, enabling more residents to use active and electric cargo bikes for daily trips.",Negative Narrative and Perception Trap,"126 Chain Lake Drive, Halifax, NS B3S 1A2",https://evassist.ca,evassist@cleanfoundation.ca,44.6450524,-63.666929
Charter and Seasonal Shuttles,Kings Point‑to‑Point Transit Society,"Kings Point‑to‑Point Transit offers chartered and demand‑responsive group shuttles for local festivals, community events, and market days, and can schedule employer‑supported rides during seasonal employment peaks in the Annapolis Valley. By temporarily linking rural communities with venues and work sites, these services test new corridors, demonstrate latent demand, and help build the case for sustained, permanent routes.",Transportation and Regional Connectivity,"Pop-up Event and Seasonal Shuttles: Organize temporary shuttles for festivals, market days, and seasonal employment peaks that connect isolated communities to cultural and job opportunities, demonstrating demand and building case studies for permanent services.",Negative Narrative and Perception Trap,"14 Crescent Drive, New Minas, NS B4N 3G7",https://www.kppt.ca,dispatch@kppt.ca,45.0695227,-64.4624508
Dal Bike Centre,Dalhousie University Office of Sustainability,"The Dal Bike Centre provides a do-it-yourself repair space, tool lending, refurbished parts, and regular maintenance workshops and tune‑up clinics that help campus and community cyclists keep their bikes in good condition. The Centre hires and trains student mechanics in paid roles to mentor peers and manage repair days—building practical skills and reducing operating costs while supporting everyday cycling as reliable transportation.",Transportation and Regional Connectivity,"Community Transport Maintenance & Volunteer Repair Days: Organize regular volunteer maintenance days to keep community vehicles, bike lanes, and active transport facilities in good condition. Train local youth in vehicle and bike maintenance as paid apprenticeships that build skills and keep operating costs down.",Negative Narrative and Perception Trap,"6136 University Avenue, Halifax, NS B3H 4J2",https://www.dal.ca/sustainability,sustainability@dal.ca,44.6367223,-63.5892308
SMU Bike Room,Saint Mary’s University Sustainability,"Saint Mary’s University’s Bike Room runs pop‑up repair days, fix‑it sessions, and hands‑on workshops that keep student and staff commuter bikes in safe working order. The space is staffed by trained student employees and volunteers who gain practical mechanic experience in paid on‑campus roles, strengthening a culture of active transportation while keeping maintenance affordable.",Transportation and Regional Connectivity,"Community Transport Maintenance & Volunteer Repair Days: Organize regular volunteer maintenance days to keep community vehicles, bike lanes, and active transport facilities in good condition. Train local youth in vehicle and bike maintenance as paid apprenticeships that build skills and keep operating costs down.",Negative Narrative and Perception Trap,"923 Robie Street, Halifax, NS B3H 3C3",https://www.smu.ca/sustainability,sustainability@smu.ca,44.6313165,-63.5816691
Maritime Bus Parcel Express,Maritime Bus (Coach Atlantic Group),"Maritime Bus operates a parcel express service that moves time-sensitive packages between communities across Nova Scotia and the Maritimes using space on scheduled passenger coaches. By consolidating small business shipments and parts for trades onto intercity bus routes (and connecting via regional ferries where applicable), it provides same-day/next-day ground delivery that reduces reliance on expensive air cargo for local commerce.",Transportation and Regional Connectivity,"Local Freight and Courier Co-ops to Reduce Air Dependency: Form a regional courier or consolidated freight network for time-sensitive goods (parts for trades, small business shipments) that uses passenger shuttles, vans, and ferries to keep costs down and reduce dependence on expensive air cargo for local commerce.",Negative Narrative and Perception Trap,"1161 Hollis Street, Halifax, NS B3J 1V1",https://www.maritimebus.com,,44.6396777,-63.5679567
Chebucto Community Net (including Chebucto Wireless),Chebucto Community Net Society,"Chebucto Community Net is a volunteer-run community internet organization that provides low-cost access and hands-on help to residents and community groups in the Halifax area. Volunteers act as digital stewards by assisting users with configuring home routers, setting up secure Wi‑Fi networks, and troubleshooting connectivity; they have also supported community wireless hotspots through the Chebucto Wireless initiative. This neighbor-to-neighbor model lowers technical barriers for older adul...",Rural Broadband and Digital Infrastructure,"Volunteer Digital Stewards and Installation Teams: Train local volunteers to help neighbours install routers, set up Wi‑Fi extenders, configure secure home networks and maintain local wireless hotspots. This lowers barriers for older residents and those with limited technical skills.",Negative Narrative and Perception Trap,"Room 006, Chase Building, 6136 University Avenue, Halifax, NS B3H 4R2",https://www.chebucto.ca,office@chebucto.ns.ca,44.648618,-63.5859487
Bell Wholesale – Support Structure Access,Bell Canada (Bell Aliant),"Bell Wholesale provides regulated access to Bell-owned poles, strand, and underground conduits throughout Nova Scotia under CRTC-approved support-structure tariffs. Carriers and ISPs can sign support-structure agreements to attach fiber/coax or place sub-ducts in existing conduit, coordinating with utilities and municipalities to share common routes. This shared infrastructure model reduces construction costs and enables multi‑provider builds into smaller and rural communities.",Rural Broadband and Digital Infrastructure,"Shared Infrastructure Agreements (Poles, Conduits and Towers): Coordinate municipalities, utilities and landowners to enable shared access to poles, conduits and tower sites. Community groups can broker or manage agreements so multiple providers can cost-effectively extend service into rural areas.",Negative Narrative and Perception Trap,"1505 Barrington Street, Halifax, NS B3J 3K5",https://www.bell.ca,,44.6445647,-63.5723991
Nova Communications Cellular Booster Solutions,ROCK Networks (Nova Communications),"ROCK Networks (Nova Communications) designs and installs carrier-approved cellular signal boosters (e.g., Cel-Fi systems) and small-cell solutions in community halls, municipal buildings, health clinics, and other public facilities across Nova Scotia. They work with local stakeholders to survey sites, secure approvals, and deploy equipment, creating shared, community-sited improvements that extend reliable mobile coverage for residents, businesses, and emergency services.",Rural Broadband and Digital Infrastructure,"Community Cell Boosters and Small‑Cell Deployments: Identify strategic community-owned locations (halls, water towers, municipal buildings) where small cellular nodes or signal boosters can be installed to improve mobile coverage. Organize permits, site stewardship and cost-sharing among users.",Negative Narrative and Perception Trap,"202 Brownlow Avenue, Dartmouth, NS B3B 1T5",https://www.rocknetworks.com,sales@rocknetworks.com,44.6981233,-63.581871
Borrow the Internet (Hotspots and Devices),Pictou-Antigonish Regional Library,"Pictou-Antigonish Regional Library coordinates a bulk purchase of mobile Wi‑Fi hotspots (and complementary loaner devices) and distributes them through its branches for home use by residents. By aggregating demand and managing procurement centrally, the program lowers per-unit costs and accelerates adoption of home connectivity in rural communities across Pictou and Antigonish counties.",Rural Broadband and Digital Infrastructure,"Bulk Purchasing Programs for Home Connectivity and Devices: Organize cooperative buying programs so households can purchase routers, extenders, antennas or low-cost ISP plans in bulk to lower per-unit costs and speed adoption. Local businesses or the municipality can coordinate procurement and distribution.",Negative Narrative and Perception Trap,"182 Dalhousie Street, New Glasgow, NS B2H 4M5",https://parl.ns.ca,info@parl.ns.ca,45.5879386,-62.6434641
St. Mary’s Connectivity Committee,Municipality of the District of St. Mary’s,"The District of St. Mary’s convenes a citizen-and-municipal Connectivity Committee to gather local feedback, run connectivity surveys, and maintain an evidence-based inventory of underserved areas. This committee collaborates with ISPs and engages provincial and federal decision-makers to align funding applications and advocate for prioritized rural broadband and mobile projects across the municipality.",Rural Broadband and Digital Infrastructure,"Advocacy and Coordinated Government Engagement: Form a citizen-led broadband advisory group to compile local evidence, prioritize projects, and engage municipal, provincial and federal decision-makers and funding streams with a unified voice and clear project proposals.",Negative Narrative and Perception Trap,"8296 Highway 7, Sherbrooke, NS B0J 3C0",https://www.saint-marys.ca,municipal.office@saint-marys.ca,45.1478018,-61.9749093
Collaborative Procurement and Standing Offers (MASH Sector Access),Province of Nova Scotia – Procurement (Service Nova Scotia and Internal Services),"Nova Scotia’s Procurement division runs collaborative procurements and provincewide standing offers that can be used by provincial departments, Nova Scotia Health, IWK, regional centres for education, municipalities, and other MASH entities. By aggregating demand across these public buyers and awarding multi‑year, often regionalized contracts, the program creates predictable volumes that make it easier for small local suppliers to compete and win work through a single, streamlined agreement.",Barriers to Entrepreneurship and Access to Capital,"Local Procurement Consortia: Form buyer consortia of schools, health centres and municipalities to aggregate demand and create predictable contracts that make it easier for small local suppliers to win work.",Negative Narrative and Perception Trap,"1505 Barrington Street, Halifax, NS B3J 3M7",https://procurement.novascotia.ca,,44.6441167,-63.5723104
Canadian Collaborative Procurement Initiative (CCPI) – Atlantic Region,Public Services and Procurement Canada (PSPC),"CCPI enables Nova Scotia’s municipalities, academic institutions, schools, and hospitals (MASH) to use federal standing offers and supply arrangements, pooling demand with other public buyers to secure stable pricing and service levels. This buyer consortium model reduces duplication of tenders and opens a clear pathway for qualified local small and medium suppliers to access predictable, consolidated contracts and receive call‑ups from multiple institutions.",Barriers to Entrepreneurship and Access to Capital,"Local Procurement Consortia: Form buyer consortia of schools, health centres and municipalities to aggregate demand and create predictable contracts that make it easier for small local suppliers to win work.",Negative Narrative and Perception Trap,"1713 Bedford Row, Halifax, NS B3J 1T3",https://www.tpsgc-pwgsc.gc.ca/app-acq/collaboration/ccpi-ipec-eng.html,,44.6481503,-63.57204
Productivity and Innovation Voucher Program,Invest Nova Scotia,"This voucher program gives small, non-dilutive grants (vouchers) to Nova Scotia SMEs to purchase R&D, prototyping, testing, and market-assessment services from local universities and colleges. It operates as a seed-stage catalyst by offsetting early validation and pilot costs, often leveraging company contributions and institutional resources—effectively matching public support with private effort to accelerate commercialization.",Barriers to Entrepreneurship and Access to Capital,"Microgrant and Seed Match Programs: Community foundations, businesses and municipalities jointly fund small microgrants and match public seed funding for pre-revenue pilots, commercialization, and market validation.",Negative Narrative and Perception Trap,"1344 Summer Street, Halifax, NS B3H 0A8",https://www.investnovascotia.ca,info@investnovascotia.ca,44.6397624,-63.5829145
Credit Union Social Enterprise Loan Guarantee Program,New Ross Credit Union,"New Ross Credit Union participates in the Credit Union Social Enterprise Loan Guarantee Program, which pools a community-backed guarantee fund with provincial support to de-risk lending to early-stage and growing social enterprises. By using the guarantee to cover a significant portion of potential losses, the credit union can extend microloans and operating lines that enable impact-focused organizations to access affordable financing they wouldn’t secure from conventional lending alone.",Barriers to Entrepreneurship and Access to Capital,"Community-backed Loan Guarantee Scheme: Pool a small guarantee fund through local stakeholders that reduces lender risk for microloans to early-stage businesses, unlocking credit from local credit unions and banks.",Negative Narrative and Perception Trap,"4689 Highway 12, New Ross, NS B0J 2M0",https://www.newrosscreditunion.ca,info@newrosscreditunion.ca,44.7305533,-64.4569371
Saint Mary’s University Entrepreneurship Centre – Coaching & Student Consulting,"Saint Mary’s University Entrepreneurship Centre (SMUEC), Saint Mary’s University","SMUEC offers training and advisory services that include crowdfunding education for startups and social enterprises, covering campaign planning, messaging, budgeting, and digital marketing tactics to activate local supporters. Through staff advisors and student consulting teams, founders receive practical help producing campaign assets (e.g., pitch pages and outreach plans) and can access in-kind promotion via SMUEC events and partner networks, strengthening both rewards- and equity-crowdfund...",Barriers to Entrepreneurship and Access to Capital,"Local Crowdfunding Campaign Support: Provide community workshops, coaching and in-kind marketing to help founders run successful rewards- or equity-crowdfunding campaigns that mobilize area supporters.",Negative Narrative and Perception Trap,"923 Robie Street, Halifax, NS B3H 3C3",https://www.smu.ca/entrepreneurship/,smuec@smu.ca,44.6313165,-63.5816691
Free Legal Clinic at the Halifax Law Courts,Nova Scotia Courts (in partnership with Pro Bono Nova Scotia),"This clinic offers brief, pro bono legal advice from volunteer lawyers to self-represented people in civil and family matters, including administrative law issues. Lawyers help participants understand bylaws and regulations, prepare or review forms and affidavits, and discuss options to appeal or seek judicial review of government and municipal decisions. The service equips residents to navigate complex permitting or licensing processes and challenge adverse rulings.",Regulatory and Permitting Friction,"Community Legal Clinic for Permits and Licensing: Create a pro‑bono clinic where volunteer planners and lawyers help residents appeal decisions, interpret bylaws, complete complex applications and navigate occupational licensing hurdles.",Negative Narrative and Perception Trap,"1815 Upper Water Street, Halifax, NS B3J 1S7",https://www.courts.ns.ca,,44.6496494,-63.5727816
Nova Scotia Works – Certification & Employment Supports,TEAM Work Cooperative and WorkBridge Association (Nova Scotia Works Centre),"Nova Scotia Works centres can provide funding for short‑term training and required certifications, including exam and licensing fees needed to start work in trades and other regulated occupations for eligible low‑income jobseekers and youth. Through individualized employment plans and access to provincial Skills Development and related supports, clients receive bursary‑style assistance that removes cost barriers to meeting regulatory requirements.",Regulatory and Permitting Friction,"Licensing Fee Support & Micro‑Scholarships: Establish a community fund or bursary to cover exam and licensing fees for low‑income youth, newcomers and entrepreneurs starting social enterprises or trades careers.",Negative Narrative and Perception Trap,"7051 Bayers Road, Suite 501, Halifax, NS B3L 2C2",https://www.teamworkbridge.ca,info@teamworkbridge.ca,44.6542614,-63.625934
Major Projects Inventory (MPI),Atlantic Provinces Economic Council (APEC),"APEC’s Major Projects Inventory tracks capital projects in Atlantic Canada, including Nova Scotia, with estimated costs, schedules, and status updates that illuminate approval pathways and recurring hurdles. The dataset and accompanying analyses provide comparative timelines and evidence on where regulatory or permitting steps add delay, supporting policy recommendations and targeted fixes that can accelerate construction and deployment.",Regulatory and Permitting Friction,"Community Data Collection & Case Studies: Collect and publish anonymized timelines, costs and bottlenecks from local projects to build evidence for municipal/provincial reform and to show where small fixes yield big time savings.",Negative Narrative and Perception Trap,"1809 Barrington Street, Suite 1105, Halifax, NS B3J 3K8",https://www.apec-econ.ca/major-projects/,info@apec-econ.ca,44.6489899,-63.5745798
H2O Conference In‑Water Technology Demonstration Day,COVE (Centre for Ocean Ventures & Entrepreneurship),"Hosted by COVE with municipal and federal partners, this annual demo day designates a controlled harbour zone where firms can deploy marine tech prototypes (e.g., ASVs, sensors) under event-specific permits and safety plans. The setup temporarily relaxes normal operating restrictions in a managed environment, creating a real‑world regulatory sandbox to validate technologies before commercial roll‑out.",Regulatory and Permitting Friction,"Pop‑Up Regulatory Sandboxes and Maker Days: Work with municipal partners to host temporary events where rules are relaxed for experimentation (arts pop‑ups, micro‑construction demos, solar pilots) to test new models and demonstrate safe approaches.",Negative Narrative and Perception Trap,"27 Parker Street, Dartmouth, NS B2Y 4T5",https://coveocean.com/events/h2o,info@coveocean.com,44.6622182,-63.5567724
Smart Energy Living Lab,Nova Scotia Community College (NSCC) Applied Research,"NSCC’s Smart Energy Living Lab is a campus-scale demonstration site with solar PV, battery storage, EV charging, building controls, and microgrid systems used for applied research and training. By piloting real-world integrations with utilities and authorities, the lab documents technical standards, safety protocols, and commissioning processes that de-risk wider deployment. The facility doubles as a teach-how hub for students, trades, and municipalities, clarifying approval pathways for futu...",Regulatory and Permitting Friction,"Demonstration & Teach‑How Projects: Build one or two community demonstration projects (ex. a pre‑approved tiny home, community solar array, or co‑working retrofit) that serve as living templates and reduce uncertainty for future applicants.",Negative Narrative and Perception Trap,"80 Mawiomi Place, Dartmouth, NS B2Y 0A5",https://www.nscc.ca,appliedresearch@nscc.ca,44.6542147,-63.5509426
Glooscap Heritage Centre & Mi’kmaq Museum – Culture and Language Revitalization,Millbrook First Nation (Glooscap Heritage Centre & Mi’kmaq Museum),"Operated by Millbrook First Nation, the Centre leads Mi’kmaw cultural revitalization through exhibits, language and craft workshops, Elder-led teachings, and school partnerships. By collaborating with education, tourism, and community partners under Mi’kmaq governance, it co-designs programs that share Mi’kmaw knowledge and ensure Indigenous leadership in cultural education and community-facing services.","Inclusion, Racism, and Systemic Barriers","Indigenous-Led Partnerships and Cultural Revitalization: Partner with Mi’kmaq communities to co-design programs, support language and cultural revitalization projects, host jointly governed healing circles, and ensure Indigenous leadership in service delivery affecting their communities.",Negative Narrative and Perception Trap,"65 Treaty Trail, Millbrook, NS B6L 1W3",https://glooscapheritagecentre.com,info@glooscapheritagecentre.com,45.3307883,-63.3047308
Wagmatcook Culture & Heritage Centre – Elders-in-Residence and Community Programs,Wagmatcook First Nation (Wagmatcook Culture & Heritage Centre),"This Mi’kmaq-led centre hosts Elders-in-residence, language learning, cultural camps, and community events that transmit L’nui’ta’simk (Mi’kmaw ways of knowing) to youth and families. It partners with schools, universities, and service providers to co-design culturally grounded programming and gatherings—supporting healing, intergenerational knowledge transfer, and locally governed service delivery.","Inclusion, Racism, and Systemic Barriers","Indigenous-Led Partnerships and Cultural Revitalization: Partner with Mi’kmaq communities to co-design programs, support language and cultural revitalization projects, host jointly governed healing circles, and ensure Indigenous leadership in service delivery affecting their communities.",Negative Narrative and Perception Trap,"10765 Cabot Trail, Wagmatcook, NS B0E 3N0",https://www.wagmatcook.com,,46.0711623,-60.9153167
Newcomer Youth Leadership Development (NYLD),YMCA of Greater Halifax/Dartmouth – Centre for Immigrant Programs,"NYLD engages immigrant and refugee youth ages 13–24 in leadership training, peer‑support groups, and mentoring relationships with local professionals and post‑secondary ambassadors. Staff facilitate volunteer placements, workplace tours, and skill‑building that exposes participants to career pathways while offering culturally safe supports. The program helps newcomer youth develop social capital and opportunities that encourage them to stay and thrive in Nova Scotia.","Inclusion, Racism, and Systemic Barriers","Mentorship and Peer‑Support Networks for Youth: Create mentorship programs pairing young people from marginalized groups with local professionals, entrepreneurs and artists to provide career guidance, internships, work-shadowing and social supports that encourage staying or returning to the region.",Negative Narrative and Perception Trap,"7071 Bayers Road, Suite 216, Halifax, NS B3L 2C2",https://ymcahfx.ca,immigrantservices@ymcahfx.ca,44.6541222,-63.6273462
PLANS (Promoting Leadership in Health for African Nova Scotians),"Dalhousie University, Faculty of Medicine – Global Health Office","PLANS mentors Black youth interested in health and life sciences by connecting them with African Nova Scotian health professionals and university students. Through one‑to‑one mentoring, campus visits, summer programs, and clinical shadowing, PLANS offers targeted career guidance and networks that lead to post‑secondary study, internships, and local employment. The program strengthens representation in health careers and helps youth envision futures in Nova Scotia.","Inclusion, Racism, and Systemic Barriers","Mentorship and Peer‑Support Networks for Youth: Create mentorship programs pairing young people from marginalized groups with local professionals, entrepreneurs and artists to provide career guidance, internships, work-shadowing and social supports that encourage staying or returning to the region.",Negative Narrative and Perception Trap,"5850 College Street, Halifax, NS B3H 4R2",https://medicine.dal.ca,plans@dal.ca,44.6392626,-63.5836516
Halifax Refugee Clinic,Halifax Refugee Clinic Society,"The Halifax Refugee Clinic provides free legal representation and legal navigation to refugee claimants and persons in need of protection, along with settlement support, referrals to language classes, and coordination of interpretation. By addressing complex legal barriers and linking clients to culturally safe services, the Clinic enables faster, safer integration and helps newcomers contribute to local communities and the economy.","Inclusion, Racism, and Systemic Barriers","Newcomer Settlement & Language Access Collective: Form a community collective to coordinate language classes, credential recognition supports, legal navigation, buddy programs and culturally appropriate orientation so newcomers can integrate more quickly and contribute to local economies.",Negative Narrative and Perception Trap,"5595 Fenwick Street, Suite 201, Halifax, NS B3H 4M2",https://halifaxrefugeeclinic.org,info@halifaxrefugeeclinic.org,44.6381909,-63.5746247
Entrepreneurs with Disabilities Program (EDP),CBDC Metro Business Opportunities,"EDP offers tailored business coaching, training, and access to small-business financing for entrepreneurs with disabilities, delivered locally through the CBDC network. The program helps clients validate business plans, build financial readiness, and connect to community resources—providing mentoring and early-stage capital that lowers barriers for disabled entrepreneurs.","Inclusion, Racism, and Systemic Barriers","Microgrants and Start‑Up Support for Underrepresented Entrepreneurs: Provide small grants, business mentoring, shared workspaces and procurement supports targeting Black, Indigenous, newcomer, 2SLGBTQIA+ and disabled entrepreneurs to grow local businesses and jobs.",Negative Narrative and Perception Trap,"45 Alderney Drive, Suite 120, Dartmouth, NS B2Y 2N6",https://www.cbdc.ca,,44.6653194,-63.569186
Work Here Cape Breton Job Portal,Cape Breton Partnership,"Operated by the Cape Breton Partnership, Work Here Cape Breton lists jobs from employers across the island and invites students, recent graduates, and newcomers to connect with opportunities. The portal features entry-level, seasonal/part-time, remote, and project-based roles and uses searchable tags and filters so employers can find candidates with relevant and transferable skills, while also linking talent to settlement and community resources.","Retention of Students, Graduates, and Newcomers","Community Job & Skills Portal: A locally managed online board (run by municipalities, chambers and colleges) that matches students, graduates and newcomers with entry-level, part-time, remote and project-based roles, plus skills-tagging so employers can find candidates with transferable experience.",Negative Narrative and Perception Trap,"275 Charlotte Street, Suite 204, Sydney, NS B1P 1C6",https://workherecb.ca,info@capebretonpartnership.com,46.1389039,-60.1948084
X Connects (Alumni-Student Mentoring),St. Francis Xavier University (StFX) Alumni Affairs,"StFX’s X Connects program links current students and new graduates with StFX alumni for mentoring conversations, career exploration, and professional networking. Alumni mentors offer informational interviews, resume and interview feedback, and introductions to their local and sector networks—building the community ties and social belonging that encourage graduates to launch and grow their careers in Nova Scotia.","Retention of Students, Graduates, and Newcomers","Mentorship & Alumni Match Program: A program pairing students, new grads and newcomers with local alumni and experienced professionals for career guidance, networking, mock interviews and introductions to community networks.",Negative Narrative and Perception Trap,"5005 Chapel Square, Antigonish, NS B2G 2W5",https://alumni.stfx.ca/,alumni@stfx.ca,45.6175441,-61.993492
DeepSense Student Internships & Industry Projects,DeepSense (hosted at Dalhousie University),"DeepSense brokers short, paid, data and AI projects between ocean-sector companies and student talent from Nova Scotia universities and colleges. Employers submit defined project briefs, and DeepSense recruits and pays students to deliver them over a few weeks to a few months, giving newcomers and recent graduates local experience, references, and direct employer contacts.","Retention of Students, Graduates, and Newcomers","Micro-Internship & Project Bank: A repository of short paid projects from local businesses and non-profits that give newcomers and recent graduates locally relevant experience, references and employer contacts.",Negative Narrative and Perception Trap,"Steele Ocean Sciences Building, 1355 Oxford Street, Halifax, NS B3H 4R2",https://deepsense.ca,info@deepsense.ca,44.648618,-63.5859487
Blue Futures Pathways Micro-Internships,SOI Foundation (Students on Ice) — Blue Futures Pathways,"Blue Futures Pathways offers 60–80 hour paid micro-internships with ocean-sector employers across Canada, including Nova Scotia, where many projects are hosted by local SMEs and non-profits. Through an online portal of employer-submitted project briefs, students and newcomers complete short, outcome-based work that builds Nova Scotia–relevant experience, earns references, and expands professional networks in the regional ocean economy.","Retention of Students, Graduates, and Newcomers","Micro-Internship & Project Bank: A repository of short paid projects from local businesses and non-profits that give newcomers and recent graduates locally relevant experience, references and employer contacts.",Negative Narrative and Perception Trap,"1740 Chemin de la Montagne, Chelsea, QC J9B 2E1",https://oceanpathways.ca,info@soifoundation.org,45.492542,-75.8925569
Sandpiper Ventures Fund I,Sandpiper Ventures,"Sandpiper Ventures is a Halifax-based seed venture fund investing in women-led and diverse founding teams across Atlantic Canada. By deploying local capital into regionally rooted startups and connecting them to Atlantic mentors and markets, Sandpiper helps companies secure early financing while keeping headquarters, ownership, and talent growth within Nova Scotia and the broader region.",Brain Drain to Larger Markets and Remote Employers,"Local Venture & Seed Funds: Create community-backed seed funds or crowdfunding platforms to provide early-stage capital for locally-rooted startups and social enterprises, keeping ownership and benefits within the region.",Negative Narrative and Perception Trap,"1505 Barrington Street, Suite 100, Halifax, NS B3J 3K5",https://www.sandpiper.vc,info@sandpiper.vc,44.6445647,-63.5723991
Concrete Ventures Pre-Seed Fund,Concrete Ventures,"Concrete Ventures is an Atlantic Canada–focused pre-seed fund that writes the first institutional checks into locally founded startups, including many based in Nova Scotia. The fund supplies early capital and hands-on guidance to help founders validate and scale without relocating, preserving local ownership and strengthening the province’s startup ecosystem.",Brain Drain to Larger Markets and Remote Employers,"Local Venture & Seed Funds: Create community-backed seed funds or crowdfunding platforms to provide early-stage capital for locally-rooted startups and social enterprises, keeping ownership and benefits within the region.",Negative Narrative and Perception Trap,"1505 Barrington Street, Halifax, NS B3J 3K5",https://www.concrete.vc,hello@concrete.vc,44.6445647,-63.5723991
Select Nova Scotia (Buy Local Program),Nova Scotia Department of Agriculture,"Select Nova Scotia is a provincial buy-local program that promotes sourcing from Nova Scotia producers and processors, including toolkits and campaigns encouraging restaurants, retailers, and institutions to prioritize local suppliers. By elevating local purchasing commitments and visibility for Nova Scotia-made goods, the program bolsters demand for local supply chains and the jobs and skills connected to them.",Brain Drain to Larger Markets and Remote Employers,Community Procurement & Buy-Local Pledges: Coordinate municipal and local business commitments to prioritize local hiring and procurement—giving preference to Nova Scotia-based suppliers and creating demand for local talent.,Negative Narrative and Perception Trap,"176 College Road, Truro, NS B2N 5E3",https://selectnovascotia.ca,,45.3656974,-63.2864971
Choose Antigonish,Municipality of the County of Antigonish (in partnership with the Town of Antigonish),"Choose Antigonish is a community-led place-brand that promotes the Town and County of Antigonish as a place to live, learn, work, and put down roots. By featuring local success stories, cost-of-living advantages, and cultural strengths alongside employer connections and settlement information, the campaign positions Antigonish as an attractive, long-term home for students, newcomers, and returning youth.",Brain Drain to Larger Markets and Remote Employers,"Place-Based Branding & Talent Campaigns: Develop community-led marketing that highlights local quality of life, career success stories and cultural strengths to reframe the region as an attractive long-term home for young people.",Negative Narrative and Perception Trap,"285 Beech Hill Road, Antigonish, NS B2G 0B4",https://chooseantigonish.ca,,45.6056769,-61.9657609
SalesCamp (Halifax Cohorts),Palette Skills,"Palette Skills’ SalesCamp is a three-week, tuition-free bootcamp that prepares participants for B2B tech sales roles through employer-led workshops, simulations, and mentorship. Halifax-based cohorts culminate in hiring events where partner companies interview graduates on the spot, creating a direct pipeline from intensive, job-aligned training to interviews and roles with Nova Scotia employers.",Brain Drain to Larger Markets and Remote Employers,"Local Skills Bootcamps & Microcredentials: Partner with colleges, employers and volunteers to run short, affordable training programs tied to local job needs (tech, trades, health care) with employer commitments to interview graduates.",Negative Narrative and Perception Trap,"1505 Barrington Street, Suite 100, Halifax, NS B3J 3K5",https://paletteskills.org/programs/salescamp,info@paletteskills.org,44.6445647,-63.5723991
IBEW Local 1928 Apprenticeship and Training Program,International Brotherhood of Electrical Workers (IBEW) Local 1928,"IBEW Local 1928 coordinates apprenticeships across multiple signatory contractors through its hiring hall, rotating electrical apprentices through diverse industrial, commercial, and utility worksites in Nova Scotia. This shared, multi-employer placement approach ensures steady employment, exposure to varied equipment and methods, and a strong local career pathway that encourages apprentices to build their futures in the province.",Brain Drain to Larger Markets and Remote Employers,"Shared Apprenticeship & Job Rotation Programs: Allow small employers to co-host apprentices or rotate young staff between firms for varied experience, helping workers build broad skills without leaving the region.",Negative Narrative and Perception Trap,"14 McQuade Lake Crescent, Halifax, NS B3S 1B6",https://ibew1928.org,info@ibew1928.org,44.6379501,-63.667091
Downtown Sydney Pop-Up Shop Program,Sydney Downtown Development Association,"The Sydney Downtown Development Association works with property owners to place artists, makers, and small retailers in vacant Charlotte Street storefronts for seasonal and event-based pop-ups. By arranging short-term, low-cost occupancy and assisting with municipal approvals and insurance needs, the program transforms empty units into temporary galleries, performances, and markets that animate downtown and expand opportunities for creatives.","Support for Arts, Culture, and Creative Industries","Adaptive Reuse of Vacant Storefronts for Pop-Up Venues: Coordinate a program that matches vacant commercial spaces with artists and small promoters for temporary exhibitions, performances, and markets. Work with property owners on reduced short-term rents and expedited permitting to animate downtowns and give creatives low-cost, visible venues.",Negative Narrative and Perception Trap,"275 Charlotte Street, Sydney, NS B1P 1C6",https://sydneydowntown.ca,info@sydneydowntown.ca,46.1389039,-60.1948084
Music Nova Scotia,Music Nova Scotia,"Music Nova Scotia supports artists and music entrepreneurs with professional development workshops, one-on-one mentorship, and staff guidance on navigating grants (e.g., FACTOR and provincial programs), contracts, marketing, and export readiness. By offering business coaching, showcasing and market access opportunities, and shared resources like templates and admin guidance, the organization helps young creative businesses become more sustainable and create jobs in Nova Scotia’s music sector.","Support for Arts, Culture, and Creative Industries","Creative Enterprise Incubator: Launch a locally focused incubator offering business coaching, grant navigation, shared admin services (ticketing, booking, invoicing), and mentorship for arts entrepreneurs and creative startups to increase sustainability and job creation among young creators.",Negative Narrative and Perception Trap,"2169 Gottingen Street, Halifax, NS B3K 3B5",https://musicnovascotia.ca,info@musicnovascotia.ca,44.6528555,-63.5844013
New Glasgow Riverfront Night Market,Glasgow Square Theatre (Town of New Glasgow),"Hosted along the waterfront at Glasgow Square, this recurring evening market features dozens of local makers, food vendors, and live music. It transforms public riverfront space into a low-cost pop-up venue, giving creative entrepreneurs and musicians consistent opportunities to earn income and reach new audiences in northern Nova Scotia.","Support for Arts, Culture, and Creative Industries","Pop-Up Festivals and Night Markets: Organize regular, low-cost pop-up festivals and night markets that prioritize local musicians, makers, and food vendors. Use public parks, waterfronts, and closed streets to create recurring opportunities for creatives to earn income and build audiences.",Negative Narrative and Perception Trap,"155 Riverside Parkway, New Glasgow, NS B2H 5E8",https://www.glasgowsquare.com,info@glasgowsquare.com,45.5876596,-62.6466346
Bus Stop Theatre Co-op Events Calendar & Ticketing,Bus Stop Theatre Cooperative,"The Bus Stop Theatre Co-op maintains an online calendar and show pages for community-produced performances, with integrated links for digital ticket sales and artist/company information. As a cooperative, it promotes member artists and provides a centralized venue and digital presence that aggregates events and opportunities, helping creators market their work and reach wider audiences.","Support for Arts, Culture, and Creative Industries","Local Digital Platform and Marketplace: Create a community-run online platform that lists local events, venues, artist profiles, opportunities, and sells digital tickets/works. Offer integrated promotion for member artists and a low-fee marketplace to expand audiences beyond the town and generate income.",Negative Narrative and Perception Trap,"2203 Gottingen Street, Halifax, NS B3K 3B5",https://busstoptheatre.coop,info@busstoptheatre.coop,44.6532641,-63.5849809
Eyelevel – Off-site and Temporary Use Program,Eyelevel Artist-Run Centre,"Eyelevel is an artist-run centre that programs exhibitions and events in non-traditional and vacant spaces, coordinating with landlords and HRM to secure temporary-use permits and short-term licenses that activate underused properties for the arts. Through these projects and policy consultations, Eyelevel demonstrates mixed-use models for cultural space, advocates for flexible zoning and low-barrier permitting, and contributes to municipal cultural planning that integrates the arts into neigh...","Support for Arts, Culture, and Creative Industries","Policy Toolkit and Advocacy Coalition: Form a community advocacy coalition to work with municipal government on zoning flexibility for mixed-use artistic spaces, temporary-use permits for events, tax relief or incentives for cultural landlords, and inclusion of arts in economic development plans.",Negative Narrative and Perception Trap,"2482 Maynard Street, Halifax, NS B3K 3V4",https://www.eyelevel.art,info@eyelevel.art,44.6546632,-63.5911133
CHBA Net Zero Builder and Renovator Training (delivered by NSHBA),Nova Scotia Home Builders’ Association (NSHBA),"NSHBA delivers short courses and certifications such as CHBA Net Zero Builder/Renovator training, building science, and code-compliance workshops that equip carpenters, electricians, and renovators to construct resilient, low-energy homes. These credentials align with Nova Scotia’s climate goals by preparing local trades to implement deep-energy retrofits, high-performance envelopes, and heat pump-ready systems—creating steady, in-demand green jobs across the province.",Climate Risks and Coastal Vulnerability,"Green jobs and trades training in climate adaptation: Local apprenticeship and short-course programs (shoreline restoration, resilient construction, wildfire mitigation, renewable energy) to equip young people with in-demand skills and anchor work locally.",Negative Narrative and Perception Trap,"124 Chain Lake Drive, Halifax, NS B3S 1A2",https://www.nshomebuilders.ca/education-training/,info@nshomebuilders.ca,44.6387839,-63.6614843
Halifax Water – Service Line Warranties of Canada Program,Halifax Water (in partnership with Service Line Warranties of Canada),"Halifax Water partners with Service Line Warranties of Canada (SLWC) to offer optional water and sewer service line repair and interior plumbing protection plans to Halifax homeowners at negotiated group rates. This municipal-led group purchasing arrangement pools local demand to secure lower premiums and standardizes claims handling through SLWC, giving residents a clear, 24/7 claims process for breaks and failures often exacerbated by climate-related freeze/thaw cycles and flooding.",Climate Risks and Coastal Vulnerability,Community insurance pools and group purchasing: Organize voluntary local insurance or re-insurance pools and negotiate group rates with insurers to lower premiums and create clearer claims processes for small communities.,Negative Narrative and Perception Trap,"450 Cowie Hill Road, Halifax, NS B3P 2V3",https://www.halifaxwater.ca,customercare@halifaxwater.ca,44.62613,-63.623556
Healthcare Insurance Reciprocal of Canada (HIROC) – Nova Scotia Subscribers,Healthcare Insurance Reciprocal of Canada (HIROC),"HIROC is a subscriber-owned insurance reciprocal that pools the risks of healthcare organizations across Canada, including Nova Scotia Health, IWK Health, and community care providers in Nova Scotia. By aggregating members’ exposure and negotiating reinsurance on their behalf, HIROC stabilizes premiums and delivers consistent, transparent claims management and risk advisory services—functioning as a community-style pool that helps institutions manage climate and disaster-related property and ...",Climate Risks and Coastal Vulnerability,Community insurance pools and group purchasing: Organize voluntary local insurance or re-insurance pools and negotiate group rates with insurers to lower premiums and create clearer claims processes for small communities.,Negative Narrative and Perception Trap,"4711 Yonge Street, Suite 1600, Toronto, ON M2N 6K8",https://www.hiroc.com,inquiries@hiroc.com,43.7595675,-79.4102116
Oxford Sinkhole Property Acquisition and Risk Reduction Initiative,Town of Oxford,"Following the emergence of an expanding karst sinkhole that threatens adjacent properties and public spaces, the Town of Oxford has pursued voluntary acquisitions of high-risk parcels and established no-build buffer zones. By purchasing and retiring vulnerable land and converting it to green space, the municipality is implementing a locally managed, transparent retreat strategy that reduces danger to residents and prevents future losses.",Climate Risks and Coastal Vulnerability,"Planned buyouts and voluntary managed retreat program: A locally managed, transparent program offering fair purchase or relocation support for repeatedly damaged properties, converting vulnerable land to public green space or coastal buffers.",Negative Narrative and Perception Trap,"105 Lower Main Street, Oxford, NS B0M 1P0",https://www.oxfordns.ca,info@oxfordns.ca,45.7364415,-63.8675473
Climate-Resilient Land-Use By-law Updates for Member Municipalities,Eastern District Planning Commission,"The Eastern District Planning Commission drafts and updates Municipal Planning Strategies and Land-Use By-laws for its member municipalities, embedding floodplain overlays, coastal erosion setbacks, and storm-surge standards based on current hazard mapping. The commission facilitates council and community engagement to align zoning with climate risks so new development avoids flood- and surge-prone areas.",Climate Risks and Coastal Vulnerability,"Local zoning advocacy and climate-informed bylaws: Community coalitions work with municipal councils to update setback rules, floodplain development standards and building codes so new development avoids high-risk areas.",Negative Narrative and Perception Trap,"606 Reeves Street, Unit 3, Port Hawkesbury, NS B9A 2R7",https://edpc.ca,info@edpc.ca,45.6164657,-61.3559208
Land Use By-law Flood Risk Overlay and Climate Adaptation Integration,Town of Mahone Bay,"The Town of Mahone Bay implements a Flood Risk Overlay in its Land Use By-law that restricts or conditions development in areas exposed to storm surge and sea-level rise, including setbacks and minimum elevation requirements. The town coordinates with residents, provincial partners, and local NGOs to keep zoning aligned with updated risk maps so new construction avoids high-hazard coastal areas.",Climate Risks and Coastal Vulnerability,"Local zoning advocacy and climate-informed bylaws: Community coalitions work with municipal councils to update setback rules, floodplain development standards and building codes so new development avoids high-risk areas.",Negative Narrative and Perception Trap,"493 Main Street, Mahone Bay, NS B0J 2E0",https://www.townofmahonebay.ca,clerk@townofmahonebay.ca,44.4493252,-64.3827688
Sustainable Communities Challenge Fund (SCCF),Clean Foundation (on behalf of the Province of Nova Scotia),"The Sustainable Communities Challenge Fund provides multi-year grants to municipalities, Mi’kmaw communities, and non-profits across Nova Scotia for climate adaptation projects such as coastal flood protection, living shorelines, and community resilience planning. By seeding local projects with provincial grant funding administered by Clean Foundation, the SCCF functions as a community resilience fund that leverages additional municipal and federal dollars to finance natural infrastructure an...",Climate Risks and Coastal Vulnerability,"Resilience financing: local funds, levies and green bonds: Create community resilience funds (seeded by grants, municipal levies or green bonds) to finance home retrofits, buyouts, natural infrastructure and local adaptation businesses.",Negative Narrative and Perception Trap,"126 Portland Street, Dartmouth, NS B2Y 1H8",https://sustainablecommunitieschallengefund.ca,info@cleanfoundation.ca,44.6659186,-63.5662829
Miners Marsh Conservation Area Wetland Restoration,Town of Kentville (in partnership with Ducks Unlimited Canada),"The Town of Kentville, in partnership with Ducks Unlimited Canada, restored and manages the Miners Marsh wetland complex adjacent to the Cornwallis River to provide natural floodwater storage and peak-flow attenuation. The constructed and enhanced wetlands slow and store stormwater, support groundwater recharge, improve habitat, and offer trails and viewing platforms that serve as community recreational green space.",Climate Risks and Coastal Vulnerability,"Nature-based stormwater and flood storage: Community projects to build wetlands, retention ponds, permeable parking and rain gardens that reduce flood peaks, recharge groundwater and create recreational green space.",Negative Narrative and Perception Trap,"354 Main Street, Kentville, NS B4N 1K6",https://kentville.ca,info@kentville.ca,45.0716841,-64.4808263
Equipment Hub and Atlantic DataStream,Atlantic Water Network,"Atlantic Water Network equips and trains community and Indigenous volunteers across Nova Scotia to deploy low-cost water quality and water-level sensors, plus conduct shoreline and stream monitoring. Data are published openly through Atlantic DataStream’s interactive maps and dashboards, giving municipalities, planners, and insurers access to standardized datasets that support flood risk assessment, adaptation planning, and timely public advisories.",Climate Risks and Coastal Vulnerability,"Local monitoring network and data sharing: Volunteer-operated sensors and shoreline change monitoring with open data dashboards to inform local planning, insurance underwriting and timely warnings for residents.",Negative Narrative and Perception Trap,"923 Robie Street, Halifax, NS B3H 3C3",https://atlanticwaternetwork.ca,info@atlanticwaternetwork.ca,44.6313165,-63.5816691
Emergency Planning for Businesses (HRM EMO),Halifax Regional Municipality Emergency Management Office,"Halifax Regional Municipality’s Emergency Management Office provides guidance, templates, and checklists to help small businesses develop business continuity plans for hazards like storms, floods, and wildfires. It hosts preparedness workshops and coordinates alerts, and directs firms to disaster financial assistance, permitting, and cleanup supports to reduce downtime and speed reopening after events.",Climate Risks and Coastal Vulnerability,"Business continuity supports for local firms: Peer networks and toolkits that help small businesses prepare continuity plans, access emergency funds and retrofit premises to reduce downtime after events.",Negative Narrative and Perception Trap,"1841 Argyle Street, Halifax, NS B3J 3A5",https://www.halifax.ca/fire-police/fire/emergency-management,contactus@halifax.ca,44.648927,-63.5753248
"Nova Scotia Legal Aid – Social Justice (Housing, Income & Insurance) – Halifax Office",Nova Scotia Legal Aid,"Nova Scotia Legal Aid provides free legal help for tenants and low-income residents dealing with landlord–tenant issues, insurance disputes, and income supports—common challenges following climate-related damage or voluntary relocation. Lawyers and advocates assist with negotiating insurance claims, enforcing repair or relocation rights, and securing benefits needed to move safely and maintain stability. Their services complement counselling and community supports by resolving legal barriers ...",Climate Risks and Coastal Vulnerability,"Community mental-health and relocation supports: Locally organized counselling, peer-support groups and practical relocation assistance to help residents cope with loss, insurance disputes or voluntary moves, preserving social ties.",Negative Narrative and Perception Trap,"1701 Hollis Street, Suite 920, Halifax, NS B3J 3M8",https://www.nslegalaid.ca,nsla@nslegalaid.ca,44.6473093,-63.5724308
SolarSwitch Halifax,Halifax Regional Municipality in partnership with iChoosr,"SolarSwitch Halifax is a group-purchasing program where residents and businesses register interest and a third-party (iChoosr) runs a reverse auction among pre-vetted solar installers to secure volume pricing. The municipality promotes the program and helps standardize the customer journey, while participants receive a single, competitive group rate and turnkey installation, speeding deployment of rooftop solar across the community. This is a direct example of aggregated procurement that simp...",Energy and Grid Constraints for Growth,"Municipal Aggregated Procurement for DERs and EV Chargers: Municipalities or community groups pool demand to negotiate better pricing and faster deployment of rooftop solar, batteries and EV chargers for homes, businesses and public sites, simplifying vendor selection and installation.",Negative Narrative and Perception Trap,"1841 Argyle Street, Halifax, NS B3J 3A5",https://solarswitch.com,contactus@halifax.ca,44.648927,-63.5753248
NSFM–Canoe Procurement Program,Nova Scotia Federation of Municipalities (NSFM) in partnership with Canoe Procurement Group of Canada,"Through its partnership with the Canoe Procurement Group of Canada, NSFM enables Nova Scotia municipalities to buy EV charging equipment, solar PV systems, and related hardware via pre-tendered, compliant contracts with vetted suppliers. Municipalities leverage aggregated national and regional purchasing volumes to obtain better pricing and faster delivery, while avoiding complex individual RFPs. This group-buy model directly supports rapid deployment of public-site EV chargers and DERs acros...",Energy and Grid Constraints for Growth,"Municipal Aggregated Procurement for DERs and EV Chargers: Municipalities or community groups pool demand to negotiate better pricing and faster deployment of rooftop solar, batteries and EV chargers for homes, businesses and public sites, simplifying vendor selection and installation.",Negative Narrative and Perception Trap,"1809 Barrington Street, Suite 1304, Halifax, NS B3J 3K8",https://www.nsfm.ca,info@nsfm.ca,44.6489899,-63.5745798
Nova Scotia Power Grid-Scale Battery Storage Program (Province-wide BESS Portfolio),Nova Scotia Power Inc.,"Nova Scotia Power is deploying multiple grid-scale battery energy storage systems across communities in the province to integrate renewables, provide peak shaving, and offer localized resilience during outages. These distribution- and substation-connected battery banks act as local capacity resources that store wind and solar generation when it’s abundant and discharge during demand peaks or grid contingencies. By siting batteries near communities, the program directly addresses interconnecti...",Energy and Grid Constraints for Growth,"Local Battery Banks and Second‑Life EV Storage: Develop community battery projects using new or second‑life EV batteries to store excess local generation, smooth demand, and offer a local resource for outages and peak shaving.",Negative Narrative and Perception Trap,"1223 Lower Water Street, Halifax, NS B3J 3S8",https://www.nspower.ca/clean-energy,customerservice@nspower.ca,44.6419859,-63.5673509
Switch Wolfville (PACE Financing),Town of Wolfville in partnership with PACE Atlantic C I C,"Switch Wolfville delivers PACE financing for residential clean energy and efficiency projects, allowing costs to be repaid via the property tax bill rather than upfront. The program accelerates adoption of rooftop solar and building electrification upgrades, contributing to local grid resilience and lowering long-term energy costs for residents.",Energy and Grid Constraints for Growth,"Community Green Financing (Local Bonds, PACE, Co‑op Shares): Use community financing tools — municipal green bonds, Property Assessed Clean Energy (PACE) programs, or cooperative share offerings — to lower capital barriers for clean energy and grid‑supporting projects.",Negative Narrative and Perception Trap,"359 Main Street, Wolfville, NS B4P 1A1",https://switchwolfville.ca,,45.091537,-64.3591978
Switch Colchester (PACE Financing),Municipality of the County of Colchester in partnership with PACE Atlantic C I C,"Switch Colchester offers Property Assessed Clean Energy (PACE) financing to county residents for eligible upgrades such as solar PV and high-efficiency heat pumps, with repayment collected on the property tax bill. By removing upfront cost barriers and scaling distributed energy resources, the program supports grid capacity and reliability across the county.",Energy and Grid Constraints for Growth,"Community Green Financing (Local Bonds, PACE, Co‑op Shares): Use community financing tools — municipal green bonds, Property Assessed Clean Energy (PACE) programs, or cooperative share offerings — to lower capital barriers for clean energy and grid‑supporting projects.",Negative Narrative and Perception Trap,"1 Church Street, Truro, NS B2N 3Z5",https://switchcolchester.ca,,45.36568,-63.2759567
Province of Nova Scotia Green Bond Program,Province of Nova Scotia — Department of Finance and Treasury Board,"Nova Scotia issues Green Bonds to mobilize private capital for eligible climate and clean energy projects, including energy efficiency, clean transportation, and resilient infrastructure that supports the grid. By spreading costs over time and attracting investors, the program lowers financing barriers for public clean-energy initiatives that unlock electrification and grid-supporting improvements.",Energy and Grid Constraints for Growth,"Community Green Financing (Local Bonds, PACE, Co‑op Shares): Use community financing tools — municipal green bonds, Property Assessed Clean Energy (PACE) programs, or cooperative share offerings — to lower capital barriers for clean energy and grid‑supporting projects.",Negative Narrative and Perception Trap,"1723 Hollis Street, Halifax, NS B3J 1V9",https://novascotia.ca,,44.6480407,-63.5728911
"Workforce Development and Contractor Training (SolarHomes, Heat Pump Installer, and Trade Network)",EfficiencyOne (operating as Efficiency Nova Scotia),"Efficiency Nova Scotia provides contractor training, accreditation support, and market development for local installers of heat pumps, solar PV (SolarHomes), and other electrification measures that reduce load and enable cleaner grids. By connecting employers with training, quality standards, and incentives, the program fast‑tracks skilled local labour and expands the clean‑energy contractor base. These efforts complement utility and college partnerships to accelerate renewable integration an...",Energy and Grid Constraints for Growth,"Local Workforce Training and Apprenticeship Programs: Partner with colleges, unions and employers to create fast‑track training for grid technicians, solar installers, battery specialists and control‑system operators to ensure skilled local labour for growth.",Negative Narrative and Perception Trap,"230 Brownlow Avenue, Suite 300, Dartmouth, NS B3B 0G5",https://www.efficiencyns.ca/contractors,info@efficiencyns.ca,44.6961793,-63.5809694
Dalhousie Agricultural Campus Biomass District Heating Plant,Dalhousie University,"Dalhousie University’s Agricultural Campus operates a central biomass heating plant that uses locally sourced wood chips to produce hot water/steam distributed through a district network to multiple campus buildings in Bible Hill. This system displaces oil and electric heating, cutting peak electricity demand and fuel costs while demonstrating community-scale bioheat. It shows how biomass district energy can integrate local thermal resources with campus energy planning.",Energy and Grid Constraints for Growth,"District Energy and Heat Collaboration: Pilot community district heating or combined heat and power projects (using waste heat, biomass, or geo‑thermal) that reduce electric heating loads and better integrate thermal and electric planning at local scale.",Negative Narrative and Perception Trap,"62 Cumming Drive, Bible Hill, NS B2N 5E3",https://www.dal.ca/about-dal/agricultural-campus.html,fm@dal.ca,45.3718441,-63.264146
Smart Metering (Advanced Metering Infrastructure),Nova Scotia Power Inc.,"Nova Scotia Power’s smart meter program deploys AMI across the province, collecting interval electricity consumption and distributed generation data at the neighbourhood level. The utility aggregates and analyzes this privacy‑protected local load and generation data to improve grid forecasting for EV adoption, target distribution upgrades, and streamline interconnections; customers can also access and share their own interval data to support community energy planning.",Energy and Grid Constraints for Growth,"Local Data Sharing and Grid Forecasting Platform: Establish a community data platform (open, privacy‑respecting) to share local generation, load and EV charging patterns with utilities and planners so interconnection and upgrades can be better targeted.",Negative Narrative and Perception Trap,"1223 Lower Water Street, Halifax, NS B3J 3S8",https://www.nspower.ca/smart-meters,customerservice@nspower.ca,44.6419859,-63.5673509
Nova Scotia Power OASIS (Open Access Same-Time Information System),Nova Scotia Power Inc.,"NS Power’s OASIS portal openly publishes transmission system information, including available transfer capability, interconnection queue status, and planning studies. By making grid capacity and interconnection data accessible to communities, developers, and planners, it supports forecasting and helps target where upgrades and new DER connections are most feasible in Nova Scotia.",Energy and Grid Constraints for Growth,"Local Data Sharing and Grid Forecasting Platform: Establish a community data platform (open, privacy‑respecting) to share local generation, load and EV charging patterns with utilities and planners so interconnection and upgrades can be better targeted.",Negative Narrative and Perception Trap,"1223 Lower Water Street, Halifax, NS B3J 3S8",https://www.oasis.oati.com/NSPI/,customerservice@nspower.ca,44.6419859,-63.5673509
Halifax Open Data Portal (Energy and Environment Datasets),Halifax Regional Municipality,"The Halifax Regional Municipality publishes open, privacy‑respecting datasets such as municipal EV charging locations/status, solar program installations, and building energy indicators. This community data platform enables utilities, planners, and local groups to analyze local generation and load patterns, improving grid forecasting and informing where EV infrastructure and distribution upgrades should be prioritized within HRM.",Energy and Grid Constraints for Growth,"Local Data Sharing and Grid Forecasting Platform: Establish a community data platform (open, privacy‑respecting) to share local generation, load and EV charging patterns with utilities and planners so interconnection and upgrades can be better targeted.",Negative Narrative and Perception Trap,"1841 Argyle Street, Halifax, NS B3J 3A5",https://www.halifax.ca/home/open-data,opendata@halifax.ca,44.648927,-63.5753248
FORCE Data Centre (Fundy Ocean Research Center for Energy),Fundy Ocean Research Center for Energy (FORCE),"FORCE maintains a public data platform sharing high‑resolution environmental and electrical data from the Minas Passage tidal test site and its grid interconnection in Parrsboro. By openly providing generation resource measurements and interconnection performance data to researchers, utilities, and planners, it supports localized forecasting and guides targeted grid upgrades for marine renewables connecting to Nova Scotia’s system.",Energy and Grid Constraints for Growth,"Local Data Sharing and Grid Forecasting Platform: Establish a community data platform (open, privacy‑respecting) to share local generation, load and EV charging patterns with utilities and planners so interconnection and upgrades can be better targeted.",Negative Narrative and Perception Trap,"1156 West Bay Road, Parrsboro, NS B0M 1S0",https://fundyforce.ca/,info@fundyforce.ca,45.3912376,-64.3341661
Affordable Energy Coalition – UARB Interventions,Dalhousie Legal Aid Service (on behalf of the Affordable Energy Coalition),"Dalhousie Legal Aid Service represents the Affordable Energy Coalition in Nova Scotia Utility and Review Board proceedings, coordinating community voices and evidence to improve electricity policy. Their interventions advocate for equitable, transparent fee design (including connection-related charges), consumer protections, and clearer, more predictable utility processes and timelines—supporting fair access to electrification and distributed renewables.",Energy and Grid Constraints for Growth,"Community Advocacy and Regional Coordination: Organize residents and businesses to advocate for prioritized intertie upgrades, fair interconnection fee structures and predictable timelines from provincial and utility authorities, leveraging consolidated local evidence and petitions.",Negative Narrative and Perception Trap,"2209 Gottingen Street, Halifax, NS B3K 3B5",https://www.dlas.ca,dlas@dal.ca,44.6534203,-63.5851765
Town and County of Antigonish Joint Planning and Building Services,Town of Antigonish and Municipality of the County of Antigonish,"Through a shared-services agreement, the Town of Antigonish and the Municipality of the County of Antigonish operate a joint planning and building services team that harmonizes land-use policies, development review, and building inspection across urban and rural areas. The arrangement pools funding and professional capacity, coordinates growth management and active transportation planning, and creates a single interface for developers and residents, directly reducing governance silos.",Governance Fragmentation and Coordination Silos,"Inter-Municipal Memoranda of Understanding (MOUs): Encourage neighbouring municipalities to sign simple MOUs to share services, coordinate land-use and transit planning, and pool funding for regional priorities, reducing policy fragmentation and improving efficiency for rural-urban linkages.",Negative Narrative and Perception Trap,"285 Beech Hill Road, Antigonish, NS B2G 0B4",https://antigonishcounty.ca,planning@antigonishcounty.ca,45.6056769,-61.9657609
Kings Partnership Steering Committee (KPSC) / Kings 2050 Collaboration,Municipality of the County of Kings; Town of Berwick; Town of Kentville; Town of Wolfville,"KPSC is an inter-municipal forum established by agreement among the County of Kings and the Towns of Berwick, Kentville, and Wolfville to coordinate on shared services and regional planning. Through initiatives such as the Kings 2050 collaboration, partners align municipal planning strategies, coordinate regional transit and solid waste services, and pool resources for cross-boundary priorities, improving efficiency and reducing policy fragmentation across the Annapolis Valley’s rural and urb...",Governance Fragmentation and Coordination Silos,"Inter-Municipal Memoranda of Understanding (MOUs): Encourage neighbouring municipalities to sign simple MOUs to share services, coordinate land-use and transit planning, and pool funding for regional priorities, reducing policy fragmentation and improving efficiency for rural-urban linkages.",Negative Narrative and Perception Trap,"181 Coldbrook Village Park Drive, Coldbrook, NS B4R 1B9",https://www.countyofkings.ca,planning@countyofkings.ca,45.07011,-64.5622267
Transit Lunenburg County (TLC),Town of Bridgewater (on behalf of municipal partners in Lunenburg County),"TLC is a regional transit service delivered through an inter-municipal partnership that includes the Town of Bridgewater and neighboring municipal units, pooling municipal and provincial funding to run coordinated routes serving both urban and rural communities. The partnership aligns service design with land-use and economic nodes across municipal boundaries, creating a unified governance and planning table that reduces fragmentation in mobility planning and strengthens rural-urban connectiv...",Governance Fragmentation and Coordination Silos,"Inter-Municipal Memoranda of Understanding (MOUs): Encourage neighbouring municipalities to sign simple MOUs to share services, coordinate land-use and transit planning, and pool funding for regional priorities, reducing policy fragmentation and improving efficiency for rural-urban linkages.",Negative Narrative and Perception Trap,"60 Pleasant Street, Bridgewater, NS B4V 3X9",https://transitlunenburgcounty.ca,transit@bridgewater.ca,44.3755744,-64.5223664
Connect2 Active Transportation Program,Clean Foundation (in partnership with the Province of Nova Scotia),"Connect2 convenes municipalities, community groups, and the Province to plan and fund active transportation projects that link people to key destinations, often bridging rural communities with urban service centres. Acting as a facilitator and liaison, the program supports evidence-based project selection, provincial-municipal coordination, and integrated mobility planning—strengthening transit links and ensuring local priorities inform regional transportation strategies.",Governance Fragmentation and Coordination Silos,"Rural-Urban Liaison Roles: Create volunteer or part-time liaison positions that connect rural communities with urban centres and provincial agencies to ensure priorities, transit links, and workforce pipelines are coordinated and that rural voices are reflected in regional planning.",Negative Narrative and Perception Trap,"126 Portland Street, Dartmouth, NS B2Y 1H8",https://cleanfoundation.ca,info@cleanfoundation.ca,44.6659186,-63.5662829
The Loaded Ladle (Student‑Run Food Co‑op),The Loaded Ladle Food Co‑operative,"A volunteer‑driven, non‑profit food co‑operative that serves free/pay‑what‑you‑can plant‑based meals and hosts workshops and community events in the Dalhousie Student Union Building, creating an inclusive third‑place environment with seating and Wi‑Fi. Funds and donations are reinvested into programming, and the co‑op collaborates with campus and community groups to share space and resources at low or no cost.",Community Amenities and Vibrant Public Spaces,"Community-run café/co-op as a 'third place': Form a cooperative to open a volunteer-run café or social space offering affordable food, free wifi, meeting rooms, and cultural programming. Profits reinvested in programming and subsidized space rental for local groups.",Negative Narrative and Perception Trap,"6136 University Avenue, Halifax, NS B3H 4J2",https://loadedladle.com,info@loadedladle.com,44.6367223,-63.5892308
Creamery Square Night Market (Tatamagouche),Creamery Square Association,"Held seasonally at the waterfront, the Creamery Square Night Market offers evening shopping with local producers, artisans, and food vendors alongside live entertainment. By programming markets after typical business hours and adding music and family-friendly activities, it provides a safe, social ‘night out’ that strengthens community life and supports small businesses.",Community Amenities and Vibrant Public Spaces,"Evening markets and extended-hours nights: Coordinate monthly evening markets, themed 'night out' events or late-shopping nights with local businesses, street performances, and family-friendly activities to create regular safe nightlife options.",Negative Narrative and Perception Trap,"39 Creamery Road, Tatamagouche, NS B0K 1V0",https://www.creamerysquare.ca/farmers-market,market@creamerysquare.ca,45.7106177,-63.2859451
Sport Nova Scotia Sport Fund,Sport Nova Scotia,"The Sport Fund offers seed microgrants to community sport organizations across Nova Scotia to start or expand low-cost sport and physical activity programs. Grants typically cover equipment, coaching training, and facility costs, which lowers financial barriers so local groups can deliver affordable leagues, try‑it sessions, and after‑school programs that engage children and youth in accessible recreation.",Community Amenities and Vibrant Public Spaces,"Affordable programming fund and microgrants: Establish a small community fund (crowdfunded + municipal match) to provide microgrants to grassroots organizers for festivals, sports leagues, youth nights, and other low-cost recreation initiatives.",Negative Narrative and Perception Trap,"5516 Spring Garden Road, 4th Floor, Halifax, NS B3J 1G6",https://sportnovascotia.ca/funding/sport-fund,info@sportnovascotia.ca,44.648618,-63.5859487
Nova Scotia Health – Summer Student Employment Program,Nova Scotia Health,"Nova Scotia Health hires high school and post-secondary students for paid summer roles in care and support settings (e.g., long-term care, nutrition & food services, environmental services, and clinical support). These placements provide practical experience, exposure to healthcare careers, and a pathway into further training and employment in the province’s care sector.","Workforce Shortages in Care, Construction, and Skilled Trades","School-to-Work Pathways and Trade Camps: Partner with local schools to provide co-op placements, summer trade and care camps, and in-class modules so students get real work experience and clear pathways after graduation.",Negative Narrative and Perception Trap,"1796 Summer Street, Halifax, NS B3H 3A7",https://www.nshealth.ca/careers,careers@nshealth.ca,44.6454617,-63.5871661
Chebucto Family Centre Childminding,Chebucto Family Centre (Chebucto Connections),"Chebucto Family Centre offers free on-site childminding during workshops, programs, and support sessions so parents can attend training, appointments, and job-readiness activities. As a community-run hub, it coordinates childminding at varied times and connects families with local childcare options, easing access for those working or training in sectors with nonstandard schedules. This flexible, community-based model helps remove childcare barriers that can keep parents out of skilled trades ...","Workforce Shortages in Care, Construction, and Skilled Trades","Community Childcare Co-operatives: Develop locally run, affordable childcare co-ops and flexible childminding networks so workers in care, construction, and trades can work nonstandard hours or attend training.",Negative Narrative and Perception Trap,"3 Sylvia Avenue, Halifax, NS B3R 1J7",https://www.chebuctoconnections.ca,info@chebuctoconnections.ca,44.6035474,-63.6110091
Mentor-Coach Program (Practice-Based Coaching),Nova Scotia College of Early Childhood Education,"NSCECE’s Mentor-Coach Program places highly experienced early childhood educators in part-time, on-site coaching roles to build the skills of newer staff and emerging leaders. These senior practitioners often use the program as a phased step toward retirement, maintaining reduced workloads while transferring institutional practices and quality standards. By stabilizing and upskilling childcare teams, the program helps expand capacity and retain local knowledge in the sector.","Workforce Shortages in Care, Construction, and Skilled Trades","Phased Retirement and Knowledge-Transfer Program: Enable phased retirement arrangements where senior workers retain part-time mentoring roles while training successors, ensuring institutional knowledge stays local.",Negative Narrative and Perception Trap,"6208 Quinpool Road, Halifax, NS B3L 1A3",https://www.nscece.ca/professional-learning/,professionallearning@nscece.ca,44.6456288,-63.5959962
Brilliant Labs Pop-Up Makerspace Outreach,Brilliant Labs,"Brilliant Labs delivers mobile and pop-up makerspaces across Nova Scotia, setting up temporary labs with 3D printers, electronics, sewing machines, and digital fabrication tools in rural schools and community centres. These sessions provide hands-on design, build, and repair experiences that cultivate practical skills relevant to skilled trades, technology, and creative industries.","Workforce Shortages in Care, Construction, and Skilled Trades",Mobile Training Units and Pop-up Labs: Deploy mobile skill-training vans or pop-up maker spaces to reach rural and remote communities with hands-on trade and care training sessions.,Negative Narrative and Perception Trap,"5440 Spring Garden Road, Halifax, NS B3J 1E9",https://www.brilliantlabs.ca,info@brilliantlabs.ca,44.6428872,-63.5752999
Here We Code Ambassadors,Dalhousie University Faculty of Computer Science (in partnership with the Province of Nova Scotia and community partners),"Here We Code engages ambassadors — industry professionals, alumni, and returnees — to visit classrooms, appear on webinars, and participate in recruitment events showcasing technology education and careers in Nova Scotia. Ambassadors share authentic return-to-NS stories, pathways into tech, and work-life realities, directly addressing misconceptions about limited opportunity. By mentoring students and prospective returnees, they help channel talent back to Nova Scotia’s growing digital economy.",Public Perception and Regional Brand,"Returnee Ambassador Program: Recruit and train volunteers who previously left then returned to Nova Scotia to speak at schools, online panels and recruitment events; ambassadors offer realistic insights, mentor prospective returnees and counter negative narratives with firsthand accounts.",Negative Narrative and Perception Trap,"6050 University Avenue, Halifax, NS B3H 1W5",https://www.herewecode.ca,info@herewecode.ca,44.6375234,-63.5872235
Cape Breton Community Advisory Board on Homelessness (Reaching Home),United Way Cape Breton,"Hosted by United Way Cape Breton, the CAB convenes residents, municipal staff, nonprofits, outreach teams, and property owners to coordinate rapid, practical housing solutions across the CBRM. It organizes information sessions and landlord-engagement initiatives, aligns funding toward quick-start affordable rentals and supportive options, and publicly shares progress—embodying a regional housing action coalition that builds confidence through visible, local solutions.",Public Perception and Regional Brand,"Housing Action Coalitions: Form neighborhood-level groups of residents, landlords, small developers and non-profits to identify quick wins on affordable rentals, co-op housing pilots and information sessions that demonstrate local commitment to realistic housing solutions.",Negative Narrative and Perception Trap,"116 George Street, Sydney, NS B1P 1J2",https://www.unitedwaycapebreton.com,info@unitedwaycapebreton.com,46.1444615,-60.1969235
Co-operative Development Program (Housing Co-ops),Nova Scotia Co-operative Council,"The Nova Scotia Co-operative Council supports communities to organize resident-led housing co-operatives by facilitating meetings with tenants, local nonprofits, municipal planners, and small developers. Through feasibility assessments, governance training, and public info sessions, the program helps launch co-op pilots and expand attainable rental options—directly implementing the solution’s coalition model for quick, realistic, community-backed housing wins.",Public Perception and Regional Brand,"Housing Action Coalitions: Form neighborhood-level groups of residents, landlords, small developers and non-profits to identify quick wins on affordable rentals, co-op housing pilots and information sessions that demonstrate local commitment to realistic housing solutions.",Negative Narrative and Perception Trap,"60 Research Drive, Bible Hill, NS B6L 2R2",https://www.nsco-op.ca,info@nsco-op.ca,45.3884983,-63.2422032
Atlantic Open Farm Day (Nova Scotia),Nova Scotia Federation of Agriculture,"Atlantic Open Farm Day invites the public to visit participating Nova Scotia farms for guided tours, demonstrations, and conversations with producers. These behind-the-scenes workplace visits let residents and returnees experience rural livelihoods and agri-food innovation up close, dispelling myths about the sector and showcasing quality of life in farming communities across the province.",Public Perception and Regional Brand,"Neighbourhood Open Homes and Employer Tours: Host regular open-house events where residents tour workplaces, co-working spaces, maker spaces and sample neighborhoods to experience local workplaces and lifestyle firsthand, dismantling misconceptions through direct exposure.",Negative Narrative and Perception Trap,"7 Atlantic Central Drive, East Mountain, NS B6L 2Z2",https://www.atlanticopenfarmday.ca,info@nsfa-fane.ca,45.4002832,-63.1998742
Lunenburg Region Partners for Economic Prosperity (LRPEP),Lunenburg Region Partners for Economic Prosperity,"LRPEP is a multi-municipal partnership (Municipality of the District of Lunenburg, Towns of Bridgewater, Lunenburg, and Mahone Bay) working with businesses and non-profits to build and manage the unified Lunenburg Region brand. By pooling municipal and private-sector resources, LRPEP delivers consistent regional messaging, brand assets, and campaigns that highlight local strengths—entrepreneurship, trades, ocean tech, and arts—and uses data-informed stories to counter misconceptions about opp...",Public Perception and Regional Brand,"Regional Brand Cooperative: Create a community-led cooperative of municipalities, businesses, non-profits and cultural groups to pool modest funds and coordinate consistent messaging, visuals and campaigns that celebrate local strengths and correct misinformation.",Negative Narrative and Perception Trap,"210 Aberdeen Road, Bridgewater, NS B4V 4G5",https://www.lunenburgregion.ca,info@lunenburgregion.ca,44.3849399,-64.5127618
Hants County Exhibition,Windsor Agricultural Society,"The Hants County Exhibition is a multi-day agricultural fair that features 4-H youth competitions, local food vendors, artisans, and machinery/trades demonstrations. It brings together young people, entrepreneurs, and employers in agriculture and related trades to exhibit projects, sell products, and recruit, celebrating rural innovation and opportunity in Nova Scotia.",Public Perception and Regional Brand,"Community Festivals that Showcase Opportunity: Build festivals or pop-up markets focused on local innovation, trades, arts and food where young people can exhibit projects, entrepreneurs can pitch ideas and employers can recruit, making opportunity visible and celebratory.",Negative Narrative and Perception Trap,"239 Exhibition Street, Windsor, NS B0N 2T0",https://www.hantscountyex.com,info@hantscountyex.com,44.9905115,-64.1363749
Building Futures for Youth (BFY),Construction Association of Nova Scotia (in partnership with Nova Scotia Apprenticeship Agency and the Nova Scotia Department of Education and Early Childhood Development),"BFY enlists construction-sector employers to host paid, mentored summer placements for Grade 11 students, with employers committing to safe worksites, skill development, and pathways into registered apprenticeship. Participating companies are publicly recognized by the program and industry partners, signaling a youth-friendly workplace and helping them attract emerging talent while enhancing the region’s reputation for career-ready opportunities.",Public Perception and Regional Brand,"Community Employer Pledge and Recognition: Invite local businesses to sign a public pledge on hiring youth, offering clear career pathways and supporting flexible arrangements; recognize participants with a community-backed seal to build trust and attract talent.",Negative Narrative and Perception Trap,"260 Brownlow Avenue, Unit 3, Dartmouth, NS B3B 1V9",https://www.buildingfuturesforyouth.ca,info@cans.ns.ca,44.6949211,-63.5758494
Mobile Food Market (Halifax),Ecology Action Centre (in partnership with Halifax Regional Municipality),"The Mobile Food Market partners with local growers and wholesalers to bulk-purchase produce and sell it at pop-up markets in communities across Halifax at reduced prices. By aggregating supply and operating weekly or biweekly markets, it offers affordable produce packs and staples, increasing access to healthy food for youth, seniors, and families facing high grocery costs. The initiative functions like a community buying club on wheels, bringing low-cost essentials directly to neighborhoods.",Cost of Living Pressures Beyond Housing,"Community Food Co-op and Bulk-Buy Program: A member-run grocery co-op that aggregates bulk purchases from regional suppliers (including Maritime producers) to lower grocery costs, offers sliding-scale memberships for youth, and hosts weekly low-cost pantry staples distribution.",Negative Narrative and Perception Trap,"2705 Fern Lane, Halifax, NS B3K 4L3",https://mobilefoodmarket.ca,info@ecologyaction.ca,44.6567453,-63.59637
Charity Harvest & Gleaning Days,Noggins Corner Farm,"Noggins Corner Farm organizes charity harvest and gleaning days where volunteers help collect surplus produce from their fields for donation to local food programs and food banks. By channeling post-harvest excess to community hubs like Feed Nova Scotia and neighborhood agencies, the farm reduces food waste and expands access to fresh fruits and vegetables for families facing high grocery costs.",Cost of Living Pressures Beyond Housing,"Community Gardens, Gleaning Networks and Farm Partnerships: Neighbourhood gardens on municipal or church land, paired with gleaning programs that collect surplus from local farms and distribute it through community hubs, increasing access to fresh produce and reducing grocery bills.",Negative Narrative and Perception Trap,"10009 Highway 1, Greenwich, NS B4P 2R2",https://nogginsfarm.ca,info@nogginsfarm.ca,45.0801873,-64.4070564
Community Kitchen Meal Program,Loaves and Fishes - Cape Breton,"Loaves and Fishes operates a community kitchen and dining room that serves daily free or very low-cost hot meals in downtown Sydney. Using donated and surplus food and volunteer prep in a commercial kitchen, the program reduces waste, provides shared meals, and offers opportunities to build practical kitchen skills.",Cost of Living Pressures Beyond Housing,"Community Kitchens and Shared Meal Programs: Shared commercial kitchen hours, meal prep co-ops, and pay-what-you-can community dinners run by local organizations to lower meal costs, build skills, and reduce food waste.",Negative Narrative and Perception Trap,"98 Esplanade, Sydney, NS B1P 1A1",https://loavesandfishescb.ca,loavesandfishescb@gmail.com,46.1422692,-60.1984637
Child Safety Link Helmet Bulk Purchase Program,IWK Health Centre – Child Safety Link,"Child Safety Link coordinates a bulk‑purchasing program that enables schools, youth groups, and community agencies to order CSA‑approved bicycle helmets at discounted prices. It also provides fit clinics and safety resources that complement community cycling initiatives and bike libraries, lowering the cost of essential protective gear for riders. This addresses the group‑purchasing component of the solution, making safe, everyday cycling more affordable.",Cost of Living Pressures Beyond Housing,"Bike Libraries and Active-Transportation Hubs: Loaner bike programs, community bike repair cafés, and mapped safe routes to encourage cycling as an affordable commute option, paired with group purchasing of helmets and lights.",Negative Narrative and Perception Trap,"5850 University Avenue, Halifax, NS B3K 6R8",https://childsafetylink.ca,childsafetylink@iwk.nshealth.ca,44.6376114,-63.582874
"NSGEU Group Home, Auto & Tenant Insurance Program",Nova Scotia Government & General Employees Union (NSGEU),"NSGEU negotiates preferred group rates on home, auto, and tenant insurance for members through a national insurer partner and local brokers, lowering everyday insurance costs. The union regularly hosts on-site and virtual clinics with insurance representatives to help members compare coverage, access discounts, and receive practical claims advice.",Cost of Living Pressures Beyond Housing,"Group Insurance Pools and Broker Clinics: Local associations (youth chambers, co-ops, freelancer networks) negotiate group rates for auto, renter's and small-business insurance; host clinics with brokers to compare low-cost coverage and claims advice.",Negative Narrative and Perception Trap,"255 John Savage Avenue, Dartmouth, NS B3B 0J3",https://nsgeu.ca,inquiry@nsgeu.ca,44.7086033,-63.5773246
NSNU Member Home & Auto Group Insurance,Nova Scotia Nurses’ Union (NSNU),"The Nova Scotia Nurses’ Union offers members group-rated home, auto, and tenant insurance through an affinity partnership, using pooled purchasing power to reduce premiums. NSNU complements the discount program with broker/advisor-led information sessions and webinars that walk members through coverage comparisons, savings options, and claims support.",Cost of Living Pressures Beyond Housing,"Group Insurance Pools and Broker Clinics: Local associations (youth chambers, co-ops, freelancer networks) negotiate group rates for auto, renter's and small-business insurance; host clinics with brokers to compare low-cost coverage and claims advice.",Negative Narrative and Perception Trap,"150 Garland Avenue, Dartmouth, NS B3B 0A7",https://www.nsnu.ca,nsnu.office@nsnu.ca,44.7058222,-63.5793529
"SMU Alumni Insurance Program (Home, Auto & Tenant)",Saint Mary’s University Alumni Association,"Saint Mary’s University Alumni Association partners with a national insurer to provide alumni in Nova Scotia with affinity group rates on home, tenant, and auto insurance, helping graduates manage cost-of-living pressures. The alumni office periodically coordinates broker/advisor info sessions and webinars so members can compare policies, understand coverage trade-offs, and get claims guidance.",Cost of Living Pressures Beyond Housing,"Group Insurance Pools and Broker Clinics: Local associations (youth chambers, co-ops, freelancer networks) negotiate group rates for auto, renter's and small-business insurance; host clinics with brokers to compare low-cost coverage and claims advice.",Negative Narrative and Perception Trap,"923 Robie Street, Halifax, NS B3H 3C3",https://www.smu.ca/alumni,alumni@smu.ca,44.6313165,-63.5816691
Family Home Child Care (FHCC) Program,YMCA of Greater Halifax/Dartmouth,"The YMCA’s licensed Family Home Child Care program recruits, trains, and supports approved home child care providers and matches them with families seeking small-group care. By enabling multiple families to share a single caregiver in a home setting and to arrange part‑time or non‑standard hours, the network lowers per‑family costs and offers flexible, community‑based options that align with cooperative and shared childminding models for working parents.",Cost of Living Pressures Beyond Housing,"Cooperative Childcare and Shared Nanny Networks: Parent-run childcare co-ops, shared nanny/childminding networks and time-share childcare arrangements that lower childcare costs and increase flexible, community-based options for working young parents.",Negative Narrative and Perception Trap,"5640 Sackville Street, Halifax, NS B3J 3Y3",https://halifax.ymca.ca/child-care/family-home-child-care,,44.6444187,-63.5803731
The Spark Zone (Nova Scotia Sandbox),Saint Mary’s University – The Spark Zone Sandbox,"The Spark Zone is a university-led incubator that provides free co-working space, mentorship, workshops, and small seed funding to help students and recent graduates validate ideas and build early-stage ventures. By covering essentials like workspace, coaching, and prototype micro-grants, it reduces startup costs and risk for emerging entrepreneurs.",Cost of Living Pressures Beyond Housing,"Micro-Grants, Incubators and Co‑Working for Young Entrepreneurs: Community-managed micro-grants, low-cost co-working spaces, equipment libraries and mentorship programs that reduce startup costs for small businesses and side hustles.",Negative Narrative and Perception Trap,"923 Robie Street, Halifax, NS B3H 3C3",https://sparkzone.ca,sparkzone@smu.ca,44.6313165,-63.5816691
